frame,Ankle.R_x,Ankle.R_y,Ankle.R_z,Knee.R_x,Knee.R_y,Knee.R_z,Hip.R_x,Hip.R_y,Hip.R_z,Hip.L_x,Hip.L_y,Hip.L_z,Knee.L_x,Knee.L_y,Knee.L_z,Ankle.L_x,Ankle.L_y,Ankle.L_z,Wrist.R_x,Wrist.R_y,Wrist.R_z,Elbow.R_x,Elbow.R_y,Elbow.R_z,Shoulder.R_x,Shoulder.R_y,Shoulder.R_z,Shoulder.L_x,Shoulder.L_y,Shoulder.L_z,Elbow.L_x,Elbow.L_y,Elbow.L_z,Wrist.L_x,Wrist.L_y,Wrist.L_z,Neck_x,Neck_y,Neck_z,Head_x,Head_y,Head_z,Nose_x,Nose_y,Nose_z,Eye.L_x,Eye.L_y,Eye.L_z,Eye.R_x,Eye.R_y,Eye.R_z,Ear.L_x,Ear.L_y,Ear.L_z,Ear.R_x,Ear.R_y,Ear.R_z,hip.Center_x,hip.Center_y,hip.Center_z
0,-0.13060541,-0.3595514,-0.23910981,-0.01855876,-0.10094653,0.05910854,-0.082863525,0.32154694,0.08031414,0.067125954,0.33016777,-0.1038406,0.022176553,-0.09171905,-0.11869346,-0.21824631,-0.3257643,-0.36660045,0.29101175,0.36331475,0.116461664,0.15968984,0.55675256,0.24173988,0.06547242,0.79765993,0.23306984,0.17395711,0.8872772,-0.019489573,0.41071406,0.99571717,-0.07601425,0.6316699,1.1238478,-0.003935691,0.117829986,0.89082587,0.11413151,0.121976085,1.1191148,0.14861639,0.18210588,1.0198154,0.26017052,0.1936575,1.067595,0.21521208,0.12979086,1.0529885,0.23508112,0.21076098,1.060503,0.10286761,0.058230273,1.0274565,0.1521923,-0.007868785411119461,0.32585734128952026,-0.011763229966163635
