frame,Ankle.R_x,Ankle.R_y,Ankle.R_z,Knee.R_x,Knee.R_y,Knee.R_z,Hip.R_x,Hip.R_y,Hip.R_z,Hip.L_x,Hip.L_y,Hip.L_z,Knee.L_x,Knee.L_y,Knee.L_z,Ankle.L_x,Ankle.L_y,Ankle.L_z,Wrist.R_x,Wrist.R_y,Wrist.R_z,Elbow.R_x,Elbow.R_y,Elbow.R_z,Shoulder.R_x,Shoulder.R_y,Shoulder.R_z,Shoulder.L_x,Shoulder.L_y,Shoulder.L_z,Elbow.L_x,Elbow.L_y,Elbow.L_z,Wrist.L_x,Wrist.L_y,Wrist.L_z,Neck_x,Neck_y,Neck_z,Head_x,Head_y,Head_z,Nose_x,Nose_y,Nose_z,Eye.L_x,Eye.L_y,Eye.L_z,Eye.R_x,Eye.R_y,Eye.R_z,Ear.L_x,Ear.L_y,Ear.L_z,Ear.R_x,Ear.R_y,Ear.R_z,hip.Center_x,hip.Center_y,hip.Center_z
0,-0.15811011,-0.4224148,-0.37108845,0.005089772,-0.13361026,-0.08133887,-0.09670399,0.2804528,0.06716333,0.089727506,0.31439406,-0.076540254,0.06334071,-0.12714133,-0.05267749,-0.11809882,-0.45599908,-0.28190032,-0.1704418,0.24669896,0.14367358,-0.2604894,0.4986254,0.16478199,-0.1736711,0.76204276,0.1614806,0.09001575,0.8287888,0.012909607,0.32679603,0.6754018,-0.026415039,0.5352916,0.5224739,0.03914446,-0.04292959,0.857338,0.10838321,-0.0749927,1.0763613,0.14746103,-0.018073225,0.9875622,0.26847345,-0.0067204107,1.0349835,0.22375083,-0.0702582,1.0162,0.23889586,0.01783808,1.0232849,0.119185686,-0.12810925,0.98295355,0.15332723,-0.0034882426261901855,0.29742342233657837,-0.0046884603798389435
