frame,Ankle.R_x,Ankle.R_y,Ankle.R_z,Knee.R_x,Knee.R_y,Knee.R_z,Hip.R_x,Hip.R_y,Hip.R_z,Hip.L_x,Hip.L_y,Hip.L_z,Knee.L_x,Knee.L_y,Knee.L_z,Ankle.L_x,Ankle.L_y,Ankle.L_z,Wrist.R_x,Wrist.R_y,Wrist.R_z,Elbow.R_x,Elbow.R_y,Elbow.R_z,Shoulder.R_x,Shoulder.R_y,Shoulder.R_z,Shoulder.L_x,Shoulder.L_y,Shoulder.L_z,Elbow.L_x,Elbow.L_y,Elbow.L_z,Wrist.L_x,Wrist.L_y,Wrist.L_z,Neck_x,Neck_y,Neck_z,Head_x,Head_y,Head_z,Nose_x,Nose_y,Nose_z,Eye.L_x,Eye.L_y,Eye.L_z,Eye.R_x,Eye.R_y,Eye.R_z,Ear.L_x,Ear.L_y,Ear.L_z,Ear.R_x,Ear.R_y,Ear.R_z,hip.Center_x,hip.Center_y,hip.Center_z
0,-0.23018703,-0.24093015,-0.04686056,0.10141656,-0.11049471,0.1469397,-0.046882086,0.28704914,0.09758879,0.025411785,0.28346744,-0.13818656,0.16394055,-0.11346069,-0.065711536,-0.21000025,-0.26886332,-0.16395669,0.32740518,0.29910487,0.4222385,0.21535835,0.51212454,0.32300904,0.10343255,0.70889217,0.15782252,0.1521071,0.7672946,-0.11948286,0.3424968,0.8581586,-0.27747738,0.555214,0.98791957,-0.35986468,0.12086229,0.78706855,0.023786072,0.05417506,0.974542,0.00474824,0.12184648,0.936082,0.14041919,0.12286091,0.97610617,0.09121916,0.068636805,0.9392625,0.106117256,0.16099173,0.95497394,-0.00944935,0.036252975,0.87608033,0.02801561,-0.010735150426626205,0.28525829315185547,-0.020298883318901062
