frame,Ankle.R_x,Ankle.R_y,Ankle.R_z,Knee.R_x,Knee.R_y,Knee.R_z,Hip.R_x,Hip.R_y,Hip.R_z,Hip.L_x,Hip.L_y,Hip.L_z,Knee.L_x,Knee.L_y,Knee.L_z,Ankle.L_x,Ankle.L_y,Ankle.L_z,Wrist.R_x,Wrist.R_y,Wrist.R_z,Elbow.R_x,Elbow.R_y,Elbow.R_z,Shoulder.R_x,Shoulder.R_y,Shoulder.R_z,Shoulder.L_x,Shoulder.L_y,Shoulder.L_z,Elbow.L_x,Elbow.L_y,Elbow.L_z,Wrist.L_x,Wrist.L_y,Wrist.L_z,Neck_x,Neck_y,Neck_z,Head_x,Head_y,Head_z,Nose_x,Nose_y,Nose_z,Eye.L_x,Eye.L_y,Eye.L_z,Eye.R_x,Eye.R_y,Eye.R_z,Ear.L_x,Ear.L_y,Ear.L_z,Ear.R_x,Ear.R_y,Ear.R_z,hip.Center_x,hip.Center_y,hip.Center_z
0,0.13626446,-0.20833498,-0.1777759,-0.26360434,-0.10112982,-0.08591159,-0.08305847,0.29536527,-0.11586605,0.08147179,0.2694674,0.074880295,-0.008490212,-0.17131442,0.058531467,0.36569467,-0.15223867,-0.15615651,-0.17416519,0.7809763,-0.07322592,-0.1923494,0.68550074,-0.30716193,-0.009259107,0.79187405,-0.14540286,0.170113,0.81392574,0.0037573562,0.37401164,0.94982517,0.11343007,0.4321048,1.1648884,0.2484587,0.07398538,0.8355612,-0.04877945,0.08544494,1.0467656,-0.03905398,0.06406944,0.97547615,0.10294876,0.1059222,1.0033925,0.063961565,0.039358236,1.0129694,0.05914278,0.14802107,0.9630779,-0.023243286,-0.002740312,0.98111916,-0.04028467,-0.0007933378219604492,0.28241634368896484,-0.020492877811193466
