frame,Ankle.R_x,Ankle.R_y,Ankle.R_z,Knee.R_x,Knee.R_y,Knee.R_z,Hip.R_x,Hip.R_y,Hip.R_z,Hip.L_x,Hip.L_y,Hip.L_z,Knee.L_x,Knee.L_y,Knee.L_z,Ankle.L_x,Ankle.L_y,Ankle.L_z,Wrist.R_x,Wrist.R_y,Wrist.R_z,Elbow.R_x,Elbow.R_y,Elbow.R_z,Shoulder.R_x,Shoulder.R_y,Shoulder.R_z,Shoulder.L_x,Shoulder.L_y,Shoulder.L_z,Elbow.L_x,Elbow.L_y,Elbow.L_z,Wrist.L_x,Wrist.L_y,Wrist.L_z,Neck_x,Neck_y,Neck_z,Head_x,Head_y,Head_z,Nose_x,Nose_y,Nose_z,Eye.L_x,Eye.L_y,Eye.L_z,Eye.R_x,Eye.R_y,Eye.R_z,Ear.L_x,Ear.L_y,Ear.L_z,Ear.R_x,Ear.R_y,Ear.R_z,hip.Center_x,hip.Center_y,hip.Center_z
0,-0.110893205,-0.27010262,-0.33822444,0.01800903,-0.11816798,0.0099455165,-0.100119054,0.29690126,0.05794123,0.08811831,0.28359276,-0.07714934,0.020053158,-0.11172837,0.050626066,-0.1327781,-0.33750582,-0.25183946,0.22500329,0.5180017,0.18886465,-0.014670303,0.5572394,0.15019426,-0.033156704,0.7821655,0.112617716,0.16342762,0.82326233,-0.024801936,0.36759028,0.8760078,0.118951105,0.46458992,1.0161508,0.30556,0.064828575,0.8414985,0.044214103,0.065515764,1.0533512,0.078523494,0.073947296,0.95448923,0.20143372,0.10332334,1.0004084,0.16828147,0.037449144,0.98868394,0.1619246,0.15727028,0.9930648,0.073466554,0.0059695393,0.9675896,0.06117124,-0.006000373512506485,0.29024702310562134,-0.009604055434465408
