frame,Ankle.R_x,Ankle.R_y,Ankle.R_z,Knee.R_x,Knee.R_y,Knee.R_z,Hip.R_x,Hip.R_y,Hip.R_z,Hip.L_x,Hip.L_y,Hip.L_z,Knee.L_x,Knee.L_y,Knee.L_z,Ankle.L_x,Ankle.L_y,Ankle.L_z,Wrist.R_x,Wrist.R_y,Wrist.R_z,Elbow.R_x,Elbow.R_y,Elbow.R_z,Shoulder.R_x,Shoulder.R_y,Shoulder.R_z,Shoulder.L_x,Shoulder.L_y,Shoulder.L_z,Elbow.L_x,Elbow.L_y,Elbow.L_z,Wrist.L_x,Wrist.L_y,Wrist.L_z,Neck_x,Neck_y,Neck_z,Head_x,Head_y,Head_z,Nose_x,Nose_y,Nose_z,Eye.L_x,Eye.L_y,Eye.L_z,Eye.R_x,Eye.R_y,Eye.R_z,Ear.L_x,Ear.L_y,Ear.L_z,Ear.R_x,Ear.R_y,Ear.R_z,hip.Center_x,hip.Center_y,hip.Center_z
0,0.22627719,-0.29279587,-0.18318541,-0.13759409,-0.16601822,-0.026091672,-0.108904764,0.2654521,-0.0802933,0.09722007,0.24073973,0.05298202,-0.032090772,-0.17456648,0.02132978,0.22425456,-0.28694376,-0.29493096,-0.17165866,0.6352105,0.11180049,-0.209226,0.58498776,-0.124480225,-0.035410833,0.7423788,-0.07608999,0.13899766,0.75454265,0.025249429,0.29901248,0.8922427,0.16600512,0.31940752,1.106094,0.28955653,0.053819235,0.7762471,-0.007822004,0.076134615,0.9722396,0.017343555,0.048842438,0.89067185,0.14863892,0.0917078,0.92085874,0.11707835,0.02653185,0.9315627,0.11056681,0.13455053,0.8914579,0.029611507,-0.0070115007,0.9108938,0.01178022,-0.005842346698045731,0.25309592485427856,-0.013655638322234154
