frame,Ankle.R_x,Ankle.R_y,Ankle.R_z,Knee.R_x,Knee.R_y,Knee.R_z,Hip.R_x,Hip.R_y,Hip.R_z,Hip.L_x,Hip.L_y,Hip.L_z,Knee.L_x,Knee.L_y,Knee.L_z,Ankle.L_x,Ankle.L_y,Ankle.L_z,Wrist.R_x,Wrist.R_y,Wrist.R_z,Elbow.R_x,Elbow.R_y,Elbow.R_z,Shoulder.R_x,Shoulder.R_y,Shoulder.R_z,Shoulder.L_x,Shoulder.L_y,Shoulder.L_z,Elbow.L_x,Elbow.L_y,Elbow.L_z,Wrist.L_x,Wrist.L_y,Wrist.L_z,Neck_x,Neck_y,Neck_z,Head_x,Head_y,Head_z,Nose_x,Nose_y,Nose_z,Eye.L_x,Eye.L_y,Eye.L_z,Eye.R_x,Eye.R_y,Eye.R_z,Ear.L_x,Ear.L_y,Ear.L_z,Ear.R_x,Ear.R_y,Ear.R_z,hip.Center_x,hip.Center_y,hip.Center_z
0,0.17114374,-0.5512674,-0.36112815,-0.04213336,-0.16024056,-0.12685493,-0.050356425,0.32863557,-0.1487432,0.03889851,0.30331692,0.102919705,-0.022119163,-0.16195418,0.013749876,0.00371966,-0.63102615,-0.15278772,-0.1105548,0.36268175,-0.21023844,0.046199005,0.5869577,-0.31644613,0.030372422,0.85928833,-0.17501919,0.038761258,0.8238535,0.16133638,0.09236872,0.5154954,0.20703454,0.027190913,0.23395883,0.16528487,0.004941273,0.92180204,0.0028478783,-0.037390422,1.1667992,0.019326612,-0.16373514,1.0630581,0.029226843,-0.11953819,1.1036409,0.06102903,-0.12886249,1.1082344,-0.008216109,-0.015378185,1.0820757,0.09365283,-0.03300838,1.0931911,-0.06999894,-0.005728958174586296,0.31597626209259033,-0.02291174605488777
