frame,Ankle.R_x,Ankle.R_y,Ankle.R_z,Knee.R_x,Knee.R_y,Knee.R_z,Hip.R_x,Hip.R_y,Hip.R_z,Hip.L_x,Hip.L_y,Hip.L_z,Knee.L_x,Knee.L_y,Knee.L_z,Ankle.L_x,Ankle.L_y,Ankle.L_z,Wrist.R_x,Wrist.R_y,Wrist.R_z,Elbow.R_x,Elbow.R_y,Elbow.R_z,Shoulder.R_x,Shoulder.R_y,Shoulder.R_z,Shoulder.L_x,Shoulder.L_y,Shoulder.L_z,Elbow.L_x,Elbow.L_y,Elbow.L_z,Wrist.L_x,Wrist.L_y,Wrist.L_z,Neck_x,Neck_y,Neck_z,Head_x,Head_y,Head_z,Nose_x,Nose_y,Nose_z,Eye.L_x,Eye.L_y,Eye.L_z,Eye.R_x,Eye.R_y,Eye.R_z,Ear.L_x,Ear.L_y,Ear.L_z,Ear.R_x,Ear.R_y,Ear.R_z,hip.Center_x,hip.Center_y,hip.Center_z
0,-0.043400075,-0.21283317,-0.21170187,-0.32727706,-0.020949658,0.022993615,-0.087267146,0.29563043,-0.10694213,0.09032979,0.26705012,0.06371658,0.033861533,-0.16623883,0.021043163,0.21333656,-0.34183908,-0.33671984,-0.43961138,0.9326783,-0.41864797,-0.2138074,0.8432493,-0.3179963,-0.023178376,0.7861266,-0.13233903,0.116046935,0.8091024,0.073910646,0.13985729,0.98783445,0.266921,0.06435253,1.172375,0.44064957,0.04286487,0.8273339,-0.023072455,0.09171371,1.0259279,-0.03573122,-0.05022273,1.0030185,0.030834477,0.009972852,1.0209382,0.03948472,-0.017919652,1.0201874,-0.021759115,0.09643234,0.9581385,0.046950437,0.034055695,0.9561975,-0.09247869,0.0015313215553760529,0.28134027123451233,-0.021612774580717087
