frame,Ankle.R_x,Ankle.R_y,Ankle.R_z,Knee.R_x,Knee.R_y,Knee.R_z,Hip.R_x,Hip.R_y,Hip.R_z,Hip.L_x,Hip.L_y,Hip.L_z,Knee.L_x,Knee.L_y,Knee.L_z,Ankle.L_x,Ankle.L_y,Ankle.L_z,Wrist.R_x,Wrist.R_y,Wrist.R_z,Elbow.R_x,Elbow.R_y,Elbow.R_z,Shoulder.R_x,Shoulder.R_y,Shoulder.R_z,Shoulder.L_x,Shoulder.L_y,Shoulder.L_z,Elbow.L_x,Elbow.L_y,Elbow.L_z,Wrist.L_x,Wrist.L_y,Wrist.L_z,Neck_x,Neck_y,Neck_z,Head_x,Head_y,Head_z,Nose_x,Nose_y,Nose_z,Eye.L_x,Eye.L_y,Eye.L_z,Eye.R_x,Eye.R_y,Eye.R_z,Ear.L_x,Ear.L_y,Ear.L_z,Ear.R_x,Ear.R_y,Ear.R_z,hip.Center_x,hip.Center_y,hip.Center_z
0,-0.058319993,-0.6583481,0.08411639,0.07034968,-0.18984525,0.036562677,0.007555913,0.27039993,0.10743821,-0.004468128,0.2775084,-0.14488582,0.067233995,-0.17558064,-0.14685628,0.0023162335,-0.65638757,-0.22223926,0.09545289,0.18674389,0.22497837,-0.027766492,0.44288462,0.23425631,-0.01195125,0.72421527,0.13700975,-0.032195125,0.718709,-0.17589743,-0.07526964,0.43163168,-0.25682127,-0.011623837,0.15864277,-0.28705478,-0.0025983523,0.79818404,-0.021971773,0.0011562803,1.0217984,-0.0073310733,0.12257712,0.93849736,0.04546676,0.101617105,0.98115575,0.0016195327,0.06704064,0.96945107,0.0585602,0.04534716,0.96034324,-0.085340746,-0.03035055,0.93708634,0.04374896,0.0015438925474882126,0.2739541530609131,-0.018723808228969574
