frame,Ankle.R_x,Ankle.R_y,Ankle.R_z,Knee.R_x,Knee.R_y,Knee.R_z,Hip.R_x,Hip.R_y,Hip.R_z,Hip.L_x,Hip.L_y,Hip.L_z,Knee.L_x,Knee.L_y,Knee.L_z,Ankle.L_x,Ankle.L_y,Ankle.L_z,Wrist.R_x,Wrist.R_y,Wrist.R_z,Elbow.R_x,Elbow.R_y,Elbow.R_z,Shoulder.R_x,Shoulder.R_y,Shoulder.R_z,Shoulder.L_x,Shoulder.L_y,Shoulder.L_z,Elbow.L_x,Elbow.L_y,Elbow.L_z,Wrist.L_x,Wrist.L_y,Wrist.L_z,Neck_x,Neck_y,Neck_z,Head_x,Head_y,Head_z,Nose_x,Nose_y,Nose_z,Eye.L_x,Eye.L_y,Eye.L_z,Eye.R_x,Eye.R_y,Eye.R_z,Ear.L_x,Ear.L_y,Ear.L_z,Ear.R_x,Ear.R_y,Ear.R_z,hip.Center_x,hip.Center_y,hip.Center_z
0,0.01751251,-0.23877211,-0.22480798,-0.32608888,-0.040143896,-0.07053095,-0.07025894,0.29352367,-0.124639265,0.07050724,0.26462957,0.08449827,-0.0035933421,-0.17707008,0.047792308,0.39580947,-0.24888822,-0.12145816,-0.40968952,0.7895317,-0.30413553,-0.15994178,0.7601656,-0.36821115,-0.025140695,0.78419304,-0.1272758,0.13007712,0.80246556,0.06350532,0.30401957,0.9467802,0.21064901,0.3586086,1.1493739,0.37123963,0.038892522,0.8242276,-0.01042179,0.03546571,1.0349929,0.014034709,-0.013361373,0.9524162,0.14240105,0.03415598,0.98468137,0.11597286,-0.02977597,0.9916396,0.09581344,0.09677949,0.9530125,0.038231455,-0.04625778,0.96712637,-0.012148682,0.0001241527497768402,0.27907663583755493,-0.020070496946573257
