frame,Ankle.R_x,Ankle.R_y,Ankle.R_z,Knee.R_x,Knee.R_y,Knee.R_z,Hip.R_x,Hip.R_y,Hip.R_z,Hip.L_x,Hip.L_y,Hip.L_z,Knee.L_x,Knee.L_y,Knee.L_z,Ankle.L_x,Ankle.L_y,Ankle.L_z,Wrist.R_x,Wrist.R_y,Wrist.R_z,Elbow.R_x,Elbow.R_y,Elbow.R_z,Shoulder.R_x,Shoulder.R_y,Shoulder.R_z,Shoulder.L_x,Shoulder.L_y,Shoulder.L_z,Elbow.L_x,Elbow.L_y,Elbow.L_z,Wrist.L_x,Wrist.L_y,Wrist.L_z,Neck_x,Neck_y,Neck_z,Head_x,Head_y,Head_z,Nose_x,Nose_y,Nose_z,Eye.L_x,Eye.L_y,Eye.L_z,Eye.R_x,Eye.R_y,Eye.R_z,Ear.L_x,Ear.L_y,Ear.L_z,Ear.R_x,Ear.R_y,Ear.R_z,hip.Center_x,hip.Center_y,hip.Center_z
0,0.29242414,-0.023824684,-0.17922968,-0.10432604,-0.16982564,-0.13634793,-0.011303288,0.28385922,-0.14351183,0.005189583,0.28554106,0.107900366,-0.13429353,-0.15341,0.09354528,0.2844887,-0.07094623,0.071525365,0.2112316,0.38565153,-0.49351722,0.20674133,0.5940872,-0.32405648,0.09107745,0.78897303,-0.16729504,0.07599853,0.8005658,0.10242113,0.18262982,0.6365814,0.30267048,0.20133725,0.490485,0.526775,0.051732242,0.84598094,-0.028333329,0.04858984,1.0560644,-0.014771793,-0.05174883,0.9742297,0.081752,0.0059191566,1.0039389,0.0754613,-0.04623261,1.0174067,0.034185983,0.08811331,0.96794176,0.02384013,-0.024065461,0.9947695,-0.07338101,-0.0030568523798137903,0.2847001552581787,-0.017805732786655426
