frame,Ankle.R_x,Ankle.R_y,Ankle.R_z,Knee.R_x,Knee.R_y,Knee.R_z,Hip.R_x,Hip.R_y,Hip.R_z,Hip.L_x,Hip.L_y,Hip.L_z,Knee.L_x,Knee.L_y,Knee.L_z,Ankle.L_x,Ankle.L_y,Ankle.L_z,Wrist.R_x,Wrist.R_y,Wrist.R_z,Elbow.R_x,Elbow.R_y,Elbow.R_z,Shoulder.R_x,Shoulder.R_y,Shoulder.R_z,Shoulder.L_x,Shoulder.L_y,Shoulder.L_z,Elbow.L_x,Elbow.L_y,Elbow.L_z,Wrist.L_x,Wrist.L_y,Wrist.L_z,Neck_x,Neck_y,Neck_z,Head_x,Head_y,Head_z,Nose_x,Nose_y,Nose_z,Eye.L_x,Eye.L_y,Eye.L_z,Eye.R_x,Eye.R_y,Eye.R_z,Ear.L_x,Ear.L_y,Ear.L_z,Ear.R_x,Ear.R_y,Ear.R_z,hip.Center_x,hip.Center_y,hip.Center_z
0,-0.043603107,-0.57361233,0.23342419,0.16333686,-0.1739563,0.04048413,0.065663524,0.2902016,0.087525874,-0.077475406,0.26961964,-0.1364776,0.11543006,-0.14442039,-0.20063093,0.16373174,-0.6345803,-0.19512734,0.052544195,0.2570229,0.31493375,-0.0076957624,0.5331495,0.2592958,-0.0050080223,0.7756143,0.08755852,-0.19089545,0.73785514,-0.15701032,-0.31833926,0.4696555,-0.20649719,-0.32826617,0.20530875,-0.31539997,-0.085412055,0.82088935,-0.059606396,-0.112418614,1.0354104,-0.073060594,0.005912695,0.9732112,-0.16338322,-0.053526733,1.0004187,-0.16237739,-0.010987222,1.0058513,-0.108892955,-0.14638984,0.9542341,-0.13803142,-0.050450496,0.9669819,-0.015824333,-0.005905941128730774,0.2799106240272522,-0.024475865066051483
