frame,Ankle.R_x,Ankle.R_y,Ankle.R_z,Knee.R_x,Knee.R_y,Knee.R_z,Hip.R_x,Hip.R_y,Hip.R_z,Hip.L_x,Hip.L_y,Hip.L_z,Knee.L_x,Knee.L_y,Knee.L_z,Ankle.L_x,Ankle.L_y,Ankle.L_z,Wrist.R_x,Wrist.R_y,Wrist.R_z,Elbow.R_x,Elbow.R_y,Elbow.R_z,Shoulder.R_x,Shoulder.R_y,Shoulder.R_z,Shoulder.L_x,Shoulder.L_y,Shoulder.L_z,Elbow.L_x,Elbow.L_y,Elbow.L_z,Wrist.L_x,Wrist.L_y,Wrist.L_z,Neck_x,Neck_y,Neck_z,Head_x,Head_y,Head_z,Nose_x,Nose_y,Nose_z,Eye.L_x,Eye.L_y,Eye.L_z,Eye.R_x,Eye.R_y,Eye.R_z,Ear.L_x,Ear.L_y,Ear.L_z,Ear.R_x,Ear.R_y,Ear.R_z,hip.Center_x,hip.Center_y,hip.Center_z
0,0.006024186,-0.14682722,-0.25594145,-0.33785108,-0.03809248,-0.034313608,-0.087342694,0.3059996,-0.109914094,0.0889771,0.26264033,0.06539671,0.05368777,-0.17586464,0.018373871,0.34794623,-0.3191393,-0.28989723,-0.38915464,0.80556995,-0.39726758,-0.12894598,0.7693753,-0.35848525,0.005684064,0.7964272,-0.11538024,0.17296559,0.80470955,0.069352046,0.318456,0.9811007,0.21095358,0.365442,1.2124766,0.3427595,0.07981103,0.8306906,-0.00087066647,0.08239434,1.0407674,0.015004838,0.02921401,0.96930504,0.14919713,0.077961996,0.9990924,0.12020615,0.01459185,1.004374,0.09734167,0.14445949,0.9600551,0.047616497,0.00089050084,0.9705951,-0.00875453,0.0008172020316123962,0.2843199670314789,-0.022258691489696503
