frame,Ankle.R_x,Ankle.R_y,Ankle.R_z,Knee.R_x,Knee.R_y,Knee.R_z,Hip.R_x,Hip.R_y,Hip.R_z,Hip.L_x,Hip.L_y,Hip.L_z,Knee.L_x,Knee.L_y,Knee.L_z,Ankle.L_x,Ankle.L_y,Ankle.L_z,Wrist.R_x,Wrist.R_y,Wrist.R_z,Elbow.R_x,Elbow.R_y,Elbow.R_z,Shoulder.R_x,Shoulder.R_y,Shoulder.R_z,Shoulder.L_x,Shoulder.L_y,Shoulder.L_z,Elbow.L_x,Elbow.L_y,Elbow.L_z,Wrist.L_x,Wrist.L_y,Wrist.L_z,Neck_x,Neck_y,Neck_z,Head_x,Head_y,Head_z,Nose_x,Nose_y,Nose_z,Eye.L_x,Eye.L_y,Eye.L_z,Eye.R_x,Eye.R_y,Eye.R_z,Ear.L_x,Ear.L_y,Ear.L_z,Ear.R_x,Ear.R_y,Ear.R_z,hip.Center_x,hip.Center_y,hip.Center_z
0,-0.11403801,-0.09514732,0.11934664,0.22116996,-0.04714414,-0.072925694,0.051585715,0.29563105,0.095301494,-0.07836156,0.31217065,-0.11313214,0.119199365,-0.03790855,-0.21499825,-0.16815767,-0.16195813,0.031977072,0.2548069,0.30787984,0.24130931,0.23949312,0.56450534,0.22566673,0.16516335,0.77743125,0.088208616,0.051819034,0.83114004,-0.16889128,0.18943569,0.9443539,-0.3582814,0.36765757,1.0541885,-0.51901436,0.110062145,0.84344,-0.04429993,0.12108252,1.0568602,-0.041317273,0.25233114,0.9793254,-0.083423465,0.20438384,1.0180836,-0.101868786,0.21894239,1.0087577,-0.036523446,0.102629505,0.99183166,-0.12767218,0.13642126,0.97157735,0.024023168,-0.013387924060225487,0.3039008378982544,-0.00891532376408577
