frame,Ankle.R_x,Ankle.R_y,Ankle.R_z,Knee.R_x,Knee.R_y,Knee.R_z,Hip.R_x,Hip.R_y,Hip.R_z,Hip.L_x,Hip.L_y,Hip.L_z,Knee.L_x,Knee.L_y,Knee.L_z,Ankle.L_x,Ankle.L_y,Ankle.L_z,Wrist.R_x,Wrist.R_y,Wrist.R_z,Elbow.R_x,Elbow.R_y,Elbow.R_z,Shoulder.R_x,Shoulder.R_y,Shoulder.R_z,Shoulder.L_x,Shoulder.L_y,Shoulder.L_z,Elbow.L_x,Elbow.L_y,Elbow.L_z,Wrist.L_x,Wrist.L_y,Wrist.L_z,Neck_x,Neck_y,Neck_z,Head_x,Head_y,Head_z,Nose_x,Nose_y,Nose_z,Eye.L_x,Eye.L_y,Eye.L_z,Eye.R_x,Eye.R_y,Eye.R_z,Ear.L_x,Ear.L_y,Ear.L_z,Ear.R_x,Ear.R_y,Ear.R_z,hip.Center_x,hip.Center_y,hip.Center_z
0,0.27593666,-0.0734091,-0.23528475,-0.12894666,-0.15887634,-0.1333033,-0.0196881,0.28747076,-0.14210224,0.013248012,0.28521547,0.10829209,-0.11209984,-0.15774381,0.08625345,0.31186572,-0.12036154,0.018930633,0.13930386,0.38324943,-0.5012749,0.1983227,0.5670874,-0.3183381,0.103897125,0.7809164,-0.17848472,0.09027558,0.8170737,0.08321849,0.17960477,0.7140503,0.32641044,0.19027269,0.65137595,0.5865774,0.067702405,0.84963286,-0.044514976,0.07646676,1.0611311,-0.030395541,-0.0069852322,0.9799974,0.08227427,0.049738,1.0066979,0.06503901,-0.009045534,1.0249925,0.036485195,0.11714645,0.969331,-0.0043127537,-0.011417333,1.0065423,-0.075459,-0.003220043610781431,0.2863430976867676,-0.016905076801776886
