frame,Ankle.R_x,Ankle.R_y,Ankle.R_z,Knee.R_x,Knee.R_y,Knee.R_z,Hip.R_x,Hip.R_y,Hip.R_z,Hip.L_x,Hip.L_y,Hip.L_z,Knee.L_x,Knee.L_y,Knee.L_z,Ankle.L_x,Ankle.L_y,Ankle.L_z,Wrist.R_x,Wrist.R_y,Wrist.R_z,Elbow.R_x,Elbow.R_y,Elbow.R_z,Shoulder.R_x,Shoulder.R_y,Shoulder.R_z,Shoulder.L_x,Shoulder.L_y,Shoulder.L_z,Elbow.L_x,Elbow.L_y,Elbow.L_z,Wrist.L_x,Wrist.L_y,Wrist.L_z,Neck_x,Neck_y,Neck_z,Head_x,Head_y,Head_z,Nose_x,Nose_y,Nose_z,Eye.L_x,Eye.L_y,Eye.L_z,Eye.R_x,Eye.R_y,Eye.R_z,Ear.L_x,Ear.L_y,Ear.L_z,Ear.R_x,Ear.R_y,Ear.R_z,hip.Center_x,hip.Center_y,hip.Center_z
0,-0.08906928,-0.1862559,-0.19667229,-0.16113217,-0.10202328,0.20878117,-0.12876227,0.28635517,-0.028691163,0.123086795,0.26019445,-0.028520886,0.056760155,-0.07674596,0.26133144,0.13607448,-0.1571071,-0.1440435,0.01858845,0.21947978,0.060423,-0.051377367,0.479062,0.047991205,-0.088270694,0.7294893,-0.024060484,0.16563055,0.76984674,-0.11262988,0.4279517,0.83568394,-0.10940358,0.6476519,0.9780202,-0.052184954,0.04005304,0.79710776,-0.06600477,0.0517016,1.0097581,-0.061266534,0.035319556,0.93062294,0.07394296,0.073947534,0.9681132,0.039009005,0.0074174926,0.9639298,0.027325802,0.13067901,0.9402495,-0.046564825,-0.017022036,0.9309535,-0.070626974,-0.002837739884853363,0.27327480912208557,-0.028606023639440536
