frame,Ankle.R_x,Ankle.R_y,Ankle.R_z,Knee.R_x,Knee.R_y,Knee.R_z,Hip.R_x,Hip.R_y,Hip.R_z,Hip.L_x,Hip.L_y,Hip.L_z,Knee.L_x,Knee.L_y,Knee.L_z,Ankle.L_x,Ankle.L_y,Ankle.L_z,Wrist.R_x,Wrist.R_y,Wrist.R_z,Elbow.R_x,Elbow.R_y,Elbow.R_z,Shoulder.R_x,Shoulder.R_y,Shoulder.R_z,Shoulder.L_x,Shoulder.L_y,Shoulder.L_z,Elbow.L_x,Elbow.L_y,Elbow.L_z,Wrist.L_x,Wrist.L_y,Wrist.L_z,Neck_x,Neck_y,Neck_z,Head_x,Head_y,Head_z,Nose_x,Nose_y,Nose_z,Eye.L_x,Eye.L_y,Eye.L_z,Eye.R_x,Eye.R_y,Eye.R_z,Ear.L_x,Ear.L_y,Ear.L_z,Ear.R_x,Ear.R_y,Ear.R_z,hip.Center_x,hip.Center_y,hip.Center_z
0,-0.0030201245,-0.120543756,-0.23570885,-0.32742184,-0.032172255,-0.0007921901,-0.0899316,0.2951311,-0.104053974,0.0875285,0.26132268,0.064590275,0.043286584,-0.16500217,-0.0058536306,0.31627548,-0.38283294,-0.2709069,-0.4511132,0.82167786,-0.26878208,-0.20450428,0.76571727,-0.31640834,-0.026552152,0.7819482,-0.11229356,0.15243116,0.79727536,0.04677898,0.30014592,0.9817989,0.16033041,0.34552306,1.2151518,0.27170408,0.055033553,0.8176817,-0.009573075,0.06201098,1.0255797,0.02309282,0.007389079,0.9426289,0.14753312,0.056240708,0.9741478,0.122694045,-0.006296521,0.9824877,0.1000517,0.12185795,0.9425727,0.04767875,-0.019141022,0.9605841,-0.007155938,-0.0012015514075756073,0.2782268822193146,-0.019731849431991577
