frame,Ankle.R_x,Ankle.R_y,Ankle.R_z,Knee.R_x,Knee.R_y,Knee.R_z,Hip.R_x,Hip.R_y,Hip.R_z,Hip.L_x,Hip.L_y,Hip.L_z,Knee.L_x,Knee.L_y,Knee.L_z,Ankle.L_x,Ankle.L_y,Ankle.L_z,Wrist.R_x,Wrist.R_y,Wrist.R_z,Elbow.R_x,Elbow.R_y,Elbow.R_z,Shoulder.R_x,Shoulder.R_y,Shoulder.R_z,Shoulder.L_x,Shoulder.L_y,Shoulder.L_z,Elbow.L_x,Elbow.L_y,Elbow.L_z,Wrist.L_x,Wrist.L_y,Wrist.L_z,Neck_x,Neck_y,Neck_z,Head_x,Head_y,Head_z,Nose_x,Nose_y,Nose_z,Eye.L_x,Eye.L_y,Eye.L_z,Eye.R_x,Eye.R_y,Eye.R_z,Ear.L_x,Ear.L_y,Ear.L_z,Ear.R_x,Ear.R_y,Ear.R_z,hip.Center_x,hip.Center_y,hip.Center_z
0,0.27366504,-0.25031975,-0.349437,-0.09142524,-0.15603083,-0.09346797,-0.053606912,0.31878978,-0.13654983,0.043027267,0.30431694,0.10149868,-0.07371054,-0.15082753,0.033575684,0.29850212,-0.26805428,-0.19901758,-0.112079605,0.3101545,-0.25375262,0.0044692764,0.5626359,-0.29685652,0.015025584,0.83269334,-0.17952663,0.09895915,0.8109482,0.13600469,0.15011352,0.5185605,0.18273258,0.058588844,0.2556764,0.20649616,0.033835057,0.9026472,-0.0057180757,0.0049131652,1.1436914,0.02873097,-0.07261881,1.0340066,0.12116276,-0.020167422,1.0759994,0.11365919,-0.07629304,1.0817664,0.07393217,0.070531115,1.0600668,0.058117673,-0.05572237,1.0728269,-0.038283475,-0.005289822816848755,0.31155335903167725,-0.017525576055049896
