frame,Ankle.R_x,Ankle.R_y,Ankle.R_z,Knee.R_x,Knee.R_y,Knee.R_z,Hip.R_x,Hip.R_y,Hip.R_z,Hip.L_x,Hip.L_y,Hip.L_z,Knee.L_x,Knee.L_y,Knee.L_z,Ankle.L_x,Ankle.L_y,Ankle.L_z,Wrist.R_x,Wrist.R_y,Wrist.R_z,Elbow.R_x,Elbow.R_y,Elbow.R_z,Shoulder.R_x,Shoulder.R_y,Shoulder.R_z,Shoulder.L_x,Shoulder.L_y,Shoulder.L_z,Elbow.L_x,Elbow.L_y,Elbow.L_z,Wrist.L_x,Wrist.L_y,Wrist.L_z,Neck_x,Neck_y,Neck_z,Head_x,Head_y,Head_z,Nose_x,Nose_y,Nose_z,Eye.L_x,Eye.L_y,Eye.L_z,Eye.R_x,Eye.R_y,Eye.R_z,Ear.L_x,Ear.L_y,Ear.L_z,Ear.R_x,Ear.R_y,Ear.R_z,hip.Center_x,hip.Center_y,hip.Center_z
0,0.13656434,-0.47248757,-0.37474692,-0.103364736,-0.18362066,-0.062051844,-0.08206262,0.299881,-0.1261388,0.07165447,0.28583178,0.08606145,-0.049263246,-0.17887485,0.05751119,0.15016225,-0.52122974,-0.22952802,-0.14034387,0.23788388,-0.21859911,-0.052750625,0.51044106,-0.27349785,-0.035072993,0.7924453,-0.1614702,0.097850904,0.7551199,0.13514651,0.12709822,0.44840676,0.16162387,0.04798016,0.17100582,0.18693347,0.016618349,0.8555856,0.007422311,0.014201571,1.0910696,0.041351087,-0.08948296,0.998223,0.12366793,-0.032441135,1.0329516,0.12355724,-0.080039226,1.0432026,0.074724846,0.06283791,1.0030222,0.0852468,-0.0429508,1.0258342,-0.029010445,-0.0052040740847587585,0.2928563952445984,-0.020038679242134094
