frame,Ankle.R_x,Ankle.R_y,Ankle.R_z,Knee.R_x,Knee.R_y,Knee.R_z,Hip.R_x,Hip.R_y,Hip.R_z,Hip.L_x,Hip.L_y,Hip.L_z,Knee.L_x,Knee.L_y,Knee.L_z,Ankle.L_x,Ankle.L_y,Ankle.L_z,Wrist.R_x,Wrist.R_y,Wrist.R_z,Elbow.R_x,Elbow.R_y,Elbow.R_z,Shoulder.R_x,Shoulder.R_y,Shoulder.R_z,Shoulder.L_x,Shoulder.L_y,Shoulder.L_z,Elbow.L_x,Elbow.L_y,Elbow.L_z,Wrist.L_x,Wrist.L_y,Wrist.L_z,Neck_x,Neck_y,Neck_z,Head_x,Head_y,Head_z,Nose_x,Nose_y,Nose_z,Eye.L_x,Eye.L_y,Eye.L_z,Eye.R_x,Eye.R_y,Eye.R_z,Ear.L_x,Ear.L_y,Ear.L_z,Ear.R_x,Ear.R_y,Ear.R_z,hip.Center_x,hip.Center_y,hip.Center_z
0,0.20248295,-0.13617441,-0.16704613,-0.17719713,-0.1576243,7.2421215e-05,-0.045139976,0.25994805,-0.13463712,0.041096486,0.2855584,0.095781654,-0.183879,-0.09768906,0.1749194,0.21585503,-0.1688635,0.066085175,-0.13929497,0.2563506,-0.27220935,-0.0048266044,0.47978786,-0.31322908,0.06381527,0.7191191,-0.24538378,0.13668838,0.78051144,-0.0031167986,0.19495347,0.7313539,0.2563904,0.2239469,0.716632,0.5175267,0.086733595,0.79728067,-0.1266664,0.096507385,1.0011452,-0.15107206,-0.025985738,0.9483884,-0.06300014,0.03116852,0.9766193,-0.06236002,-0.0077118576,0.97532225,-0.117350206,0.122664034,0.93104136,-0.079758234,0.039180435,0.92568386,-0.2016798,-0.0020217448472976685,0.2727532386779785,-0.01942773163318634
