frame,Ankle.R_x,Ankle.R_y,Ankle.R_z,Knee.R_x,Knee.R_y,Knee.R_z,Hip.R_x,Hip.R_y,Hip.R_z,Hip.L_x,Hip.L_y,Hip.L_z,Knee.L_x,Knee.L_y,Knee.L_z,Ankle.L_x,Ankle.L_y,Ankle.L_z,Wrist.R_x,Wrist.R_y,Wrist.R_z,Elbow.R_x,Elbow.R_y,Elbow.R_z,Shoulder.R_x,Shoulder.R_y,Shoulder.R_z,Shoulder.L_x,Shoulder.L_y,Shoulder.L_z,Elbow.L_x,Elbow.L_y,Elbow.L_z,Wrist.L_x,Wrist.L_y,Wrist.L_z,Neck_x,Neck_y,Neck_z,Head_x,Head_y,Head_z,Nose_x,Nose_y,Nose_z,Eye.L_x,Eye.L_y,Eye.L_z,Eye.R_x,Eye.R_y,Eye.R_z,Ear.L_x,Ear.L_y,Ear.L_z,Ear.R_x,Ear.R_y,Ear.R_z,hip.Center_x,hip.Center_y,hip.Center_z
0,-0.01964734,-0.20620906,-0.31198752,-0.085314274,-0.12152481,0.075560965,-0.12640962,0.3070512,-0.012689022,0.11268289,0.29162464,-0.012835833,0.032209206,-0.122995436,0.0768631,0.16642094,-0.21862523,-0.2961396,0.09459548,0.6333618,0.20767881,-0.119165316,0.59672934,0.085221015,-0.08484913,0.81637776,-0.01025122,0.17621246,0.8320989,-0.052770928,0.4307493,0.8632325,0.020093676,0.5866709,0.9794864,0.18222067,0.046013307,0.8712074,-0.03156621,0.05557722,1.0980797,-0.029510774,0.016425446,1.0181782,0.10250659,0.060374923,1.0556816,0.07313323,-0.0035002902,1.0511639,0.05102213,0.1338405,1.0269136,-0.0025655627,-0.011932805,1.0170588,-0.053072415,-0.006863366812467575,0.2993379235267639,-0.01276242733001709
