frame,Ankle.R_x,Ankle.R_y,Ankle.R_z,Knee.R_x,Knee.R_y,Knee.R_z,Hip.R_x,Hip.R_y,Hip.R_z,Hip.L_x,Hip.L_y,Hip.L_z,Knee.L_x,Knee.L_y,Knee.L_z,Ankle.L_x,Ankle.L_y,Ankle.L_z,Wrist.R_x,Wrist.R_y,Wrist.R_z,Elbow.R_x,Elbow.R_y,Elbow.R_z,Shoulder.R_x,Shoulder.R_y,Shoulder.R_z,Shoulder.L_x,Shoulder.L_y,Shoulder.L_z,Elbow.L_x,Elbow.L_y,Elbow.L_z,Wrist.L_x,Wrist.L_y,Wrist.L_z,Neck_x,Neck_y,Neck_z,Head_x,Head_y,Head_z,Nose_x,Nose_y,Nose_z,Eye.L_x,Eye.L_y,Eye.L_z,Eye.R_x,Eye.R_y,Eye.R_z,Ear.L_x,Ear.L_y,Ear.L_z,Ear.R_x,Ear.R_y,Ear.R_z,hip.Center_x,hip.Center_y,hip.Center_z
0,0.08792692,-0.120992415,-0.2486518,-0.15914696,-0.15095398,0.082772434,-0.10372858,0.26940143,-0.09017521,0.09508575,0.28223497,0.05684708,-0.07873331,-0.113991775,0.19844423,0.22996041,-0.14580378,-0.08170909,-0.17343728,0.33843124,0.0518681,-0.14242056,0.5559195,-0.101066105,-0.0456992,0.7595786,-0.2021609,0.15140404,0.7834115,-0.06384347,0.19524068,0.72460186,0.1878036,0.19195554,0.7368089,0.45221865,0.054306958,0.81529456,-0.14097862,0.08040782,1.0212662,-0.16816916,-0.008825909,0.974236,-0.044067107,0.04673693,0.9998617,-0.062499262,-0.00796994,1.000652,-0.10205406,0.12642823,0.9484514,-0.10901111,0.0069284076,0.9492978,-0.19565678,-0.004321414977312088,0.27581819891929626,-0.016664065420627594
