frame,Ankle.R_x,Ankle.R_y,Ankle.R_z,Knee.R_x,Knee.R_y,Knee.R_z,Hip.R_x,Hip.R_y,Hip.R_z,Hip.L_x,Hip.L_y,Hip.L_z,Knee.L_x,Knee.L_y,Knee.L_z,Ankle.L_x,Ankle.L_y,Ankle.L_z,Wrist.R_x,Wrist.R_y,Wrist.R_z,Elbow.R_x,Elbow.R_y,Elbow.R_z,Shoulder.R_x,Shoulder.R_y,Shoulder.R_z,Shoulder.L_x,Shoulder.L_y,Shoulder.L_z,Elbow.L_x,Elbow.L_y,Elbow.L_z,Wrist.L_x,Wrist.L_y,Wrist.L_z,Neck_x,Neck_y,Neck_z,Head_x,Head_y,Head_z,Nose_x,Nose_y,Nose_z,Eye.L_x,Eye.L_y,Eye.L_z,Eye.R_x,Eye.R_y,Eye.R_z,Ear.L_x,Ear.L_y,Ear.L_z,Ear.R_x,Ear.R_y,Ear.R_z,hip.Center_x,hip.Center_y,hip.Center_z
0,0.16935717,-0.17125969,-0.14382516,-0.21592148,-0.12935331,-0.0007163589,-0.108222306,0.2900682,-0.08561827,0.10292566,0.26167434,0.043614283,0.0007372045,-0.16714306,0.07138033,0.2928205,-0.16359891,-0.23474652,-0.10253259,0.72688854,0.12277198,-0.20315793,0.6171545,-0.07872248,-0.026212923,0.78723586,-0.07993361,0.1824235,0.7912871,0.0031832433,0.3742373,0.92341983,0.11930001,0.41759396,1.1333717,0.25953594,0.083650656,0.81902206,-0.020905344,0.120413445,1.0223141,0.00074022135,0.07379624,0.9490106,0.13311759,0.12227087,0.97671604,0.10326597,0.058066815,0.98765004,0.08668134,0.17920282,0.9378008,0.023871897,0.035102163,0.95960665,-0.016324526,-0.0026483237743377686,0.27587127685546875,-0.021001994609832764
