frame,Ankle.R_x,Ankle.R_y,Ankle.R_z,Knee.R_x,Knee.R_y,Knee.R_z,Hip.R_x,Hip.R_y,Hip.R_z,Hip.L_x,Hip.L_y,Hip.L_z,Knee.L_x,Knee.L_y,Knee.L_z,Ankle.L_x,Ankle.L_y,Ankle.L_z,Wrist.R_x,Wrist.R_y,Wrist.R_z,Elbow.R_x,Elbow.R_y,Elbow.R_z,Shoulder.R_x,Shoulder.R_y,Shoulder.R_z,Shoulder.L_x,Shoulder.L_y,Shoulder.L_z,Elbow.L_x,Elbow.L_y,Elbow.L_z,Wrist.L_x,Wrist.L_y,Wrist.L_z,Neck_x,Neck_y,Neck_z,Head_x,Head_y,Head_z,Nose_x,Nose_y,Nose_z,Eye.L_x,Eye.L_y,Eye.L_z,Eye.R_x,Eye.R_y,Eye.R_z,Ear.L_x,Ear.L_y,Ear.L_z,Ear.R_x,Ear.R_y,Ear.R_z,hip.Center_x,hip.Center_y,hip.Center_z
0,0.17710014,-0.31729037,-0.295366,-0.12979266,-0.13117388,-0.08450934,-0.062321853,0.30036703,-0.12303051,0.053942468,0.25964552,0.09040411,-0.22770749,-0.06517938,0.03964336,0.10425374,-0.28611794,-0.051117543,-0.277272,0.54153305,-0.024930464,-0.10715771,0.56244624,-0.20319146,0.0077684782,0.76634574,-0.12908506,0.17161047,0.8027051,0.034750037,0.3730365,0.88149726,0.17601946,0.4617185,1.0186001,0.37016273,0.079624906,0.8201828,-0.028630337,0.07141741,1.0284653,-0.016738089,0.014906634,0.9512957,0.1110919,0.06326337,0.98483384,0.08793157,0.0016664043,0.98505026,0.060577925,0.13674983,0.95426637,0.01950251,-0.0015801862,0.9519315,-0.044541117,-0.004189692437648773,0.2800062894821167,-0.016313202679157257
