frame,Ankle.R_x,Ankle.R_y,Ankle.R_z,Knee.R_x,Knee.R_y,Knee.R_z,Hip.R_x,Hip.R_y,Hip.R_z,Hip.L_x,Hip.L_y,Hip.L_z,Knee.L_x,Knee.L_y,Knee.L_z,Ankle.L_x,Ankle.L_y,Ankle.L_z,Wrist.R_x,Wrist.R_y,Wrist.R_z,Elbow.R_x,Elbow.R_y,Elbow.R_z,Shoulder.R_x,Shoulder.R_y,Shoulder.R_z,Shoulder.L_x,Shoulder.L_y,Shoulder.L_z,Elbow.L_x,Elbow.L_y,Elbow.L_z,Wrist.L_x,Wrist.L_y,Wrist.L_z,Neck_x,Neck_y,Neck_z,Head_x,Head_y,Head_z,Nose_x,Nose_y,Nose_z,Eye.L_x,Eye.L_y,Eye.L_z,Eye.R_x,Eye.R_y,Eye.R_z,Ear.L_x,Ear.L_y,Ear.L_z,Ear.R_x,Ear.R_y,Ear.R_z,hip.Center_x,hip.Center_y,hip.Center_z
0,0.16318679,-0.34323677,-0.2731774,-0.04791294,-0.13291468,0.017689543,-0.11438435,0.2930283,-0.06156381,0.09550085,0.30033028,0.04237367,-0.07493474,-0.091359705,0.08839293,0.03365596,-0.43292108,-0.12544146,-0.04771819,0.7560824,0.133685,-0.15609205,0.62681997,-0.041787393,-0.10135698,0.8218336,-0.14515193,0.12537646,0.8324523,-0.0406861,0.13349691,0.64273655,0.11666548,-0.042079605,0.76168704,0.22735669,0.008701545,0.87916476,-0.104149334,0.007800351,1.1020236,-0.12947375,-0.028005552,1.0344014,0.010756396,0.015847791,1.066412,-0.024136461,-0.049795218,1.0650673,-0.041412197,0.07950435,1.0278713,-0.100884795,-0.06727439,1.0253658,-0.14134221,-0.00944175198674202,0.29667928814888,-0.009595070034265518
