frame,Ankle.R_x,Ankle.R_y,Ankle.R_z,Knee.R_x,Knee.R_y,Knee.R_z,Hip.R_x,Hip.R_y,Hip.R_z,Hip.L_x,Hip.L_y,Hip.L_z,Knee.L_x,Knee.L_y,Knee.L_z,Ankle.L_x,Ankle.L_y,Ankle.L_z,Wrist.R_x,Wrist.R_y,Wrist.R_z,Elbow.R_x,Elbow.R_y,Elbow.R_z,Shoulder.R_x,Shoulder.R_y,Shoulder.R_z,Shoulder.L_x,Shoulder.L_y,Shoulder.L_z,Elbow.L_x,Elbow.L_y,Elbow.L_z,Wrist.L_x,Wrist.L_y,Wrist.L_z,Neck_x,Neck_y,Neck_z,Head_x,Head_y,Head_z,Nose_x,Nose_y,Nose_z,Eye.L_x,Eye.L_y,Eye.L_z,Eye.R_x,Eye.R_y,Eye.R_z,Ear.L_x,Ear.L_y,Ear.L_z,Ear.R_x,Ear.R_y,Ear.R_z,hip.Center_x,hip.Center_y,hip.Center_z
0,-0.16043955,-0.14101899,0.15301232,0.23023506,-0.08352329,0.043141276,0.03725876,0.29987562,0.099586636,-0.06378197,0.29262695,-0.1303693,0.08508698,-0.10305193,-0.21154216,-0.25694174,-0.15612172,0.02465321,0.22478099,0.260823,0.13508965,0.19551426,0.52355933,0.16570792,0.13207299,0.76523685,0.061027363,0.05429774,0.7987495,-0.21683662,0.23861131,0.87615705,-0.39470494,0.45859203,0.98591316,-0.5099147,0.090220235,0.8272454,-0.08245259,0.079968885,1.0370605,-0.08439,0.22351746,0.97173977,-0.083042465,0.18163659,1.007519,-0.115552165,0.17513981,0.99751645,-0.04902035,0.095519185,0.9731675,-0.1723074,0.082033224,0.95235085,-0.018704057,-0.013261605054140091,0.2962512969970703,-0.015391334891319275
