frame,Ankle.R_x,Ankle.R_y,Ankle.R_z,Knee.R_x,Knee.R_y,Knee.R_z,Hip.R_x,Hip.R_y,Hip.R_z,Hip.L_x,Hip.L_y,Hip.L_z,Knee.L_x,Knee.L_y,Knee.L_z,Ankle.L_x,Ankle.L_y,Ankle.L_z,Wrist.R_x,Wrist.R_y,Wrist.R_z,Elbow.R_x,Elbow.R_y,Elbow.R_z,Shoulder.R_x,Shoulder.R_y,Shoulder.R_z,Shoulder.L_x,Shoulder.L_y,Shoulder.L_z,Elbow.L_x,Elbow.L_y,Elbow.L_z,Wrist.L_x,Wrist.L_y,Wrist.L_z,Neck_x,Neck_y,Neck_z,Head_x,Head_y,Head_z,Nose_x,Nose_y,Nose_z,Eye.L_x,Eye.L_y,Eye.L_z,Eye.R_x,Eye.R_y,Eye.R_z,Ear.L_x,Ear.L_y,Ear.L_z,Ear.R_x,Ear.R_y,Ear.R_z,hip.Center_x,hip.Center_y,hip.Center_z
0,0.1617075,-0.16806994,-0.19640559,-0.17069827,-0.15034291,0.040382408,-0.0832555,0.26594967,-0.11098284,0.07761156,0.2679956,0.074404426,-0.19475655,-0.059858628,0.19245192,0.15091603,-0.22007586,0.039224856,-0.27237162,0.3564878,-0.01136779,-0.1732645,0.5433309,-0.16027972,0.0022430848,0.7280481,-0.18883027,0.2077537,0.7461387,-0.046622563,0.4039011,0.76248515,0.12905897,0.5724923,0.83190167,0.31222042,0.10419213,0.778632,-0.11356041,0.11977448,0.98350394,-0.12355927,0.04658932,0.9245384,0.003321655,0.09907695,0.95246863,-0.017392494,0.040713087,0.9550109,-0.050384935,0.1725998,0.909595,-0.07627477,0.04561859,0.91317856,-0.14870808,-0.0028219707310199738,0.2669726312160492,-0.01828920841217041
