frame,Ankle.R_x,Ankle.R_y,Ankle.R_z,Knee.R_x,Knee.R_y,Knee.R_z,Hip.R_x,Hip.R_y,Hip.R_z,Hip.L_x,Hip.L_y,Hip.L_z,Knee.L_x,Knee.L_y,Knee.L_z,Ankle.L_x,Ankle.L_y,Ankle.L_z,Wrist.R_x,Wrist.R_y,Wrist.R_z,Elbow.R_x,Elbow.R_y,Elbow.R_z,Shoulder.R_x,Shoulder.R_y,Shoulder.R_z,Shoulder.L_x,Shoulder.L_y,Shoulder.L_z,Elbow.L_x,Elbow.L_y,Elbow.L_z,Wrist.L_x,Wrist.L_y,Wrist.L_z,Neck_x,Neck_y,Neck_z,Head_x,Head_y,Head_z,Nose_x,Nose_y,Nose_z,Eye.L_x,Eye.L_y,Eye.L_z,Eye.R_x,Eye.R_y,Eye.R_z,Ear.L_x,Ear.L_y,Ear.L_z,Ear.R_x,Ear.R_y,Ear.R_z,hip.Center_x,hip.Center_y,hip.Center_z
0,0.094271444,-0.20826644,-0.23009151,-0.28458735,-0.07375571,-0.10959678,-0.06840384,0.2901623,-0.12526894,0.06777856,0.26627612,0.08679988,-0.042138167,-0.16582826,0.06951086,0.35999817,-0.19511384,-0.07339127,-0.34208837,0.79779106,-0.21995035,-0.14851463,0.7454567,-0.37315357,-0.026377188,0.78104067,-0.13361177,0.1246597,0.80465555,0.044895325,0.30935717,0.9509579,0.17104593,0.35783705,1.1509469,0.32848987,0.035692707,0.82367873,-0.023547368,0.04460698,1.0325875,-0.01278889,-0.0085577965,0.9630233,0.12137443,0.040805273,0.9900663,0.09309922,-0.022771396,1.0001771,0.07317839,0.09981844,0.948841,0.017314378,-0.04169287,0.9690274,-0.032663703,-0.0003126412630081177,0.27821922302246094,-0.01923452690243721
