frame,Ankle.R_x,Ankle.R_y,Ankle.R_z,Knee.R_x,Knee.R_y,Knee.R_z,Hip.R_x,Hip.R_y,Hip.R_z,Hip.L_x,Hip.L_y,Hip.L_z,Knee.L_x,Knee.L_y,Knee.L_z,Ankle.L_x,Ankle.L_y,Ankle.L_z,Wrist.R_x,Wrist.R_y,Wrist.R_z,Elbow.R_x,Elbow.R_y,Elbow.R_z,Shoulder.R_x,Shoulder.R_y,Shoulder.R_z,Shoulder.L_x,Shoulder.L_y,Shoulder.L_z,Elbow.L_x,Elbow.L_y,Elbow.L_z,Wrist.L_x,Wrist.L_y,Wrist.L_z,Neck_x,Neck_y,Neck_z,Head_x,Head_y,Head_z,Nose_x,Nose_y,Nose_z,Eye.L_x,Eye.L_y,Eye.L_z,Eye.R_x,Eye.R_y,Eye.R_z,Ear.L_x,Ear.L_y,Ear.L_z,Ear.R_x,Ear.R_y,Ear.R_z,hip.Center_x,hip.Center_y,hip.Center_z
0,-0.02872034,-0.65039676,0.037926786,0.051350567,-0.17376107,0.021520475,0.04771187,0.2898572,0.09702961,-0.04525443,0.28013337,-0.14735538,0.0032468727,-0.1749916,-0.087099046,-0.06301589,-0.6494285,-0.015468414,0.08832572,0.20996569,0.18769227,0.018246446,0.48499572,0.21628779,0.03187446,0.76518685,0.11727515,-0.07580547,0.7504231,-0.18457446,-0.1023071,0.45608062,-0.23752744,0.011108812,0.1989965,-0.2683192,-0.0053129867,0.83482397,-0.046377644,0.0139279775,1.0646096,-0.059590407,0.13369632,0.97108084,-0.110105716,0.08429696,1.0106533,-0.12684475,0.11025947,1.0104051,-0.06337486,-0.020264376,0.98831975,-0.1302534,0.037580553,0.98842907,0.013961665,0.00122871994972229,0.28499528765678406,-0.02516288310289383
