frame,Ankle.R_x,Ankle.R_y,Ankle.R_z,Knee.R_x,Knee.R_y,Knee.R_z,Hip.R_x,Hip.R_y,Hip.R_z,Hip.L_x,Hip.L_y,Hip.L_z,Knee.L_x,Knee.L_y,Knee.L_z,Ankle.L_x,Ankle.L_y,Ankle.L_z,Wrist.R_x,Wrist.R_y,Wrist.R_z,Elbow.R_x,Elbow.R_y,Elbow.R_z,Shoulder.R_x,Shoulder.R_y,Shoulder.R_z,Shoulder.L_x,Shoulder.L_y,Shoulder.L_z,Elbow.L_x,Elbow.L_y,Elbow.L_z,Wrist.L_x,Wrist.L_y,Wrist.L_z,Neck_x,Neck_y,Neck_z,Head_x,Head_y,Head_z,Nose_x,Nose_y,Nose_z,Eye.L_x,Eye.L_y,Eye.L_z,Eye.R_x,Eye.R_y,Eye.R_z,Ear.L_x,Ear.L_y,Ear.L_z,Ear.R_x,Ear.R_y,Ear.R_z,hip.Center_x,hip.Center_y,hip.Center_z
0,-0.08227489,-0.47785285,0.074753694,0.08701183,-0.11945582,-0.025958192,0.074745856,0.29485255,0.068889685,-0.0791876,0.27471685,-0.099435516,0.09245663,-0.10821308,-0.1049833,-0.011020158,-0.43110734,0.12615223,0.21111995,0.378342,0.08888,0.13467318,0.5973196,0.18340927,0.019128568,0.79242027,0.10317042,-0.1418599,0.80857426,-0.076907456,-0.14627185,0.7898352,-0.33018664,-0.0924583,0.82225966,-0.57302487,-0.06319418,0.83956534,0.01329354,-0.10780936,1.0232806,0.06204348,0.0004126504,1.0138099,-0.055910155,-0.059171516,1.0291013,-0.039771847,-0.010644407,1.023787,0.006026827,-0.14057821,0.9645041,-0.02072411,-0.032041192,0.95230275,0.0826177,-0.002220872789621353,0.2847847044467926,-0.015272915363311768
