frame,Ankle.R_x,Ankle.R_y,Ankle.R_z,Knee.R_x,Knee.R_y,Knee.R_z,Hip.R_x,Hip.R_y,Hip.R_z,Hip.L_x,Hip.L_y,Hip.L_z,Knee.L_x,Knee.L_y,Knee.L_z,Ankle.L_x,Ankle.L_y,Ankle.L_z,Wrist.R_x,Wrist.R_y,Wrist.R_z,Elbow.R_x,Elbow.R_y,Elbow.R_z,Shoulder.R_x,Shoulder.R_y,Shoulder.R_z,Shoulder.L_x,Shoulder.L_y,Shoulder.L_z,Elbow.L_x,Elbow.L_y,Elbow.L_z,Wrist.L_x,Wrist.L_y,Wrist.L_z,Neck_x,Neck_y,Neck_z,Head_x,Head_y,Head_z,Nose_x,Nose_y,Nose_z,Eye.L_x,Eye.L_y,Eye.L_z,Eye.R_x,Eye.R_y,Eye.R_z,Ear.L_x,Ear.L_y,Ear.L_z,Ear.R_x,Ear.R_y,Ear.R_z,hip.Center_x,hip.Center_y,hip.Center_z
0,0.23530681,-0.24802142,-0.34893447,-0.069142595,-0.1320118,-0.09790017,-0.05911524,0.30353627,-0.12449874,0.043960508,0.27324092,0.09335272,-0.20156759,-0.06867153,0.046976462,0.100888565,-0.32174358,-0.05558608,-0.118875176,0.89357847,-0.03304094,-0.19324711,0.69850665,-0.15227686,0.031658188,0.7956541,-0.13393368,0.17165318,0.8148541,0.06458115,0.32080764,0.86046004,0.27614552,0.31168506,1.0529816,0.43077874,0.09425825,0.84211886,-0.030567633,0.1082455,1.0582454,-0.030152151,-0.0023872033,0.99555635,0.06793582,0.055306353,1.0232885,0.06360741,0.0094620325,1.0274501,0.014121216,0.14720224,0.9802201,0.030922662,0.04400586,0.9870981,-0.08415049,-0.007577365264296532,0.28838860988616943,-0.015573009848594666
