frame,Ankle.R_x,Ankle.R_y,Ankle.R_z,Knee.R_x,Knee.R_y,Knee.R_z,Hip.R_x,Hip.R_y,Hip.R_z,Hip.L_x,Hip.L_y,Hip.L_z,Knee.L_x,Knee.L_y,Knee.L_z,Ankle.L_x,Ankle.L_y,Ankle.L_z,Wrist.R_x,Wrist.R_y,Wrist.R_z,Elbow.R_x,Elbow.R_y,Elbow.R_z,Shoulder.R_x,Shoulder.R_y,Shoulder.R_z,Shoulder.L_x,Shoulder.L_y,Shoulder.L_z,Elbow.L_x,Elbow.L_y,Elbow.L_z,Wrist.L_x,Wrist.L_y,Wrist.L_z,Neck_x,Neck_y,Neck_z,Head_x,Head_y,Head_z,Nose_x,Nose_y,Nose_z,Eye.L_x,Eye.L_y,Eye.L_z,Eye.R_x,Eye.R_y,Eye.R_z,Ear.L_x,Ear.L_y,Ear.L_z,Ear.R_x,Ear.R_y,Ear.R_z,hip.Center_x,hip.Center_y,hip.Center_z
0,-0.15514645,-0.28866372,0.025322536,0.20611057,-0.08717451,-0.02178883,0.027093949,0.2941822,0.10545032,-0.04812335,0.31562662,-0.12966356,0.07531773,-0.10349131,-0.18273725,-0.3010421,-0.27379307,-0.07982483,0.27509925,0.23102152,0.05632506,0.23664992,0.48768923,0.120594464,0.15198483,0.75509036,0.11726007,0.033624627,0.81356984,-0.16468757,0.09434781,0.7879279,-0.43423265,0.1979644,0.8189354,-0.67944896,0.09268267,0.8484844,-0.012619499,0.033885513,1.0590682,-0.008394116,0.1402489,1.0048894,0.09581139,0.1283161,1.0474248,0.048667423,0.077760175,1.0156175,0.08112224,0.1275821,1.0280718,-0.062110614,0.012458384,0.9583889,0.017728716,-0.0105146998539567,0.30490440130233765,-0.012106619775295258
