frame,Ankle.R_x,Ankle.R_y,Ankle.R_z,Knee.R_x,Knee.R_y,Knee.R_z,Hip.R_x,Hip.R_y,Hip.R_z,Hip.L_x,Hip.L_y,Hip.L_z,Knee.L_x,Knee.L_y,Knee.L_z,Ankle.L_x,Ankle.L_y,Ankle.L_z,Wrist.R_x,Wrist.R_y,Wrist.R_z,Elbow.R_x,Elbow.R_y,Elbow.R_z,Shoulder.R_x,Shoulder.R_y,Shoulder.R_z,Shoulder.L_x,Shoulder.L_y,Shoulder.L_z,Elbow.L_x,Elbow.L_y,Elbow.L_z,Wrist.L_x,Wrist.L_y,Wrist.L_z,Neck_x,Neck_y,Neck_z,Head_x,Head_y,Head_z,Nose_x,Nose_y,Nose_z,Eye.L_x,Eye.L_y,Eye.L_z,Eye.R_x,Eye.R_y,Eye.R_z,Ear.L_x,Ear.L_y,Ear.L_z,Ear.R_x,Ear.R_y,Ear.R_z,hip.Center_x,hip.Center_y,hip.Center_z
0,0.16115856,-0.16359688,-0.15533409,-0.22860494,-0.14210263,-0.0144155985,-0.0597717,0.2649159,-0.13035466,0.059779286,0.25464332,0.09049842,-0.20411849,-0.094550274,0.16688931,0.20253891,-0.14003699,0.099187605,-0.14876103,0.24754022,-0.25758556,-0.07436495,0.49880356,-0.24817297,0.013059977,0.7220331,-0.13872561,0.16924053,0.7311627,0.0681465,0.35751098,0.67581964,0.25397593,0.53536785,0.6245385,0.43937021,0.07965077,0.77040833,-0.020745851,0.058854565,0.97441274,0.004455737,-0.021281071,0.88012385,0.10154739,0.027254507,0.9197253,0.09727763,-0.024341702,0.91952455,0.054410648,0.11521812,0.9022151,0.04817402,0.0056434646,0.9004947,-0.04584944,3.7923455238342285e-06,0.2597796320915222,-0.01992812007665634
