frame,Ankle.R_x,Ankle.R_y,Ankle.R_z,Knee.R_x,Knee.R_y,Knee.R_z,Hip.R_x,Hip.R_y,Hip.R_z,Hip.L_x,Hip.L_y,Hip.L_z,Knee.L_x,Knee.L_y,Knee.L_z,Ankle.L_x,Ankle.L_y,Ankle.L_z,Wrist.R_x,Wrist.R_y,Wrist.R_z,Elbow.R_x,Elbow.R_y,Elbow.R_z,Shoulder.R_x,Shoulder.R_y,Shoulder.R_z,Shoulder.L_x,Shoulder.L_y,Shoulder.L_z,Elbow.L_x,Elbow.L_y,Elbow.L_z,Wrist.L_x,Wrist.L_y,Wrist.L_z,Neck_x,Neck_y,Neck_z,Head_x,Head_y,Head_z,Nose_x,Nose_y,Nose_z,Eye.L_x,Eye.L_y,Eye.L_z,Eye.R_x,Eye.R_y,Eye.R_z,Ear.L_x,Ear.L_y,Ear.L_z,Ear.R_x,Ear.R_y,Ear.R_z,hip.Center_x,hip.Center_y,hip.Center_z
0,0.15373893,-0.08137163,-0.168747,-0.22928165,-0.12619673,-0.022418533,-0.106781565,0.29604888,-0.088551566,0.10266563,0.26473463,0.047500912,-0.01908732,-0.16212931,0.08950547,0.3247874,-0.058868997,-0.123827994,-0.08505022,0.89051116,0.35739985,-0.22425663,0.7781389,0.1689794,-0.043704417,0.8027686,-0.016052552,0.18605809,0.7903253,0.03231691,0.37711555,0.93292266,0.14572355,0.45044416,1.1391381,0.29266894,0.07721554,0.8238359,0.01622511,0.110345095,1.0329708,0.040078864,0.065616466,0.9561354,0.17097177,0.11382468,0.9862854,0.14176701,0.048931677,0.9946171,0.12392049,0.17316827,0.94881976,0.060995374,0.02771379,0.96724534,0.019549143,-0.0020579658448696136,0.28039175271987915,-0.02052532695233822
