frame,Ankle.R_x,Ankle.R_y,Ankle.R_z,Knee.R_x,Knee.R_y,Knee.R_z,Hip.R_x,Hip.R_y,Hip.R_z,Hip.L_x,Hip.L_y,Hip.L_z,Knee.L_x,Knee.L_y,Knee.L_z,Ankle.L_x,Ankle.L_y,Ankle.L_z,Wrist.R_x,Wrist.R_y,Wrist.R_z,Elbow.R_x,Elbow.R_y,Elbow.R_z,Shoulder.R_x,Shoulder.R_y,Shoulder.R_z,Shoulder.L_x,Shoulder.L_y,Shoulder.L_z,Elbow.L_x,Elbow.L_y,Elbow.L_z,Wrist.L_x,Wrist.L_y,Wrist.L_z,Neck_x,Neck_y,Neck_z,Head_x,Head_y,Head_z,Nose_x,Nose_y,Nose_z,Eye.L_x,Eye.L_y,Eye.L_z,Eye.R_x,Eye.R_y,Eye.R_z,Ear.L_x,Ear.L_y,Ear.L_z,Ear.R_x,Ear.R_y,Ear.R_z,hip.Center_x,hip.Center_y,hip.Center_z
0,-0.23162945,-0.1458047,-0.17504974,-0.018282557,-0.14398175,0.18650392,-0.10811654,0.284715,0.050019108,0.09576004,0.26171193,-0.09673024,0.15211359,-0.13828903,0.10578706,-0.022192445,-0.13799746,-0.27845478,0.109408304,0.2134242,0.08685936,-0.0041469857,0.45403326,0.1261386,-0.053680237,0.7135754,0.097273365,0.14148523,0.77606016,-0.089480564,0.40614384,0.82593596,-0.12991363,0.63922167,0.94778347,-0.079313196,0.044318493,0.7933754,0.011520885,0.05722381,1.0033993,0.050904516,0.10062278,0.90082055,0.16135897,0.12027797,0.94689274,0.12163477,0.05532387,0.9393074,0.13865125,0.13454837,0.93890685,0.016433097,-0.008790009,0.9226372,0.05624038,-0.0061782486736774445,0.2732134461402893,-0.02335556596517563
