frame,Ankle.R_x,Ankle.R_y,Ankle.R_z,Knee.R_x,Knee.R_y,Knee.R_z,Hip.R_x,Hip.R_y,Hip.R_z,Hip.L_x,Hip.L_y,Hip.L_z,Knee.L_x,Knee.L_y,Knee.L_z,Ankle.L_x,Ankle.L_y,Ankle.L_z,Wrist.R_x,Wrist.R_y,Wrist.R_z,Elbow.R_x,Elbow.R_y,Elbow.R_z,Shoulder.R_x,Shoulder.R_y,Shoulder.R_z,Shoulder.L_x,Shoulder.L_y,Shoulder.L_z,Elbow.L_x,Elbow.L_y,Elbow.L_z,Wrist.L_x,Wrist.L_y,Wrist.L_z,Neck_x,Neck_y,Neck_z,Head_x,Head_y,Head_z,Nose_x,Nose_y,Nose_z,Eye.L_x,Eye.L_y,Eye.L_z,Eye.R_x,Eye.R_y,Eye.R_z,Ear.L_x,Ear.L_y,Ear.L_z,Ear.R_x,Ear.R_y,Ear.R_z,hip.Center_x,hip.Center_y,hip.Center_z
0,0.1217442,-0.15596384,-0.196296,-0.23831293,-0.120103754,0.006854657,-0.10624933,0.28539205,-0.09025259,0.10061573,0.26965737,0.048092607,0.020689666,-0.16342427,0.08920917,0.3143475,-0.18462488,-0.21794806,-0.060980167,0.78025764,0.023285082,-0.22891422,0.6455001,-0.10529603,-0.029954817,0.7849572,-0.13350578,0.17009181,0.7997002,-0.042472996,0.35260218,0.94386554,0.07495923,0.39289597,1.1676646,0.19412407,0.07327699,0.82238847,-0.07297808,0.105237745,1.0297971,-0.060073767,0.076058075,0.95794594,0.07836524,0.12025153,0.9846551,0.041667186,0.05457193,0.9968513,0.034377128,0.16433832,0.9443585,-0.044524297,0.01624848,0.9683043,-0.06505366,-0.0028168000280857086,0.2775247097015381,-0.02107999287545681
