frame,Ankle.R_x,Ankle.R_y,Ankle.R_z,Knee.R_x,Knee.R_y,Knee.R_z,Hip.R_x,Hip.R_y,Hip.R_z,Hip.L_x,Hip.L_y,Hip.L_z,Knee.L_x,Knee.L_y,Knee.L_z,Ankle.L_x,Ankle.L_y,Ankle.L_z,Wrist.R_x,Wrist.R_y,Wrist.R_z,Elbow.R_x,Elbow.R_y,Elbow.R_z,Shoulder.R_x,Shoulder.R_y,Shoulder.R_z,Shoulder.L_x,Shoulder.L_y,Shoulder.L_z,Elbow.L_x,Elbow.L_y,Elbow.L_z,Wrist.L_x,Wrist.L_y,Wrist.L_z,Neck_x,Neck_y,Neck_z,Head_x,Head_y,Head_z,Nose_x,Nose_y,Nose_z,Eye.L_x,Eye.L_y,Eye.L_z,Eye.R_x,Eye.R_y,Eye.R_z,Ear.L_x,Ear.L_y,Ear.L_z,Ear.R_x,Ear.R_y,Ear.R_z,hip.Center_x,hip.Center_y,hip.Center_z
0,0.21295895,-0.18741792,-0.23760685,-0.15784776,-0.1579991,-0.027679866,-0.06835198,0.28392172,-0.12717861,0.06723049,0.2775229,0.083765194,-0.17421897,-0.08694943,0.18428227,0.17778476,-0.17372122,-0.03563246,-0.12758625,0.33332995,-0.2657477,0.014576221,0.54683506,-0.32640514,0.05255056,0.7702141,-0.18827504,0.1914282,0.78315544,0.03550965,0.39356762,0.7309047,0.21607618,0.5784995,0.673067,0.39941674,0.11086596,0.82438964,-0.059264556,0.150763,1.0287052,-0.04290092,0.06471227,0.9672618,0.07722903,0.122621045,0.9873246,0.057662882,0.06530541,1.006441,0.027062908,0.18733369,0.93805885,-0.0066448823,0.061044015,0.9769425,-0.079477966,-0.0005607418715953827,0.28072232007980347,-0.021706707775592804
