frame,Ankle.R_x,Ankle.R_y,Ankle.R_z,Knee.R_x,Knee.R_y,Knee.R_z,Hip.R_x,Hip.R_y,Hip.R_z,Hip.L_x,Hip.L_y,Hip.L_z,Knee.L_x,Knee.L_y,Knee.L_z,Ankle.L_x,Ankle.L_y,Ankle.L_z,Wrist.R_x,Wrist.R_y,Wrist.R_z,Elbow.R_x,Elbow.R_y,Elbow.R_z,Shoulder.R_x,Shoulder.R_y,Shoulder.R_z,Shoulder.L_x,Shoulder.L_y,Shoulder.L_z,Elbow.L_x,Elbow.L_y,Elbow.L_z,Wrist.L_x,Wrist.L_y,Wrist.L_z,Neck_x,Neck_y,Neck_z,Head_x,Head_y,Head_z,Nose_x,Nose_y,Nose_z,Eye.L_x,Eye.L_y,Eye.L_z,Eye.R_x,Eye.R_y,Eye.R_z,Ear.L_x,Ear.L_y,Ear.L_z,Ear.R_x,Ear.R_y,Ear.R_z,hip.Center_x,hip.Center_y,hip.Center_z
0,-0.2734987,-0.21007925,-0.21376498,-0.008450751,-0.15944584,0.11709791,-0.097182624,0.28535715,0.06492884,0.08864128,0.27989,-0.10147469,0.06926255,-0.17385152,-0.06490335,-0.22720312,-0.17821869,-0.38648444,0.055212513,0.15635283,0.115312606,-0.023038149,0.41155773,0.1705696,-0.038158655,0.6890383,0.18100159,0.19270495,0.7649419,-0.0047047352,0.45530447,0.7105254,-0.087125525,0.72371304,0.7132394,-0.12583333,0.075956084,0.78770924,0.110115156,0.06454902,1.0013373,0.14523354,0.025956467,0.8992504,0.25828123,0.06443951,0.94769835,0.24157062,0.0067170113,0.93587416,0.20855734,0.15164413,0.94129217,0.17596574,0.018755198,0.9174049,0.105673686,-0.004270672798156738,0.2826235890388489,-0.018272925168275833
