frame,Ankle.R_x,Ankle.R_y,Ankle.R_z,Knee.R_x,Knee.R_y,Knee.R_z,Hip.R_x,Hip.R_y,Hip.R_z,Hip.L_x,Hip.L_y,Hip.L_z,Knee.L_x,Knee.L_y,Knee.L_z,Ankle.L_x,Ankle.L_y,Ankle.L_z,Wrist.R_x,Wrist.R_y,Wrist.R_z,Elbow.R_x,Elbow.R_y,Elbow.R_z,Shoulder.R_x,Shoulder.R_y,Shoulder.R_z,Shoulder.L_x,Shoulder.L_y,Shoulder.L_z,Elbow.L_x,Elbow.L_y,Elbow.L_z,Wrist.L_x,Wrist.L_y,Wrist.L_z,Neck_x,Neck_y,Neck_z,Head_x,Head_y,Head_z,Nose_x,Nose_y,Nose_z,Eye.L_x,Eye.L_y,Eye.L_z,Eye.R_x,Eye.R_y,Eye.R_z,Ear.L_x,Ear.L_y,Ear.L_z,Ear.R_x,Ear.R_y,Ear.R_z,hip.Center_x,hip.Center_y,hip.Center_z
0,-0.08309899,-0.11968912,0.18603139,0.28980497,-0.040251747,0.037582558,0.045483552,0.3046662,0.09598526,-0.07912335,0.2885353,-0.12054362,0.09761275,-0.06778585,-0.26390144,-0.17483976,-0.11438119,0.044035256,0.18038242,0.262625,0.1068832,0.16547485,0.52925223,0.13066643,0.100005634,0.7749081,0.052512176,-0.0032053245,0.8035712,-0.21121857,0.17759533,0.8515629,-0.4031267,0.39580637,0.9223373,-0.549773,0.042829826,0.8349185,-0.082218274,0.018407341,1.0436834,-0.07981162,0.16584718,0.98748404,-0.09083044,0.11940864,1.021359,-0.11918489,0.11871283,1.0097089,-0.052467994,0.031041764,0.9821212,-0.16973984,0.031258132,0.9579741,-0.016610846,-0.016819898039102554,0.2966007590293884,-0.012279178947210312
