frame,Ankle.R_x,Ankle.R_y,Ankle.R_z,Knee.R_x,Knee.R_y,Knee.R_z,Hip.R_x,Hip.R_y,Hip.R_z,Hip.L_x,Hip.L_y,Hip.L_z,Knee.L_x,Knee.L_y,Knee.L_z,Ankle.L_x,Ankle.L_y,Ankle.L_z,Wrist.R_x,Wrist.R_y,Wrist.R_z,Elbow.R_x,Elbow.R_y,Elbow.R_z,Shoulder.R_x,Shoulder.R_y,Shoulder.R_z,Shoulder.L_x,Shoulder.L_y,Shoulder.L_z,Elbow.L_x,Elbow.L_y,Elbow.L_z,Wrist.L_x,Wrist.L_y,Wrist.L_z,Neck_x,Neck_y,Neck_z,Head_x,Head_y,Head_z,Nose_x,Nose_y,Nose_z,Eye.L_x,Eye.L_y,Eye.L_z,Eye.R_x,Eye.R_y,Eye.R_z,Ear.L_x,Ear.L_y,Ear.L_z,Ear.R_x,Ear.R_y,Ear.R_z,hip.Center_x,hip.Center_y,hip.Center_z
0,0.24210505,-0.057997458,-0.16713922,-0.15208404,-0.17425975,-0.07160213,-0.029169865,0.26598072,-0.14183924,0.025589904,0.28609627,0.10275676,-0.16441523,-0.1289069,0.1469099,0.2504455,-0.072223336,0.081869885,0.024180485,0.22608115,-0.32032472,0.077140436,0.49031258,-0.3130531,0.06034054,0.7411154,-0.22573559,0.113700375,0.79338914,0.02948048,0.2037778,0.69584054,0.27049747,0.25612235,0.6235888,0.5238081,0.06575362,0.8172695,-0.09435472,0.06900051,1.0249258,-0.09362434,-0.032224886,0.954731,0.009330764,0.024991931,0.9835354,0.0015093535,-0.02610458,0.99206436,-0.042010285,0.10779818,0.94266486,-0.044640258,-0.0017160559,0.9583105,-0.14416495,-0.0017899805679917336,0.2760384976863861,-0.019541237503290176
