frame,Ankle.R_x,Ankle.R_y,Ankle.R_z,Knee.R_x,Knee.R_y,Knee.R_z,Hip.R_x,Hip.R_y,Hip.R_z,Hip.L_x,Hip.L_y,Hip.L_z,Knee.L_x,Knee.L_y,Knee.L_z,Ankle.L_x,Ankle.L_y,Ankle.L_z,Wrist.R_x,Wrist.R_y,Wrist.R_z,Elbow.R_x,Elbow.R_y,Elbow.R_z,Shoulder.R_x,Shoulder.R_y,Shoulder.R_z,Shoulder.L_x,Shoulder.L_y,Shoulder.L_z,Elbow.L_x,Elbow.L_y,Elbow.L_z,Wrist.L_x,Wrist.L_y,Wrist.L_z,Neck_x,Neck_y,Neck_z,Head_x,Head_y,Head_z,Nose_x,Nose_y,Nose_z,Eye.L_x,Eye.L_y,Eye.L_z,Eye.R_x,Eye.R_y,Eye.R_z,Ear.L_x,Ear.L_y,Ear.L_z,Ear.R_x,Ear.R_y,Ear.R_z,hip.Center_x,hip.Center_y,hip.Center_z
0,0.20713452,-0.3507656,-0.39183053,-0.06343025,-0.12635991,-0.121295296,-0.06425576,0.32848343,-0.12229299,0.05174734,0.30196795,0.09507976,-0.07063482,-0.13000059,0.03820251,0.16453353,-0.34495977,-0.26266178,-0.1352311,0.37802237,-0.38465196,-0.0018364573,0.6090259,-0.33836496,0.024140656,0.8386122,-0.16856952,0.11812932,0.82807153,0.13162321,0.21433325,0.5724216,0.23463494,0.19326253,0.32267243,0.32966292,0.044282846,0.90598273,-0.006219822,-0.0018566573,1.1443192,0.0053183185,-0.103049554,1.0381849,0.07574134,-0.05386716,1.082814,0.082557,-0.090784736,1.0804615,0.02486194,0.05256001,1.069683,0.06690824,-0.029979475,1.0641886,-0.06903128,-0.006254209205508232,0.3152256906032562,-0.013606615364551544
