frame,Ankle.R_x,Ankle.R_y,Ankle.R_z,Knee.R_x,Knee.R_y,Knee.R_z,Hip.R_x,Hip.R_y,Hip.R_z,Hip.L_x,Hip.L_y,Hip.L_z,Knee.L_x,Knee.L_y,Knee.L_z,Ankle.L_x,Ankle.L_y,Ankle.L_z,Wrist.R_x,Wrist.R_y,Wrist.R_z,Elbow.R_x,Elbow.R_y,Elbow.R_z,Shoulder.R_x,Shoulder.R_y,Shoulder.R_z,Shoulder.L_x,Shoulder.L_y,Shoulder.L_z,Elbow.L_x,Elbow.L_y,Elbow.L_z,Wrist.L_x,Wrist.L_y,Wrist.L_z,Neck_x,Neck_y,Neck_z,Head_x,Head_y,Head_z,Nose_x,Nose_y,Nose_z,Eye.L_x,Eye.L_y,Eye.L_z,Eye.R_x,Eye.R_y,Eye.R_z,Ear.L_x,Ear.L_y,Ear.L_z,Ear.R_x,Ear.R_y,Ear.R_z,hip.Center_x,hip.Center_y,hip.Center_z
0,-0.19658169,-0.28791016,-0.2909164,-0.15813565,-0.13146928,0.10765125,-0.126868,0.29889244,-0.015111383,0.1209521,0.2660398,-0.03734318,0.046260424,-0.14923188,0.1007651,-0.078335114,-0.40890384,-0.23703155,-0.1480464,0.18083902,-0.026868625,-0.17410108,0.4457995,-0.02663993,-0.12952347,0.71813095,-0.01553615,0.1468552,0.8127354,-0.021418951,0.32933223,0.99626744,0.03277394,0.45179847,1.2217206,0.11639937,0.005860299,0.8157179,-0.0083458675,-0.006720709,1.0209897,-0.047611546,-0.09064417,0.96545744,0.07300535,-0.045136027,1.006053,0.054748796,-0.08854635,0.9799988,0.010473579,0.058300298,0.98231316,0.032807752,-0.043659776,0.92566526,-0.06865287,-0.002957947552204132,0.2824661135673523,-0.026227282360196114
