frame,Ankle.R_x,Ankle.R_y,Ankle.R_z,Knee.R_x,Knee.R_y,Knee.R_z,Hip.R_x,Hip.R_y,Hip.R_z,Hip.L_x,Hip.L_y,Hip.L_z,Knee.L_x,Knee.L_y,Knee.L_z,Ankle.L_x,Ankle.L_y,Ankle.L_z,Wrist.R_x,Wrist.R_y,Wrist.R_z,Elbow.R_x,Elbow.R_y,Elbow.R_z,Shoulder.R_x,Shoulder.R_y,Shoulder.R_z,Shoulder.L_x,Shoulder.L_y,Shoulder.L_z,Elbow.L_x,Elbow.L_y,Elbow.L_z,Wrist.L_x,Wrist.L_y,Wrist.L_z,Neck_x,Neck_y,Neck_z,Head_x,Head_y,Head_z,Nose_x,Nose_y,Nose_z,Eye.L_x,Eye.L_y,Eye.L_z,Eye.R_x,Eye.R_y,Eye.R_z,Ear.L_x,Ear.L_y,Ear.L_z,Ear.R_x,Ear.R_y,Ear.R_z,hip.Center_x,hip.Center_y,hip.Center_z
0,0.25959074,-0.34136385,-0.32859933,-0.04922163,-0.1441206,-0.09449589,-0.065494575,0.30651864,-0.12166117,0.049777612,0.2882238,0.09160048,-0.06853747,-0.13859549,0.058832705,0.20907986,-0.36799422,-0.18283434,-0.12967384,0.3263515,-0.15335229,-0.05416228,0.56177706,-0.2508313,-0.016378975,0.80767524,-0.1454844,0.10640819,0.7902417,0.12778634,0.1920797,0.5316136,0.18975364,0.15515816,0.27493733,0.23596445,0.028018504,0.86642265,0.004916519,0.043682735,1.0872792,0.009131473,-0.09165796,1.0246062,0.06971757,-0.03419387,1.053587,0.08147811,-0.0618681,1.0559961,0.019629497,0.062345624,1.0086131,0.08245072,0.00076958863,1.01403,-0.059445344,-0.007858481258153915,0.2973712086677551,-0.015030346810817719
