frame,Ankle.R_x,Ankle.R_y,Ankle.R_z,Knee.R_x,Knee.R_y,Knee.R_z,Hip.R_x,Hip.R_y,Hip.R_z,Hip.L_x,Hip.L_y,Hip.L_z,Knee.L_x,Knee.L_y,Knee.L_z,Ankle.L_x,Ankle.L_y,Ankle.L_z,Wrist.R_x,Wrist.R_y,Wrist.R_z,Elbow.R_x,Elbow.R_y,Elbow.R_z,Shoulder.R_x,Shoulder.R_y,Shoulder.R_z,Shoulder.L_x,Shoulder.L_y,Shoulder.L_z,Elbow.L_x,Elbow.L_y,Elbow.L_z,Wrist.L_x,Wrist.L_y,Wrist.L_z,Neck_x,Neck_y,Neck_z,Head_x,Head_y,Head_z,Nose_x,Nose_y,Nose_z,Eye.L_x,Eye.L_y,Eye.L_z,Eye.R_x,Eye.R_y,Eye.R_z,Ear.L_x,Ear.L_y,Ear.L_z,Ear.R_x,Ear.R_y,Ear.R_z,hip.Center_x,hip.Center_y,hip.Center_z
0,0.017407514,-0.64860773,0.050303813,0.06889534,-0.16584581,0.054474592,0.013804844,0.29844034,0.105514675,-0.01873169,0.2833426,-0.15746927,0.021665279,-0.17246704,-0.083042935,-0.047163792,-0.649063,-0.01214452,0.05694518,0.22532725,0.24615096,-0.034820914,0.4971694,0.23917204,-0.0005955938,0.7749864,0.1227041,-0.044983096,0.7644289,-0.20200205,-0.0651945,0.47247478,-0.28485012,0.07241645,0.22478396,-0.30972934,-0.0025755279,0.84596837,-0.048174113,0.022020822,1.0768902,-0.055840664,0.1478591,0.98277557,-0.09391361,0.1000637,1.0224353,-0.1156887,0.119054906,1.0217342,-0.049312375,-0.004673373,1.0003839,-0.13139734,0.037068516,0.99880856,0.02115471,-0.00246342271566391,0.29089146852493286,-0.025977298617362976
