frame,Ankle.R_x,Ankle.R_y,Ankle.R_z,Knee.R_x,Knee.R_y,Knee.R_z,Hip.R_x,Hip.R_y,Hip.R_z,Hip.L_x,Hip.L_y,Hip.L_z,Knee.L_x,Knee.L_y,Knee.L_z,Ankle.L_x,Ankle.L_y,Ankle.L_z,Wrist.R_x,Wrist.R_y,Wrist.R_z,Elbow.R_x,Elbow.R_y,Elbow.R_z,Shoulder.R_x,Shoulder.R_y,Shoulder.R_z,Shoulder.L_x,Shoulder.L_y,Shoulder.L_z,Elbow.L_x,Elbow.L_y,Elbow.L_z,Wrist.L_x,Wrist.L_y,Wrist.L_z,Neck_x,Neck_y,Neck_z,Head_x,Head_y,Head_z,Nose_x,Nose_y,Nose_z,Eye.L_x,Eye.L_y,Eye.L_z,Eye.R_x,Eye.R_y,Eye.R_z,Ear.L_x,Ear.L_y,Ear.L_z,Ear.R_x,Ear.R_y,Ear.R_z,hip.Center_x,hip.Center_y,hip.Center_z
0,0.24509902,-0.07856257,-0.1782554,-0.15283638,-0.16459091,-0.07748888,-0.020467758,0.27214307,-0.14212075,0.015453578,0.28548536,0.10505665,-0.16628638,-0.13283725,0.12000692,0.25095183,-0.09586549,0.06608645,-0.028400892,0.26694846,-0.3211175,0.080595925,0.51082635,-0.31016147,0.08685308,0.75272286,-0.21100566,0.09830998,0.8002322,0.047713466,0.13101527,0.68139863,0.2906084,0.09699115,0.5900565,0.53809243,0.07178066,0.8251974,-0.08326181,0.06765958,1.0335552,-0.09148745,-0.05102696,0.9624618,-0.009727217,0.005260911,0.99364245,-0.006438069,-0.034928508,0.99762917,-0.06066995,0.09847803,0.9551953,-0.030512929,0.012744142,0.9610861,-0.15297773,-0.002507090102881193,0.2788141965866089,-0.018532048910856247
