frame,Ankle.R_x,Ankle.R_y,Ankle.R_z,Knee.R_x,Knee.R_y,Knee.R_z,Hip.R_x,Hip.R_y,Hip.R_z,Hip.L_x,Hip.L_y,Hip.L_z,Knee.L_x,Knee.L_y,Knee.L_z,Ankle.L_x,Ankle.L_y,Ankle.L_z,Wrist.R_x,Wrist.R_y,Wrist.R_z,Elbow.R_x,Elbow.R_y,Elbow.R_z,Shoulder.R_x,Shoulder.R_y,Shoulder.R_z,Shoulder.L_x,Shoulder.L_y,Shoulder.L_z,Elbow.L_x,Elbow.L_y,Elbow.L_z,Wrist.L_x,Wrist.L_y,Wrist.L_z,Neck_x,Neck_y,Neck_z,Head_x,Head_y,Head_z,Nose_x,Nose_y,Nose_z,Eye.L_x,Eye.L_y,Eye.L_z,Eye.R_x,Eye.R_y,Eye.R_z,Ear.L_x,Ear.L_y,Ear.L_z,Ear.R_x,Ear.R_y,Ear.R_z,hip.Center_x,hip.Center_y,hip.Center_z
0,-0.1509263,-0.11347179,-0.24568762,-0.005115631,-0.15968737,0.14313246,-0.11256054,0.27707767,0.043923333,0.103089646,0.27658817,-0.07685641,0.1213626,-0.13775758,0.115048066,-0.008445376,-0.16951634,-0.28643575,0.14955407,0.34484062,0.14993392,-0.03723775,0.53964686,0.13530079,-0.11007171,0.7659883,0.05189321,0.08912219,0.79752386,-0.09802261,0.3349921,0.7409891,-0.010782786,0.5430702,0.77014226,0.15489228,-0.01780063,0.82795227,-0.025808271,-0.032719027,1.0389376,-0.029435048,0.04787299,0.9733647,0.09127998,0.051768124,1.0088769,0.03740605,-0.0062787514,1.0008898,0.071470425,0.043624736,0.97291785,-0.06253115,-0.08474864,0.9561014,0.012224456,-0.004735447466373444,0.2768329381942749,-0.016466539353132248
