frame,Ankle.R_x,Ankle.R_y,Ankle.R_z,Knee.R_x,Knee.R_y,Knee.R_z,Hip.R_x,Hip.R_y,Hip.R_z,Hip.L_x,Hip.L_y,Hip.L_z,Knee.L_x,Knee.L_y,Knee.L_z,Ankle.L_x,Ankle.L_y,Ankle.L_z,Wrist.R_x,Wrist.R_y,Wrist.R_z,Elbow.R_x,Elbow.R_y,Elbow.R_z,Shoulder.R_x,Shoulder.R_y,Shoulder.R_z,Shoulder.L_x,Shoulder.L_y,Shoulder.L_z,Elbow.L_x,Elbow.L_y,Elbow.L_z,Wrist.L_x,Wrist.L_y,Wrist.L_z,Neck_x,Neck_y,Neck_z,Head_x,Head_y,Head_z,Nose_x,Nose_y,Nose_z,Eye.L_x,Eye.L_y,Eye.L_z,Eye.R_x,Eye.R_y,Eye.R_z,Ear.L_x,Ear.L_y,Ear.L_z,Ear.R_x,Ear.R_y,Ear.R_z,hip.Center_x,hip.Center_y,hip.Center_z
0,0.14561933,-0.33188906,-0.29897022,-0.14377038,-0.12711513,-0.07404997,-0.06671558,0.3029611,-0.12176796,0.05889329,0.26812163,0.08860412,-0.19173776,-0.08959069,0.051823955,0.16571952,-0.26412243,-0.05699497,-0.33027387,0.5270837,-0.19436723,-0.09873411,0.5797019,-0.27046978,0.008822419,0.7776919,-0.15280224,0.1749998,0.8155864,0.020819455,0.3930934,0.87125206,0.15374923,0.4955832,1.00943,0.34164038,0.081012,0.8363172,-0.04561916,0.08672173,1.0485194,-0.03550104,0.055833634,0.97320735,0.10247651,0.10003239,1.0026768,0.06739816,0.033795834,1.0101067,0.056940958,0.14982893,0.96651727,-0.017454024,-0.00038539432,0.9799893,-0.045117516,-0.003911146894097328,0.2855413556098938,-0.01658191904425621
