frame,Ankle.R_x,Ankle.R_y,Ankle.R_z,Knee.R_x,Knee.R_y,Knee.R_z,Hip.R_x,Hip.R_y,Hip.R_z,Hip.L_x,Hip.L_y,Hip.L_z,Knee.L_x,Knee.L_y,Knee.L_z,Ankle.L_x,Ankle.L_y,Ankle.L_z,Wrist.R_x,Wrist.R_y,Wrist.R_z,Elbow.R_x,Elbow.R_y,Elbow.R_z,Shoulder.R_x,Shoulder.R_y,Shoulder.R_z,Shoulder.L_x,Shoulder.L_y,Shoulder.L_z,Elbow.L_x,Elbow.L_y,Elbow.L_z,Wrist.L_x,Wrist.L_y,Wrist.L_z,Neck_x,Neck_y,Neck_z,Head_x,Head_y,Head_z,Nose_x,Nose_y,Nose_z,Eye.L_x,Eye.L_y,Eye.L_z,Eye.R_x,Eye.R_y,Eye.R_z,Ear.L_x,Ear.L_y,Ear.L_z,Ear.R_x,Ear.R_y,Ear.R_z,hip.Center_x,hip.Center_y,hip.Center_z
0,-0.10220204,-0.42972824,-0.016290072,0.0924329,-0.07171551,0.059218023,-0.025285184,0.3336923,0.10621613,0.0028944975,0.34321526,-0.1293873,-0.010092835,-0.06780333,-0.1752615,-0.21521139,-0.43222782,-0.22704317,0.25622165,0.38460416,0.20072733,0.10745648,0.59115064,0.26880005,0.09957293,0.83682656,0.15600768,0.18718779,0.8859517,-0.14099449,0.4135102,1.0190016,-0.18577835,0.59144604,1.193657,-0.0835604,0.14856267,0.91050327,0.0050858716,0.14240493,1.1371536,-0.0066164904,0.18952662,1.0631051,0.12794554,0.20501912,1.1044766,0.077849865,0.13983679,1.0855291,0.08839729,0.24551073,1.082689,-0.028275348,0.08643688,1.0396602,0.00048656762,-0.011195342987775803,0.3384537696838379,-0.01158558577299118
