frame,Ankle.R_x,Ankle.R_y,Ankle.R_z,Knee.R_x,Knee.R_y,Knee.R_z,Hip.R_x,Hip.R_y,Hip.R_z,Hip.L_x,Hip.L_y,Hip.L_z,Knee.L_x,Knee.L_y,Knee.L_z,Ankle.L_x,Ankle.L_y,Ankle.L_z,Wrist.R_x,Wrist.R_y,Wrist.R_z,Elbow.R_x,Elbow.R_y,Elbow.R_z,Shoulder.R_x,Shoulder.R_y,Shoulder.R_z,Shoulder.L_x,Shoulder.L_y,Shoulder.L_z,Elbow.L_x,Elbow.L_y,Elbow.L_z,Wrist.L_x,Wrist.L_y,Wrist.L_z,Neck_x,Neck_y,Neck_z,Head_x,Head_y,Head_z,Nose_x,Nose_y,Nose_z,Eye.L_x,Eye.L_y,Eye.L_z,Eye.R_x,Eye.R_y,Eye.R_z,Ear.L_x,Ear.L_y,Ear.L_z,Ear.R_x,Ear.R_y,Ear.R_z,hip.Center_x,hip.Center_y,hip.Center_z
0,-0.0046969606,-0.15447606,-0.12685835,-0.37000558,0.012297049,-0.01203432,-0.07978678,0.28743476,-0.12142624,0.08426393,0.27165127,0.07229287,0.08280384,-0.17235106,0.059185367,0.39923283,-0.27212587,-0.24585424,-0.39845785,0.88761926,-0.41636837,-0.15097761,0.7973468,-0.37562853,-0.0015367987,0.79226273,-0.13975525,0.14005688,0.8033626,0.06631628,0.23360938,0.9677329,0.25962594,0.20962961,1.1600705,0.44861954,0.062321417,0.82872605,-0.024131969,0.09655678,1.0294878,-0.04453574,-0.0016634744,0.9986935,0.07831508,0.05683349,1.0162412,0.060350806,0.00380289,1.0217043,0.018766206,0.13336612,0.9537294,0.021404631,0.015065467,0.9650109,-0.075764865,0.002238575369119644,0.2795430123806,-0.024566683918237686
