frame,Ankle.R_x,Ankle.R_y,Ankle.R_z,Knee.R_x,Knee.R_y,Knee.R_z,Hip.R_x,Hip.R_y,Hip.R_z,Hip.L_x,Hip.L_y,Hip.L_z,Knee.L_x,Knee.L_y,Knee.L_z,Ankle.L_x,Ankle.L_y,Ankle.L_z,Wrist.R_x,Wrist.R_y,Wrist.R_z,Elbow.R_x,Elbow.R_y,Elbow.R_z,Shoulder.R_x,Shoulder.R_y,Shoulder.R_z,Shoulder.L_x,Shoulder.L_y,Shoulder.L_z,Elbow.L_x,Elbow.L_y,Elbow.L_z,Wrist.L_x,Wrist.L_y,Wrist.L_z,Neck_x,Neck_y,Neck_z,Head_x,Head_y,Head_z,Nose_x,Nose_y,Nose_z,Eye.L_x,Eye.L_y,Eye.L_z,Eye.R_x,Eye.R_y,Eye.R_z,Ear.L_x,Ear.L_y,Ear.L_z,Ear.R_x,Ear.R_y,Ear.R_z,hip.Center_x,hip.Center_y,hip.Center_z
0,0.10608632,-0.54952675,0.13835289,0.21789646,-0.120161176,0.03394308,0.054494902,0.29742035,0.084208995,-0.06925538,0.25516447,-0.12877406,0.13059096,-0.13970374,-0.12362767,0.16592884,-0.5948763,-0.074637756,0.16343501,0.2958284,0.13836932,0.06627276,0.5502323,0.13055107,-0.047475465,0.77342325,0.031020932,-0.2533791,0.68666244,-0.15352845,-0.29579192,0.413643,-0.138037,-0.28663164,0.14444743,-0.14446186,-0.15520824,0.7865733,-0.08504772,-0.22262755,0.9774115,-0.107708864,-0.09778326,0.93688226,-0.19896442,-0.16027772,0.9506234,-0.1973266,-0.11881012,0.96744734,-0.14648679,-0.24043277,0.88902485,-0.16591963,-0.146751,0.9270761,-0.05198951,-0.00738023966550827,0.2762924134731293,-0.02228253334760666
