frame,Ankle.R_x,Ankle.R_y,Ankle.R_z,Knee.R_x,Knee.R_y,Knee.R_z,Hip.R_x,Hip.R_y,Hip.R_z,Hip.L_x,Hip.L_y,Hip.L_z,Knee.L_x,Knee.L_y,Knee.L_z,Ankle.L_x,Ankle.L_y,Ankle.L_z,Wrist.R_x,Wrist.R_y,Wrist.R_z,Elbow.R_x,Elbow.R_y,Elbow.R_z,Shoulder.R_x,Shoulder.R_y,Shoulder.R_z,Shoulder.L_x,Shoulder.L_y,Shoulder.L_z,Elbow.L_x,Elbow.L_y,Elbow.L_z,Wrist.L_x,Wrist.L_y,Wrist.L_z,Neck_x,Neck_y,Neck_z,Head_x,Head_y,Head_z,Nose_x,Nose_y,Nose_z,Eye.L_x,Eye.L_y,Eye.L_z,Eye.R_x,Eye.R_y,Eye.R_z,Ear.L_x,Ear.L_y,Ear.L_z,Ear.R_x,Ear.R_y,Ear.R_z,hip.Center_x,hip.Center_y,hip.Center_z
0,0.18888317,-0.44284016,-0.26807216,-0.038987827,-0.13906467,-0.08808333,-0.08353898,0.28973112,-0.09963423,0.06555872,0.2746062,0.08010039,-0.07590693,-0.12356737,0.07268071,-0.022980914,-0.50444573,-0.0947563,-0.26802197,0.44789162,-0.38822013,-0.08490566,0.6090311,-0.32336104,-0.008308582,0.7793153,-0.14110498,0.12240268,0.78158504,0.08658718,0.26463813,0.638527,0.26405013,0.32672766,0.49414098,0.4605146,0.038630184,0.830793,-0.016278591,0.03530276,1.0427234,-0.01573148,-0.09168129,0.96987754,0.04747859,-0.039620794,1.0046779,0.058319278,-0.06680523,1.0011553,-0.0026756963,0.060252883,0.9723486,0.059373487,0.0002880469,0.96562886,-0.077076785,-0.008990131318569183,0.2821686565876007,-0.009766921401023865
