frame,Ankle.R_x,Ankle.R_y,Ankle.R_z,Knee.R_x,Knee.R_y,Knee.R_z,Hip.R_x,Hip.R_y,Hip.R_z,Hip.L_x,Hip.L_y,Hip.L_z,Knee.L_x,Knee.L_y,Knee.L_z,Ankle.L_x,Ankle.L_y,Ankle.L_z,Wrist.R_x,Wrist.R_y,Wrist.R_z,Elbow.R_x,Elbow.R_y,Elbow.R_z,Shoulder.R_x,Shoulder.R_y,Shoulder.R_z,Shoulder.L_x,Shoulder.L_y,Shoulder.L_z,Elbow.L_x,Elbow.L_y,Elbow.L_z,Wrist.L_x,Wrist.L_y,Wrist.L_z,Neck_x,Neck_y,Neck_z,Head_x,Head_y,Head_z,Nose_x,Nose_y,Nose_z,Eye.L_x,Eye.L_y,Eye.L_z,Eye.R_x,Eye.R_y,Eye.R_z,Ear.L_x,Ear.L_y,Ear.L_z,Ear.R_x,Ear.R_y,Ear.R_z,hip.Center_x,hip.Center_y,hip.Center_z
0,0.19922373,-0.1954004,-0.20672175,-0.1804564,-0.14699884,-0.03918508,-0.10248731,0.28669542,-0.092239715,0.094420254,0.26467115,0.05469187,-0.020603936,-0.16279867,0.0678574,0.29411104,-0.2218576,-0.21234833,-0.102194645,0.72418535,0.044890497,-0.18708853,0.6049114,-0.15807639,-0.020315118,0.78306067,-0.12700714,0.18012829,0.7952454,-0.029332828,0.37014908,0.9307834,0.08475887,0.41823566,1.1507888,0.20734234,0.08207584,0.8190384,-0.0575409,0.1137662,1.0234303,-0.018484183,0.07049385,0.9355912,0.10599021,0.11798299,0.9664741,0.07783032,0.053620495,0.97911674,0.06442159,0.17228754,0.937305,-0.00629279,0.027302245,0.962746,-0.04080977,-0.00403352826833725,0.27568328380584717,-0.018773922696709633
