frame,Ankle.R_x,Ankle.R_y,Ankle.R_z,Knee.R_x,Knee.R_y,Knee.R_z,Hip.R_x,Hip.R_y,Hip.R_z,Hip.L_x,Hip.L_y,Hip.L_z,Knee.L_x,Knee.L_y,Knee.L_z,Ankle.L_x,Ankle.L_y,Ankle.L_z,Wrist.R_x,Wrist.R_y,Wrist.R_z,Elbow.R_x,Elbow.R_y,Elbow.R_z,Shoulder.R_x,Shoulder.R_y,Shoulder.R_z,Shoulder.L_x,Shoulder.L_y,Shoulder.L_z,Elbow.L_x,Elbow.L_y,Elbow.L_z,Wrist.L_x,Wrist.L_y,Wrist.L_z,Neck_x,Neck_y,Neck_z,Head_x,Head_y,Head_z,Nose_x,Nose_y,Nose_z,Eye.L_x,Eye.L_y,Eye.L_z,Eye.R_x,Eye.R_y,Eye.R_z,Ear.L_x,Ear.L_y,Ear.L_z,Ear.R_x,Ear.R_y,Ear.R_z,hip.Center_x,hip.Center_y,hip.Center_z
0,0.065023616,-0.25597286,0.25415072,0.07897719,-0.108655706,-0.12135618,0.108477384,0.30326524,0.021520134,-0.11887519,0.30776104,-0.03878009,-0.035947863,-0.059861485,-0.22589755,0.039464165,-0.3030505,0.09062108,0.42018738,0.42271903,0.03472985,0.31846267,0.64920676,0.09749083,0.13569054,0.8276218,0.05298035,-0.119395554,0.8327678,-0.07905033,-0.18136823,0.70804584,-0.3056525,-0.17108312,0.582816,-0.5310043,0.008380372,0.88072497,-0.010842054,-0.023402773,1.0846479,0.03500185,0.075537145,1.0561507,-0.0867257,0.018512197,1.0790249,-0.06740798,0.06881906,1.0705168,-0.023444474,-0.070853055,1.0228871,-0.042279452,0.045463152,1.0045534,0.05930586,-0.005198903381824493,0.3055131435394287,-0.008629977703094482
