frame,Ankle.R_x,Ankle.R_y,Ankle.R_z,Knee.R_x,Knee.R_y,Knee.R_z,Hip.R_x,Hip.R_y,Hip.R_z,Hip.L_x,Hip.L_y,Hip.L_z,Knee.L_x,Knee.L_y,Knee.L_z,Ankle.L_x,Ankle.L_y,Ankle.L_z,Wrist.R_x,Wrist.R_y,Wrist.R_z,Elbow.R_x,Elbow.R_y,Elbow.R_z,Shoulder.R_x,Shoulder.R_y,Shoulder.R_z,Shoulder.L_x,Shoulder.L_y,Shoulder.L_z,Elbow.L_x,Elbow.L_y,Elbow.L_z,Wrist.L_x,Wrist.L_y,Wrist.L_z,Neck_x,Neck_y,Neck_z,Head_x,Head_y,Head_z,Nose_x,Nose_y,Nose_z,Eye.L_x,Eye.L_y,Eye.L_z,Eye.R_x,Eye.R_y,Eye.R_z,Ear.L_x,Ear.L_y,Ear.L_z,Ear.R_x,Ear.R_y,Ear.R_z,hip.Center_x,hip.Center_y,hip.Center_z
0,0.108341016,-0.169397,-0.12982036,-0.2928714,-0.07710241,-0.053215895,-0.08374415,0.2879902,-0.11762571,0.082621165,0.27622434,0.07386109,0.023082636,-0.16795142,0.068060935,0.407054,-0.15537092,-0.13036747,-0.27843457,0.79097325,-0.13297285,-0.17892615,0.74916625,-0.36244863,-0.036034185,0.79655087,-0.13781533,0.13603067,0.8168039,0.015180708,0.33336195,0.9713329,0.11247955,0.38649634,1.1794531,0.26074973,0.039605994,0.83650535,-0.037646055,0.046567243,1.0474801,-0.025400957,0.018526735,0.9752773,0.11522678,0.06181053,1.0040518,0.0787432,-0.004572548,1.012407,0.07007426,0.109267846,0.9645456,-0.006130021,-0.040265925,0.98083776,-0.03197006,-0.000561494380235672,0.28210729360580444,-0.0218823105096817
