frame,Ankle.R_x,Ankle.R_y,Ankle.R_z,Knee.R_x,Knee.R_y,Knee.R_z,Hip.R_x,Hip.R_y,Hip.R_z,Hip.L_x,Hip.L_y,Hip.L_z,Knee.L_x,Knee.L_y,Knee.L_z,Ankle.L_x,Ankle.L_y,Ankle.L_z,Wrist.R_x,Wrist.R_y,Wrist.R_z,Elbow.R_x,Elbow.R_y,Elbow.R_z,Shoulder.R_x,Shoulder.R_y,Shoulder.R_z,Shoulder.L_x,Shoulder.L_y,Shoulder.L_z,Elbow.L_x,Elbow.L_y,Elbow.L_z,Wrist.L_x,Wrist.L_y,Wrist.L_z,Neck_x,Neck_y,Neck_z,Head_x,Head_y,Head_z,Nose_x,Nose_y,Nose_z,Eye.L_x,Eye.L_y,Eye.L_z,Eye.R_x,Eye.R_y,Eye.R_z,Ear.L_x,Ear.L_y,Ear.L_z,Ear.R_x,Ear.R_y,Ear.R_z,hip.Center_x,hip.Center_y,hip.Center_z
0,0.21265571,-0.3373428,-0.44024822,-0.038371913,-0.13835561,-0.118796945,-0.07697308,0.32450157,-0.11473206,0.06085573,0.30283698,0.08863332,-0.06114967,-0.13333212,0.031106524,0.12543133,-0.43054128,-0.25270504,-0.17624764,0.37278187,-0.16214243,-0.048689894,0.58257794,-0.28408232,-0.02278448,0.8392308,-0.15677129,0.101929456,0.8156421,0.14028028,0.17270869,0.53199923,0.19093366,0.0858509,0.2780397,0.23965244,0.019228792,0.9057973,0.008706426,0.0059110783,1.1462055,0.025869558,-0.10172407,1.0556761,0.10691721,-0.045493744,1.0928018,0.10783952,-0.08850664,1.0966278,0.054414906,0.055188585,1.0629406,0.08201196,-0.041676342,1.0724097,-0.04523775,-0.00805867463350296,0.31366926431655884,-0.013049367815256119
