frame,Ankle.R_x,Ankle.R_y,Ankle.R_z,Knee.R_x,Knee.R_y,Knee.R_z,Hip.R_x,Hip.R_y,Hip.R_z,Hip.L_x,Hip.L_y,Hip.L_z,Knee.L_x,Knee.L_y,Knee.L_z,Ankle.L_x,Ankle.L_y,Ankle.L_z,Wrist.R_x,Wrist.R_y,Wrist.R_z,Elbow.R_x,Elbow.R_y,Elbow.R_z,Shoulder.R_x,Shoulder.R_y,Shoulder.R_z,Shoulder.L_x,Shoulder.L_y,Shoulder.L_z,Elbow.L_x,Elbow.L_y,Elbow.L_z,Wrist.L_x,Wrist.L_y,Wrist.L_z,Neck_x,Neck_y,Neck_z,Head_x,Head_y,Head_z,Nose_x,Nose_y,Nose_z,Eye.L_x,Eye.L_y,Eye.L_z,Eye.R_x,Eye.R_y,Eye.R_z,Ear.L_x,Ear.L_y,Ear.L_z,Ear.R_x,Ear.R_y,Ear.R_z,hip.Center_x,hip.Center_y,hip.Center_z
0,0.1779115,-0.42457122,-0.45637318,-0.068750575,-0.14350726,-0.16544697,-0.053700842,0.3257069,-0.12987866,0.039535053,0.27900803,0.10221708,-0.029400036,-0.16260113,-0.036821622,0.15935616,-0.46391138,-0.34606117,-0.063588485,0.28875327,-0.27574894,0.051875662,0.54768074,-0.254628,0.03501863,0.81440717,-0.12941928,0.036681935,0.7799438,0.19182864,0.039359506,0.48283216,0.22953318,-0.06026669,0.2199014,0.21667828,0.008951233,0.8755241,0.042172473,-0.060718484,1.1076567,0.07072234,-0.16001983,0.98293346,0.09504834,-0.1207625,1.0298381,0.12116972,-0.14167973,1.0344644,0.05587794,-0.013746664,1.0291275,0.13269396,-0.058683574,1.0401945,-0.018763997,-0.007082894444465637,0.3023574650287628,-0.013830788433551788
