frame,Ankle.R_x,Ankle.R_y,Ankle.R_z,Knee.R_x,Knee.R_y,Knee.R_z,Hip.R_x,Hip.R_y,Hip.R_z,Hip.L_x,Hip.L_y,Hip.L_z,Knee.L_x,Knee.L_y,Knee.L_z,Ankle.L_x,Ankle.L_y,Ankle.L_z,Wrist.R_x,Wrist.R_y,Wrist.R_z,Elbow.R_x,Elbow.R_y,Elbow.R_z,Shoulder.R_x,Shoulder.R_y,Shoulder.R_z,Shoulder.L_x,Shoulder.L_y,Shoulder.L_z,Elbow.L_x,Elbow.L_y,Elbow.L_z,Wrist.L_x,Wrist.L_y,Wrist.L_z,Neck_x,Neck_y,Neck_z,Head_x,Head_y,Head_z,Nose_x,Nose_y,Nose_z,Eye.L_x,Eye.L_y,Eye.L_z,Eye.R_x,Eye.R_y,Eye.R_z,Ear.L_x,Ear.L_y,Ear.L_z,Ear.R_x,Ear.R_y,Ear.R_z,hip.Center_x,hip.Center_y,hip.Center_z
0,0.27192384,-0.11211153,-0.16843024,-0.1184023,-0.17376357,-0.0413002,-0.043386552,0.2651977,-0.13550542,0.03611964,0.28138992,0.09819821,-0.1975747,-0.10134453,0.12005827,0.20794281,-0.18068838,0.06537762,-0.051009126,0.2221542,-0.1859331,-0.003941633,0.46777287,-0.26362312,0.0108768195,0.7228837,-0.21911375,0.1350061,0.7903792,0.002383085,0.29625,0.8017329,0.21658552,0.41213918,0.8851614,0.43574932,0.057112344,0.8050065,-0.10095361,0.06653826,1.0117528,-0.10535033,-0.028194526,0.95000744,0.0070991293,0.028222986,0.9775747,-0.0049750954,-0.024720985,0.98314595,-0.04629603,0.10875309,0.9339657,-0.052702382,-0.0062459772,0.9432833,-0.14602509,-0.00363345630466938,0.27329379320144653,-0.01865360513329506
