frame,Ankle.R_x,Ankle.R_y,Ankle.R_z,Knee.R_x,Knee.R_y,Knee.R_z,Hip.R_x,Hip.R_y,Hip.R_z,Hip.L_x,Hip.L_y,Hip.L_z,Knee.L_x,Knee.L_y,Knee.L_z,Ankle.L_x,Ankle.L_y,Ankle.L_z,Wrist.R_x,Wrist.R_y,Wrist.R_z,Elbow.R_x,Elbow.R_y,Elbow.R_z,Shoulder.R_x,Shoulder.R_y,Shoulder.R_z,Shoulder.L_x,Shoulder.L_y,Shoulder.L_z,Elbow.L_x,Elbow.L_y,Elbow.L_z,Wrist.L_x,Wrist.L_y,Wrist.L_z,Neck_x,Neck_y,Neck_z,Head_x,Head_y,Head_z,Nose_x,Nose_y,Nose_z,Eye.L_x,Eye.L_y,Eye.L_z,Eye.R_x,Eye.R_y,Eye.R_z,Ear.L_x,Ear.L_y,Ear.L_z,Ear.R_x,Ear.R_y,Ear.R_z,hip.Center_x,hip.Center_y,hip.Center_z
0,0.038961563,-0.6105608,-0.041800655,0.068533145,-0.17891437,0.0052740485,0.022833787,0.23314072,0.10029571,-0.015099847,0.25399008,-0.14066325,0.01619207,-0.16338429,-0.14826804,-0.023962539,-0.59653914,-0.19408451,0.016135437,0.4094028,0.046632696,-0.069271654,0.4359606,0.27394637,-0.011799754,0.6615255,0.15323052,-0.05042364,0.66405743,-0.124578066,-0.13208908,0.4217858,-0.20705616,0.06113939,0.37350222,-0.07910016,-0.02412198,0.72535115,0.012755103,-0.07756761,0.9124525,0.018521218,0.073240615,0.8895328,0.0023162668,0.023129657,0.9085711,-0.026463743,0.030366734,0.9085573,0.03933386,-0.05300813,0.8507167,-0.055973835,-0.038519494,0.8504435,0.08289651,0.0038669700734317303,0.2435654103755951,-0.02018377184867859
