frame,Ankle.R_x,Ankle.R_y,Ankle.R_z,Knee.R_x,Knee.R_y,Knee.R_z,Hip.R_x,Hip.R_y,Hip.R_z,Hip.L_x,Hip.L_y,Hip.L_z,Knee.L_x,Knee.L_y,Knee.L_z,Ankle.L_x,Ankle.L_y,Ankle.L_z,Wrist.R_x,Wrist.R_y,Wrist.R_z,Elbow.R_x,Elbow.R_y,Elbow.R_z,Shoulder.R_x,Shoulder.R_y,Shoulder.R_z,Shoulder.L_x,Shoulder.L_y,Shoulder.L_z,Elbow.L_x,Elbow.L_y,Elbow.L_z,Wrist.L_x,Wrist.L_y,Wrist.L_z,Neck_x,Neck_y,Neck_z,Head_x,Head_y,Head_z,Nose_x,Nose_y,Nose_z,Eye.L_x,Eye.L_y,Eye.L_z,Eye.R_x,Eye.R_y,Eye.R_z,Ear.L_x,Ear.L_y,Ear.L_z,Ear.R_x,Ear.R_y,Ear.R_z,hip.Center_x,hip.Center_y,hip.Center_z
0,0.05108437,-0.17231618,-0.18797114,-0.33498397,-0.034573466,-0.082459055,-0.06579137,0.290931,-0.12903695,0.065939225,0.2615322,0.0874031,0.021303553,-0.18128683,0.017859723,0.4244758,-0.28065547,-0.14784715,-0.36028117,0.7875578,-0.25288484,-0.13365623,0.75629246,-0.37510908,-0.019901605,0.78457475,-0.12317163,0.13037896,0.79911745,0.06757287,0.31177235,0.94287276,0.20900959,0.36039203,1.154329,0.3625992,0.04017624,0.8202671,-0.0031711552,0.030116584,1.0272493,0.03650838,-0.0022880817,0.93314064,0.16218437,0.04125648,0.9689212,0.13334754,-0.024641398,0.9753046,0.121030465,0.095518805,0.9460091,0.04735275,-0.0526483,0.9588361,0.013489686,7.392838597297668e-05,0.276231586933136,-0.020816922187805176
