frame,Ankle.R_x,Ankle.R_y,Ankle.R_z,Knee.R_x,Knee.R_y,Knee.R_z,Hip.R_x,Hip.R_y,Hip.R_z,Hip.L_x,Hip.L_y,Hip.L_z,Knee.L_x,Knee.L_y,Knee.L_z,Ankle.L_x,Ankle.L_y,Ankle.L_z,Wrist.R_x,Wrist.R_y,Wrist.R_z,Elbow.R_x,Elbow.R_y,Elbow.R_z,Shoulder.R_x,Shoulder.R_y,Shoulder.R_z,Shoulder.L_x,Shoulder.L_y,Shoulder.L_z,Elbow.L_x,Elbow.L_y,Elbow.L_z,Wrist.L_x,Wrist.L_y,Wrist.L_z,Neck_x,Neck_y,Neck_z,Head_x,Head_y,Head_z,Nose_x,Nose_y,Nose_z,Eye.L_x,Eye.L_y,Eye.L_z,Eye.R_x,Eye.R_y,Eye.R_z,Ear.L_x,Ear.L_y,Ear.L_z,Ear.R_x,Ear.R_y,Ear.R_z,hip.Center_x,hip.Center_y,hip.Center_z
0,-0.052790485,-0.16962513,-0.30539882,-0.29444999,-0.08172706,0.04744078,-0.08893502,0.3091441,-0.1177057,0.105083734,0.26829842,0.058209207,-0.20945984,0.0035814217,0.2533227,-0.042079464,-0.24337295,-0.07332487,-0.053609893,0.19475825,-0.23016109,-0.03573098,0.47026956,-0.24977793,-0.018020418,0.7468783,-0.16836339,0.1852013,0.80494046,0.054750234,0.4179592,0.8147565,0.22161902,0.63724357,0.837126,0.39182162,0.06968961,0.8375102,-0.04688856,0.109983064,1.0507941,-0.072110854,-0.036806814,1.0209306,-0.012729615,0.022290893,1.0462658,-0.0015742294,-0.00047842576,1.0352819,-0.06525418,0.11410695,0.9926289,0.022184683,0.06302508,0.9680503,-0.12421472,0.008074358105659485,0.2887212634086609,-0.02974824793636799
