frame,Ankle.R_x,Ankle.R_y,Ankle.R_z,Knee.R_x,Knee.R_y,Knee.R_z,Hip.R_x,Hip.R_y,Hip.R_z,Hip.L_x,Hip.L_y,Hip.L_z,Knee.L_x,Knee.L_y,Knee.L_z,Ankle.L_x,Ankle.L_y,Ankle.L_z,Wrist.R_x,Wrist.R_y,Wrist.R_z,Elbow.R_x,Elbow.R_y,Elbow.R_z,Shoulder.R_x,Shoulder.R_y,Shoulder.R_z,Shoulder.L_x,Shoulder.L_y,Shoulder.L_z,Elbow.L_x,Elbow.L_y,Elbow.L_z,Wrist.L_x,Wrist.L_y,Wrist.L_z,Neck_x,Neck_y,Neck_z,Head_x,Head_y,Head_z,Nose_x,Nose_y,Nose_z,Eye.L_x,Eye.L_y,Eye.L_z,Eye.R_x,Eye.R_y,Eye.R_z,Ear.L_x,Ear.L_y,Ear.L_z,Ear.R_x,Ear.R_y,Ear.R_z,hip.Center_x,hip.Center_y,hip.Center_z
0,0.15916145,-0.14834307,-0.19392319,-0.21377239,-0.11487169,-0.012296662,-0.10065986,0.3096402,-0.094409645,0.09475145,0.27266946,0.054269817,-0.02047683,-0.15798925,0.05444105,0.3286528,-0.10632552,-0.17754862,-0.224989,0.728,0.14586876,-0.18648417,0.65724546,-0.09615155,-0.008431777,0.82438946,-0.06705155,0.19369067,0.8235824,0.0389473,0.3897578,0.93536115,0.17354867,0.4738508,1.1061562,0.3540108,0.095756195,0.8545156,0.00694991,0.123887956,1.0640366,0.02643229,0.079742335,0.9928247,0.16370866,0.12781824,1.0215392,0.13107018,0.062562004,1.02898,0.1139818,0.18771796,0.9799746,0.052265625,0.03905218,0.99534017,0.010041098,-0.0029542073607444763,0.2911548316478729,-0.020069913938641548
