frame,Ankle.R_x,Ankle.R_y,Ankle.R_z,Knee.R_x,Knee.R_y,Knee.R_z,Hip.R_x,Hip.R_y,Hip.R_z,Hip.L_x,Hip.L_y,Hip.L_z,Knee.L_x,Knee.L_y,Knee.L_z,Ankle.L_x,Ankle.L_y,Ankle.L_z,Wrist.R_x,Wrist.R_y,Wrist.R_z,Elbow.R_x,Elbow.R_y,Elbow.R_z,Shoulder.R_x,Shoulder.R_y,Shoulder.R_z,Shoulder.L_x,Shoulder.L_y,Shoulder.L_z,Elbow.L_x,Elbow.L_y,Elbow.L_z,Wrist.L_x,Wrist.L_y,Wrist.L_z,Neck_x,Neck_y,Neck_z,Head_x,Head_y,Head_z,Nose_x,Nose_y,Nose_z,Eye.L_x,Eye.L_y,Eye.L_z,Eye.R_x,Eye.R_y,Eye.R_z,Ear.L_x,Ear.L_y,Ear.L_z,Ear.R_x,Ear.R_y,Ear.R_z,hip.Center_x,hip.Center_y,hip.Center_z
0,0.15476239,-0.1507541,-0.15886503,-0.25777254,-0.1034264,-0.0974014,-0.07850653,0.2907253,-0.1194074,0.07607998,0.27093244,0.07977441,-0.012633874,-0.1698514,0.0629158,0.38510576,-0.14327505,-0.096907854,-0.24041076,0.809997,-0.10228781,-0.18265297,0.7513681,-0.34140426,-0.023279611,0.7963482,-0.12855391,0.1463275,0.8119123,0.028001098,0.346076,0.9522658,0.14025551,0.39317778,1.1569346,0.29384544,0.051834315,0.83405435,-0.027451023,0.060259394,1.0444149,-0.01094611,0.03192272,0.96890604,0.12757066,0.07553191,0.9981538,0.091857165,0.009208284,1.007664,0.08388912,0.12149848,0.96046126,0.005597245,-0.027308531,0.9791204,-0.01862452,-0.001213274896144867,0.2808288633823395,-0.01981649547815323
