frame,Ankle.R_x,Ankle.R_y,Ankle.R_z,Knee.R_x,Knee.R_y,Knee.R_z,Hip.R_x,Hip.R_y,Hip.R_z,Hip.L_x,Hip.L_y,Hip.L_z,Knee.L_x,Knee.L_y,Knee.L_z,Ankle.L_x,Ankle.L_y,Ankle.L_z,Wrist.R_x,Wrist.R_y,Wrist.R_z,Elbow.R_x,Elbow.R_y,Elbow.R_z,Shoulder.R_x,Shoulder.R_y,Shoulder.R_z,Shoulder.L_x,Shoulder.L_y,Shoulder.L_z,Elbow.L_x,Elbow.L_y,Elbow.L_z,Wrist.L_x,Wrist.L_y,Wrist.L_z,Neck_x,Neck_y,Neck_z,Head_x,Head_y,Head_z,Nose_x,Nose_y,Nose_z,Eye.L_x,Eye.L_y,Eye.L_z,Eye.R_x,Eye.R_y,Eye.R_z,Ear.L_x,Ear.L_y,Ear.L_z,Ear.R_x,Ear.R_y,Ear.R_z,hip.Center_x,hip.Center_y,hip.Center_z
0,0.3084385,-0.2921384,-0.21027069,-0.07070583,-0.10834873,-0.15124099,0.013512372,0.33385193,-0.13211624,-0.021208754,0.2923049,0.10734594,-0.1479683,-0.10161504,-0.05064914,0.21035247,-0.29706675,-0.16463703,-0.09438475,0.47757888,-0.29037732,0.10567373,0.6427398,-0.2552245,0.04712061,0.8537094,-0.10486109,-0.10782967,0.8215425,0.15877582,-0.13205528,0.55105734,0.21658394,-0.2070507,0.3713731,0.04467591,-0.048935913,0.90080035,0.019299136,-0.09665698,1.1320568,0.0050188103,-0.21336088,1.019984,-0.0030958946,-0.1806303,1.0643375,0.033184193,-0.17668977,1.064793,-0.03529633,-0.08531264,1.0549684,0.0830878,-0.07088031,1.0561255,-0.07564386,-0.0038481908850371838,0.3130784034729004,-0.012385152280330658
