frame,Ankle.R_x,Ankle.R_y,Ankle.R_z,Knee.R_x,Knee.R_y,Knee.R_z,Hip.R_x,Hip.R_y,Hip.R_z,Hip.L_x,Hip.L_y,Hip.L_z,Knee.L_x,Knee.L_y,Knee.L_z,Ankle.L_x,Ankle.L_y,Ankle.L_z,Wrist.R_x,Wrist.R_y,Wrist.R_z,Elbow.R_x,Elbow.R_y,Elbow.R_z,Shoulder.R_x,Shoulder.R_y,Shoulder.R_z,Shoulder.L_x,Shoulder.L_y,Shoulder.L_z,Elbow.L_x,Elbow.L_y,Elbow.L_z,Wrist.L_x,Wrist.L_y,Wrist.L_z,Neck_x,Neck_y,Neck_z,Head_x,Head_y,Head_z,Nose_x,Nose_y,Nose_z,Eye.L_x,Eye.L_y,Eye.L_z,Eye.R_x,Eye.R_y,Eye.R_z,Ear.L_x,Ear.L_y,Ear.L_z,Ear.R_x,Ear.R_y,Ear.R_z,hip.Center_x,hip.Center_y,hip.Center_z
0,-0.1786573,-0.43389887,-0.05520662,0.038151912,-0.092431165,0.058018453,-0.045129035,0.328219,0.10081571,0.025277074,0.34314132,-0.12668796,0.029485852,-0.07101264,-0.1787138,-0.1963255,-0.40259892,-0.32467705,0.27597252,0.36689565,0.22765158,0.12951869,0.5759468,0.30091262,0.09329995,0.82690686,0.19107538,0.18590042,0.8842968,-0.10626583,0.42205787,0.9895789,-0.18451603,0.6001689,1.1443763,-0.057546727,0.14455804,0.9064666,0.045618065,0.14737216,1.1348006,0.04577712,0.1705663,1.0495373,0.17948246,0.19480936,1.0934745,0.13568933,0.12824714,1.077189,0.134608,0.25009722,1.0767587,0.035732448,0.087066755,1.0398983,0.036956277,-0.009925980120897293,0.33568015694618225,-0.012936122715473175
