frame,Ankle.R_x,Ankle.R_y,Ankle.R_z,Knee.R_x,Knee.R_y,Knee.R_z,Hip.R_x,Hip.R_y,Hip.R_z,Hip.L_x,Hip.L_y,Hip.L_z,Knee.L_x,Knee.L_y,Knee.L_z,Ankle.L_x,Ankle.L_y,Ankle.L_z,Wrist.R_x,Wrist.R_y,Wrist.R_z,Elbow.R_x,Elbow.R_y,Elbow.R_z,Shoulder.R_x,Shoulder.R_y,Shoulder.R_z,Shoulder.L_x,Shoulder.L_y,Shoulder.L_z,Elbow.L_x,Elbow.L_y,Elbow.L_z,Wrist.L_x,Wrist.L_y,Wrist.L_z,Neck_x,Neck_y,Neck_z,Head_x,Head_y,Head_z,Nose_x,Nose_y,Nose_z,Eye.L_x,Eye.L_y,Eye.L_z,Eye.R_x,Eye.R_y,Eye.R_z,Ear.L_x,Ear.L_y,Ear.L_z,Ear.R_x,Ear.R_y,Ear.R_z,hip.Center_x,hip.Center_y,hip.Center_z
0,0.10016273,-0.19787538,-0.17479566,-0.18069227,-0.13237171,0.11594061,-0.11109246,0.27092493,-0.07375255,0.105781645,0.2589642,0.035639595,-0.10452537,-0.07634629,0.23794562,0.17320095,-0.24969445,-0.01583829,-0.16910581,0.32964292,0.14031644,-0.14573213,0.539021,-0.012549493,-0.030635849,0.7290928,-0.14167802,0.21782658,0.72617996,-0.11639262,0.4459566,0.78125536,3.162492e-05,0.6384499,0.92480385,0.09815304,0.0971853,0.7670938,-0.12918341,0.10942651,0.9742131,-0.12628034,0.058311936,0.8996271,0.001845926,0.10489484,0.93432605,-0.021967627,0.043639302,0.9322525,-0.04890249,0.17646767,0.9039124,-0.09164616,0.042706653,0.8987446,-0.14882016,-0.002655409276485443,0.26494455337524414,-0.019056478515267372
