frame,Ankle.R_x,Ankle.R_y,Ankle.R_z,Knee.R_x,Knee.R_y,Knee.R_z,Hip.R_x,Hip.R_y,Hip.R_z,Hip.L_x,Hip.L_y,Hip.L_z,Knee.L_x,Knee.L_y,Knee.L_z,Ankle.L_x,Ankle.L_y,Ankle.L_z,Wrist.R_x,Wrist.R_y,Wrist.R_z,Elbow.R_x,Elbow.R_y,Elbow.R_z,Shoulder.R_x,Shoulder.R_y,Shoulder.R_z,Shoulder.L_x,Shoulder.L_y,Shoulder.L_z,Elbow.L_x,Elbow.L_y,Elbow.L_z,Wrist.L_x,Wrist.L_y,Wrist.L_z,Neck_x,Neck_y,Neck_z,Head_x,Head_y,Head_z,Nose_x,Nose_y,Nose_z,Eye.L_x,Eye.L_y,Eye.L_z,Eye.R_x,Eye.R_y,Eye.R_z,Ear.L_x,Ear.L_y,Ear.L_z,Ear.R_x,Ear.R_y,Ear.R_z,hip.Center_x,hip.Center_y,hip.Center_z
0,-0.119560376,-0.1307581,0.2247461,0.264564,-0.078947626,0.07256588,0.048389487,0.29957137,0.0913232,-0.07327968,0.26755762,-0.12684838,0.05532258,-0.1475896,-0.1875842,-0.24372678,-0.19888476,0.11538495,0.24431747,0.24103339,0.1268109,0.17733237,0.50060594,0.120589085,0.1014196,0.7433515,0.024757182,0.010470748,0.76591206,-0.24070346,0.20141618,0.82335377,-0.42004097,0.4353052,0.924648,-0.51606184,0.05153599,0.80014217,-0.113697395,0.035070285,1.0056478,-0.12221771,0.17967618,0.94443727,-0.121406555,0.1373924,0.9787092,-0.15405217,0.13204771,0.9703104,-0.08734339,0.051419113,0.9407486,-0.20672525,0.041554198,0.92445743,-0.056023687,-0.012445095926523209,0.2835645079612732,-0.017762593924999237
