frame,Ankle.R_x,Ankle.R_y,Ankle.R_z,Knee.R_x,Knee.R_y,Knee.R_z,Hip.R_x,Hip.R_y,Hip.R_z,Hip.L_x,Hip.L_y,Hip.L_z,Knee.L_x,Knee.L_y,Knee.L_z,Ankle.L_x,Ankle.L_y,Ankle.L_z,Wrist.R_x,Wrist.R_y,Wrist.R_z,Elbow.R_x,Elbow.R_y,Elbow.R_z,Shoulder.R_x,Shoulder.R_y,Shoulder.R_z,Shoulder.L_x,Shoulder.L_y,Shoulder.L_z,Elbow.L_x,Elbow.L_y,Elbow.L_z,Wrist.L_x,Wrist.L_y,Wrist.L_z,Neck_x,Neck_y,Neck_z,Head_x,Head_y,Head_z,Nose_x,Nose_y,Nose_z,Eye.L_x,Eye.L_y,Eye.L_z,Eye.R_x,Eye.R_y,Eye.R_z,Ear.L_x,Ear.L_y,Ear.L_z,Ear.R_x,Ear.R_y,Ear.R_z,hip.Center_x,hip.Center_y,hip.Center_z
0,0.20433047,-0.3821726,-0.43210945,-0.06508912,-0.11974518,-0.17355016,-0.039802276,0.33800492,-0.13040285,0.02597482,0.2898318,0.106048286,-0.04091402,-0.14176378,-0.03477427,0.18598127,-0.4090553,-0.32143307,-0.06836445,0.33554846,-0.27843747,0.058363333,0.5813694,-0.2534054,0.04596296,0.83794165,-0.12362108,0.013801631,0.80696267,0.19631597,0.010750391,0.517836,0.24332128,-0.09067875,0.26433852,0.21690479,0.001830928,0.8996922,0.042457722,-0.08256857,1.1318885,0.06094227,-0.17820254,1.001284,0.06257917,-0.14716229,1.0492604,0.09675559,-0.15468086,1.0546243,0.028604496,-0.04366888,1.053812,0.13042894,-0.058053687,1.0667943,-0.028299473,-0.006913728080689907,0.3139183521270752,-0.012177281081676483
