frame,Ankle.R_x,Ankle.R_y,Ankle.R_z,Knee.R_x,Knee.R_y,Knee.R_z,Hip.R_x,Hip.R_y,Hip.R_z,Hip.L_x,Hip.L_y,Hip.L_z,Knee.L_x,Knee.L_y,Knee.L_z,Ankle.L_x,Ankle.L_y,Ankle.L_z,Wrist.R_x,Wrist.R_y,Wrist.R_z,Elbow.R_x,Elbow.R_y,Elbow.R_z,Shoulder.R_x,Shoulder.R_y,Shoulder.R_z,Shoulder.L_x,Shoulder.L_y,Shoulder.L_z,Elbow.L_x,Elbow.L_y,Elbow.L_z,Wrist.L_x,Wrist.L_y,Wrist.L_z,Neck_x,Neck_y,Neck_z,Head_x,Head_y,Head_z,Nose_x,Nose_y,Nose_z,Eye.L_x,Eye.L_y,Eye.L_z,Eye.R_x,Eye.R_y,Eye.R_z,Ear.L_x,Ear.L_y,Ear.L_z,Ear.R_x,Ear.R_y,Ear.R_z,hip.Center_x,hip.Center_y,hip.Center_z
0,-0.13816649,-0.3949855,-0.08894406,0.03095491,-0.07537849,0.10363827,-0.065602615,0.33524948,0.09167831,0.04494117,0.33475578,-0.11965998,0.04443138,-0.082932904,-0.12970057,-0.23542774,-0.35256192,-0.28241718,0.39662793,0.47067884,0.2091723,0.18345109,0.5888422,0.30493507,0.088173695,0.8168131,0.1939681,0.20853949,0.87966263,-0.08160716,0.4366784,1.0057038,-0.15030794,0.6359767,1.1406103,-0.039989185,0.15030839,0.8975547,0.0596191,0.16685745,1.1305785,0.07806471,0.18799415,1.0342114,0.20400308,0.2142987,1.078537,0.16202593,0.14645432,1.0690306,0.16431528,0.26136482,1.0641625,0.0579332,0.096672736,1.0434517,0.06644824,-0.010330723598599434,0.3350026309490204,-0.013990838080644608
