frame,Ankle.R_x,Ankle.R_y,Ankle.R_z,Knee.R_x,Knee.R_y,Knee.R_z,Hip.R_x,Hip.R_y,Hip.R_z,Hip.L_x,Hip.L_y,Hip.L_z,Knee.L_x,Knee.L_y,Knee.L_z,Ankle.L_x,Ankle.L_y,Ankle.L_z,Wrist.R_x,Wrist.R_y,Wrist.R_z,Elbow.R_x,Elbow.R_y,Elbow.R_z,Shoulder.R_x,Shoulder.R_y,Shoulder.R_z,Shoulder.L_x,Shoulder.L_y,Shoulder.L_z,Elbow.L_x,Elbow.L_y,Elbow.L_z,Wrist.L_x,Wrist.L_y,Wrist.L_z,Neck_x,Neck_y,Neck_z,Head_x,Head_y,Head_z,Nose_x,Nose_y,Nose_z,Eye.L_x,Eye.L_y,Eye.L_z,Eye.R_x,Eye.R_y,Eye.R_z,Ear.L_x,Ear.L_y,Ear.L_z,Ear.R_x,Ear.R_y,Ear.R_z,hip.Center_x,hip.Center_y,hip.Center_z
0,0.18075037,-0.07850355,-0.23142171,-0.15870011,-0.16000992,-0.0014541807,-0.07129663,0.27508652,-0.12349398,0.06529778,0.29428115,0.08609962,-0.108882934,-0.11131962,0.19231348,0.25276664,-0.07658712,-0.016893648,-0.22825165,0.33145705,-0.238818,-0.06890086,0.5417489,-0.2856195,0.01471056,0.7744326,-0.22466257,0.11769865,0.8185879,0.005699912,0.15857106,0.76606274,0.2676341,0.14287649,0.77688533,0.5342277,0.058302492,0.843954,-0.10804982,0.08549641,1.0542274,-0.12332844,-0.006927673,1.0022668,-0.0008912459,0.05105315,1.0246623,-0.019109562,-0.0050151795,1.0347953,-0.056302056,0.12452862,0.97140336,-0.07240491,0.002278611,0.9906237,-0.1584871,-0.002999424934387207,0.28468382358551025,-0.018697179853916168
