frame,Ankle.R_x,Ankle.R_y,Ankle.R_z,Knee.R_x,Knee.R_y,Knee.R_z,Hip.R_x,Hip.R_y,Hip.R_z,Hip.L_x,Hip.L_y,Hip.L_z,Knee.L_x,Knee.L_y,Knee.L_z,Ankle.L_x,Ankle.L_y,Ankle.L_z,Wrist.R_x,Wrist.R_y,Wrist.R_z,Elbow.R_x,Elbow.R_y,Elbow.R_z,Shoulder.R_x,Shoulder.R_y,Shoulder.R_z,Shoulder.L_x,Shoulder.L_y,Shoulder.L_z,Elbow.L_x,Elbow.L_y,Elbow.L_z,Wrist.L_x,Wrist.L_y,Wrist.L_z,Neck_x,Neck_y,Neck_z,Head_x,Head_y,Head_z,Nose_x,Nose_y,Nose_z,Eye.L_x,Eye.L_y,Eye.L_z,Eye.R_x,Eye.R_y,Eye.R_z,Ear.L_x,Ear.L_y,Ear.L_z,Ear.R_x,Ear.R_y,Ear.R_z,hip.Center_x,hip.Center_y,hip.Center_z
0,-0.094300725,-0.51907796,-0.35619643,-0.12426909,-0.117266074,-0.16724527,-0.05519925,0.311468,-0.12300975,0.0440321,0.26541832,0.09751963,-0.019473637,-0.15527171,0.00019427424,0.00083875656,-0.5754043,-0.14111218,-0.18518496,0.2835145,-0.2395763,-0.03925945,0.5077035,-0.24682195,-0.0035566492,0.75956583,-0.12619415,0.052668452,0.73314095,0.1758007,0.019685615,0.45626292,0.22655572,-0.13758779,0.24346675,0.22284824,0.007065222,0.8201395,0.03714487,-0.066529825,1.0392047,0.07502884,-0.15319128,0.91026425,0.10319118,-0.11800833,0.9574227,0.12821978,-0.14250235,0.9609084,0.065380506,-0.012890816,0.9659249,0.13198827,-0.06704979,0.97429943,-0.010433927,-0.005583574995398521,0.2884431481361389,-0.01274506002664566
