frame,Ankle.R_x,Ankle.R_y,Ankle.R_z,Knee.R_x,Knee.R_y,Knee.R_z,Hip.R_x,Hip.R_y,Hip.R_z,Hip.L_x,Hip.L_y,Hip.L_z,Knee.L_x,Knee.L_y,Knee.L_z,Ankle.L_x,Ankle.L_y,Ankle.L_z,Wrist.R_x,Wrist.R_y,Wrist.R_z,Elbow.R_x,Elbow.R_y,Elbow.R_z,Shoulder.R_x,Shoulder.R_y,Shoulder.R_z,Shoulder.L_x,Shoulder.L_y,Shoulder.L_z,Elbow.L_x,Elbow.L_y,Elbow.L_z,Wrist.L_x,Wrist.L_y,Wrist.L_z,Neck_x,Neck_y,Neck_z,Head_x,Head_y,Head_z,Nose_x,Nose_y,Nose_z,Eye.L_x,Eye.L_y,Eye.L_z,Eye.R_x,Eye.R_y,Eye.R_z,Ear.L_x,Ear.L_y,Ear.L_z,Ear.R_x,Ear.R_y,Ear.R_z,hip.Center_x,hip.Center_y,hip.Center_z
0,-0.065983795,-0.4971013,-0.29045033,-0.08852039,-0.13261642,-0.0613668,-0.12668142,0.29279786,-0.0055198604,0.11117049,0.307738,-0.017004684,0.15301201,-0.11096268,-0.04548902,0.18647428,-0.4828809,-0.2664485,-0.42284548,0.5693939,0.15122257,-0.3650325,0.62327766,-0.08613911,-0.18048853,0.8065957,0.004075542,0.11509991,0.80313456,0.007908984,0.2610604,0.5732691,-0.028762795,0.26535302,0.64309573,0.20465913,-0.03233812,0.8631687,0.03837552,-0.045533888,1.0842057,0.080251314,-0.045818564,0.9833479,0.20607366,-0.013744335,1.0281253,0.17179082,-0.08044413,1.0211042,0.16458616,0.040040456,1.0153689,0.08009131,-0.11394938,1.0018784,0.06198809,-0.00775546208024025,0.30026793479919434,-0.01126227155327797
