frame,Ankle.R_x,Ankle.R_y,Ankle.R_z,Knee.R_x,Knee.R_y,Knee.R_z,Hip.R_x,Hip.R_y,Hip.R_z,Hip.L_x,Hip.L_y,Hip.L_z,Knee.L_x,Knee.L_y,Knee.L_z,Ankle.L_x,Ankle.L_y,Ankle.L_z,Wrist.R_x,Wrist.R_y,Wrist.R_z,Elbow.R_x,Elbow.R_y,Elbow.R_z,Shoulder.R_x,Shoulder.R_y,Shoulder.R_z,Shoulder.L_x,Shoulder.L_y,Shoulder.L_z,Elbow.L_x,Elbow.L_y,Elbow.L_z,Wrist.L_x,Wrist.L_y,Wrist.L_z,Neck_x,Neck_y,Neck_z,Head_x,Head_y,Head_z,Nose_x,Nose_y,Nose_z,Eye.L_x,Eye.L_y,Eye.L_z,Eye.R_x,Eye.R_y,Eye.R_z,Ear.L_x,Ear.L_y,Ear.L_z,Ear.R_x,Ear.R_y,Ear.R_z,hip.Center_x,hip.Center_y,hip.Center_z
0,0.2964667,-0.424512,-0.30002016,-0.02443995,-0.1408404,-0.18448073,-0.022014415,0.3004457,-0.13577582,0.008483781,0.26248842,0.10547704,-0.08294876,-0.15156655,0.016814977,-0.066630855,-0.5801954,-0.09698063,-0.10024469,0.24544919,-0.3089988,0.005977546,0.48339546,-0.25068128,-0.00465645,0.73775905,-0.12307691,-0.0025106147,0.71825397,0.18393493,-0.009437521,0.44188446,0.25400838,-0.1688371,0.23282915,0.24225408,-0.027130364,0.80161804,0.03864952,-0.11072768,1.0175598,0.060783256,-0.19605453,0.88780844,0.08305829,-0.16557097,0.9367523,0.11032924,-0.18291643,0.9376394,0.04544609,-0.06317979,0.94811386,0.1250093,-0.10046251,0.9512372,-0.021550806,-0.0067653171718120575,0.281467080116272,-0.015149388462305069
