frame,Ankle.R_x,Ankle.R_y,Ankle.R_z,Knee.R_x,Knee.R_y,Knee.R_z,Hip.R_x,Hip.R_y,Hip.R_z,Hip.L_x,Hip.L_y,Hip.L_z,Knee.L_x,Knee.L_y,Knee.L_z,Ankle.L_x,Ankle.L_y,Ankle.L_z,Wrist.R_x,Wrist.R_y,Wrist.R_z,Elbow.R_x,Elbow.R_y,Elbow.R_z,Shoulder.R_x,Shoulder.R_y,Shoulder.R_z,Shoulder.L_x,Shoulder.L_y,Shoulder.L_z,Elbow.L_x,Elbow.L_y,Elbow.L_z,Wrist.L_x,Wrist.L_y,Wrist.L_z,Neck_x,Neck_y,Neck_z,Head_x,Head_y,Head_z,Nose_x,Nose_y,Nose_z,Eye.L_x,Eye.L_y,Eye.L_z,Eye.R_x,Eye.R_y,Eye.R_z,Ear.L_x,Ear.L_y,Ear.L_z,Ear.R_x,Ear.R_y,Ear.R_z,hip.Center_x,hip.Center_y,hip.Center_z
0,-0.057156987,-0.49945056,-0.35856575,-0.07506181,-0.10558861,-0.20129153,-0.009017729,0.2954987,-0.13292785,0.0018982796,0.24900472,0.10321515,-0.09812279,-0.13910839,0.020005468,-0.14982602,-0.5533074,-0.058380224,-0.46250537,0.4417065,-0.3568056,-0.24478859,0.5771848,-0.30534777,-0.14014249,0.722031,-0.11890702,-0.2186326,0.69920754,0.12820345,-0.43067685,0.5474858,0.12843189,-0.639236,0.45610285,0.0012554717,-0.1901703,0.7500756,0.007977273,-0.30268154,0.93006796,0.020672426,-0.3724951,0.7904256,0.03415524,-0.35163334,0.84046763,0.06368676,-0.36466792,0.8406242,-0.0016818568,-0.25370896,0.86581635,0.08529259,-0.27927873,0.86838186,-0.06245172,-0.0035597248934209347,0.2722517251968384,-0.014856349676847458
