frame,Ankle.R_x,Ankle.R_y,Ankle.R_z,Knee.R_x,Knee.R_y,Knee.R_z,Hip.R_x,Hip.R_y,Hip.R_z,Hip.L_x,Hip.L_y,Hip.L_z,Knee.L_x,Knee.L_y,Knee.L_z,Ankle.L_x,Ankle.L_y,Ankle.L_z,Wrist.R_x,Wrist.R_y,Wrist.R_z,Elbow.R_x,Elbow.R_y,Elbow.R_z,Shoulder.R_x,Shoulder.R_y,Shoulder.R_z,Shoulder.L_x,Shoulder.L_y,Shoulder.L_z,Elbow.L_x,Elbow.L_y,Elbow.L_z,Wrist.L_x,Wrist.L_y,Wrist.L_z,Neck_x,Neck_y,Neck_z,Head_x,Head_y,Head_z,Nose_x,Nose_y,Nose_z,Eye.L_x,Eye.L_y,Eye.L_z,Eye.R_x,Eye.R_y,Eye.R_z,Ear.L_x,Ear.L_y,Ear.L_z,Ear.R_x,Ear.R_y,Ear.R_z,hip.Center_x,hip.Center_y,hip.Center_z
0,-0.08346259,-0.6397542,-0.23893742,-0.119492665,-0.20204666,-0.01749883,-0.12691565,0.26545623,-0.060414776,0.118144624,0.25288284,0.023975635,0.08496012,-0.21879205,0.031589463,0.22648042,-0.4805625,-0.36075765,-0.26791152,0.15547907,-0.13429844,-0.1901407,0.426436,-0.17575382,-0.13018045,0.7015647,-0.07778224,0.14599565,0.6879069,0.055305745,0.2003589,0.39598247,0.031807788,0.14332223,0.12778634,0.0975996,0.000623445,0.7675,0.016286498,-0.020929297,0.9847339,0.055922955,-0.058624774,0.88011503,0.1667383,-0.016895998,0.9247088,0.14767952,-0.07927245,0.92213655,0.122425154,0.055129595,0.91437274,0.075011015,-0.082215264,0.9089583,0.017943602,-0.004385512322187424,0.2591695189476013,-0.01821957156062126
