frame,Ankle.R_x,Ankle.R_y,Ankle.R_z,Knee.R_x,Knee.R_y,Knee.R_z,Hip.R_x,Hip.R_y,Hip.R_z,Hip.L_x,Hip.L_y,Hip.L_z,Knee.L_x,Knee.L_y,Knee.L_z,Ankle.L_x,Ankle.L_y,Ankle.L_z,Wrist.R_x,Wrist.R_y,Wrist.R_z,Elbow.R_x,Elbow.R_y,Elbow.R_z,Shoulder.R_x,Shoulder.R_y,Shoulder.R_z,Shoulder.L_x,Shoulder.L_y,Shoulder.L_z,Elbow.L_x,Elbow.L_y,Elbow.L_z,Wrist.L_x,Wrist.L_y,Wrist.L_z,Neck_x,Neck_y,Neck_z,Head_x,Head_y,Head_z,Nose_x,Nose_y,Nose_z,Eye.L_x,Eye.L_y,Eye.L_z,Eye.R_x,Eye.R_y,Eye.R_z,Ear.L_x,Ear.L_y,Ear.L_z,Ear.R_x,Ear.R_y,Ear.R_z,hip.Center_x,hip.Center_y,hip.Center_z
0,-0.06624312,-0.519193,-0.25827047,-0.0924451,-0.15171197,-0.039339088,-0.12416913,0.27367237,-0.0098620895,0.11370714,0.2728555,-0.009339616,0.100553624,-0.1480138,-0.0393307,0.093489215,-0.52112734,-0.25777847,-0.6253725,0.63500893,0.037557136,-0.3917781,0.65201813,-0.062021084,-0.1396872,0.7518052,-0.0144731235,0.1424409,0.74428916,0.0060146935,0.39549798,0.6373259,-0.0007805906,0.6278644,0.66092974,0.09588574,0.002053989,0.79920155,0.01970823,0.0065805465,1.0135701,0.049503762,0.010918668,0.9220202,0.17737162,0.042797573,0.9604237,0.13980716,-0.023486905,0.96087074,0.14117981,0.0795901,0.93944263,0.045329057,-0.06916348,0.941747,0.046485346,-0.005230996757745743,0.27326393127441406,-0.009600852616131306
