frame,Ankle.R_x,Ankle.R_y,Ankle.R_z,Knee.R_x,Knee.R_y,Knee.R_z,Hip.R_x,Hip.R_y,Hip.R_z,Hip.L_x,Hip.L_y,Hip.L_z,Knee.L_x,Knee.L_y,Knee.L_z,Ankle.L_x,Ankle.L_y,Ankle.L_z,Wrist.R_x,Wrist.R_y,Wrist.R_z,Elbow.R_x,Elbow.R_y,Elbow.R_z,Shoulder.R_x,Shoulder.R_y,Shoulder.R_z,Shoulder.L_x,Shoulder.L_y,Shoulder.L_z,Elbow.L_x,Elbow.L_y,Elbow.L_z,Wrist.L_x,Wrist.L_y,Wrist.L_z,Neck_x,Neck_y,Neck_z,Head_x,Head_y,Head_z,Nose_x,Nose_y,Nose_z,Eye.L_x,Eye.L_y,Eye.L_z,Eye.R_x,Eye.R_y,Eye.R_z,Ear.L_x,Ear.L_y,Ear.L_z,Ear.R_x,Ear.R_y,Ear.R_z,hip.Center_x,hip.Center_y,hip.Center_z
0,-0.04738245,-0.523726,-0.22845054,-0.08051133,-0.15892321,0.008532502,-0.12578261,0.27222317,-0.00017492962,0.11202883,0.28980923,-0.031126615,0.16992651,-0.1278028,0.021600792,0.16802475,-0.5139189,-0.19117033,-0.63965076,0.7510804,0.13818537,-0.4413433,0.6684469,-0.0018435046,-0.17283721,0.7555757,-0.00035556592,0.11957045,0.7563306,-0.021216016,0.37681296,0.64764446,-0.0554046,0.5877575,0.7391982,0.052783303,-0.024591316,0.80786216,0.01505066,-0.023488756,1.0235031,0.06144841,0.0005515404,0.9224347,0.17977554,0.025879156,0.96520483,0.14110543,-0.040037878,0.96246284,0.15049738,0.052093405,0.9530636,0.040908325,-0.097980276,0.9478514,0.06051258,-0.006876889616250992,0.28101620078086853,-0.01565077155828476
