frame,Ankle.R_x,Ankle.R_y,Ankle.R_z,Knee.R_x,Knee.R_y,Knee.R_z,Hip.R_x,Hip.R_y,Hip.R_z,Hip.L_x,Hip.L_y,Hip.L_z,Knee.L_x,Knee.L_y,Knee.L_z,Ankle.L_x,Ankle.L_y,Ankle.L_z,Wrist.R_x,Wrist.R_y,Wrist.R_z,Elbow.R_x,Elbow.R_y,Elbow.R_z,Shoulder.R_x,Shoulder.R_y,Shoulder.R_z,Shoulder.L_x,Shoulder.L_y,Shoulder.L_z,Elbow.L_x,Elbow.L_y,Elbow.L_z,Wrist.L_x,Wrist.L_y,Wrist.L_z,Neck_x,Neck_y,Neck_z,Head_x,Head_y,Head_z,Nose_x,Nose_y,Nose_z,Eye.L_x,Eye.L_y,Eye.L_z,Eye.R_x,Eye.R_y,Eye.R_z,Ear.L_x,Ear.L_y,Ear.L_z,Ear.R_x,Ear.R_y,Ear.R_z,hip.Center_x,hip.Center_y,hip.Center_z
0,-0.091705926,-0.5255621,-0.2985541,-0.07847838,-0.123770416,-0.16285008,-0.021167206,0.28204527,-0.13290498,0.013087582,0.24486326,0.104170725,-0.0647031,-0.1494956,0.01967578,-0.11320665,-0.5616245,-0.06780693,-0.550831,0.49381056,-0.44878843,-0.33293492,0.5883759,-0.33956778,-0.21177137,0.6738312,-0.1267871,-0.28992936,0.6492085,0.10246617,-0.5229455,0.5335167,0.09240679,-0.7499126,0.48674354,-0.025017487,-0.2636655,0.69363034,-0.010785897,-0.38060236,0.8630543,-0.01971585,-0.4509456,0.72614855,0.008292869,-0.43116134,0.77892184,0.03254872,-0.4434268,0.7714579,-0.032472476,-0.33388427,0.8066843,0.052206993,-0.35730693,0.7930983,-0.09316912,-0.00403981190174818,0.26345425844192505,-0.014367125928401947
