frame,Ankle.R_x,Ankle.R_y,Ankle.R_z,Knee.R_x,Knee.R_y,Knee.R_z,Hip.R_x,Hip.R_y,Hip.R_z,Hip.L_x,Hip.L_y,Hip.L_z,Knee.L_x,Knee.L_y,Knee.L_z,Ankle.L_x,Ankle.L_y,Ankle.L_z,Wrist.R_x,Wrist.R_y,Wrist.R_z,Elbow.R_x,Elbow.R_y,Elbow.R_z,Shoulder.R_x,Shoulder.R_y,Shoulder.R_z,Shoulder.L_x,Shoulder.L_y,Shoulder.L_z,Elbow.L_x,Elbow.L_y,Elbow.L_z,Wrist.L_x,Wrist.L_y,Wrist.L_z,Neck_x,Neck_y,Neck_z,Head_x,Head_y,Head_z,Nose_x,Nose_y,Nose_z,Eye.L_x,Eye.L_y,Eye.L_z,Eye.R_x,Eye.R_y,Eye.R_z,Ear.L_x,Ear.L_y,Ear.L_z,Ear.R_x,Ear.R_y,Ear.R_z,hip.Center_x,hip.Center_y,hip.Center_z
0,-0.20056297,-0.60408586,-0.3451445,-0.14736119,-0.20123313,-0.06230662,-0.13152061,0.26354766,-0.013776204,0.12646572,0.2529462,-0.01834726,0.123671085,-0.20813647,-0.052608952,0.15653881,-0.6290421,-0.31620336,-0.26849046,0.15118559,0.018086888,-0.22754416,0.42401433,-0.056440763,-0.13336831,0.6986976,0.012475196,0.17228396,0.6835173,0.0030689444,0.22918648,0.39709166,-0.06410596,0.23923093,0.129337,0.025205573,0.025771048,0.7620628,0.037735656,0.026638234,0.97691447,0.07775976,0.030672843,0.87697035,0.1996389,0.06322239,0.91991687,0.1648948,-0.0043448247,0.917914,0.1638952,0.10439058,0.90529764,0.07079876,-0.04516527,0.90161395,0.06803704,-0.0025274455547332764,0.25824692845344543,-0.016061730682849884
