frame,Ankle.R_x,Ankle.R_y,Ankle.R_z,Knee.R_x,Knee.R_y,Knee.R_z,Hip.R_x,Hip.R_y,Hip.R_z,Hip.L_x,Hip.L_y,Hip.L_z,Knee.L_x,Knee.L_y,Knee.L_z,Ankle.L_x,Ankle.L_y,Ankle.L_z,Wrist.R_x,Wrist.R_y,Wrist.R_z,Elbow.R_x,Elbow.R_y,Elbow.R_z,Shoulder.R_x,Shoulder.R_y,Shoulder.R_z,Shoulder.L_x,Shoulder.L_y,Shoulder.L_z,Elbow.L_x,Elbow.L_y,Elbow.L_z,Wrist.L_x,Wrist.L_y,Wrist.L_z,Neck_x,Neck_y,Neck_z,Head_x,Head_y,Head_z,Nose_x,Nose_y,Nose_z,Eye.L_x,Eye.L_y,Eye.L_z,Eye.R_x,Eye.R_y,Eye.R_z,Ear.L_x,Ear.L_y,Ear.L_z,Ear.R_x,Ear.R_y,Ear.R_z,hip.Center_x,hip.Center_y,hip.Center_z
0,0.04497247,-0.52646697,-0.29893598,-0.06143214,-0.11927499,-0.17733046,-0.031088952,0.31240422,-0.12992315,0.015413516,0.2645546,0.10304879,-0.013880076,-0.15437682,0.016645685,0.074135035,-0.57397354,-0.07701148,-0.09334757,0.27458993,-0.28367275,0.027030308,0.5025995,-0.22536449,0.049309395,0.75448334,-0.10942198,0.04000133,0.72717166,0.19538447,-0.023569645,0.45802814,0.23193839,-0.21321465,0.28773472,0.18119073,0.032658745,0.8174678,0.05116118,-0.0070949574,1.0467392,0.0633148,-0.123102576,0.93958443,0.065527044,-0.08869122,0.9816883,0.099250495,-0.090743124,0.98342645,0.031966545,0.0093162805,0.9706928,0.13709708,0.005592689,0.9753789,-0.014639802,-0.007837718352675438,0.28847938776016235,-0.0134371817111969
