frame,Ankle.R_x,Ankle.R_y,Ankle.R_z,Knee.R_x,Knee.R_y,Knee.R_z,Hip.R_x,Hip.R_y,Hip.R_z,Hip.L_x,Hip.L_y,Hip.L_z,Knee.L_x,Knee.L_y,Knee.L_z,Ankle.L_x,Ankle.L_y,Ankle.L_z,Wrist.R_x,Wrist.R_y,Wrist.R_z,Elbow.R_x,Elbow.R_y,Elbow.R_z,Shoulder.R_x,Shoulder.R_y,Shoulder.R_z,Shoulder.L_x,Shoulder.L_y,Shoulder.L_z,Elbow.L_x,Elbow.L_y,Elbow.L_z,Wrist.L_x,Wrist.L_y,Wrist.L_z,Neck_x,Neck_y,Neck_z,Head_x,Head_y,Head_z,Nose_x,Nose_y,Nose_z,Eye.L_x,Eye.L_y,Eye.L_z,Eye.R_x,Eye.R_y,Eye.R_z,Ear.L_x,Ear.L_y,Ear.L_z,Ear.R_x,Ear.R_y,Ear.R_z,hip.Center_x,hip.Center_y,hip.Center_z
0,-0.12727033,-0.5984637,-0.3574171,-0.12593317,-0.20280589,-0.06979645,-0.13238466,0.25979882,-0.02985763,0.122455455,0.25778514,-0.0005109156,0.15300217,-0.19336365,-0.062310837,0.2402275,-0.61507046,-0.30211827,-0.35122606,0.2284988,0.009209193,-0.25865304,0.46013373,-0.119343355,-0.1414265,0.71142,-0.016901951,0.15566638,0.6874216,0.03441661,0.23060776,0.40420038,-0.016126093,0.2307192,0.14523862,0.08657482,0.008544995,0.7662786,0.040190358,0.0031156682,0.97873586,0.08841245,-0.014995461,0.8735563,0.20395559,0.023244807,0.9172778,0.17780547,-0.042919457,0.91635036,0.16496548,0.079991795,0.9064958,0.092004016,-0.0663394,0.90511346,0.06295912,-0.004964601248502731,0.258791983127594,-0.015184273011982441
