frame,Ankle.R_x,Ankle.R_y,Ankle.R_z,Knee.R_x,Knee.R_y,Knee.R_z,Hip.R_x,Hip.R_y,Hip.R_z,Hip.L_x,Hip.L_y,Hip.L_z,Knee.L_x,Knee.L_y,Knee.L_z,Ankle.L_x,Ankle.L_y,Ankle.L_z,Wrist.R_x,Wrist.R_y,Wrist.R_z,Elbow.R_x,Elbow.R_y,Elbow.R_z,Shoulder.R_x,Shoulder.R_y,Shoulder.R_z,Shoulder.L_x,Shoulder.L_y,Shoulder.L_z,Elbow.L_x,Elbow.L_y,Elbow.L_z,Wrist.L_x,Wrist.L_y,Wrist.L_z,Neck_x,Neck_y,Neck_z,Head_x,Head_y,Head_z,Nose_x,Nose_y,Nose_z,Eye.L_x,Eye.L_y,Eye.L_z,Eye.R_x,Eye.R_y,Eye.R_z,Ear.L_x,Ear.L_y,Ear.L_z,Ear.R_x,Ear.R_y,Ear.R_z,hip.Center_x,hip.Center_y,hip.Center_z
0,0.17009082,-0.51159537,0.053550772,0.063287534,-0.12943684,-0.0848348,0.08011901,0.29673177,-0.09571415,-0.088589735,0.28358895,0.057256486,-0.1913686,-0.09816769,-0.034493618,-0.29742327,-0.5047834,-0.0606421,-0.32504722,0.59415686,-0.21871454,-0.07786964,0.5661271,-0.2224845,0.004156933,0.7810519,-0.12621208,-0.07327363,0.75391895,0.1384785,-0.021737544,0.50784487,0.17639971,-0.25495622,0.5008027,0.11642692,-0.05355891,0.82712835,0.006229573,-0.12933654,1.0347968,0.032132152,-0.20120203,0.92699754,-0.056707248,-0.20079826,0.9601692,-0.0019895863,-0.16379012,0.97972965,-0.054601252,-0.14254537,0.9450414,0.0843902,-0.05860365,0.98924565,-0.034800578,-0.004235364496707916,0.2901603579521179,-0.01922883279621601
