frame,Ankle.R_x,Ankle.R_y,Ankle.R_z,Knee.R_x,Knee.R_y,Knee.R_z,Hip.R_x,Hip.R_y,Hip.R_z,Hip.L_x,Hip.L_y,Hip.L_z,Knee.L_x,Knee.L_y,Knee.L_z,Ankle.L_x,Ankle.L_y,Ankle.L_z,Wrist.R_x,Wrist.R_y,Wrist.R_z,Elbow.R_x,Elbow.R_y,Elbow.R_z,Shoulder.R_x,Shoulder.R_y,Shoulder.R_z,Shoulder.L_x,Shoulder.L_y,Shoulder.L_z,Elbow.L_x,Elbow.L_y,Elbow.L_z,Wrist.L_x,Wrist.L_y,Wrist.L_z,Neck_x,Neck_y,Neck_z,Head_x,Head_y,Head_z,Nose_x,Nose_y,Nose_z,Eye.L_x,Eye.L_y,Eye.L_z,Eye.R_x,Eye.R_y,Eye.R_z,Ear.L_x,Ear.L_y,Ear.L_z,Ear.R_x,Ear.R_y,Ear.R_z,hip.Center_x,hip.Center_y,hip.Center_z
0,-0.18175632,-0.5104811,-0.25320438,-0.16608346,-0.13057542,-0.029187743,-0.123382464,0.30368003,-0.02408018,0.11616897,0.28607786,-0.0054394775,0.09943302,-0.14552553,-0.01073379,0.08369363,-0.5322564,-0.22684224,-0.42963228,0.3618038,-0.04128515,-0.28874344,0.577469,-0.101557896,-0.12875196,0.7877653,-0.009995558,0.17047393,0.7719042,-0.0032556187,0.32338908,0.5432049,-0.062407233,0.4741428,0.36280894,0.05198691,0.026672155,0.84008133,0.029295806,0.039098136,1.0538505,0.09666148,0.06582807,0.93936455,0.20482735,0.09095988,0.9848378,0.1665509,0.025010318,0.9842323,0.18091142,0.110716015,0.9810404,0.062936805,-0.04109841,0.9792962,0.0938927,-0.0036067478358745575,0.2948789596557617,-0.014759828336536884
