frame,Ankle.R_x,Ankle.R_y,Ankle.R_z,Knee.R_x,Knee.R_y,Knee.R_z,Hip.R_x,Hip.R_y,Hip.R_z,Hip.L_x,Hip.L_y,Hip.L_z,Knee.L_x,Knee.L_y,Knee.L_z,Ankle.L_x,Ankle.L_y,Ankle.L_z,Wrist.R_x,Wrist.R_y,Wrist.R_z,Elbow.R_x,Elbow.R_y,Elbow.R_z,Shoulder.R_x,Shoulder.R_y,Shoulder.R_z,Shoulder.L_x,Shoulder.L_y,Shoulder.L_z,Elbow.L_x,Elbow.L_y,Elbow.L_z,Wrist.L_x,Wrist.L_y,Wrist.L_z,Neck_x,Neck_y,Neck_z,Head_x,Head_y,Head_z,Nose_x,Nose_y,Nose_z,Eye.L_x,Eye.L_y,Eye.L_z,Eye.R_x,Eye.R_y,Eye.R_z,Ear.L_x,Ear.L_y,Ear.L_z,Ear.R_x,Ear.R_y,Ear.R_z,hip.Center_x,hip.Center_y,hip.Center_z
0,-0.048271395,-0.49899918,-0.3165978,-0.07711336,-0.18736915,-0.00057019526,-0.12450017,0.2363299,0.0155245215,0.093954034,0.30580035,-0.066773765,0.38276336,0.13231683,0.12661485,0.3544034,-0.24510336,-0.089835115,-0.40298638,0.883316,0.12257911,-0.4876219,0.64897895,0.12581363,-0.22625549,0.7042762,0.028548561,0.053303346,0.7234027,-0.05159177,0.3321774,0.68907166,-0.08448035,0.19806226,0.8940637,-0.079457104,-0.084376454,0.7631355,0.006974403,-0.077405035,0.97444826,0.061992105,-0.042068504,0.8648415,0.16467816,-0.020681702,0.91020495,0.12883586,-0.08484893,0.90726817,0.14507411,-0.006519407,0.90831685,0.027548999,-0.15083256,0.90102553,0.06159988,-0.015273068100214005,0.2710651159286499,-0.025624621659517288
