frame,Ankle.R_x,Ankle.R_y,Ankle.R_z,Knee.R_x,Knee.R_y,Knee.R_z,Hip.R_x,Hip.R_y,Hip.R_z,Hip.L_x,Hip.L_y,Hip.L_z,Knee.L_x,Knee.L_y,Knee.L_z,Ankle.L_x,Ankle.L_y,Ankle.L_z,Wrist.R_x,Wrist.R_y,Wrist.R_z,Elbow.R_x,Elbow.R_y,Elbow.R_z,Shoulder.R_x,Shoulder.R_y,Shoulder.R_z,Shoulder.L_x,Shoulder.L_y,Shoulder.L_z,Elbow.L_x,Elbow.L_y,Elbow.L_z,Wrist.L_x,Wrist.L_y,Wrist.L_z,Neck_x,Neck_y,Neck_z,Head_x,Head_y,Head_z,Nose_x,Nose_y,Nose_z,Eye.L_x,Eye.L_y,Eye.L_z,Eye.R_x,Eye.R_y,Eye.R_z,Ear.L_x,Ear.L_y,Ear.L_z,Ear.R_x,Ear.R_y,Ear.R_z,hip.Center_x,hip.Center_y,hip.Center_z
0,-0.04820157,-0.5274997,-0.22071092,-0.05996815,-0.17803816,0.04584255,-0.123588756,0.24312538,0.018062636,0.09479923,0.30183926,-0.063692294,0.35774297,0.02625917,0.057411678,0.45063743,-0.37114275,-0.11353693,-0.59510255,0.9221357,0.28921267,-0.47351158,0.75370157,0.13100639,-0.21153578,0.7205192,0.041123863,0.06338824,0.7333472,-0.03094969,0.33984965,0.7250794,-0.06218932,0.45337957,0.89240426,0.09416862,-0.073111504,0.76867366,0.025972078,-0.07336422,0.9759793,0.08221357,-0.040539283,0.86829126,0.18851896,-0.018782385,0.9140054,0.15317954,-0.08350707,0.90871084,0.16528289,0.002104938,0.91141427,0.052523036,-0.14492072,0.8995435,0.07847026,-0.014394763857126236,0.27248233556747437,-0.022814828902482986
