frame,Ankle.R_x,Ankle.R_y,Ankle.R_z,Knee.R_x,Knee.R_y,Knee.R_z,Hip.R_x,Hip.R_y,Hip.R_z,Hip.L_x,Hip.L_y,Hip.L_z,Knee.L_x,Knee.L_y,Knee.L_z,Ankle.L_x,Ankle.L_y,Ankle.L_z,Wrist.R_x,Wrist.R_y,Wrist.R_z,Elbow.R_x,Elbow.R_y,Elbow.R_z,Shoulder.R_x,Shoulder.R_y,Shoulder.R_z,Shoulder.L_x,Shoulder.L_y,Shoulder.L_z,Elbow.L_x,Elbow.L_y,Elbow.L_z,Wrist.L_x,Wrist.L_y,Wrist.L_z,Neck_x,Neck_y,Neck_z,Head_x,Head_y,Head_z,Nose_x,Nose_y,Nose_z,Eye.L_x,Eye.L_y,Eye.L_z,Eye.R_x,Eye.R_y,Eye.R_z,Ear.L_x,Ear.L_y,Ear.L_z,Ear.R_x,Ear.R_y,Ear.R_z,hip.Center_x,hip.Center_y,hip.Center_z
0,0.18063232,-0.45693642,-0.29854637,-0.06965504,-0.119504884,-0.18817833,-0.008086738,0.3092969,-0.13264088,-0.004567245,0.2630386,0.10499509,-0.0520698,-0.14926858,-0.004132212,0.034523487,-0.55989254,-0.1238477,-0.122216955,0.2704314,-0.27962208,0.009896111,0.49254113,-0.22625217,0.020678464,0.7449509,-0.11010493,-0.038565964,0.71638805,0.18995151,-0.08889018,0.44172472,0.21878476,-0.24062696,0.23943847,0.15658331,-0.029336892,0.80642426,0.0448769,-0.12525181,1.0214509,0.04581647,-0.20314305,0.88626456,0.037649453,-0.18636842,0.93553483,0.07393888,-0.18206608,0.937871,0.0071025174,-0.09463251,0.9528669,0.121394716,-0.08391434,0.95916855,-0.029786624,-0.0063269915990531445,0.2861677408218384,-0.013822898268699646
