frame,Ankle.R_x,Ankle.R_y,Ankle.R_z,Knee.R_x,Knee.R_y,Knee.R_z,Hip.R_x,Hip.R_y,Hip.R_z,Hip.L_x,Hip.L_y,Hip.L_z,Knee.L_x,Knee.L_y,Knee.L_z,Ankle.L_x,Ankle.L_y,Ankle.L_z,Wrist.R_x,Wrist.R_y,Wrist.R_z,Elbow.R_x,Elbow.R_y,Elbow.R_z,Shoulder.R_x,Shoulder.R_y,Shoulder.R_z,Shoulder.L_x,Shoulder.L_y,Shoulder.L_z,Elbow.L_x,Elbow.L_y,Elbow.L_z,Wrist.L_x,Wrist.L_y,Wrist.L_z,Neck_x,Neck_y,Neck_z,Head_x,Head_y,Head_z,Nose_x,Nose_y,Nose_z,Eye.L_x,Eye.L_y,Eye.L_z,Eye.R_x,Eye.R_y,Eye.R_z,Ear.L_x,Ear.L_y,Ear.L_z,Ear.R_x,Ear.R_y,Ear.R_z,hip.Center_x,hip.Center_y,hip.Center_z
0,-0.08270336,-0.5144832,-0.33071002,-0.102828436,-0.11261345,-0.18140686,-0.025683492,0.29883796,-0.13117658,0.016374163,0.25365484,0.10269029,-0.068665504,-0.15030527,0.029088367,-0.081615806,-0.5699978,-0.06236679,-0.37808317,0.35546917,-0.19416991,-0.1874992,0.5345266,-0.22454254,-0.07726544,0.74030024,-0.10108156,-0.10515047,0.7013116,0.17906366,-0.25065383,0.47582132,0.17948118,-0.44704133,0.3318697,0.08364758,-0.09889841,0.7788871,0.047300674,-0.18300629,0.9814936,0.06896398,-0.26738584,0.85107696,0.08874678,-0.23903821,0.89866495,0.11665788,-0.25526074,0.8997905,0.051908735,-0.13681565,0.91188186,0.13267696,-0.17158441,0.91623807,-0.013021222,-0.004654664546251297,0.27624639868736267,-0.014243144541978836
