frame,Ankle.R_x,Ankle.R_y,Ankle.R_z,Knee.R_x,Knee.R_y,Knee.R_z,Hip.R_x,Hip.R_y,Hip.R_z,Hip.L_x,Hip.L_y,Hip.L_z,Knee.L_x,Knee.L_y,Knee.L_z,Ankle.L_x,Ankle.L_y,Ankle.L_z,Wrist.R_x,Wrist.R_y,Wrist.R_z,Elbow.R_x,Elbow.R_y,Elbow.R_z,Shoulder.R_x,Shoulder.R_y,Shoulder.R_z,Shoulder.L_x,Shoulder.L_y,Shoulder.L_z,Elbow.L_x,Elbow.L_y,Elbow.L_z,Wrist.L_x,Wrist.L_y,Wrist.L_z,Neck_x,Neck_y,Neck_z,Head_x,Head_y,Head_z,Nose_x,Nose_y,Nose_z,Eye.L_x,Eye.L_y,Eye.L_z,Eye.R_x,Eye.R_y,Eye.R_z,Ear.L_x,Ear.L_y,Ear.L_z,Ear.R_x,Ear.R_y,Ear.R_z,hip.Center_x,hip.Center_y,hip.Center_z
0,-0.05353232,-0.510062,-0.3210877,-0.07268579,-0.18559222,-0.018130139,-0.12413587,0.23490804,0.017750297,0.09301174,0.30710122,-0.063494876,0.3837217,0.097852826,0.094600394,0.4497019,-0.2706536,-0.13962837,-0.4254815,0.8906528,0.21947718,-0.48784542,0.65525913,0.15586299,-0.2281543,0.6998849,0.04896536,0.048468497,0.7272271,-0.039971754,0.32617295,0.72458565,-0.086192384,0.23356909,0.9448686,-0.024017313,-0.086992264,0.76093197,0.02418124,-0.07578726,0.9701741,0.088516474,-0.024219118,0.8561332,0.17892686,-0.008999862,0.9034332,0.14222853,-0.0696922,0.8987623,0.16830795,-0.011042483,0.9065002,0.040223636,-0.14865807,0.89591014,0.0960566,-0.015562064945697784,0.2710046172142029,-0.022872289642691612
