frame,Ankle.R_x,Ankle.R_y,Ankle.R_z,Knee.R_x,Knee.R_y,Knee.R_z,Hip.R_x,Hip.R_y,Hip.R_z,Hip.L_x,Hip.L_y,Hip.L_z,Knee.L_x,Knee.L_y,Knee.L_z,Ankle.L_x,Ankle.L_y,Ankle.L_z,Wrist.R_x,Wrist.R_y,Wrist.R_z,Elbow.R_x,Elbow.R_y,Elbow.R_z,Shoulder.R_x,Shoulder.R_y,Shoulder.R_z,Shoulder.L_x,Shoulder.L_y,Shoulder.L_z,Elbow.L_x,Elbow.L_y,Elbow.L_z,Wrist.L_x,Wrist.L_y,Wrist.L_z,Neck_x,Neck_y,Neck_z,Head_x,Head_y,Head_z,Nose_x,Nose_y,Nose_z,Eye.L_x,Eye.L_y,Eye.L_z,Eye.R_x,Eye.R_y,Eye.R_z,Ear.L_x,Ear.L_y,Ear.L_z,Ear.R_x,Ear.R_y,Ear.R_z,hip.Center_x,hip.Center_y,hip.Center_z
0,0.1700929,-0.46766436,-0.28676298,-0.0716446,-0.12228126,-0.1793866,-0.010875331,0.30834103,-0.13314278,-0.0013970062,0.26469794,0.1048576,-0.056198504,-0.14851688,0.0020714696,0.01936408,-0.5629238,-0.11373423,-0.13046803,0.26924172,-0.2762903,0.0035616774,0.4912951,-0.22623225,0.019575868,0.74512243,-0.11411838,-0.031297933,0.71819186,0.18772215,-0.08531703,0.4442488,0.21690698,-0.24333061,0.24496691,0.15931444,-0.025329469,0.8077227,0.04224899,-0.11818384,1.0240588,0.04573549,-0.19872865,0.89006746,0.04317291,-0.17922467,0.9394775,0.07799689,-0.1783644,0.94098496,0.010963673,-0.08483103,0.9557698,0.120465145,-0.081790864,0.96018195,-0.0312543,-0.006136168725788593,0.28651946783065796,-0.014142591506242752
