frame,Ankle.R_x,Ankle.R_y,Ankle.R_z,Knee.R_x,Knee.R_y,Knee.R_z,Hip.R_x,Hip.R_y,Hip.R_z,Hip.L_x,Hip.L_y,Hip.L_z,Knee.L_x,Knee.L_y,Knee.L_z,Ankle.L_x,Ankle.L_y,Ankle.L_z,Wrist.R_x,Wrist.R_y,Wrist.R_z,Elbow.R_x,Elbow.R_y,Elbow.R_z,Shoulder.R_x,Shoulder.R_y,Shoulder.R_z,Shoulder.L_x,Shoulder.L_y,Shoulder.L_z,Elbow.L_x,Elbow.L_y,Elbow.L_z,Wrist.L_x,Wrist.L_y,Wrist.L_z,Neck_x,Neck_y,Neck_z,Head_x,Head_y,Head_z,Nose_x,Nose_y,Nose_z,Eye.L_x,Eye.L_y,Eye.L_z,Eye.R_x,Eye.R_y,Eye.R_z,Ear.L_x,Ear.L_y,Ear.L_z,Ear.R_x,Ear.R_y,Ear.R_z,hip.Center_x,hip.Center_y,hip.Center_z
0,-0.12384196,-0.5929094,-0.36247405,-0.12533939,-0.2001141,-0.072607085,-0.13231555,0.262287,-0.03331837,0.12181612,0.25975266,0.0025700824,0.15314104,-0.19098094,-0.05702448,0.24691036,-0.61225116,-0.29276502,-0.34787333,0.23167983,-0.0074693644,-0.25436333,0.46804905,-0.12643895,-0.13957441,0.718547,-0.021304425,0.15679112,0.6920533,0.034620244,0.2282095,0.40858808,-0.016040225,0.22885029,0.14780499,0.081771314,0.010187587,0.7723859,0.038166665,0.0063689714,0.98588914,0.081910655,-0.01374376,0.8838842,0.20044528,0.025191212,0.9265123,0.17323394,-0.040951706,0.92591786,0.15994723,0.08267384,0.9127546,0.08803828,-0.06395544,0.9120456,0.057839,-0.0052497126162052155,0.26101982593536377,-0.015374144539237022
