frame,Ankle.R_x,Ankle.R_y,Ankle.R_z,Knee.R_x,Knee.R_y,Knee.R_z,Hip.R_x,Hip.R_y,Hip.R_z,Hip.L_x,Hip.L_y,Hip.L_z,Knee.L_x,Knee.L_y,Knee.L_z,Ankle.L_x,Ankle.L_y,Ankle.L_z,Wrist.R_x,Wrist.R_y,Wrist.R_z,Elbow.R_x,Elbow.R_y,Elbow.R_z,Shoulder.R_x,Shoulder.R_y,Shoulder.R_z,Shoulder.L_x,Shoulder.L_y,Shoulder.L_z,Elbow.L_x,Elbow.L_y,Elbow.L_z,Wrist.L_x,Wrist.L_y,Wrist.L_z,Neck_x,Neck_y,Neck_z,Head_x,Head_y,Head_z,Nose_x,Nose_y,Nose_z,Eye.L_x,Eye.L_y,Eye.L_z,Eye.R_x,Eye.R_y,Eye.R_z,Ear.L_x,Ear.L_y,Ear.L_z,Ear.R_x,Ear.R_y,Ear.R_z,hip.Center_x,hip.Center_y,hip.Center_z
0,-0.038383015,-0.4938588,-0.29083228,-0.077777706,-0.17300558,0.0066282717,-0.12765291,0.25330213,0.0040489305,0.10147156,0.30816963,-0.04431484,0.32948065,-0.01755113,0.038937397,0.46201128,-0.37482598,-0.18980014,-0.5585786,0.8160995,0.15382974,-0.4980134,0.62397677,0.0056605637,-0.22966754,0.72449946,0.009841028,0.061586276,0.74792564,-0.03755834,0.3216245,0.6562438,-0.10988388,0.3609637,0.86971897,0.0046559605,-0.08381609,0.7891342,0.014208173,-0.093483604,1.0024056,0.07221997,-0.06679779,0.89523554,0.18325628,-0.04307403,0.9417963,0.14855638,-0.108778365,0.93504286,0.15562648,-0.013392024,0.93836796,0.049147055,-0.16299891,0.9235328,0.063314356,-0.013090677559375763,0.28073588013648987,-0.02013295516371727
