frame,Ankle.R_x,Ankle.R_y,Ankle.R_z,Knee.R_x,Knee.R_y,Knee.R_z,Hip.R_x,Hip.R_y,Hip.R_z,Hip.L_x,Hip.L_y,Hip.L_z,Knee.L_x,Knee.L_y,Knee.L_z,Ankle.L_x,Ankle.L_y,Ankle.L_z,Wrist.R_x,Wrist.R_y,Wrist.R_z,Elbow.R_x,Elbow.R_y,Elbow.R_z,Shoulder.R_x,Shoulder.R_y,Shoulder.R_z,Shoulder.L_x,Shoulder.L_y,Shoulder.L_z,Elbow.L_x,Elbow.L_y,Elbow.L_z,Wrist.L_x,Wrist.L_y,Wrist.L_z,Neck_x,Neck_y,Neck_z,Head_x,Head_y,Head_z,Nose_x,Nose_y,Nose_z,Eye.L_x,Eye.L_y,Eye.L_z,Eye.R_x,Eye.R_y,Eye.R_z,Ear.L_x,Ear.L_y,Ear.L_z,Ear.R_x,Ear.R_y,Ear.R_z,hip.Center_x,hip.Center_y,hip.Center_z
0,-0.063426636,-0.51775205,-0.26104248,-0.08220558,-0.16045487,-0.007562588,-0.12562436,0.27120733,0.005029219,0.11087365,0.29514956,-0.036065258,0.2020711,-0.11839732,0.009139724,0.1947982,-0.4669117,-0.26366863,-0.62674713,0.7549422,0.14560041,-0.450039,0.6420747,0.0004740553,-0.18740407,0.7517728,0.0006315112,0.106891185,0.7627957,-0.027626581,0.36531812,0.6564932,-0.07403156,0.56329507,0.7747044,0.03112038,-0.03940736,0.8110163,0.0131368935,-0.045140497,1.0277618,0.06272355,-0.022486879,0.9252208,0.18037692,0.0029854812,0.96951914,0.143398,-0.06323193,0.96454537,0.14991163,0.034040343,0.95998764,0.043809544,-0.11708845,0.94947493,0.057111856,-0.007375355809926987,0.283178448677063,-0.01551801897585392
