frame,Ankle.R_x,Ankle.R_y,Ankle.R_z,Knee.R_x,Knee.R_y,Knee.R_z,Hip.R_x,Hip.R_y,Hip.R_z,Hip.L_x,Hip.L_y,Hip.L_z,Knee.L_x,Knee.L_y,Knee.L_z,Ankle.L_x,Ankle.L_y,Ankle.L_z,Wrist.R_x,Wrist.R_y,Wrist.R_z,Elbow.R_x,Elbow.R_y,Elbow.R_z,Shoulder.R_x,Shoulder.R_y,Shoulder.R_z,Shoulder.L_x,Shoulder.L_y,Shoulder.L_z,Elbow.L_x,Elbow.L_y,Elbow.L_z,Wrist.L_x,Wrist.L_y,Wrist.L_z,Neck_x,Neck_y,Neck_z,Head_x,Head_y,Head_z,Nose_x,Nose_y,Nose_z,Eye.L_x,Eye.L_y,Eye.L_z,Eye.R_x,Eye.R_y,Eye.R_z,Ear.L_x,Ear.L_y,Ear.L_z,Ear.R_x,Ear.R_y,Ear.R_z,hip.Center_x,hip.Center_y,hip.Center_z
0,-0.14930934,-0.61632204,-0.29233968,-0.16393404,-0.19187932,-0.038855992,-0.116923094,0.27490807,-0.0805127,0.108807094,0.24835743,0.04345628,0.068317436,-0.2127139,0.005934328,0.14642917,-0.6623961,-0.19205101,-0.12672056,0.17715833,-0.29661205,-0.079864204,0.45647332,-0.25391942,-0.08344751,0.71354675,-0.10619825,0.14785999,0.69275516,0.09155895,0.23227082,0.4066773,0.07302273,0.20451152,0.12770756,0.11485129,0.016454937,0.77106535,0.024246048,-0.013809218,0.98260325,0.07864287,-0.052864417,0.86927694,0.18117245,-0.010985646,0.9154648,0.16577597,-0.0733286,0.91430765,0.13971083,0.062173136,0.9115375,0.09344026,-0.075320646,0.9089191,0.033581637,-0.004057999700307846,0.2616327404975891,-0.01852821186184883
