frame,Ankle.R_x,Ankle.R_y,Ankle.R_z,Knee.R_x,Knee.R_y,Knee.R_z,Hip.R_x,Hip.R_y,Hip.R_z,Hip.L_x,Hip.L_y,Hip.L_z,Knee.L_x,Knee.L_y,Knee.L_z,Ankle.L_x,Ankle.L_y,Ankle.L_z,Wrist.R_x,Wrist.R_y,Wrist.R_z,Elbow.R_x,Elbow.R_y,Elbow.R_z,Shoulder.R_x,Shoulder.R_y,Shoulder.R_z,Shoulder.L_x,Shoulder.L_y,Shoulder.L_z,Elbow.L_x,Elbow.L_y,Elbow.L_z,Wrist.L_x,Wrist.L_y,Wrist.L_z,Neck_x,Neck_y,Neck_z,Head_x,Head_y,Head_z,Nose_x,Nose_y,Nose_z,Eye.L_x,Eye.L_y,Eye.L_z,Eye.R_x,Eye.R_y,Eye.R_z,Ear.L_x,Ear.L_y,Ear.L_z,Ear.R_x,Ear.R_y,Ear.R_z,hip.Center_x,hip.Center_y,hip.Center_z
0,-0.09217347,-0.47985455,-0.2799272,-0.12412157,-0.13461494,-0.030380504,-0.12172775,0.297052,-0.030404076,0.111420095,0.280493,0.0067724856,0.06752624,-0.1390119,-0.03951814,0.055051308,-0.5157626,-0.24355285,-0.5255866,0.53694797,-0.1746977,-0.30227897,0.6636448,-0.1660158,-0.10732745,0.79986477,-0.0402105,0.16295059,0.7768918,0.019745417,0.38088053,0.61439425,0.009008525,0.6072942,0.5121113,0.07088854,0.026850116,0.83897394,0.023096338,0.035429273,1.0506411,0.06688056,0.04626224,0.95238906,0.1918893,0.0766215,0.99122906,0.15139781,0.010133586,0.99400884,0.15851012,0.10654476,0.9730186,0.052620575,-0.04603464,0.97863,0.066347666,-0.005153827369213104,0.28877249360084534,-0.011815795674920082
