frame,Ankle.R_x,Ankle.R_y,Ankle.R_z,Knee.R_x,Knee.R_y,Knee.R_z,Hip.R_x,Hip.R_y,Hip.R_z,Hip.L_x,Hip.L_y,Hip.L_z,Knee.L_x,Knee.L_y,Knee.L_z,Ankle.L_x,Ankle.L_y,Ankle.L_z,Wrist.R_x,Wrist.R_y,Wrist.R_z,Elbow.R_x,Elbow.R_y,Elbow.R_z,Shoulder.R_x,Shoulder.R_y,Shoulder.R_z,Shoulder.L_x,Shoulder.L_y,Shoulder.L_z,Elbow.L_x,Elbow.L_y,Elbow.L_z,Wrist.L_x,Wrist.L_y,Wrist.L_z,Neck_x,Neck_y,Neck_z,Head_x,Head_y,Head_z,Nose_x,Nose_y,Nose_z,Eye.L_x,Eye.L_y,Eye.L_z,Eye.R_x,Eye.R_y,Eye.R_z,Ear.L_x,Ear.L_y,Ear.L_z,Ear.R_x,Ear.R_y,Ear.R_z,hip.Center_x,hip.Center_y,hip.Center_z
0,0.170063,-0.4676507,-0.28680772,-0.07166909,-0.12228313,-0.17937185,-0.010894295,0.308338,-0.1331437,-0.0013783934,0.2647044,0.104859054,-0.05621093,-0.14850874,0.0020708642,0.019346705,-0.56291026,-0.11375775,-0.13065612,0.26928174,-0.27624175,0.003457806,0.49130207,-0.22626439,0.019535607,0.745126,-0.11415821,-0.03127059,0.71821326,0.18769662,-0.085331604,0.4442795,0.21688771,-0.24335353,0.24499662,0.15930955,-0.025330264,0.80773306,0.04222072,-0.11819839,1.0240628,0.045757998,-0.19873251,0.8900621,0.04329279,-0.17919745,0.9394777,0.078091085,-0.17840707,0.9409777,0.011056659,-0.08476266,0.9557853,0.12045906,-0.08187671,0.96018004,-0.03126499,-0.006136344280093908,0.28652119636535645,-0.014142319560050964
