frame,Ankle.R_x,Ankle.R_y,Ankle.R_z,Knee.R_x,Knee.R_y,Knee.R_z,Hip.R_x,Hip.R_y,Hip.R_z,Hip.L_x,Hip.L_y,Hip.L_z,Knee.L_x,Knee.L_y,Knee.L_z,Ankle.L_x,Ankle.L_y,Ankle.L_z,Wrist.R_x,Wrist.R_y,Wrist.R_z,Elbow.R_x,Elbow.R_y,Elbow.R_z,Shoulder.R_x,Shoulder.R_y,Shoulder.R_z,Shoulder.L_x,Shoulder.L_y,Shoulder.L_z,Elbow.L_x,Elbow.L_y,Elbow.L_z,Wrist.L_x,Wrist.L_y,Wrist.L_z,Neck_x,Neck_y,Neck_z,Head_x,Head_y,Head_z,Nose_x,Nose_y,Nose_z,Eye.L_x,Eye.L_y,Eye.L_z,Eye.R_x,Eye.R_y,Eye.R_z,Ear.L_x,Ear.L_y,Ear.L_z,Ear.R_x,Ear.R_y,Ear.R_z,hip.Center_x,hip.Center_y,hip.Center_z
0,-0.0732064,-0.5151239,-0.33199218,-0.07585885,-0.114474654,-0.18683383,-0.011374476,0.290508,-0.13423696,0.0034526857,0.249613,0.10356743,-0.08694293,-0.14359306,0.02170259,-0.13748279,-0.5600193,-0.054405577,-0.5020343,0.4823136,-0.3760676,-0.270925,0.5952184,-0.32666013,-0.15496293,0.71563363,-0.12769063,-0.23117995,0.6962416,0.11438669,-0.4538829,0.55913275,0.1251218,-0.67050135,0.4980613,-0.006149686,-0.20439163,0.7413573,-0.0048678024,-0.3202799,0.9172771,0.00014027627,-0.38934705,0.7775382,0.017492574,-0.3694146,0.82875943,0.045579914,-0.38143772,0.8264704,-0.019976063,-0.27197307,0.85568523,0.06774569,-0.29534176,0.85289896,-0.080224246,-0.003960895352065563,0.2700605094432831,-0.01533476635813713
