frame,Ankle.R_x,Ankle.R_y,Ankle.R_z,Knee.R_x,Knee.R_y,Knee.R_z,Hip.R_x,Hip.R_y,Hip.R_z,Hip.L_x,Hip.L_y,Hip.L_z,Knee.L_x,Knee.L_y,Knee.L_z,Ankle.L_x,Ankle.L_y,Ankle.L_z,Wrist.R_x,Wrist.R_y,Wrist.R_z,Elbow.R_x,Elbow.R_y,Elbow.R_z,Shoulder.R_x,Shoulder.R_y,Shoulder.R_z,Shoulder.L_x,Shoulder.L_y,Shoulder.L_z,Elbow.L_x,Elbow.L_y,Elbow.L_z,Wrist.L_x,Wrist.L_y,Wrist.L_z,Neck_x,Neck_y,Neck_z,Head_x,Head_y,Head_z,Nose_x,Nose_y,Nose_z,Eye.L_x,Eye.L_y,Eye.L_z,Eye.R_x,Eye.R_y,Eye.R_z,Ear.L_x,Ear.L_y,Ear.L_z,Ear.R_x,Ear.R_y,Ear.R_z,hip.Center_x,hip.Center_y,hip.Center_z
0,-0.2173498,-0.56883705,-0.3151805,-0.18069257,-0.17632353,-0.042118493,-0.12772,0.27675882,-0.02015761,0.1243068,0.25671148,-0.013324981,0.10513737,-0.19730766,-0.02085149,0.10054641,-0.6007611,-0.28527886,-0.37232164,0.22458689,0.019553471,-0.2637115,0.46668828,-0.06473693,-0.12778887,0.7173384,0.010051252,0.17417164,0.7052581,-0.004660029,0.2804985,0.4414691,-0.0835904,0.3916316,0.20656738,0.006199448,0.029947288,0.77883047,0.0343154,0.037286695,0.99439096,0.07520228,0.041571938,0.89468014,0.19704919,0.074288465,0.9362458,0.16119185,0.006928594,0.93657756,0.16217491,0.11223742,0.92026234,0.06609114,-0.037991527,0.9215719,0.06758711,-0.0017066001892089844,0.26673513650894165,-0.016741294413805008
