frame,Ankle.R_x,Ankle.R_y,Ankle.R_z,Knee.R_x,Knee.R_y,Knee.R_z,Hip.R_x,Hip.R_y,Hip.R_z,Hip.L_x,Hip.L_y,Hip.L_z,Knee.L_x,Knee.L_y,Knee.L_z,Ankle.L_x,Ankle.L_y,Ankle.L_z,Wrist.R_x,Wrist.R_y,Wrist.R_z,Elbow.R_x,Elbow.R_y,Elbow.R_z,Shoulder.R_x,Shoulder.R_y,Shoulder.R_z,Shoulder.L_x,Shoulder.L_y,Shoulder.L_z,Elbow.L_x,Elbow.L_y,Elbow.L_z,Wrist.L_x,Wrist.L_y,Wrist.L_z,Neck_x,Neck_y,Neck_z,Head_x,Head_y,Head_z,Nose_x,Nose_y,Nose_z,Eye.L_x,Eye.L_y,Eye.L_z,Eye.R_x,Eye.R_y,Eye.R_z,Ear.L_x,Ear.L_y,Ear.L_z,Ear.R_x,Ear.R_y,Ear.R_z,hip.Center_x,hip.Center_y,hip.Center_z
0,-0.036605217,-0.5167355,-0.330358,-0.06966956,-0.11446028,-0.18986046,-0.018859988,0.2988459,-0.13172281,0.006541089,0.25676873,0.10326109,-0.036607213,-0.15382159,0.0286511,-0.0019617714,-0.57331985,-0.05193431,-0.27693152,0.3393562,-0.3290157,-0.10985924,0.53284323,-0.2722744,-0.05307638,0.7407577,-0.11600667,-0.1164642,0.7137283,0.16519806,-0.27225727,0.4959486,0.18027349,-0.46843958,0.35517406,0.08361797,-0.09458868,0.78575015,0.031076215,-0.16786768,0.99258906,0.044670798,-0.264397,0.86950135,0.048862245,-0.23670222,0.91464216,0.08165729,-0.24249648,0.9173614,0.015259018,-0.13759348,0.91927034,0.11374199,-0.14895557,0.9269514,-0.0357222,-0.006159449461847544,0.2778072953224182,-0.014230858534574509
