frame,Ankle.R_x,Ankle.R_y,Ankle.R_z,Knee.R_x,Knee.R_y,Knee.R_z,Hip.R_x,Hip.R_y,Hip.R_z,Hip.L_x,Hip.L_y,Hip.L_z,Knee.L_x,Knee.L_y,Knee.L_z,Ankle.L_x,Ankle.L_y,Ankle.L_z,Wrist.R_x,Wrist.R_y,Wrist.R_z,Elbow.R_x,Elbow.R_y,Elbow.R_z,Shoulder.R_x,Shoulder.R_y,Shoulder.R_z,Shoulder.L_x,Shoulder.L_y,Shoulder.L_z,Elbow.L_x,Elbow.L_y,Elbow.L_z,Wrist.L_x,Wrist.L_y,Wrist.L_z,Neck_x,Neck_y,Neck_z,Head_x,Head_y,Head_z,Nose_x,Nose_y,Nose_z,Eye.L_x,Eye.L_y,Eye.L_z,Eye.R_x,Eye.R_y,Eye.R_z,Ear.L_x,Ear.L_y,Ear.L_z,Ear.R_x,Ear.R_y,Ear.R_z,hip.Center_x,hip.Center_y,hip.Center_z
0,-0.15089409,-0.6104864,-0.34904674,-0.124183334,-0.20627616,-0.06681034,-0.13270372,0.25880358,-0.019312086,0.124705285,0.25547227,-0.011455903,0.13978791,-0.20186585,-0.05790994,0.20810911,-0.63263863,-0.29579088,-0.28487754,0.1681966,0.006343213,-0.236947,0.43302715,-0.08529194,-0.14036314,0.7012474,-0.0019722618,0.16328895,0.6831401,0.013398462,0.22410779,0.39725095,-0.048680454,0.22122122,0.1305393,0.04113412,0.01595005,0.76182604,0.036013942,0.013802356,0.9756193,0.07721001,0.011698358,0.8750008,0.19831425,0.045845404,0.91819805,0.16572988,-0.021483723,0.9159862,0.16124453,0.091750115,0.9043487,0.07401301,-0.057030126,0.9002838,0.06344346,-0.0039992183446884155,0.2571379244327545,-0.015383994206786156
