frame,Ankle.R_x,Ankle.R_y,Ankle.R_z,Knee.R_x,Knee.R_y,Knee.R_z,Hip.R_x,Hip.R_y,Hip.R_z,Hip.L_x,Hip.L_y,Hip.L_z,Knee.L_x,Knee.L_y,Knee.L_z,Ankle.L_x,Ankle.L_y,Ankle.L_z,Wrist.R_x,Wrist.R_y,Wrist.R_z,Elbow.R_x,Elbow.R_y,Elbow.R_z,Shoulder.R_x,Shoulder.R_y,Shoulder.R_z,Shoulder.L_x,Shoulder.L_y,Shoulder.L_z,Elbow.L_x,Elbow.L_y,Elbow.L_z,Wrist.L_x,Wrist.L_y,Wrist.L_z,Neck_x,Neck_y,Neck_z,Head_x,Head_y,Head_z,Nose_x,Nose_y,Nose_z,Eye.L_x,Eye.L_y,Eye.L_z,Eye.R_x,Eye.R_y,Eye.R_z,Ear.L_x,Ear.L_y,Ear.L_z,Ear.R_x,Ear.R_y,Ear.R_z,hip.Center_x,hip.Center_y,hip.Center_z
0,-0.08270557,-0.5249512,-0.24827807,-0.10008555,-0.14865428,-0.04353035,-0.12383117,0.27702153,-0.016742652,0.11322112,0.27304173,-0.0020727362,0.09129665,-0.14728634,-0.04224249,0.09325458,-0.5308513,-0.24054602,-0.6250176,0.6273522,-0.00033637957,-0.3844934,0.6603681,-0.07980038,-0.13583276,0.7611576,-0.0284308,0.14109008,0.7537186,0.0060171867,0.39151958,0.6445436,0.014631677,0.61737955,0.6599828,0.12746286,0.0017860541,0.8073278,0.012429403,0.00488379,1.0209666,0.038442757,-0.002750487,0.9325564,0.16902629,0.03257987,0.9700353,0.13331544,-0.033676397,0.9703169,0.12845708,0.07839127,0.9466697,0.0429013,-0.07047087,0.9484057,0.030359443,-0.005305025726556778,0.2750316262245178,-0.009407694451510906
