frame,Ankle.R_x,Ankle.R_y,Ankle.R_z,Knee.R_x,Knee.R_y,Knee.R_z,Hip.R_x,Hip.R_y,Hip.R_z,Hip.L_x,Hip.L_y,Hip.L_z,Knee.L_x,Knee.L_y,Knee.L_z,Ankle.L_x,Ankle.L_y,Ankle.L_z,Wrist.R_x,Wrist.R_y,Wrist.R_z,Elbow.R_x,Elbow.R_y,Elbow.R_z,Shoulder.R_x,Shoulder.R_y,Shoulder.R_z,Shoulder.L_x,Shoulder.L_y,Shoulder.L_z,Elbow.L_x,Elbow.L_y,Elbow.L_z,Wrist.L_x,Wrist.L_y,Wrist.L_z,Neck_x,Neck_y,Neck_z,Head_x,Head_y,Head_z,Nose_x,Nose_y,Nose_z,Eye.L_x,Eye.L_y,Eye.L_z,Eye.R_x,Eye.R_y,Eye.R_z,Ear.L_x,Ear.L_y,Ear.L_z,Ear.R_x,Ear.R_y,Ear.R_z,hip.Center_x,hip.Center_y,hip.Center_z
0,-0.020159654,-0.5305002,-0.22125252,-0.049002327,-0.18406323,0.049591552,-0.12477656,0.23468271,0.013111645,0.094859175,0.2997006,-0.0595929,0.36085868,0.035188843,0.079281315,0.5000696,-0.36500534,-0.052106105,-0.59599864,0.90965897,0.28079274,-0.48263514,0.7514,0.10546455,-0.22071648,0.7089772,0.022169165,0.05413858,0.72005415,-0.03809596,0.33098614,0.7253571,-0.058311313,0.45676646,0.8964178,0.086587176,-0.081783384,0.7553353,0.012244324,-0.07036562,0.96046954,0.07304497,-0.03589265,0.8478053,0.17246544,-0.014247,0.8930526,0.13706815,-0.07770568,0.8913723,0.15483025,-0.0030298755,0.89290386,0.035881445,-0.14645278,0.8892318,0.07364283,-0.014958690851926804,0.26719164848327637,-0.023240625858306885
