frame,Ankle.R_x,Ankle.R_y,Ankle.R_z,Knee.R_x,Knee.R_y,Knee.R_z,Hip.R_x,Hip.R_y,Hip.R_z,Hip.L_x,Hip.L_y,Hip.L_z,Knee.L_x,Knee.L_y,Knee.L_z,Ankle.L_x,Ankle.L_y,Ankle.L_z,Wrist.R_x,Wrist.R_y,Wrist.R_z,Elbow.R_x,Elbow.R_y,Elbow.R_z,Shoulder.R_x,Shoulder.R_y,Shoulder.R_z,Shoulder.L_x,Shoulder.L_y,Shoulder.L_z,Elbow.L_x,Elbow.L_y,Elbow.L_z,Wrist.L_x,Wrist.L_y,Wrist.L_z,Neck_x,Neck_y,Neck_z,Head_x,Head_y,Head_z,Nose_x,Nose_y,Nose_z,Eye.L_x,Eye.L_y,Eye.L_z,Eye.R_x,Eye.R_y,Eye.R_z,Ear.L_x,Ear.L_y,Ear.L_z,Ear.R_x,Ear.R_y,Ear.R_z,hip.Center_x,hip.Center_y,hip.Center_z
0,-0.06876169,-0.51303154,-0.2943355,-0.09027299,-0.13660516,-0.06763089,-0.12792209,0.29702088,-0.015128033,0.112860106,0.30593082,-0.007450805,0.13856441,-0.1196637,-0.05978433,0.18441182,-0.5041347,-0.27381584,-0.37919852,0.4016506,0.0585505,-0.33625877,0.59951836,-0.10533659,-0.17631319,0.80598855,0.0015931726,0.12821476,0.7967284,0.0044202674,0.24780516,0.55667555,-0.0842462,0.2852457,0.428166,0.13162653,-0.021345561,0.8644463,0.039092366,-0.026565744,1.0875709,0.08555001,-0.030756336,0.9849652,0.21002178,0.0035775108,1.0286355,0.17561333,-0.063821465,1.0249407,0.16907963,0.05641587,1.0147702,0.08311149,-0.09944002,1.0079186,0.0664588,-0.0075309909880161285,0.30147585272789,-0.01128941960632801
