frame,Ankle.R_x,Ankle.R_y,Ankle.R_z,Knee.R_x,Knee.R_y,Knee.R_z,Hip.R_x,Hip.R_y,Hip.R_z,Hip.L_x,Hip.L_y,Hip.L_z,Knee.L_x,Knee.L_y,Knee.L_z,Ankle.L_x,Ankle.L_y,Ankle.L_z,Wrist.R_x,Wrist.R_y,Wrist.R_z,Elbow.R_x,Elbow.R_y,Elbow.R_z,Shoulder.R_x,Shoulder.R_y,Shoulder.R_z,Shoulder.L_x,Shoulder.L_y,Shoulder.L_z,Elbow.L_x,Elbow.L_y,Elbow.L_z,Wrist.L_x,Wrist.L_y,Wrist.L_z,Neck_x,Neck_y,Neck_z,Head_x,Head_y,Head_z,Nose_x,Nose_y,Nose_z,Eye.L_x,Eye.L_y,Eye.L_z,Eye.R_x,Eye.R_y,Eye.R_z,Ear.L_x,Ear.L_y,Ear.L_z,Ear.R_x,Ear.R_y,Ear.R_z,hip.Center_x,hip.Center_y,hip.Center_z
0,-0.055848498,-0.49565086,-0.33436963,-0.074945495,-0.18639128,-0.014438829,-0.12471815,0.2355123,0.01554334,0.093248256,0.3085226,-0.065550216,0.38417444,0.14110896,0.12621817,0.38029608,-0.23201859,-0.1007029,-0.398895,0.86722094,0.10781418,-0.49379104,0.63737965,0.113862395,-0.23123536,0.7044318,0.025917728,0.05100285,0.7261059,-0.047312416,0.33079368,0.68887234,-0.06785344,0.19556752,0.89316,-0.058786053,-0.08829312,0.76517916,0.007975322,-0.08086987,0.97705835,0.063648514,-0.043477155,0.8669929,0.16541713,-0.022818588,0.9124567,0.12905122,-0.08661379,0.90963703,0.14681792,-0.0109939575,0.91068697,0.027477637,-0.15467574,0.9037327,0.06472639,-0.015734948217868805,0.2720174491405487,-0.02500343695282936
