frame,Ankle.R_x,Ankle.R_y,Ankle.R_z,Knee.R_x,Knee.R_y,Knee.R_z,Hip.R_x,Hip.R_y,Hip.R_z,Hip.L_x,Hip.L_y,Hip.L_z,Knee.L_x,Knee.L_y,Knee.L_z,Ankle.L_x,Ankle.L_y,Ankle.L_z,Wrist.R_x,Wrist.R_y,Wrist.R_z,Elbow.R_x,Elbow.R_y,Elbow.R_z,Shoulder.R_x,Shoulder.R_y,Shoulder.R_z,Shoulder.L_x,Shoulder.L_y,Shoulder.L_z,Elbow.L_x,Elbow.L_y,Elbow.L_z,Wrist.L_x,Wrist.L_y,Wrist.L_z,Neck_x,Neck_y,Neck_z,Head_x,Head_y,Head_z,Nose_x,Nose_y,Nose_z,Eye.L_x,Eye.L_y,Eye.L_z,Eye.R_x,Eye.R_y,Eye.R_z,Ear.L_x,Ear.L_y,Ear.L_z,Ear.R_x,Ear.R_y,Ear.R_z,hip.Center_x,hip.Center_y,hip.Center_z
0,-0.027585777,-0.50965947,-0.29641503,-0.038700346,-0.18625562,0.0023175706,-0.12228726,0.22906849,0.021186633,0.08820499,0.30979887,-0.064266525,0.37973788,0.1012669,0.09153356,0.5541319,-0.2560898,-0.099835664,-0.45124236,0.83443904,0.20970929,-0.4954641,0.59764314,0.1546652,-0.24306706,0.68413603,0.053549714,0.03117463,0.71522516,-0.04938725,0.297429,0.65298337,-0.1257259,0.24498433,0.8791454,-0.053954944,-0.102485344,0.7528211,0.023087298,-0.08915526,0.9655622,0.07978418,-0.030520812,0.8548062,0.169788,-0.018340364,0.90092623,0.13027543,-0.07644959,0.8973403,0.16142744,-0.029036313,0.89976513,0.029405996,-0.16048495,0.89250314,0.096226305,-0.01704113557934761,0.2694336771965027,-0.021539945155382156
