frame,Ankle.R_x,Ankle.R_y,Ankle.R_z,Knee.R_x,Knee.R_y,Knee.R_z,Hip.R_x,Hip.R_y,Hip.R_z,Hip.L_x,Hip.L_y,Hip.L_z,Knee.L_x,Knee.L_y,Knee.L_z,Ankle.L_x,Ankle.L_y,Ankle.L_z,Wrist.R_x,Wrist.R_y,Wrist.R_z,Elbow.R_x,Elbow.R_y,Elbow.R_z,Shoulder.R_x,Shoulder.R_y,Shoulder.R_z,Shoulder.L_x,Shoulder.L_y,Shoulder.L_z,Elbow.L_x,Elbow.L_y,Elbow.L_z,Wrist.L_x,Wrist.L_y,Wrist.L_z,Neck_x,Neck_y,Neck_z,Head_x,Head_y,Head_z,Nose_x,Nose_y,Nose_z,Eye.L_x,Eye.L_y,Eye.L_z,Eye.R_x,Eye.R_y,Eye.R_z,Ear.L_x,Ear.L_y,Ear.L_z,Ear.R_x,Ear.R_y,Ear.R_z,hip.Center_x,hip.Center_y,hip.Center_z
0,-0.16427602,-0.53951436,-0.21027187,-0.17220071,-0.12241843,-0.039839692,-0.08084578,0.30609465,-0.11433463,0.06894626,0.28712562,0.08164823,0.0762965,-0.1487465,0.013039084,0.26701686,-0.49207172,-0.21373713,-0.12591462,0.27611727,-0.2585899,-0.0102494415,0.51738906,-0.299051,-0.015488053,0.7753054,-0.17585482,0.057019766,0.76120114,0.13238896,0.018160578,0.48225856,0.19668415,-0.15902823,0.2794031,0.1979368,0.0023552794,0.84422636,-0.008205178,-0.05428289,1.0701526,0.030903444,-0.1158172,0.95014215,0.11561961,-0.072436936,0.99800783,0.11230464,-0.12553024,0.995773,0.070434935,0.020485312,0.99941313,0.062587276,-0.098637804,0.99451005,-0.03645754,-0.005949761718511581,0.29661011695861816,-0.016343198716640472
