frame,Ankle.R_x,Ankle.R_y,Ankle.R_z,Knee.R_x,Knee.R_y,Knee.R_z,Hip.R_x,Hip.R_y,Hip.R_z,Hip.L_x,Hip.L_y,Hip.L_z,Knee.L_x,Knee.L_y,Knee.L_z,Ankle.L_x,Ankle.L_y,Ankle.L_z,Wrist.R_x,Wrist.R_y,Wrist.R_z,Elbow.R_x,Elbow.R_y,Elbow.R_z,Shoulder.R_x,Shoulder.R_y,Shoulder.R_z,Shoulder.L_x,Shoulder.L_y,Shoulder.L_z,Elbow.L_x,Elbow.L_y,Elbow.L_z,Wrist.L_x,Wrist.L_y,Wrist.L_z,Neck_x,Neck_y,Neck_z,Head_x,Head_y,Head_z,Nose_x,Nose_y,Nose_z,Eye.L_x,Eye.L_y,Eye.L_z,Eye.R_x,Eye.R_y,Eye.R_z,Ear.L_x,Ear.L_y,Ear.L_z,Ear.R_x,Ear.R_y,Ear.R_z,hip.Center_x,hip.Center_y,hip.Center_z
0,-0.09997536,-0.52737314,-0.2970577,-0.08020497,-0.12310109,-0.16603734,-0.020247366,0.28234804,-0.13327977,0.01242397,0.24563529,0.10396657,-0.061970767,-0.1504864,0.014711184,-0.10875797,-0.5636836,-0.077047095,-0.55495745,0.46250847,-0.44290105,-0.34324923,0.5737146,-0.33404836,-0.21430463,0.67165136,-0.13231617,-0.2883327,0.65576,0.09735781,-0.52270794,0.54484725,0.09140191,-0.7518206,0.48128206,-0.01678192,-0.26425162,0.69440097,-0.01653333,-0.388726,0.8585239,-0.027225677,-0.45239636,0.7188136,0.002933422,-0.43500796,0.77294856,0.026327027,-0.44680232,0.7640122,-0.03859403,-0.33916438,0.8055929,0.04562074,-0.361817,0.78878534,-0.0998366,-0.0039116982370615005,0.26399165391921997,-0.01465659961104393
