frame,Ankle.R_x,Ankle.R_y,Ankle.R_z,Knee.R_x,Knee.R_y,Knee.R_z,Hip.R_x,Hip.R_y,Hip.R_z,Hip.L_x,Hip.L_y,Hip.L_z,Knee.L_x,Knee.L_y,Knee.L_z,Ankle.L_x,Ankle.L_y,Ankle.L_z,Wrist.R_x,Wrist.R_y,Wrist.R_z,Elbow.R_x,Elbow.R_y,Elbow.R_z,Shoulder.R_x,Shoulder.R_y,Shoulder.R_z,Shoulder.L_x,Shoulder.L_y,Shoulder.L_z,Elbow.L_x,Elbow.L_y,Elbow.L_z,Wrist.L_x,Wrist.L_y,Wrist.L_z,Neck_x,Neck_y,Neck_z,Head_x,Head_y,Head_z,Nose_x,Nose_y,Nose_z,Eye.L_x,Eye.L_y,Eye.L_z,Eye.R_x,Eye.R_y,Eye.R_z,Ear.L_x,Ear.L_y,Ear.L_z,Ear.R_x,Ear.R_y,Ear.R_z,hip.Center_x,hip.Center_y,hip.Center_z
0,-0.22707695,-0.59860414,-0.33831358,-0.16397372,-0.19730704,-0.05642614,-0.13041535,0.26527983,-0.01240994,0.12707508,0.2509279,-0.02043233,0.11503065,-0.21167308,-0.041910037,0.12752375,-0.624247,-0.31856918,-0.28116465,0.15372853,0.035605982,-0.23413895,0.42197037,-0.049019054,-0.13272774,0.69602007,0.014561442,0.1718592,0.6857193,-0.006617004,0.23847885,0.40307274,-0.08034725,0.27317503,0.13973731,0.013331195,0.026544262,0.76156074,0.03395616,0.031256814,0.976592,0.07447523,0.043493174,0.8760632,0.19519676,0.07375537,0.9186602,0.1581523,0.006363013,0.91773796,0.16261953,0.10676266,0.90396357,0.061243262,-0.042431913,0.9025731,0.070298254,-0.0016701370477676392,0.2581038475036621,-0.016421135514974594
