frame,Ankle.R_x,Ankle.R_y,Ankle.R_z,Knee.R_x,Knee.R_y,Knee.R_z,Hip.R_x,Hip.R_y,Hip.R_z,Hip.L_x,Hip.L_y,Hip.L_z,Knee.L_x,Knee.L_y,Knee.L_z,Ankle.L_x,Ankle.L_y,Ankle.L_z,Wrist.R_x,Wrist.R_y,Wrist.R_z,Elbow.R_x,Elbow.R_y,Elbow.R_z,Shoulder.R_x,Shoulder.R_y,Shoulder.R_z,Shoulder.L_x,Shoulder.L_y,Shoulder.L_z,Elbow.L_x,Elbow.L_y,Elbow.L_z,Wrist.L_x,Wrist.L_y,Wrist.L_z,Neck_x,Neck_y,Neck_z,Head_x,Head_y,Head_z,Nose_x,Nose_y,Nose_z,Eye.L_x,Eye.L_y,Eye.L_z,Eye.R_x,Eye.R_y,Eye.R_z,Ear.L_x,Ear.L_y,Ear.L_z,Ear.R_x,Ear.R_y,Ear.R_z,hip.Center_x,hip.Center_y,hip.Center_z
0,-0.12359701,-0.53932714,-0.25501615,-0.14935009,-0.13109392,-0.06143532,-0.08719568,0.3077879,-0.10938305,0.07307236,0.28742993,0.07814952,0.08159316,-0.15064487,0.017078292,0.29308456,-0.48016673,-0.21512981,-0.14164698,0.26139358,-0.21180683,-0.05006993,0.5114151,-0.2675321,-0.036301784,0.7772655,-0.16503449,0.08435656,0.7647195,0.1270303,0.06538166,0.48419988,0.18758348,-0.098947026,0.27251497,0.21928638,0.0066615436,0.84791774,-0.0028497502,-0.048428793,1.0738052,0.044944786,-0.101843685,0.9513072,0.13167995,-0.059519693,1.0001624,0.12616718,-0.11519854,0.9976447,0.08780481,0.02991695,1.0040245,0.0701671,-0.09572805,0.9983925,-0.020643294,-0.007061660289764404,0.2976089119911194,-0.0156167633831501
