frame,Ankle.R_x,Ankle.R_y,Ankle.R_z,Knee.R_x,Knee.R_y,Knee.R_z,Hip.R_x,Hip.R_y,Hip.R_z,Hip.L_x,Hip.L_y,Hip.L_z,Knee.L_x,Knee.L_y,Knee.L_z,Ankle.L_x,Ankle.L_y,Ankle.L_z,Wrist.R_x,Wrist.R_y,Wrist.R_z,Elbow.R_x,Elbow.R_y,Elbow.R_z,Shoulder.R_x,Shoulder.R_y,Shoulder.R_z,Shoulder.L_x,Shoulder.L_y,Shoulder.L_z,Elbow.L_x,Elbow.L_y,Elbow.L_z,Wrist.L_x,Wrist.L_y,Wrist.L_z,Neck_x,Neck_y,Neck_z,Head_x,Head_y,Head_z,Nose_x,Nose_y,Nose_z,Eye.L_x,Eye.L_y,Eye.L_z,Eye.R_x,Eye.R_y,Eye.R_z,Ear.L_x,Ear.L_y,Ear.L_z,Ear.R_x,Ear.R_y,Ear.R_z,hip.Center_x,hip.Center_y,hip.Center_z
0,-0.21843462,-0.5344524,-0.18412456,-0.18636258,-0.116111666,-0.02694011,-0.09089725,0.30551934,-0.10424758,0.07966784,0.28971937,0.07148741,0.08278095,-0.14416932,0.0124729965,0.23250493,-0.51723194,-0.19117166,-0.1773107,0.3428016,-0.1892815,-0.04493476,0.5399368,-0.31027567,-0.052039806,0.7845595,-0.17017537,0.06787831,0.7722445,0.12034997,0.03985554,0.49927238,0.19567019,-0.18035828,0.35179582,0.21687163,-0.011198591,0.84802234,-0.008670798,-0.07430844,1.0670645,0.03747075,-0.119232826,0.94518477,0.13023299,-0.0794505,0.99528056,0.121547386,-0.13644168,0.9891543,0.085573964,0.007803429,1.0009248,0.062271066,-0.12141475,0.98763704,-0.02374854,-0.005614705383777618,0.2976193428039551,-0.016380082815885544
