frame,Ankle.R_x,Ankle.R_y,Ankle.R_z,Knee.R_x,Knee.R_y,Knee.R_z,Hip.R_x,Hip.R_y,Hip.R_z,Hip.L_x,Hip.L_y,Hip.L_z,Knee.L_x,Knee.L_y,Knee.L_z,Ankle.L_x,Ankle.L_y,Ankle.L_z,Wrist.R_x,Wrist.R_y,Wrist.R_z,Elbow.R_x,Elbow.R_y,Elbow.R_z,Shoulder.R_x,Shoulder.R_y,Shoulder.R_z,Shoulder.L_x,Shoulder.L_y,Shoulder.L_z,Elbow.L_x,Elbow.L_y,Elbow.L_z,Wrist.L_x,Wrist.L_y,Wrist.L_z,Neck_x,Neck_y,Neck_z,Head_x,Head_y,Head_z,Nose_x,Nose_y,Nose_z,Eye.L_x,Eye.L_y,Eye.L_z,Eye.R_x,Eye.R_y,Eye.R_z,Ear.L_x,Ear.L_y,Ear.L_z,Ear.R_x,Ear.R_y,Ear.R_z,hip.Center_x,hip.Center_y,hip.Center_z
0,-0.069087505,-0.5324641,-0.26597992,-0.07721099,-0.17169383,-0.008982188,-0.11951507,0.2580527,0.028460335,0.09888793,0.3020944,-0.07267656,0.3510326,0.0022351544,0.055527583,0.05380919,-0.2157073,-0.15422319,-0.4756938,0.843971,0.15805785,-0.46460915,0.6131204,0.068287894,-0.20639679,0.73099506,0.026497737,0.08114588,0.7456162,-0.050812475,0.33058792,0.62444526,-0.12230772,0.3615466,0.85411346,-0.041320648,-0.0597639,0.7937273,0.01044951,-0.06216273,1.0094637,0.046951164,-0.029204013,0.9135077,0.1658936,-0.007506512,0.9559548,0.12591708,-0.072778344,0.951337,0.13806216,0.015503164,0.9421454,0.025542982,-0.13254449,0.9310249,0.05105454,-0.010313570499420166,0.2800735533237457,-0.022108113393187523
