frame,Ankle.R_x,Ankle.R_y,Ankle.R_z,Knee.R_x,Knee.R_y,Knee.R_z,Hip.R_x,Hip.R_y,Hip.R_z,Hip.L_x,Hip.L_y,Hip.L_z,Knee.L_x,Knee.L_y,Knee.L_z,Ankle.L_x,Ankle.L_y,Ankle.L_z,Wrist.R_x,Wrist.R_y,Wrist.R_z,Elbow.R_x,Elbow.R_y,Elbow.R_z,Shoulder.R_x,Shoulder.R_y,Shoulder.R_z,Shoulder.L_x,Shoulder.L_y,Shoulder.L_z,Elbow.L_x,Elbow.L_y,Elbow.L_z,Wrist.L_x,Wrist.L_y,Wrist.L_z,Neck_x,Neck_y,Neck_z,Head_x,Head_y,Head_z,Nose_x,Nose_y,Nose_z,Eye.L_x,Eye.L_y,Eye.L_z,Eye.R_x,Eye.R_y,Eye.R_z,Ear.L_x,Ear.L_y,Ear.L_z,Ear.R_x,Ear.R_y,Ear.R_z,hip.Center_x,hip.Center_y,hip.Center_z
0,0.2968483,-0.50533926,-0.19986077,0.08211832,-0.124800324,-0.144076,-0.011960928,0.300005,-0.13846336,-0.005719012,0.2664169,0.10335392,-0.10776316,-0.13896325,0.022934983,-0.14616984,-0.56814146,-0.05586475,-0.21862575,0.34288663,-0.25279337,-0.013015718,0.5015352,-0.2594182,-0.028304763,0.74664444,-0.12731704,-0.033619277,0.72322285,0.17507209,0.021433115,0.4554151,0.24031357,-0.0918272,0.22632468,0.20768313,-0.05959937,0.8032675,0.030226339,-0.13882999,1.0154217,0.045755405,-0.2357025,0.89372265,0.02155745,-0.21475378,0.937177,0.06312297,-0.20510331,0.94379014,-0.0032029636,-0.1245923,0.93726254,0.11769082,-0.10281679,0.953061,-0.0317747,-0.008839970454573631,0.2832109332084656,-0.017554722726345062
