frame,Ankle.R_x,Ankle.R_y,Ankle.R_z,Knee.R_x,Knee.R_y,Knee.R_z,Hip.R_x,Hip.R_y,Hip.R_z,Hip.L_x,Hip.L_y,Hip.L_z,Knee.L_x,Knee.L_y,Knee.L_z,Ankle.L_x,Ankle.L_y,Ankle.L_z,Wrist.R_x,Wrist.R_y,Wrist.R_z,Elbow.R_x,Elbow.R_y,Elbow.R_z,Shoulder.R_x,Shoulder.R_y,Shoulder.R_z,Shoulder.L_x,Shoulder.L_y,Shoulder.L_z,Elbow.L_x,Elbow.L_y,Elbow.L_z,Wrist.L_x,Wrist.L_y,Wrist.L_z,Neck_x,Neck_y,Neck_z,Head_x,Head_y,Head_z,Nose_x,Nose_y,Nose_z,Eye.L_x,Eye.L_y,Eye.L_z,Eye.R_x,Eye.R_y,Eye.R_z,Ear.L_x,Ear.L_y,Ear.L_z,Ear.R_x,Ear.R_y,Ear.R_z,hip.Center_x,hip.Center_y,hip.Center_z
0,-0.24252273,-0.5750591,-0.341341,-0.17738144,-0.19402047,-0.03871939,-0.12942618,0.266882,-0.0141654825,0.12673713,0.24972652,-0.019606905,0.11411461,-0.21171385,-0.026472552,0.11517303,-0.6118665,-0.31522626,-0.31596887,0.17600644,0.04344332,-0.24433744,0.4327201,-0.052244104,-0.12663685,0.69798315,0.015253979,0.17645349,0.6846118,-0.00074204616,0.2612823,0.40729335,-0.07269294,0.3235182,0.15346153,0.027335778,0.031598825,0.7602648,0.03753259,0.035941727,0.9746242,0.07769385,0.039826162,0.8747462,0.19891952,0.07251169,0.9171258,0.1641262,0.0051152874,0.91638553,0.16390972,0.111901015,0.9019626,0.06990476,-0.03721772,0.9010763,0.068950556,-0.001344524323940277,0.25830426812171936,-0.016886193305253983
