frame,Ankle.R_x,Ankle.R_y,Ankle.R_z,Knee.R_x,Knee.R_y,Knee.R_z,Hip.R_x,Hip.R_y,Hip.R_z,Hip.L_x,Hip.L_y,Hip.L_z,Knee.L_x,Knee.L_y,Knee.L_z,Ankle.L_x,Ankle.L_y,Ankle.L_z,Wrist.R_x,Wrist.R_y,Wrist.R_z,Elbow.R_x,Elbow.R_y,Elbow.R_z,Shoulder.R_x,Shoulder.R_y,Shoulder.R_z,Shoulder.L_x,Shoulder.L_y,Shoulder.L_z,Elbow.L_x,Elbow.L_y,Elbow.L_z,Wrist.L_x,Wrist.L_y,Wrist.L_z,Neck_x,Neck_y,Neck_z,Head_x,Head_y,Head_z,Nose_x,Nose_y,Nose_z,Eye.L_x,Eye.L_y,Eye.L_z,Eye.R_x,Eye.R_y,Eye.R_z,Ear.L_x,Ear.L_y,Ear.L_z,Ear.R_x,Ear.R_y,Ear.R_z,hip.Center_x,hip.Center_y,hip.Center_z
0,-0.056615617,-0.5280153,-0.22672735,-0.074244544,-0.17807804,0.041611537,-0.12148039,0.24651691,0.02328542,0.09367321,0.30226842,-0.071194224,0.36894283,0.03338788,0.04518361,0.3365102,-0.3662691,-0.13775343,-0.5577397,0.91156507,0.31997317,-0.46992156,0.73322165,0.15231207,-0.2080393,0.7245624,0.04938769,0.06498684,0.7388307,-0.036731787,0.3400057,0.72089314,-0.083727226,0.42951065,0.9037144,0.06875511,-0.07004732,0.77442837,0.026955353,-0.07362237,0.98274535,0.0773343,-0.040656652,0.87897265,0.18780975,-0.01923072,0.9241433,0.15168954,-0.08423942,0.9176215,0.16221218,0.004826013,0.91903937,0.05123961,-0.14322537,0.9040115,0.07414359,-0.01390359178185463,0.27439266443252563,-0.023954402655363083
