frame,Ankle.R_x,Ankle.R_y,Ankle.R_z,Knee.R_x,Knee.R_y,Knee.R_z,Hip.R_x,Hip.R_y,Hip.R_z,Hip.L_x,Hip.L_y,Hip.L_z,Knee.L_x,Knee.L_y,Knee.L_z,Ankle.L_x,Ankle.L_y,Ankle.L_z,Wrist.R_x,Wrist.R_y,Wrist.R_z,Elbow.R_x,Elbow.R_y,Elbow.R_z,Shoulder.R_x,Shoulder.R_y,Shoulder.R_z,Shoulder.L_x,Shoulder.L_y,Shoulder.L_z,Elbow.L_x,Elbow.L_y,Elbow.L_z,Wrist.L_x,Wrist.L_y,Wrist.L_z,Neck_x,Neck_y,Neck_z,Head_x,Head_y,Head_z,Nose_x,Nose_y,Nose_z,Eye.L_x,Eye.L_y,Eye.L_z,Eye.R_x,Eye.R_y,Eye.R_z,Ear.L_x,Ear.L_y,Ear.L_z,Ear.R_x,Ear.R_y,Ear.R_z,hip.Center_x,hip.Center_y,hip.Center_z
0,-0.14558859,-0.42709348,-0.28100237,-0.26610315,-0.072074175,-0.053814195,-0.05925671,0.30805612,-0.122096375,0.05854944,0.27113652,0.08902282,0.009504941,-0.15213403,-0.00019028131,0.06590668,-0.5596332,-0.16756603,-0.10625631,0.3180846,-0.4043907,0.022755403,0.5211121,-0.29174897,0.0014781188,0.7601586,-0.14518735,0.029255643,0.75142896,0.16413154,-0.02865206,0.4996776,0.2738201,-0.25229838,0.39888707,0.36545455,-0.009186137,0.8243511,0.017783925,-0.09138654,1.0393387,0.045999523,-0.17043573,0.9113165,0.09469566,-0.13388452,0.9612965,0.110873915,-0.16583343,0.9588715,0.051572904,-0.029711813,0.97184145,0.10159816,-0.10079175,0.96731734,-0.0349676,-0.0003536343574523926,0.2895963191986084,-0.01653677597641945
