frame,Ankle.R_x,Ankle.R_y,Ankle.R_z,Knee.R_x,Knee.R_y,Knee.R_z,Hip.R_x,Hip.R_y,Hip.R_z,Hip.L_x,Hip.L_y,Hip.L_z,Knee.L_x,Knee.L_y,Knee.L_z,Ankle.L_x,Ankle.L_y,Ankle.L_z,Wrist.R_x,Wrist.R_y,Wrist.R_z,Elbow.R_x,Elbow.R_y,Elbow.R_z,Shoulder.R_x,Shoulder.R_y,Shoulder.R_z,Shoulder.L_x,Shoulder.L_y,Shoulder.L_z,Elbow.L_x,Elbow.L_y,Elbow.L_z,Wrist.L_x,Wrist.L_y,Wrist.L_z,Neck_x,Neck_y,Neck_z,Head_x,Head_y,Head_z,Nose_x,Nose_y,Nose_z,Eye.L_x,Eye.L_y,Eye.L_z,Eye.R_x,Eye.R_y,Eye.R_z,Ear.L_x,Ear.L_y,Ear.L_z,Ear.R_x,Ear.R_y,Ear.R_z,hip.Center_x,hip.Center_y,hip.Center_z
0,-0.12257093,-0.5307626,-0.28794903,-0.09575965,-0.12252594,-0.15920678,-0.03000768,0.28664783,-0.13227442,0.021389203,0.24721783,0.10252186,-0.06284426,-0.15095893,0.015375761,-0.107412845,-0.5659652,-0.08633456,-0.5472753,0.42402333,-0.3389748,-0.32487673,0.5591545,-0.2914853,-0.18685842,0.6941959,-0.11567071,-0.2417996,0.6793756,0.13223876,-0.4723065,0.5559294,0.13929358,-0.70536584,0.47674805,0.045119736,-0.2259658,0.7231363,0.011452129,-0.35644925,0.8910532,0.02061573,-0.40979668,0.7463323,0.045381404,-0.39350587,0.7998795,0.07118865,-0.40957466,0.7946032,0.0067388956,-0.2980128,0.83663446,0.086064294,-0.3306671,0.8278322,-0.05876214,-0.004309238865971565,0.2669328451156616,-0.014876279979944229
