frame,Ankle.R_x,Ankle.R_y,Ankle.R_z,Knee.R_x,Knee.R_y,Knee.R_z,Hip.R_x,Hip.R_y,Hip.R_z,Hip.L_x,Hip.L_y,Hip.L_z,Knee.L_x,Knee.L_y,Knee.L_z,Ankle.L_x,Ankle.L_y,Ankle.L_z,Wrist.R_x,Wrist.R_y,Wrist.R_z,Elbow.R_x,Elbow.R_y,Elbow.R_z,Shoulder.R_x,Shoulder.R_y,Shoulder.R_z,Shoulder.L_x,Shoulder.L_y,Shoulder.L_z,Elbow.L_x,Elbow.L_y,Elbow.L_z,Wrist.L_x,Wrist.L_y,Wrist.L_z,Neck_x,Neck_y,Neck_z,Head_x,Head_y,Head_z,Nose_x,Nose_y,Nose_z,Eye.L_x,Eye.L_y,Eye.L_z,Eye.R_x,Eye.R_y,Eye.R_z,Ear.L_x,Ear.L_y,Ear.L_z,Ear.R_x,Ear.R_y,Ear.R_z,hip.Center_x,hip.Center_y,hip.Center_z
0,-0.092029355,-0.5268184,-0.2999809,-0.0778112,-0.12377282,-0.1670723,-0.01840479,0.28183702,-0.13337967,0.010769762,0.24492398,0.104109935,-0.06702216,-0.15027386,0.021300888,-0.11612077,-0.5639501,-0.061648495,-0.5764607,0.45950907,-0.40856564,-0.35558212,0.5683252,-0.31779906,-0.20916973,0.6712433,-0.1313601,-0.28381968,0.652336,0.09910054,-0.51705843,0.5388801,0.084967546,-0.7470474,0.48103642,-0.023200078,-0.25777033,0.69534546,-0.014910193,-0.37278813,0.8659969,-0.024593389,-0.44505253,0.72941804,-0.0018272772,-0.4259544,0.78164715,0.0241709,-0.43532217,0.7753166,-0.04141339,-0.32934946,0.8084115,0.04861102,-0.34662217,0.797191,-0.09774038,-0.003817513585090637,0.2633804976940155,-0.014634866267442703
