frame,Ankle.R_x,Ankle.R_y,Ankle.R_z,Knee.R_x,Knee.R_y,Knee.R_z,Hip.R_x,Hip.R_y,Hip.R_z,Hip.L_x,Hip.L_y,Hip.L_z,Knee.L_x,Knee.L_y,Knee.L_z,Ankle.L_x,Ankle.L_y,Ankle.L_z,Wrist.R_x,Wrist.R_y,Wrist.R_z,Elbow.R_x,Elbow.R_y,Elbow.R_z,Shoulder.R_x,Shoulder.R_y,Shoulder.R_z,Shoulder.L_x,Shoulder.L_y,Shoulder.L_z,Elbow.L_x,Elbow.L_y,Elbow.L_z,Wrist.L_x,Wrist.L_y,Wrist.L_z,Neck_x,Neck_y,Neck_z,Head_x,Head_y,Head_z,Nose_x,Nose_y,Nose_z,Eye.L_x,Eye.L_y,Eye.L_z,Eye.R_x,Eye.R_y,Eye.R_z,Ear.L_x,Ear.L_y,Ear.L_z,Ear.R_x,Ear.R_y,Ear.R_z,hip.Center_x,hip.Center_y,hip.Center_z
0,-0.051559445,-0.5170418,-0.2656823,-0.085050866,-0.16450772,-0.00488899,-0.12679106,0.26643008,0.0033565238,0.10860487,0.29936054,-0.039240275,0.2535,-0.08923652,0.030921062,0.26719677,-0.44497433,-0.2343888,-0.6095537,0.7833415,0.15420724,-0.46238643,0.637611,0.0076464377,-0.19798508,0.7456303,0.0061868094,0.09616452,0.7572971,-0.02748634,0.35028362,0.6422059,-0.08332439,0.5232208,0.7858012,0.029326549,-0.04945913,0.805085,0.016236115,-0.053013567,1.0207337,0.061615933,-0.023831122,0.92154855,0.18054274,-0.0005063899,0.96460426,0.14092177,-0.066215016,0.9601962,0.151474,0.024557289,0.9523138,0.040358435,-0.1255984,0.942595,0.062518835,-0.009093094617128372,0.2828953266143799,-0.017941875383257866
