frame,Ankle.R_x,Ankle.R_y,Ankle.R_z,Knee.R_x,Knee.R_y,Knee.R_z,Hip.R_x,Hip.R_y,Hip.R_z,Hip.L_x,Hip.L_y,Hip.L_z,Knee.L_x,Knee.L_y,Knee.L_z,Ankle.L_x,Ankle.L_y,Ankle.L_z,Wrist.R_x,Wrist.R_y,Wrist.R_z,Elbow.R_x,Elbow.R_y,Elbow.R_z,Shoulder.R_x,Shoulder.R_y,Shoulder.R_z,Shoulder.L_x,Shoulder.L_y,Shoulder.L_z,Elbow.L_x,Elbow.L_y,Elbow.L_z,Wrist.L_x,Wrist.L_y,Wrist.L_z,Neck_x,Neck_y,Neck_z,Head_x,Head_y,Head_z,Nose_x,Nose_y,Nose_z,Eye.L_x,Eye.L_y,Eye.L_z,Eye.R_x,Eye.R_y,Eye.R_z,Ear.L_x,Ear.L_y,Ear.L_z,Ear.R_x,Ear.R_y,Ear.R_z,hip.Center_x,hip.Center_y,hip.Center_z
0,-0.07146233,-0.61056685,-0.35057643,-0.09140586,-0.21047448,-0.06591539,-0.13359454,0.25464615,-0.02257811,0.12401426,0.25875136,-0.007847996,0.12863204,-0.20056206,-0.059964754,0.17466635,-0.62270135,-0.31350446,-0.31417403,0.19338326,0.041734587,-0.27216148,0.44021124,-0.08797887,-0.15945071,0.7003113,0.0031830939,0.14372662,0.6954319,0.027046647,0.24701884,0.4248358,-0.047506407,0.27157745,0.16589558,0.05368245,-0.0075044204,0.7638486,0.04688419,-0.016352698,0.9755453,0.09635089,-0.028228998,0.8694178,0.21185036,0.008110444,0.9144087,0.18471475,-0.05843234,0.911682,0.17377579,0.06280383,0.9053846,0.097180605,-0.08440446,0.9002812,0.072569616,-0.004790142178535461,0.25669875741004944,-0.015213053673505783
