frame,Ankle.R_x,Ankle.R_y,Ankle.R_z,Knee.R_x,Knee.R_y,Knee.R_z,Hip.R_x,Hip.R_y,Hip.R_z,Hip.L_x,Hip.L_y,Hip.L_z,Knee.L_x,Knee.L_y,Knee.L_z,Ankle.L_x,Ankle.L_y,Ankle.L_z,Wrist.R_x,Wrist.R_y,Wrist.R_z,Elbow.R_x,Elbow.R_y,Elbow.R_z,Shoulder.R_x,Shoulder.R_y,Shoulder.R_z,Shoulder.L_x,Shoulder.L_y,Shoulder.L_z,Elbow.L_x,Elbow.L_y,Elbow.L_z,Wrist.L_x,Wrist.L_y,Wrist.L_z,Neck_x,Neck_y,Neck_z,Head_x,Head_y,Head_z,Nose_x,Nose_y,Nose_z,Eye.L_x,Eye.L_y,Eye.L_z,Eye.R_x,Eye.R_y,Eye.R_z,Ear.L_x,Ear.L_y,Ear.L_z,Ear.R_x,Ear.R_y,Ear.R_z,hip.Center_x,hip.Center_y,hip.Center_z
0,-0.09284845,-0.52501506,-0.30062306,-0.07977542,-0.12345465,-0.16414323,-0.021041133,0.28147846,-0.1330185,0.013270066,0.24513885,0.10402585,-0.06443223,-0.14952075,0.020457847,-0.1111801,-0.562203,-0.06602475,-0.5583868,0.46725622,-0.4408376,-0.34491405,0.5740601,-0.3333341,-0.21627524,0.66888416,-0.12936632,-0.29022133,0.64911455,0.10123432,-0.5238675,0.5359672,0.094595924,-0.7533514,0.48427197,-0.016154826,-0.26571226,0.69126904,-0.013184749,-0.38164008,0.8606892,-0.024660325,-0.45377198,0.7238628,-0.0022164565,-0.43537825,0.77635384,0.023745675,-0.4436142,0.76957166,-0.04193308,-0.33928263,0.80361855,0.0496457,-0.35417223,0.7915306,-0.096897155,-0.003885533194988966,0.26330864429473877,-0.014496322721242905
