frame,Ankle.R_x,Ankle.R_y,Ankle.R_z,Knee.R_x,Knee.R_y,Knee.R_z,Hip.R_x,Hip.R_y,Hip.R_z,Hip.L_x,Hip.L_y,Hip.L_z,Knee.L_x,Knee.L_y,Knee.L_z,Ankle.L_x,Ankle.L_y,Ankle.L_z,Wrist.R_x,Wrist.R_y,Wrist.R_z,Elbow.R_x,Elbow.R_y,Elbow.R_z,Shoulder.R_x,Shoulder.R_y,Shoulder.R_z,Shoulder.L_x,Shoulder.L_y,Shoulder.L_z,Elbow.L_x,Elbow.L_y,Elbow.L_z,Wrist.L_x,Wrist.L_y,Wrist.L_z,Neck_x,Neck_y,Neck_z,Head_x,Head_y,Head_z,Nose_x,Nose_y,Nose_z,Eye.L_x,Eye.L_y,Eye.L_z,Eye.R_x,Eye.R_y,Eye.R_z,Ear.L_x,Ear.L_y,Ear.L_z,Ear.R_x,Ear.R_y,Ear.R_z,hip.Center_x,hip.Center_y,hip.Center_z
0,0.33185595,-0.46174568,-0.24030107,0.018401846,-0.14954764,-0.1581431,-0.017486796,0.29541576,-0.13882518,0.0010927635,0.26074603,0.10524651,-0.07723106,-0.1577519,0.0052795447,-0.05474331,-0.58916974,-0.11463039,-0.07709414,0.24690937,-0.3073603,0.03915069,0.48080504,-0.24851665,0.018269833,0.73655534,-0.1242243,-0.007975485,0.7119765,0.18002246,-0.0148584265,0.4325596,0.24382246,-0.15170062,0.20710354,0.22212972,-0.018527912,0.79737294,0.033616323,-0.10223643,1.0121526,0.041625727,-0.19202106,0.88429207,0.029874943,-0.17150939,0.9312213,0.06760332,-0.16668373,0.9349401,0.0007153973,-0.07888526,0.93929255,0.11521839,-0.06742883,0.94851637,-0.034659594,-0.008197016082704067,0.27808088064193726,-0.016789335757493973
