frame,Ankle.R_x,Ankle.R_y,Ankle.R_z,Knee.R_x,Knee.R_y,Knee.R_z,Hip.R_x,Hip.R_y,Hip.R_z,Hip.L_x,Hip.L_y,Hip.L_z,Knee.L_x,Knee.L_y,Knee.L_z,Ankle.L_x,Ankle.L_y,Ankle.L_z,Wrist.R_x,Wrist.R_y,Wrist.R_z,Elbow.R_x,Elbow.R_y,Elbow.R_z,Shoulder.R_x,Shoulder.R_y,Shoulder.R_z,Shoulder.L_x,Shoulder.L_y,Shoulder.L_z,Elbow.L_x,Elbow.L_y,Elbow.L_z,Wrist.L_x,Wrist.L_y,Wrist.L_z,Neck_x,Neck_y,Neck_z,Head_x,Head_y,Head_z,Nose_x,Nose_y,Nose_z,Eye.L_x,Eye.L_y,Eye.L_z,Eye.R_x,Eye.R_y,Eye.R_z,Ear.L_x,Ear.L_y,Ear.L_z,Ear.R_x,Ear.R_y,Ear.R_z,hip.Center_x,hip.Center_y,hip.Center_z
0,0.026786944,-0.47033566,0.006796389,-2.2984867e-05,-0.105214775,-0.21638279,0.11261566,0.29043254,-0.056110628,-0.11612791,0.2902002,0.025336927,-0.13911442,-0.1268519,-0.08460582,-0.043266904,-0.52299035,0.07159227,0.21289867,0.23158133,-0.18201515,0.2139321,0.47371912,-0.07915368,0.15891539,0.74011225,-0.040688448,-0.13257618,0.75797117,0.05877971,-0.27040243,0.519941,0.027022032,-0.38328674,0.3789137,-0.15956488,0.007330766,0.8250647,-0.003662014,-0.05076905,1.049491,-0.04042875,-0.08583683,0.9297444,-0.13520731,-0.106101245,0.9701476,-0.08985912,-0.05045247,0.98238176,-0.12548967,-0.08854878,0.96776325,0.013199836,0.03927552,0.99428743,-0.0658308,-0.001756124198436737,0.2903163731098175,-0.015386850573122501
