frame,Ankle.R_x,Ankle.R_y,Ankle.R_z,Knee.R_x,Knee.R_y,Knee.R_z,Hip.R_x,Hip.R_y,Hip.R_z,Hip.L_x,Hip.L_y,Hip.L_z,Knee.L_x,Knee.L_y,Knee.L_z,Ankle.L_x,Ankle.L_y,Ankle.L_z,Wrist.R_x,Wrist.R_y,Wrist.R_z,Elbow.R_x,Elbow.R_y,Elbow.R_z,Shoulder.R_x,Shoulder.R_y,Shoulder.R_z,Shoulder.L_x,Shoulder.L_y,Shoulder.L_z,Elbow.L_x,Elbow.L_y,Elbow.L_z,Wrist.L_x,Wrist.L_y,Wrist.L_z,Neck_x,Neck_y,Neck_z,Head_x,Head_y,Head_z,Nose_x,Nose_y,Nose_z,Eye.L_x,Eye.L_y,Eye.L_z,Eye.R_x,Eye.R_y,Eye.R_z,Ear.L_x,Ear.L_y,Ear.L_z,Ear.R_x,Ear.R_y,Ear.R_z,hip.Center_x,hip.Center_y,hip.Center_z
0,-0.07028248,-0.52635175,-0.28499043,-0.085885316,-0.16263849,-0.03592859,-0.12335163,0.26504126,0.019090729,0.10602271,0.30292246,-0.05912319,0.30772954,-0.030911658,0.08623119,0.058943655,-0.23034513,-0.19283693,-0.33780605,0.7404234,0.20497149,-0.45332,0.62257004,0.019109411,-0.19732015,0.74605703,0.022327939,0.09787219,0.7449844,-0.040196784,0.32867637,0.5841068,-0.096608475,0.32541776,0.7953882,0.02425996,-0.04526696,0.80262995,0.016343616,-0.041088264,1.0189506,0.07316825,-0.018523246,0.9078711,0.18141262,0.0070800073,0.9536095,0.14741285,-0.058752798,0.9507969,0.15590243,0.034784604,0.9502424,0.047586285,-0.11476658,0.94396734,0.064514,-0.008664462715387344,0.2839818596839905,-0.020016230642795563
