frame,Ankle.R_x,Ankle.R_y,Ankle.R_z,Knee.R_x,Knee.R_y,Knee.R_z,Hip.R_x,Hip.R_y,Hip.R_z,Hip.L_x,Hip.L_y,Hip.L_z,Knee.L_x,Knee.L_y,Knee.L_z,Ankle.L_x,Ankle.L_y,Ankle.L_z,Wrist.R_x,Wrist.R_y,Wrist.R_z,Elbow.R_x,Elbow.R_y,Elbow.R_z,Shoulder.R_x,Shoulder.R_y,Shoulder.R_z,Shoulder.L_x,Shoulder.L_y,Shoulder.L_z,Elbow.L_x,Elbow.L_y,Elbow.L_z,Wrist.L_x,Wrist.L_y,Wrist.L_z,Neck_x,Neck_y,Neck_z,Head_x,Head_y,Head_z,Nose_x,Nose_y,Nose_z,Eye.L_x,Eye.L_y,Eye.L_z,Eye.R_x,Eye.R_y,Eye.R_z,Ear.L_x,Ear.L_y,Ear.L_z,Ear.R_x,Ear.R_y,Ear.R_z,hip.Center_x,hip.Center_y,hip.Center_z
0,-0.09024362,-0.5246254,-0.2999944,-0.07944126,-0.12324157,-0.16340458,-0.020215333,0.28194192,-0.13281456,0.012218564,0.24388056,0.10424442,-0.06505294,-0.14986828,0.017189294,-0.10964895,-0.5614267,-0.07510693,-0.55894387,0.48881653,-0.44346923,-0.34104985,0.58410484,-0.33450025,-0.21242219,0.67086834,-0.12710361,-0.29229912,0.64578223,0.10128427,-0.5261868,0.53416264,0.08263847,-0.7521225,0.4891312,-0.037709944,-0.26487267,0.6907095,-0.011519375,-0.38460192,0.8587578,-0.022040656,-0.45259887,0.72022635,0.00198007,-0.43494546,0.773106,0.027505161,-0.44472644,0.766141,-0.037927464,-0.33911473,0.8027552,0.05088899,-0.35716933,0.79043984,-0.09510543,-0.003998384345322847,0.26291123032569885,-0.014285068958997726
