frame,Ankle.R_x,Ankle.R_y,Ankle.R_z,Knee.R_x,Knee.R_y,Knee.R_z,Hip.R_x,Hip.R_y,Hip.R_z,Hip.L_x,Hip.L_y,Hip.L_z,Knee.L_x,Knee.L_y,Knee.L_z,Ankle.L_x,Ankle.L_y,Ankle.L_z,Wrist.R_x,Wrist.R_y,Wrist.R_z,Elbow.R_x,Elbow.R_y,Elbow.R_z,Shoulder.R_x,Shoulder.R_y,Shoulder.R_z,Shoulder.L_x,Shoulder.L_y,Shoulder.L_z,Elbow.L_x,Elbow.L_y,Elbow.L_z,Wrist.L_x,Wrist.L_y,Wrist.L_z,Neck_x,Neck_y,Neck_z,Head_x,Head_y,Head_z,Nose_x,Nose_y,Nose_z,Eye.L_x,Eye.L_y,Eye.L_z,Eye.R_x,Eye.R_y,Eye.R_z,Ear.L_x,Ear.L_y,Ear.L_z,Ear.R_x,Ear.R_y,Ear.R_z,hip.Center_x,hip.Center_y,hip.Center_z
0,-0.070430316,-0.5130804,-0.2899447,-0.09185396,-0.13444543,-0.072629854,-0.12783463,0.2955956,-0.014031356,0.11261217,0.30534706,-0.0075226584,0.14256683,-0.11619395,-0.06362724,0.19246773,-0.5051644,-0.26146355,-0.40615103,0.47426403,0.054714378,-0.33149025,0.62980694,-0.13473186,-0.17119871,0.8146235,-0.0026759142,0.12325219,0.8039814,0.0066856816,0.25177458,0.5706568,-0.07452035,0.2837439,0.5621735,0.17141366,-0.022643367,0.8670554,0.039924283,-0.03387008,1.0869452,0.08470214,-0.031081289,0.9859346,0.21164195,0.000510459,1.0303593,0.17577,-0.066761024,1.023997,0.17104813,0.05118654,1.0167875,0.08215824,-0.1041494,1.0045731,0.06927767,-0.0076112300157547,0.30047130584716797,-0.010777007788419724
