frame,Ankle.R_x,Ankle.R_y,Ankle.R_z,Knee.R_x,Knee.R_y,Knee.R_z,Hip.R_x,Hip.R_y,Hip.R_z,Hip.L_x,Hip.L_y,Hip.L_z,Knee.L_x,Knee.L_y,Knee.L_z,Ankle.L_x,Ankle.L_y,Ankle.L_z,Wrist.R_x,Wrist.R_y,Wrist.R_z,Elbow.R_x,Elbow.R_y,Elbow.R_z,Shoulder.R_x,Shoulder.R_y,Shoulder.R_z,Shoulder.L_x,Shoulder.L_y,Shoulder.L_z,Elbow.L_x,Elbow.L_y,Elbow.L_z,Wrist.L_x,Wrist.L_y,Wrist.L_z,Neck_x,Neck_y,Neck_z,Head_x,Head_y,Head_z,Nose_x,Nose_y,Nose_z,Eye.L_x,Eye.L_y,Eye.L_z,Eye.R_x,Eye.R_y,Eye.R_z,Ear.L_x,Ear.L_y,Ear.L_z,Ear.R_x,Ear.R_y,Ear.R_z,hip.Center_x,hip.Center_y,hip.Center_z
0,-0.07276007,-0.61802924,-0.33418956,-0.09779618,-0.21059373,-0.061117623,-0.13243085,0.25550106,-0.02643143,0.12347684,0.2537992,-0.0036618134,0.11780451,-0.20426789,-0.06182025,0.1527219,-0.6321032,-0.30690315,-0.36371303,0.21427889,-0.011728949,-0.25673395,0.44814447,-0.1252073,-0.14359914,0.7013498,-0.019676857,0.15363017,0.6827108,0.028262101,0.23600848,0.40206477,-0.030554982,0.25534666,0.1386595,0.0598717,0.0056621972,0.7592318,0.03622636,0.00039667118,0.9712276,0.08299568,-0.019643888,0.86734134,0.19895798,0.019177333,0.9106511,0.17300808,-0.04682997,0.90997696,0.15947129,0.076511495,0.89885354,0.08806276,-0.06877664,0.8981665,0.057712004,-0.004477005451917648,0.2546501159667969,-0.015046621672809124
