frame,Ankle.R_x,Ankle.R_y,Ankle.R_z,Knee.R_x,Knee.R_y,Knee.R_z,Hip.R_x,Hip.R_y,Hip.R_z,Hip.L_x,Hip.L_y,Hip.L_z,Knee.L_x,Knee.L_y,Knee.L_z,Ankle.L_x,Ankle.L_y,Ankle.L_z,Wrist.R_x,Wrist.R_y,Wrist.R_z,Elbow.R_x,Elbow.R_y,Elbow.R_z,Shoulder.R_x,Shoulder.R_y,Shoulder.R_z,Shoulder.L_x,Shoulder.L_y,Shoulder.L_z,Elbow.L_x,Elbow.L_y,Elbow.L_z,Wrist.L_x,Wrist.L_y,Wrist.L_z,Neck_x,Neck_y,Neck_z,Head_x,Head_y,Head_z,Nose_x,Nose_y,Nose_z,Eye.L_x,Eye.L_y,Eye.L_z,Eye.R_x,Eye.R_y,Eye.R_z,Ear.L_x,Ear.L_y,Ear.L_z,Ear.R_x,Ear.R_y,Ear.R_z,hip.Center_x,hip.Center_y,hip.Center_z
0,0.15381423,-0.5325889,-0.22868565,0.030778643,-0.12182295,-0.16448441,0.003714109,0.30682072,-0.13533863,-0.009496279,0.2658706,0.103664294,-0.20478189,-0.094050206,0.029893352,-0.32633302,-0.5002338,-0.049613036,-0.16878667,0.5714031,-0.359708,0.07075111,0.55245125,-0.28853217,0.031916358,0.7600323,-0.11499142,-0.00604936,0.73633915,0.17566991,0.052029483,0.4810482,0.26624754,-0.10704435,0.300308,0.3349156,-0.01877464,0.81056094,0.029858336,-0.09538002,1.0214789,0.009249961,-0.19274466,0.8987375,-0.012682758,-0.17646234,0.94671166,0.025438339,-0.15709957,0.9442824,-0.03909921,-0.0947969,0.95348394,0.09275391,-0.05075731,0.9485251,-0.053782716,-0.002891085110604763,0.2863456606864929,-0.0158371701836586
