frame,Ankle.R_x,Ankle.R_y,Ankle.R_z,Knee.R_x,Knee.R_y,Knee.R_z,Hip.R_x,Hip.R_y,Hip.R_z,Hip.L_x,Hip.L_y,Hip.L_z,Knee.L_x,Knee.L_y,Knee.L_z,Ankle.L_x,Ankle.L_y,Ankle.L_z,Wrist.R_x,Wrist.R_y,Wrist.R_z,Elbow.R_x,Elbow.R_y,Elbow.R_z,Shoulder.R_x,Shoulder.R_y,Shoulder.R_z,Shoulder.L_x,Shoulder.L_y,Shoulder.L_z,Elbow.L_x,Elbow.L_y,Elbow.L_z,Wrist.L_x,Wrist.L_y,Wrist.L_z,Neck_x,Neck_y,Neck_z,Head_x,Head_y,Head_z,Nose_x,Nose_y,Nose_z,Eye.L_x,Eye.L_y,Eye.L_z,Eye.R_x,Eye.R_y,Eye.R_z,Ear.L_x,Ear.L_y,Ear.L_z,Ear.R_x,Ear.R_y,Ear.R_z,hip.Center_x,hip.Center_y,hip.Center_z
0,-0.05271696,-0.5026731,-0.35611546,-0.07137926,-0.10689994,-0.20211816,-0.0039395057,0.29453608,-0.13288529,-0.002811896,0.24905378,0.10379285,-0.09146421,-0.14254421,0.015185032,-0.13919547,-0.5568495,-0.066078305,-0.45446005,0.4563379,-0.43183032,-0.2542377,0.5927243,-0.3311624,-0.15140237,0.7175387,-0.12831943,-0.23702203,0.6907215,0.11529463,-0.44592345,0.5349382,0.12534052,-0.6642107,0.45910645,0.007124043,-0.20692894,0.74216247,-0.0051755784,-0.3192678,0.9208221,-0.002371982,-0.39274436,0.78249216,-0.0019065533,-0.37539274,0.83158755,0.031451885,-0.37882635,0.8332508,-0.035077184,-0.2809023,0.8544272,0.06753418,-0.28565425,0.8602225,-0.08219216,-0.0033757006749510765,0.2717949151992798,-0.014546219259500504
