frame,Ankle.R_x,Ankle.R_y,Ankle.R_z,Knee.R_x,Knee.R_y,Knee.R_z,Hip.R_x,Hip.R_y,Hip.R_z,Hip.L_x,Hip.L_y,Hip.L_z,Knee.L_x,Knee.L_y,Knee.L_z,Ankle.L_x,Ankle.L_y,Ankle.L_z,Wrist.R_x,Wrist.R_y,Wrist.R_z,Elbow.R_x,Elbow.R_y,Elbow.R_z,Shoulder.R_x,Shoulder.R_y,Shoulder.R_z,Shoulder.L_x,Shoulder.L_y,Shoulder.L_z,Elbow.L_x,Elbow.L_y,Elbow.L_z,Wrist.L_x,Wrist.L_y,Wrist.L_z,Neck_x,Neck_y,Neck_z,Head_x,Head_y,Head_z,Nose_x,Nose_y,Nose_z,Eye.L_x,Eye.L_y,Eye.L_z,Eye.R_x,Eye.R_y,Eye.R_z,Ear.L_x,Ear.L_y,Ear.L_z,Ear.R_x,Ear.R_y,Ear.R_z,hip.Center_x,hip.Center_y,hip.Center_z
0,-0.06319978,-0.4990126,-0.35327634,-0.069137424,-0.10605267,-0.19999453,-0.006665007,0.29478168,-0.13291943,-0.00041075225,0.25157544,0.104294375,-0.0882724,-0.14010201,0.021096451,-0.13847245,-0.55215853,-0.04923051,-0.36538774,0.3583326,-0.3980856,-0.20549943,0.545938,-0.3149271,-0.15293512,0.7165538,-0.13060382,-0.2284488,0.6939192,0.12060706,-0.3953938,0.49875572,0.15732428,-0.5991592,0.37041286,0.06653841,-0.20609683,0.74650055,-0.0035146102,-0.30460265,0.9305033,0.00882073,-0.3885578,0.7977376,0.016627949,-0.36419365,0.84508216,0.048140224,-0.37405452,0.8473635,-0.017883899,-0.26505125,0.8607063,0.07487146,-0.28419164,0.8671147,-0.07415025,-0.003537879791110754,0.2731785774230957,-0.01431252807378769
