frame,Ankle.R_x,Ankle.R_y,Ankle.R_z,Knee.R_x,Knee.R_y,Knee.R_z,Hip.R_x,Hip.R_y,Hip.R_z,Hip.L_x,Hip.L_y,Hip.L_z,Knee.L_x,Knee.L_y,Knee.L_z,Ankle.L_x,Ankle.L_y,Ankle.L_z,Wrist.R_x,Wrist.R_y,Wrist.R_z,Elbow.R_x,Elbow.R_y,Elbow.R_z,Shoulder.R_x,Shoulder.R_y,Shoulder.R_z,Shoulder.L_x,Shoulder.L_y,Shoulder.L_z,Elbow.L_x,Elbow.L_y,Elbow.L_z,Wrist.L_x,Wrist.L_y,Wrist.L_z,Neck_x,Neck_y,Neck_z,Head_x,Head_y,Head_z,Nose_x,Nose_y,Nose_z,Eye.L_x,Eye.L_y,Eye.L_z,Eye.R_x,Eye.R_y,Eye.R_z,Ear.L_x,Ear.L_y,Ear.L_z,Ear.R_x,Ear.R_y,Ear.R_z,hip.Center_x,hip.Center_y,hip.Center_z
0,0.18020916,-0.45664498,-0.29939634,-0.07031592,-0.11961287,-0.18813902,-0.008354554,0.30916247,-0.13266787,-0.004285457,0.26297075,0.10501448,-0.052151687,-0.14937064,-0.004003306,0.03437632,-0.5600766,-0.12375343,-0.12471308,0.27009922,-0.27784356,0.008494211,0.49194846,-0.2261053,0.020180797,0.74457526,-0.11037874,-0.037846357,0.7161765,0.18988964,-0.08806783,0.44145635,0.2187805,-0.24023494,0.2395011,0.15660822,-0.029138632,0.8061925,0.044741146,-0.12495829,1.0212781,0.045656323,-0.20286547,0.8861102,0.037723184,-0.1860557,0.93541276,0.073941045,-0.18182538,0.9376798,0.0071011074,-0.09426731,0.95276624,0.12126848,-0.08373597,0.95892566,-0.029902982,-0.0063200052827596664,0.28606659173965454,-0.013826694339513779
