frame,Ankle.R_x,Ankle.R_y,Ankle.R_z,Knee.R_x,Knee.R_y,Knee.R_z,Hip.R_x,Hip.R_y,Hip.R_z,Hip.L_x,Hip.L_y,Hip.L_z,Knee.L_x,Knee.L_y,Knee.L_z,Ankle.L_x,Ankle.L_y,Ankle.L_z,Wrist.R_x,Wrist.R_y,Wrist.R_z,Elbow.R_x,Elbow.R_y,Elbow.R_z,Shoulder.R_x,Shoulder.R_y,Shoulder.R_z,Shoulder.L_x,Shoulder.L_y,Shoulder.L_z,Elbow.L_x,Elbow.L_y,Elbow.L_z,Wrist.L_x,Wrist.L_y,Wrist.L_z,Neck_x,Neck_y,Neck_z,Head_x,Head_y,Head_z,Nose_x,Nose_y,Nose_z,Eye.L_x,Eye.L_y,Eye.L_z,Eye.R_x,Eye.R_y,Eye.R_z,Ear.L_x,Ear.L_y,Ear.L_z,Ear.R_x,Ear.R_y,Ear.R_z,hip.Center_x,hip.Center_y,hip.Center_z
0,0.04082547,-0.5526676,-0.20419775,-0.06358019,-0.13192672,-0.12689623,-0.043418232,0.30751657,-0.12983464,0.027271362,0.27174008,0.09872735,-0.008938577,-0.15139227,0.03539962,0.06681124,-0.5782934,-0.043547295,0.10041826,0.25335944,-0.28602344,0.11522743,0.5124309,-0.23137817,0.080049396,0.7644944,-0.12936462,0.11976026,0.7416624,0.16059673,0.19174106,0.47432935,0.18355006,0.18888102,0.21288697,0.17279951,0.07474777,0.8257365,0.02710659,0.061100107,1.0494195,0.03426754,-0.07374884,0.96707916,0.059134375,-0.02696801,1.0030046,0.085221775,-0.038125172,1.0025219,0.018586054,0.07166523,0.9742955,0.11047056,0.0476087,0.97363794,-0.039466187,-0.008073435164988041,0.2896283268928528,-0.015553642064332962
