frame,Ankle.R_x,Ankle.R_y,Ankle.R_z,Knee.R_x,Knee.R_y,Knee.R_z,Hip.R_x,Hip.R_y,Hip.R_z,Hip.L_x,Hip.L_y,Hip.L_z,Knee.L_x,Knee.L_y,Knee.L_z,Ankle.L_x,Ankle.L_y,Ankle.L_z,Wrist.R_x,Wrist.R_y,Wrist.R_z,Elbow.R_x,Elbow.R_y,Elbow.R_z,Shoulder.R_x,Shoulder.R_y,Shoulder.R_z,Shoulder.L_x,Shoulder.L_y,Shoulder.L_z,Elbow.L_x,Elbow.L_y,Elbow.L_z,Wrist.L_x,Wrist.L_y,Wrist.L_z,Neck_x,Neck_y,Neck_z,Head_x,Head_y,Head_z,Nose_x,Nose_y,Nose_z,Eye.L_x,Eye.L_y,Eye.L_z,Eye.R_x,Eye.R_y,Eye.R_z,Ear.L_x,Ear.L_y,Ear.L_z,Ear.R_x,Ear.R_y,Ear.R_z,hip.Center_x,hip.Center_y,hip.Center_z
0,-0.36589512,-0.48710835,-0.18841724,-0.23896576,-0.0847185,-0.048237644,-0.06621587,0.30666566,-0.119045205,0.061179433,0.27230614,0.08729925,0.035768464,-0.15211515,-0.0062610153,0.14658256,-0.5504975,-0.17674024,-0.009916889,0.32846442,-0.47310615,0.06014171,0.53999305,-0.32795507,0.0034974301,0.7639956,-0.16664684,0.038361568,0.76566255,0.13900776,0.008747169,0.52908194,0.2847482,-0.21462354,0.48310256,0.4093531,-0.008024262,0.82750976,-0.005801089,-0.07589068,1.0407226,0.013811791,-0.15602933,0.92613935,0.09044972,-0.11307404,0.97373277,0.09394046,-0.1552521,0.9684337,0.04155624,-0.011909835,0.9731616,0.06618998,-0.106209196,0.9609694,-0.055761456,-0.0025182198733091354,0.289485901594162,-0.015872977674007416
