frame,Ankle.R_x,Ankle.R_y,Ankle.R_z,Knee.R_x,Knee.R_y,Knee.R_z,Hip.R_x,Hip.R_y,Hip.R_z,Hip.L_x,Hip.L_y,Hip.L_z,Knee.L_x,Knee.L_y,Knee.L_z,Ankle.L_x,Ankle.L_y,Ankle.L_z,Wrist.R_x,Wrist.R_y,Wrist.R_z,Elbow.R_x,Elbow.R_y,Elbow.R_z,Shoulder.R_x,Shoulder.R_y,Shoulder.R_z,Shoulder.L_x,Shoulder.L_y,Shoulder.L_z,Elbow.L_x,Elbow.L_y,Elbow.L_z,Wrist.L_x,Wrist.L_y,Wrist.L_z,Neck_x,Neck_y,Neck_z,Head_x,Head_y,Head_z,Nose_x,Nose_y,Nose_z,Eye.L_x,Eye.L_y,Eye.L_z,Eye.R_x,Eye.R_y,Eye.R_z,Ear.L_x,Ear.L_y,Ear.L_z,Ear.R_x,Ear.R_y,Ear.R_z,hip.Center_x,hip.Center_y,hip.Center_z
0,-0.075431615,-0.6292616,-0.21727051,-0.11892131,-0.18821563,-0.015753958,-0.12241702,0.27762467,-0.07012876,0.11253054,0.26045087,0.032828875,0.07331756,-0.2070063,0.0477834,0.24627508,-0.46755898,-0.325946,-0.23035929,0.18004324,-0.12797858,-0.1504559,0.44545895,-0.18925686,-0.097898304,0.7259347,-0.11425869,0.16078873,0.70184267,0.055278726,0.17406085,0.4068269,0.076566756,0.072127715,0.16420346,0.17609295,0.024786219,0.78894854,-0.0057624206,-0.0072784917,1.00813,0.045353677,-0.05559788,0.89200795,0.1397394,-0.013352163,0.9394349,0.13052666,-0.07129084,0.9371879,0.09608667,0.06980842,0.9385571,0.06851941,-0.058939293,0.933421,-0.009367757,-0.004943240433931351,0.26903778314590454,-0.01864994317293167
