frame,Ankle.R_x,Ankle.R_y,Ankle.R_z,Knee.R_x,Knee.R_y,Knee.R_z,Hip.R_x,Hip.R_y,Hip.R_z,Hip.L_x,Hip.L_y,Hip.L_z,Knee.L_x,Knee.L_y,Knee.L_z,Ankle.L_x,Ankle.L_y,Ankle.L_z,Wrist.R_x,Wrist.R_y,Wrist.R_z,Elbow.R_x,Elbow.R_y,Elbow.R_z,Shoulder.R_x,Shoulder.R_y,Shoulder.R_z,Shoulder.L_x,Shoulder.L_y,Shoulder.L_z,Elbow.L_x,Elbow.L_y,Elbow.L_z,Wrist.L_x,Wrist.L_y,Wrist.L_z,Neck_x,Neck_y,Neck_z,Head_x,Head_y,Head_z,Nose_x,Nose_y,Nose_z,Eye.L_x,Eye.L_y,Eye.L_z,Eye.R_x,Eye.R_y,Eye.R_z,Ear.L_x,Ear.L_y,Ear.L_z,Ear.R_x,Ear.R_y,Ear.R_z,hip.Center_x,hip.Center_y,hip.Center_z
0,0.033240635,-0.5541911,-0.21566558,-0.06708755,-0.13289899,-0.13180073,-0.04343935,0.3060787,-0.13000591,0.027444074,0.27015242,0.09894057,-0.0022606761,-0.15343583,0.032762025,0.06660571,-0.5822114,-0.045935676,0.08519211,0.24812897,-0.28444374,0.103174716,0.50793993,-0.23313883,0.067240834,0.760681,-0.13066785,0.10889442,0.74055845,0.1598022,0.18780318,0.47497034,0.1844216,0.18842793,0.21340784,0.17426032,0.06203252,0.82288253,0.025678094,0.044595648,1.0458939,0.034018755,-0.08953566,0.96120775,0.05215121,-0.044844657,0.99774987,0.08062244,-0.052839957,0.99747956,0.0135511765,0.052942425,0.97061634,0.11026023,0.035763763,0.97054666,-0.04035584,-0.007997638545930386,0.28811556100845337,-0.015532668679952621
