frame,Ankle.R_x,Ankle.R_y,Ankle.R_z,Knee.R_x,Knee.R_y,Knee.R_z,Hip.R_x,Hip.R_y,Hip.R_z,Hip.L_x,Hip.L_y,Hip.L_z,Knee.L_x,Knee.L_y,Knee.L_z,Ankle.L_x,Ankle.L_y,Ankle.L_z,Wrist.R_x,Wrist.R_y,Wrist.R_z,Elbow.R_x,Elbow.R_y,Elbow.R_z,Shoulder.R_x,Shoulder.R_y,Shoulder.R_z,Shoulder.L_x,Shoulder.L_y,Shoulder.L_z,Elbow.L_x,Elbow.L_y,Elbow.L_z,Wrist.L_x,Wrist.L_y,Wrist.L_z,Neck_x,Neck_y,Neck_z,Head_x,Head_y,Head_z,Nose_x,Nose_y,Nose_z,Eye.L_x,Eye.L_y,Eye.L_z,Eye.R_x,Eye.R_y,Eye.R_z,Ear.L_x,Ear.L_y,Ear.L_z,Ear.R_x,Ear.R_y,Ear.R_z,hip.Center_x,hip.Center_y,hip.Center_z
0,-0.30114692,-0.49126697,-0.20855746,-0.25167027,-0.07922381,-0.0480799,-0.060235564,0.30548745,-0.12261309,0.057109274,0.27009654,0.089695446,0.020628894,-0.15402721,-0.0050632874,0.10055446,-0.5636887,-0.16631754,-0.046604645,0.3197425,-0.46199444,0.0381609,0.52824295,-0.31958875,0.0053874813,0.7588334,-0.16077398,0.047018297,0.7584642,0.14271721,0.054609507,0.5134345,0.2797835,-0.13941,0.42129812,0.42637154,-0.003339033,0.82273453,-0.00030428357,-0.070166185,1.0368577,0.022579322,-0.15937018,0.9202741,0.08372192,-0.11688393,0.9670097,0.09465873,-0.15253673,0.96470356,0.03744062,-0.013082564,0.96644115,0.07894641,-0.092573084,0.96116793,-0.05304745,-0.0015631448477506638,0.28779199719429016,-0.016458820551633835
