frame,Ankle.R_x,Ankle.R_y,Ankle.R_z,Knee.R_x,Knee.R_y,Knee.R_z,Hip.R_x,Hip.R_y,Hip.R_z,Hip.L_x,Hip.L_y,Hip.L_z,Knee.L_x,Knee.L_y,Knee.L_z,Ankle.L_x,Ankle.L_y,Ankle.L_z,Wrist.R_x,Wrist.R_y,Wrist.R_z,Elbow.R_x,Elbow.R_y,Elbow.R_z,Shoulder.R_x,Shoulder.R_y,Shoulder.R_z,Shoulder.L_x,Shoulder.L_y,Shoulder.L_z,Elbow.L_x,Elbow.L_y,Elbow.L_z,Wrist.L_x,Wrist.L_y,Wrist.L_z,Neck_x,Neck_y,Neck_z,Head_x,Head_y,Head_z,Nose_x,Nose_y,Nose_z,Eye.L_x,Eye.L_y,Eye.L_z,Eye.R_x,Eye.R_y,Eye.R_z,Ear.L_x,Ear.L_y,Ear.L_z,Ear.R_x,Ear.R_y,Ear.R_z,hip.Center_x,hip.Center_y,hip.Center_z
0,-0.16598088,-0.5718521,-0.3311956,-0.16542049,-0.14719148,-0.12554789,-0.083290026,0.29851335,-0.111478575,0.074542545,0.25381243,0.0815571,0.020369176,-0.18458669,-0.013390202,0.041568335,-0.6274344,-0.17260927,-0.13714828,0.2170137,-0.26109615,-0.03730611,0.47599602,-0.23998165,-0.027345506,0.739985,-0.11887567,0.09861575,0.70731694,0.15907688,0.11179955,0.41690546,0.18397453,-0.0026633225,0.16785474,0.20836787,0.01543101,0.7962036,0.040896386,-0.045906425,1.0111765,0.09234402,-0.1300145,0.88607585,0.13837117,-0.089576125,0.93259674,0.15593408,-0.12503245,0.9362177,0.09843751,0.013707519,0.9369604,0.1401219,-0.06468441,0.94528437,0.011059936,-0.004373740404844284,0.27616289258003235,-0.01496073603630066
