frame,Ankle.R_x,Ankle.R_y,Ankle.R_z,Knee.R_x,Knee.R_y,Knee.R_z,Hip.R_x,Hip.R_y,Hip.R_z,Hip.L_x,Hip.L_y,Hip.L_z,Knee.L_x,Knee.L_y,Knee.L_z,Ankle.L_x,Ankle.L_y,Ankle.L_z,Wrist.R_x,Wrist.R_y,Wrist.R_z,Elbow.R_x,Elbow.R_y,Elbow.R_z,Shoulder.R_x,Shoulder.R_y,Shoulder.R_z,Shoulder.L_x,Shoulder.L_y,Shoulder.L_z,Elbow.L_x,Elbow.L_y,Elbow.L_z,Wrist.L_x,Wrist.L_y,Wrist.L_z,Neck_x,Neck_y,Neck_z,Head_x,Head_y,Head_z,Nose_x,Nose_y,Nose_z,Eye.L_x,Eye.L_y,Eye.L_z,Eye.R_x,Eye.R_y,Eye.R_z,Ear.L_x,Ear.L_y,Ear.L_z,Ear.R_x,Ear.R_y,Ear.R_z,hip.Center_x,hip.Center_y,hip.Center_z
0,0.15991719,-0.44914705,-0.2993907,-0.09068385,-0.11160677,-0.2014678,-0.004484199,0.30906516,-0.13239242,-0.0043230886,0.25942427,0.1044472,-0.06701701,-0.14850582,-0.0018074348,-0.014277555,-0.56389606,-0.11782671,-0.09904712,0.26020667,-0.28028646,0.014587887,0.48817295,-0.21519773,0.024900457,0.7393279,-0.101344034,-0.037188035,0.7072415,0.19653568,-0.096828856,0.43625647,0.2217873,-0.25037587,0.2341107,0.1672427,-0.024795331,0.7986126,0.052835885,-0.110383056,1.0154376,0.049933683,-0.19333825,0.8851863,0.029073883,-0.17907044,0.9326506,0.06825104,-0.16608156,0.93587875,0.0027146414,-0.09343365,0.94431865,0.12734339,-0.06371161,0.95242727,-0.020774558,-0.004403643775731325,0.28424471616744995,-0.013972610235214233
