frame,Ankle.R_x,Ankle.R_y,Ankle.R_z,Knee.R_x,Knee.R_y,Knee.R_z,Hip.R_x,Hip.R_y,Hip.R_z,Hip.L_x,Hip.L_y,Hip.L_z,Knee.L_x,Knee.L_y,Knee.L_z,Ankle.L_x,Ankle.L_y,Ankle.L_z,Wrist.R_x,Wrist.R_y,Wrist.R_z,Elbow.R_x,Elbow.R_y,Elbow.R_z,Shoulder.R_x,Shoulder.R_y,Shoulder.R_z,Shoulder.L_x,Shoulder.L_y,Shoulder.L_z,Elbow.L_x,Elbow.L_y,Elbow.L_z,Wrist.L_x,Wrist.L_y,Wrist.L_z,Neck_x,Neck_y,Neck_z,Head_x,Head_y,Head_z,Nose_x,Nose_y,Nose_z,Eye.L_x,Eye.L_y,Eye.L_z,Eye.R_x,Eye.R_y,Eye.R_z,Ear.L_x,Ear.L_y,Ear.L_z,Ear.R_x,Ear.R_y,Ear.R_z,hip.Center_x,hip.Center_y,hip.Center_z
0,-0.0675564,-0.5139897,-0.34136096,-0.07347582,-0.11443714,-0.18899481,-0.009067703,0.2910133,-0.13450024,0.0007843975,0.24878602,0.10439766,-0.09249932,-0.14237215,0.008378619,-0.13390839,-0.55759245,-0.086528495,-0.5034491,0.4477582,-0.370309,-0.2829599,0.5823816,-0.31713855,-0.15681984,0.7153275,-0.13542023,-0.23317245,0.69775075,0.10636483,-0.4406956,0.54242885,0.10452506,-0.65304005,0.4665554,-0.02758512,-0.20646706,0.7433911,-0.015174632,-0.32702544,0.9184946,-0.017443176,-0.39280075,0.77622163,-0.008074235,-0.3771807,0.8277031,0.02234665,-0.38324896,0.82613635,-0.04408214,-0.28275523,0.8573282,0.053404182,-0.29303607,0.85625863,-0.09586711,-0.004141652956604958,0.2698996663093567,-0.015051286667585373
