frame,Ankle.R_x,Ankle.R_y,Ankle.R_z,Knee.R_x,Knee.R_y,Knee.R_z,Hip.R_x,Hip.R_y,Hip.R_z,Hip.L_x,Hip.L_y,Hip.L_z,Knee.L_x,Knee.L_y,Knee.L_z,Ankle.L_x,Ankle.L_y,Ankle.L_z,Wrist.R_x,Wrist.R_y,Wrist.R_z,Elbow.R_x,Elbow.R_y,Elbow.R_z,Shoulder.R_x,Shoulder.R_y,Shoulder.R_z,Shoulder.L_x,Shoulder.L_y,Shoulder.L_z,Elbow.L_x,Elbow.L_y,Elbow.L_z,Wrist.L_x,Wrist.L_y,Wrist.L_z,Neck_x,Neck_y,Neck_z,Head_x,Head_y,Head_z,Nose_x,Nose_y,Nose_z,Eye.L_x,Eye.L_y,Eye.L_z,Eye.R_x,Eye.R_y,Eye.R_z,Ear.L_x,Ear.L_y,Ear.L_z,Ear.R_x,Ear.R_y,Ear.R_z,hip.Center_x,hip.Center_y,hip.Center_z
0,-0.12200321,-0.5941225,-0.37979484,-0.11860567,-0.20434709,-0.08032496,-0.13296703,0.25914595,-0.026673993,0.123236895,0.25820103,-0.0031685522,0.14845864,-0.19641897,-0.060796898,0.22846745,-0.61234975,-0.31663668,-0.3265241,0.19847976,-0.0030795722,-0.25461102,0.45280474,-0.10423834,-0.14246501,0.71030456,-0.007535291,0.15872934,0.6867269,0.031376258,0.23001492,0.4014349,-0.021002717,0.22608772,0.13827103,0.07606797,0.011174296,0.76695514,0.042116966,0.009145402,0.9812139,0.079704836,-0.0055223387,0.88311934,0.20217605,0.03208662,0.9250971,0.17194764,-0.034586437,0.9238838,0.16149445,0.08589055,0.9085372,0.08495851,-0.06158614,0.90668154,0.061110605,-0.0048650652170181274,0.2586734890937805,-0.014921272173523903
