frame,Ankle.R_x,Ankle.R_y,Ankle.R_z,Knee.R_x,Knee.R_y,Knee.R_z,Hip.R_x,Hip.R_y,Hip.R_z,Hip.L_x,Hip.L_y,Hip.L_z,Knee.L_x,Knee.L_y,Knee.L_z,Ankle.L_x,Ankle.L_y,Ankle.L_z,Wrist.R_x,Wrist.R_y,Wrist.R_z,Elbow.R_x,Elbow.R_y,Elbow.R_z,Shoulder.R_x,Shoulder.R_y,Shoulder.R_z,Shoulder.L_x,Shoulder.L_y,Shoulder.L_z,Elbow.L_x,Elbow.L_y,Elbow.L_z,Wrist.L_x,Wrist.L_y,Wrist.L_z,Neck_x,Neck_y,Neck_z,Head_x,Head_y,Head_z,Nose_x,Nose_y,Nose_z,Eye.L_x,Eye.L_y,Eye.L_z,Eye.R_x,Eye.R_y,Eye.R_z,Ear.L_x,Ear.L_y,Ear.L_z,Ear.R_x,Ear.R_y,Ear.R_z,hip.Center_x,hip.Center_y,hip.Center_z
0,-0.08071478,-0.48354718,-0.35719985,-0.14156295,-0.11440696,-0.13999541,-0.061168715,0.3047523,-0.11794266,0.050627124,0.26533693,0.09366251,-0.013193887,-0.14930978,0.010944728,0.0014336857,-0.5567565,-0.1307053,-0.31014448,0.32309237,-0.18568838,-0.13893396,0.51682925,-0.23439455,-0.060743347,0.75134224,-0.11416826,-0.015964847,0.7321738,0.18433113,-0.123840906,0.48514643,0.24173598,-0.33385006,0.33887285,0.19162862,-0.047842316,0.80982447,0.042119592,-0.12143662,1.0270854,0.06144286,-0.2114116,0.9006504,0.08377227,-0.18071097,0.9487057,0.11085987,-0.19566378,0.9484633,0.045451544,-0.077126265,0.957186,0.12957801,-0.11041434,0.95846134,-0.018361703,-0.005270795896649361,0.2850446105003357,-0.012140076607465744
