frame,Ankle.R_x,Ankle.R_y,Ankle.R_z,Knee.R_x,Knee.R_y,Knee.R_z,Hip.R_x,Hip.R_y,Hip.R_z,Hip.L_x,Hip.L_y,Hip.L_z,Knee.L_x,Knee.L_y,Knee.L_z,Ankle.L_x,Ankle.L_y,Ankle.L_z,Wrist.R_x,Wrist.R_y,Wrist.R_z,Elbow.R_x,Elbow.R_y,Elbow.R_z,Shoulder.R_x,Shoulder.R_y,Shoulder.R_z,Shoulder.L_x,Shoulder.L_y,Shoulder.L_z,Elbow.L_x,Elbow.L_y,Elbow.L_z,Wrist.L_x,Wrist.L_y,Wrist.L_z,Neck_x,Neck_y,Neck_z,Head_x,Head_y,Head_z,Nose_x,Nose_y,Nose_z,Eye.L_x,Eye.L_y,Eye.L_z,Eye.R_x,Eye.R_y,Eye.R_z,Ear.L_x,Ear.L_y,Ear.L_z,Ear.R_x,Ear.R_y,Ear.R_z,hip.Center_x,hip.Center_y,hip.Center_z
0,-0.06891105,-0.50425655,-0.2651896,-0.079743944,-0.15725815,-0.0018432665,-0.12496808,0.27264524,0.0079465285,0.10905154,0.299287,-0.03850959,0.20947716,-0.10949847,0.002867181,0.21352199,-0.45738956,-0.26731968,-0.6326952,0.7539996,0.15371075,-0.4533692,0.6510812,0.006003819,-0.18932572,0.7564876,0.01185773,0.10519719,0.76602405,-0.024456846,0.35698265,0.6538882,-0.08934994,0.5516,0.7667791,0.02356806,-0.039721318,0.81510466,0.022700783,-0.039409745,1.0315527,0.083389014,-0.007121809,0.9221374,0.19212224,0.015245546,0.9681376,0.15501851,-0.050020494,0.96369493,0.16804996,0.035855275,0.9639124,0.052594244,-0.11373511,0.9545536,0.08047313,-0.007958270609378815,0.28596609830856323,-0.01528153009712696
