frame,Ankle.R_x,Ankle.R_y,Ankle.R_z,Knee.R_x,Knee.R_y,Knee.R_z,Hip.R_x,Hip.R_y,Hip.R_z,Hip.L_x,Hip.L_y,Hip.L_z,Knee.L_x,Knee.L_y,Knee.L_z,Ankle.L_x,Ankle.L_y,Ankle.L_z,Wrist.R_x,Wrist.R_y,Wrist.R_z,Elbow.R_x,Elbow.R_y,Elbow.R_z,Shoulder.R_x,Shoulder.R_y,Shoulder.R_z,Shoulder.L_x,Shoulder.L_y,Shoulder.L_z,Elbow.L_x,Elbow.L_y,Elbow.L_z,Wrist.L_x,Wrist.L_y,Wrist.L_z,Neck_x,Neck_y,Neck_z,Head_x,Head_y,Head_z,Nose_x,Nose_y,Nose_z,Eye.L_x,Eye.L_y,Eye.L_z,Eye.R_x,Eye.R_y,Eye.R_z,Ear.L_x,Ear.L_y,Ear.L_z,Ear.R_x,Ear.R_y,Ear.R_z,hip.Center_x,hip.Center_y,hip.Center_z
0,-0.060211908,-0.523722,-0.23899338,-0.08947195,-0.1491492,-0.012407589,-0.12569146,0.28444532,0.0056200284,0.11033279,0.305347,-0.04295574,0.20886725,-0.101895,0.032494143,0.14392318,-0.44457296,-0.23500302,-0.41731232,0.61297995,0.14426152,-0.38325578,0.6252191,-0.10324147,-0.1833711,0.787795,0.0027061692,0.111611575,0.7839097,-0.025130682,0.27892715,0.5678228,-0.07049689,0.2518147,0.7184396,0.12096214,-0.03279722,0.84039634,0.024271019,-0.043952614,1.052293,0.08682402,-0.033389937,0.9406853,0.20026428,-0.004868805,0.9887003,0.16902626,-0.07136755,0.98137563,0.1657853,0.041827817,0.98625636,0.07416689,-0.111442626,0.9714761,0.065806985,-0.00767933577299118,0.2948961555957794,-0.018667856231331825
