frame,Ankle.R_x,Ankle.R_y,Ankle.R_z,Knee.R_x,Knee.R_y,Knee.R_z,Hip.R_x,Hip.R_y,Hip.R_z,Hip.L_x,Hip.L_y,Hip.L_z,Knee.L_x,Knee.L_y,Knee.L_z,Ankle.L_x,Ankle.L_y,Ankle.L_z,Wrist.R_x,Wrist.R_y,Wrist.R_z,Elbow.R_x,Elbow.R_y,Elbow.R_z,Shoulder.R_x,Shoulder.R_y,Shoulder.R_z,Shoulder.L_x,Shoulder.L_y,Shoulder.L_z,Elbow.L_x,Elbow.L_y,Elbow.L_z,Wrist.L_x,Wrist.L_y,Wrist.L_z,Neck_x,Neck_y,Neck_z,Head_x,Head_y,Head_z,Nose_x,Nose_y,Nose_z,Eye.L_x,Eye.L_y,Eye.L_z,Eye.R_x,Eye.R_y,Eye.R_z,Ear.L_x,Ear.L_y,Ear.L_z,Ear.R_x,Ear.R_y,Ear.R_z,hip.Center_x,hip.Center_y,hip.Center_z
0,0.03957624,-0.55010843,-0.26628426,-0.05263368,-0.13097471,-0.15814075,-0.03656254,0.30638662,-0.13076495,0.019810222,0.2651605,0.10250105,-0.001710957,-0.15788877,0.012523165,0.080975905,-0.5811686,-0.08971678,-0.0023335274,0.24092394,-0.29314184,0.049563527,0.49453944,-0.22811753,0.030842612,0.75128305,-0.122001275,0.040276695,0.7323071,0.17815207,0.07329952,0.45711553,0.2192341,0.015102896,0.20076092,0.2141054,0.010900292,0.8159991,0.03594237,-0.031856697,1.0401855,0.051065385,-0.1522215,0.93705404,0.045286357,-0.11789619,0.97717726,0.08175285,-0.11667413,0.9806361,0.014375173,-0.02217155,0.96203303,0.12354967,-0.018824771,0.97018266,-0.02749547,-0.008376158773899078,0.2857735753059387,-0.014131948351860046
