frame,Ankle.R_x,Ankle.R_y,Ankle.R_z,Knee.R_x,Knee.R_y,Knee.R_z,Hip.R_x,Hip.R_y,Hip.R_z,Hip.L_x,Hip.L_y,Hip.L_z,Knee.L_x,Knee.L_y,Knee.L_z,Ankle.L_x,Ankle.L_y,Ankle.L_z,Wrist.R_x,Wrist.R_y,Wrist.R_z,Elbow.R_x,Elbow.R_y,Elbow.R_z,Shoulder.R_x,Shoulder.R_y,Shoulder.R_z,Shoulder.L_x,Shoulder.L_y,Shoulder.L_z,Elbow.L_x,Elbow.L_y,Elbow.L_z,Wrist.L_x,Wrist.L_y,Wrist.L_z,Neck_x,Neck_y,Neck_z,Head_x,Head_y,Head_z,Nose_x,Nose_y,Nose_z,Eye.L_x,Eye.L_y,Eye.L_z,Eye.R_x,Eye.R_y,Eye.R_z,Ear.L_x,Ear.L_y,Ear.L_z,Ear.R_x,Ear.R_y,Ear.R_z,hip.Center_x,hip.Center_y,hip.Center_z
0,-0.12713332,-0.5125632,-0.28976455,-0.15997939,-0.09798618,-0.17151529,-0.018993214,0.30192596,-0.13521996,0.015272388,0.2707105,0.10328816,-0.0652262,-0.14195138,0.08383344,-0.06935968,-0.57247114,0.033151213,-0.15706688,0.5497964,-0.281297,0.091706924,0.5355954,-0.30001396,0.05338161,0.7552163,-0.13765493,-0.007338144,0.7300429,0.15798678,-0.043102145,0.46207643,0.23047039,-0.27330115,0.475369,0.14286631,0.0014251722,0.80890435,0.009776515,-0.06679679,1.0262177,-0.008897148,-0.16675135,0.90466106,-0.023357913,-0.14751011,0.95265603,0.012853615,-0.13332677,0.9495847,-0.052803814,-0.061199732,0.9577514,0.07369311,-0.02840782,0.9527076,-0.07456048,-0.0018604127690196037,0.28631824254989624,-0.01596590131521225
