frame,Ankle.R_x,Ankle.R_y,Ankle.R_z,Knee.R_x,Knee.R_y,Knee.R_z,Hip.R_x,Hip.R_y,Hip.R_z,Hip.L_x,Hip.L_y,Hip.L_z,Knee.L_x,Knee.L_y,Knee.L_z,Ankle.L_x,Ankle.L_y,Ankle.L_z,Wrist.R_x,Wrist.R_y,Wrist.R_z,Elbow.R_x,Elbow.R_y,Elbow.R_z,Shoulder.R_x,Shoulder.R_y,Shoulder.R_z,Shoulder.L_x,Shoulder.L_y,Shoulder.L_z,Elbow.L_x,Elbow.L_y,Elbow.L_z,Wrist.L_x,Wrist.L_y,Wrist.L_z,Neck_x,Neck_y,Neck_z,Head_x,Head_y,Head_z,Nose_x,Nose_y,Nose_z,Eye.L_x,Eye.L_y,Eye.L_z,Eye.R_x,Eye.R_y,Eye.R_z,Ear.L_x,Ear.L_y,Ear.L_z,Ear.R_x,Ear.R_y,Ear.R_z,hip.Center_x,hip.Center_y,hip.Center_z
0,-0.07212981,-0.5091315,-0.348042,-0.07514938,-0.11379516,-0.1908264,-0.025910335,0.2940778,-0.13159487,0.015333299,0.25301218,0.10310631,-0.05270686,-0.14996149,0.024813993,-0.06952043,-0.56766343,-0.05324156,-0.38761532,0.32732528,-0.2720303,-0.22085255,0.5294013,-0.25707,-0.13161325,0.7272203,-0.11498885,-0.16206944,0.70720327,0.15496793,-0.30730113,0.49252546,0.17837241,-0.49266753,0.33315533,0.08891286,-0.1571938,0.76722294,0.023798142,-0.23127006,0.96549904,0.04277699,-0.32981214,0.8434568,0.04940915,-0.3002939,0.8875164,0.08157626,-0.30930367,0.8914267,0.015516706,-0.19956973,0.8907891,0.10893222,-0.21783698,0.90081644,-0.03946239,-0.005288518033921719,0.2735449969768524,-0.014244277030229568
