frame,Ankle.R_x,Ankle.R_y,Ankle.R_z,Knee.R_x,Knee.R_y,Knee.R_z,Hip.R_x,Hip.R_y,Hip.R_z,Hip.L_x,Hip.L_y,Hip.L_z,Knee.L_x,Knee.L_y,Knee.L_z,Ankle.L_x,Ankle.L_y,Ankle.L_z,Wrist.R_x,Wrist.R_y,Wrist.R_z,Elbow.R_x,Elbow.R_y,Elbow.R_z,Shoulder.R_x,Shoulder.R_y,Shoulder.R_z,Shoulder.L_x,Shoulder.L_y,Shoulder.L_z,Elbow.L_x,Elbow.L_y,Elbow.L_z,Wrist.L_x,Wrist.L_y,Wrist.L_z,Neck_x,Neck_y,Neck_z,Head_x,Head_y,Head_z,Nose_x,Nose_y,Nose_z,Eye.L_x,Eye.L_y,Eye.L_z,Eye.R_x,Eye.R_y,Eye.R_z,Ear.L_x,Ear.L_y,Ear.L_z,Ear.R_x,Ear.R_y,Ear.R_z,hip.Center_x,hip.Center_y,hip.Center_z
0,-0.013933026,-0.49780953,-0.30142966,-0.021613736,-0.18358971,0.0026567369,-0.12296428,0.23023,0.019269593,0.08965642,0.30818996,-0.059385277,0.3694184,0.07194965,0.08366813,0.5526794,-0.26726708,-0.12727731,-0.47803763,0.8479336,0.18831672,-0.5062058,0.6164526,0.110464804,-0.23911028,0.68875134,0.047600705,0.036647312,0.715253,-0.04347855,0.28910315,0.64524317,-0.15185204,0.27107665,0.8690293,-0.06316792,-0.097470865,0.7536361,0.028232824,-0.09375657,0.96301097,0.09436265,-0.04184919,0.8508803,0.1868768,-0.026884422,0.89874923,0.15066779,-0.087950476,0.89218974,0.17451634,-0.025726348,0.90093184,0.049182355,-0.16340292,0.88724923,0.10013338,-0.01665392890572548,0.26920998096466064,-0.020057842135429382
