frame,Ankle.R_x,Ankle.R_y,Ankle.R_z,Knee.R_x,Knee.R_y,Knee.R_z,Hip.R_x,Hip.R_y,Hip.R_z,Hip.L_x,Hip.L_y,Hip.L_z,Knee.L_x,Knee.L_y,Knee.L_z,Ankle.L_x,Ankle.L_y,Ankle.L_z,Wrist.R_x,Wrist.R_y,Wrist.R_z,Elbow.R_x,Elbow.R_y,Elbow.R_z,Shoulder.R_x,Shoulder.R_y,Shoulder.R_z,Shoulder.L_x,Shoulder.L_y,Shoulder.L_z,Elbow.L_x,Elbow.L_y,Elbow.L_z,Wrist.L_x,Wrist.L_y,Wrist.L_z,Neck_x,Neck_y,Neck_z,Head_x,Head_y,Head_z,Nose_x,Nose_y,Nose_z,Eye.L_x,Eye.L_y,Eye.L_z,Eye.R_x,Eye.R_y,Eye.R_z,Ear.L_x,Ear.L_y,Ear.L_z,Ear.R_x,Ear.R_y,Ear.R_z,hip.Center_x,hip.Center_y,hip.Center_z
0,-0.0009392594,-0.52599984,-0.025166547,-0.0030132986,-0.11839354,-0.14696988,0.08749282,0.30216768,-0.09435511,-0.08328332,0.30130047,0.06701527,-0.28285465,-0.04499437,-0.051644154,-0.15077227,-0.44418132,0.019896647,-0.060329422,0.3932133,-0.32414377,0.12506615,0.5293445,-0.20590891,0.11972212,0.7755942,-0.093439415,-0.06828564,0.7614317,0.15068883,-0.11196198,0.4940501,0.18788011,-0.18662353,0.35977936,-0.015410386,0.011598976,0.8432671,0.025140902,-0.06983643,1.06665,0.015556467,-0.1185568,0.9439595,-0.069432124,-0.12953757,0.9831152,-0.020084657,-0.083939284,0.99892855,-0.06717682,-0.08843507,0.9821482,0.07793309,0.017077267,1.017776,-0.02970276,0.002104751765727997,0.3017340898513794,-0.013669919222593307
