frame,Ankle.R_x,Ankle.R_y,Ankle.R_z,Knee.R_x,Knee.R_y,Knee.R_z,Hip.R_x,Hip.R_y,Hip.R_z,Hip.L_x,Hip.L_y,Hip.L_z,Knee.L_x,Knee.L_y,Knee.L_z,Ankle.L_x,Ankle.L_y,Ankle.L_z,Wrist.R_x,Wrist.R_y,Wrist.R_z,Elbow.R_x,Elbow.R_y,Elbow.R_z,Shoulder.R_x,Shoulder.R_y,Shoulder.R_z,Shoulder.L_x,Shoulder.L_y,Shoulder.L_z,Elbow.L_x,Elbow.L_y,Elbow.L_z,Wrist.L_x,Wrist.L_y,Wrist.L_z,Neck_x,Neck_y,Neck_z,Head_x,Head_y,Head_z,Nose_x,Nose_y,Nose_z,Eye.L_x,Eye.L_y,Eye.L_z,Eye.R_x,Eye.R_y,Eye.R_z,Ear.L_x,Ear.L_y,Ear.L_z,Ear.R_x,Ear.R_y,Ear.R_z,hip.Center_x,hip.Center_y,hip.Center_z
0,-0.102496214,-0.57662916,-0.27603006,-0.14119662,-0.16168846,-0.05494356,-0.098920316,0.29153046,-0.10233781,0.08466554,0.2743315,0.06932398,0.0843474,-0.1774634,0.017843468,0.30410802,-0.5139086,-0.23514464,-0.16743861,0.21707214,-0.18513623,-0.08259975,0.4764056,-0.24293192,-0.06711854,0.75072354,-0.1501044,0.10215938,0.73494434,0.11219822,0.09004276,0.44724375,0.15906839,-0.062528506,0.22642104,0.2258717,0.0031162824,0.81888187,0.0009653643,-0.040180054,1.0409827,0.05213534,-0.08279255,0.9219613,0.14753506,-0.041092966,0.9699428,0.1358328,-0.10146269,0.96781313,0.10553678,0.038360246,0.97092503,0.06843877,-0.096649185,0.9658798,-0.0029809102,-0.007127389311790466,0.28293097019195557,-0.016506914049386978
