frame,Ankle.R_x,Ankle.R_y,Ankle.R_z,Knee.R_x,Knee.R_y,Knee.R_z,Hip.R_x,Hip.R_y,Hip.R_z,Hip.L_x,Hip.L_y,Hip.L_z,Knee.L_x,Knee.L_y,Knee.L_z,Ankle.L_x,Ankle.L_y,Ankle.L_z,Wrist.R_x,Wrist.R_y,Wrist.R_z,Elbow.R_x,Elbow.R_y,Elbow.R_z,Shoulder.R_x,Shoulder.R_y,Shoulder.R_z,Shoulder.L_x,Shoulder.L_y,Shoulder.L_z,Elbow.L_x,Elbow.L_y,Elbow.L_z,Wrist.L_x,Wrist.L_y,Wrist.L_z,Neck_x,Neck_y,Neck_z,Head_x,Head_y,Head_z,Nose_x,Nose_y,Nose_z,Eye.L_x,Eye.L_y,Eye.L_z,Eye.R_x,Eye.R_y,Eye.R_z,Ear.L_x,Ear.L_y,Ear.L_z,Ear.R_x,Ear.R_y,Ear.R_z,hip.Center_x,hip.Center_y,hip.Center_z
0,-0.05696394,-0.52279806,-0.24497245,-0.08410122,-0.15632372,-0.012076208,-0.12564865,0.27369827,-0.0026945984,0.11280353,0.28810686,-0.024257759,0.14615056,-0.13512504,-0.007567667,0.14859132,-0.52602124,-0.20742503,-0.6413182,0.7390418,0.13663572,-0.4368508,0.677719,-0.0061759623,-0.16907305,0.7612841,-0.002577575,0.12029544,0.76285964,-0.016759925,0.3818668,0.66838676,-0.044950586,0.59713817,0.7526658,0.061947517,-0.022739578,0.81242687,0.01588159,-0.021636913,1.0280544,0.06119968,0.0033242851,0.9275247,0.18022534,0.028365534,0.97003895,0.14097092,-0.03747628,0.96744347,0.15109614,0.053526036,0.95721364,0.040465772,-0.096351765,0.95246494,0.061574318,-0.006422556936740875,0.28090256452560425,-0.013476178050041199
