frame,Ankle.R_x,Ankle.R_y,Ankle.R_z,Knee.R_x,Knee.R_y,Knee.R_z,Hip.R_x,Hip.R_y,Hip.R_z,Hip.L_x,Hip.L_y,Hip.L_z,Knee.L_x,Knee.L_y,Knee.L_z,Ankle.L_x,Ankle.L_y,Ankle.L_z,Wrist.R_x,Wrist.R_y,Wrist.R_z,Elbow.R_x,Elbow.R_y,Elbow.R_z,Shoulder.R_x,Shoulder.R_y,Shoulder.R_z,Shoulder.L_x,Shoulder.L_y,Shoulder.L_z,Elbow.L_x,Elbow.L_y,Elbow.L_z,Wrist.L_x,Wrist.L_y,Wrist.L_z,Neck_x,Neck_y,Neck_z,Head_x,Head_y,Head_z,Nose_x,Nose_y,Nose_z,Eye.L_x,Eye.L_y,Eye.L_z,Eye.R_x,Eye.R_y,Eye.R_z,Ear.L_x,Ear.L_y,Ear.L_z,Ear.R_x,Ear.R_y,Ear.R_z,hip.Center_x,hip.Center_y,hip.Center_z
0,-0.06271089,-0.50976497,-0.34032938,-0.07096639,-0.11040848,-0.1952829,-0.009609591,0.29360688,-0.13311687,0.0022211545,0.24746786,0.10340816,-0.09026324,-0.14313911,0.01811157,-0.1412699,-0.557199,-0.064429924,-0.45560354,0.43376863,-0.39882553,-0.25387946,0.57955086,-0.31556815,-0.15180835,0.7151127,-0.12027416,-0.23276657,0.68906903,0.12462958,-0.44474342,0.53794414,0.12849526,-0.6613202,0.455157,0.009652055,-0.20450273,0.74040115,0.0040607154,-0.32009885,0.91779953,0.00599574,-0.38991493,0.7777371,0.006900331,-0.37436035,0.8274399,0.04004203,-0.37715065,0.82850385,-0.026462393,-0.28089198,0.8529793,0.07675355,-0.2843071,0.85761696,-0.072569795,-0.003694218350574374,0.2705373764038086,-0.01485435664653778
