frame,Ankle.R_x,Ankle.R_y,Ankle.R_z,Knee.R_x,Knee.R_y,Knee.R_z,Hip.R_x,Hip.R_y,Hip.R_z,Hip.L_x,Hip.L_y,Hip.L_z,Knee.L_x,Knee.L_y,Knee.L_z,Ankle.L_x,Ankle.L_y,Ankle.L_z,Wrist.R_x,Wrist.R_y,Wrist.R_z,Elbow.R_x,Elbow.R_y,Elbow.R_z,Shoulder.R_x,Shoulder.R_y,Shoulder.R_z,Shoulder.L_x,Shoulder.L_y,Shoulder.L_z,Elbow.L_x,Elbow.L_y,Elbow.L_z,Wrist.L_x,Wrist.L_y,Wrist.L_z,Neck_x,Neck_y,Neck_z,Head_x,Head_y,Head_z,Nose_x,Nose_y,Nose_z,Eye.L_x,Eye.L_y,Eye.L_z,Eye.R_x,Eye.R_y,Eye.R_z,Ear.L_x,Ear.L_y,Ear.L_z,Ear.R_x,Ear.R_y,Ear.R_z,hip.Center_x,hip.Center_y,hip.Center_z
0,-0.049857806,-0.52138764,-0.2632489,-0.08150211,-0.16174942,-0.018879702,-0.12651727,0.2631759,0.0067426674,0.10555465,0.3013902,-0.041075274,0.28259954,-0.06412236,0.02349698,0.32668447,-0.40384147,-0.25340423,-0.60273725,0.7984434,0.11688361,-0.46049368,0.62906057,0.0009898506,-0.19810013,0.7392584,0.021219896,0.09475666,0.7532407,-0.010924103,0.3545971,0.65175444,-0.062354594,0.51164204,0.82768446,0.017341072,-0.05074598,0.7994958,0.032765,-0.056782447,1.0143454,0.071542144,-0.035978563,0.92025185,0.19624819,-0.010232117,0.9622203,0.15743867,-0.07636669,0.9571077,0.16259,0.023169778,0.94661,0.05976478,-0.1275756,0.9356704,0.06971213,-0.01048130914568901,0.28228306770324707,-0.01716630347073078
