frame,Ankle.R_x,Ankle.R_y,Ankle.R_z,Knee.R_x,Knee.R_y,Knee.R_z,Hip.R_x,Hip.R_y,Hip.R_z,Hip.L_x,Hip.L_y,Hip.L_z,Knee.L_x,Knee.L_y,Knee.L_z,Ankle.L_x,Ankle.L_y,Ankle.L_z,Wrist.R_x,Wrist.R_y,Wrist.R_z,Elbow.R_x,Elbow.R_y,Elbow.R_z,Shoulder.R_x,Shoulder.R_y,Shoulder.R_z,Shoulder.L_x,Shoulder.L_y,Shoulder.L_z,Elbow.L_x,Elbow.L_y,Elbow.L_z,Wrist.L_x,Wrist.L_y,Wrist.L_z,Neck_x,Neck_y,Neck_z,Head_x,Head_y,Head_z,Nose_x,Nose_y,Nose_z,Eye.L_x,Eye.L_y,Eye.L_z,Eye.R_x,Eye.R_y,Eye.R_z,Ear.L_x,Ear.L_y,Ear.L_z,Ear.R_x,Ear.R_y,Ear.R_z,hip.Center_x,hip.Center_y,hip.Center_z
0,-0.050883595,-0.51185983,-0.24578036,-0.08325474,-0.15313326,-0.005608947,-0.12555325,0.2760233,-0.0015343949,0.1119298,0.29115176,-0.026007267,0.15139656,-0.1295898,0.0003097637,0.14993212,-0.51527715,-0.2058312,-0.6423088,0.7367463,0.12613234,-0.4353947,0.67568946,-0.011210309,-0.16940363,0.7651343,-0.0005632369,0.121500924,0.7658325,-0.016658999,0.37939584,0.66360617,-0.054595735,0.5983212,0.7466833,0.043122858,-0.021891244,0.8171169,0.018022003,-0.019063309,1.0342283,0.065407455,0.004709754,0.93192637,0.18336615,0.030173749,0.9747749,0.14458303,-0.035749674,0.9725934,0.15445593,0.055695914,0.962923,0.043880463,-0.09470774,0.95917857,0.06435695,-0.006811726838350296,0.2835875153541565,-0.013770830817520618
