frame,Ankle.R_x,Ankle.R_y,Ankle.R_z,Knee.R_x,Knee.R_y,Knee.R_z,Hip.R_x,Hip.R_y,Hip.R_z,Hip.L_x,Hip.L_y,Hip.L_z,Knee.L_x,Knee.L_y,Knee.L_z,Ankle.L_x,Ankle.L_y,Ankle.L_z,Wrist.R_x,Wrist.R_y,Wrist.R_z,Elbow.R_x,Elbow.R_y,Elbow.R_z,Shoulder.R_x,Shoulder.R_y,Shoulder.R_z,Shoulder.L_x,Shoulder.L_y,Shoulder.L_z,Elbow.L_x,Elbow.L_y,Elbow.L_z,Wrist.L_x,Wrist.L_y,Wrist.L_z,Neck_x,Neck_y,Neck_z,Head_x,Head_y,Head_z,Nose_x,Nose_y,Nose_z,Eye.L_x,Eye.L_y,Eye.L_z,Eye.R_x,Eye.R_y,Eye.R_z,Ear.L_x,Ear.L_y,Ear.L_z,Ear.R_x,Ear.R_y,Ear.R_z,hip.Center_x,hip.Center_y,hip.Center_z
0,0.08448807,-0.45377377,0.04459137,0.11625957,-0.09961791,-0.22922729,0.12107977,0.29062432,0.0016743812,-0.12847249,0.29198518,-0.041713227,-0.07728809,-0.149497,-0.022576908,-0.055243205,-0.55884206,0.18101488,0.30905488,0.26597083,-0.07679974,0.2712286,0.50335264,0.05025676,0.16065495,0.76853436,0.033544514,-0.15191102,0.7780821,-0.031131411,-0.27000052,0.5844867,-0.20205465,-0.24845067,0.6871556,-0.44521996,0.0030395212,0.84298176,-0.012356826,-0.020899385,1.0672865,-0.06766808,-0.032070413,0.9503782,-0.174873,-0.063041486,0.99319005,-0.13733888,0.0029973462,0.9997421,-0.15119806,-0.083930954,0.98744273,-0.03397879,0.068528,1.0020236,-0.06309906,-0.003696359694004059,0.2913047671318054,-0.020019423216581345
