frame,Ankle.R_x,Ankle.R_y,Ankle.R_z,Knee.R_x,Knee.R_y,Knee.R_z,Hip.R_x,Hip.R_y,Hip.R_z,Hip.L_x,Hip.L_y,Hip.L_z,Knee.L_x,Knee.L_y,Knee.L_z,Ankle.L_x,Ankle.L_y,Ankle.L_z,Wrist.R_x,Wrist.R_y,Wrist.R_z,Elbow.R_x,Elbow.R_y,Elbow.R_z,Shoulder.R_x,Shoulder.R_y,Shoulder.R_z,Shoulder.L_x,Shoulder.L_y,Shoulder.L_z,Elbow.L_x,Elbow.L_y,Elbow.L_z,Wrist.L_x,Wrist.L_y,Wrist.L_z,Neck_x,Neck_y,Neck_z,Head_x,Head_y,Head_z,Nose_x,Nose_y,Nose_z,Eye.L_x,Eye.L_y,Eye.L_z,Eye.R_x,Eye.R_y,Eye.R_z,Ear.L_x,Ear.L_y,Ear.L_z,Ear.R_x,Ear.R_y,Ear.R_z,hip.Center_x,hip.Center_y,hip.Center_z
0,-0.076493494,-0.51964766,-0.25648677,-0.0949141,-0.15039861,-0.040376376,-0.12380159,0.27493677,-0.011996447,0.11361319,0.2722194,-0.0061386577,0.09233688,-0.14775775,-0.046646275,0.0863522,-0.5239448,-0.25799638,-0.6256989,0.6239262,0.00011503289,-0.385251,0.6535258,-0.078392036,-0.13683301,0.755458,-0.024177756,0.1426421,0.7473364,0.0041232873,0.39259657,0.63537145,0.0046479125,0.6230465,0.64905685,0.106922686,0.0028401706,0.8026222,0.013403513,0.0065998794,1.0169585,0.03763684,0.005244486,0.92930233,0.16852681,0.038802892,0.96658957,0.13113452,-0.027514908,0.9669905,0.1295887,0.07981128,0.9427388,0.038949158,-0.06891594,0.9448234,0.033650696,-0.005094200372695923,0.27357807755470276,-0.009067552164196968
