frame,Ankle.R_x,Ankle.R_y,Ankle.R_z,Knee.R_x,Knee.R_y,Knee.R_z,Hip.R_x,Hip.R_y,Hip.R_z,Hip.L_x,Hip.L_y,Hip.L_z,Knee.L_x,Knee.L_y,Knee.L_z,Ankle.L_x,Ankle.L_y,Ankle.L_z,Wrist.R_x,Wrist.R_y,Wrist.R_z,Elbow.R_x,Elbow.R_y,Elbow.R_z,Shoulder.R_x,Shoulder.R_y,Shoulder.R_z,Shoulder.L_x,Shoulder.L_y,Shoulder.L_z,Elbow.L_x,Elbow.L_y,Elbow.L_z,Wrist.L_x,Wrist.L_y,Wrist.L_z,Neck_x,Neck_y,Neck_z,Head_x,Head_y,Head_z,Nose_x,Nose_y,Nose_z,Eye.L_x,Eye.L_y,Eye.L_z,Eye.R_x,Eye.R_y,Eye.R_z,Ear.L_x,Ear.L_y,Ear.L_z,Ear.R_x,Ear.R_y,Ear.R_z,hip.Center_x,hip.Center_y,hip.Center_z
0,-0.010820353,-0.49759528,-0.29683447,-0.041352365,-0.18212946,-0.00061440305,-0.1265145,0.23147008,0.0012435031,0.09616852,0.30195865,-0.036875393,0.34256393,0.0058844457,0.056917626,0.56585836,-0.3309495,-0.107563324,-0.65971464,0.8554617,0.2571246,-0.4936056,0.7542891,0.08327676,-0.23107266,0.7048882,0.02568276,0.040851347,0.7296144,0.0044086576,0.30651623,0.78522587,0.011127132,0.45922306,0.93387085,0.15577,-0.09724469,0.75488794,0.035149902,-0.10356782,0.9599744,0.0806145,-0.081628494,0.86009467,0.19677737,-0.056357134,0.9031366,0.1606649,-0.12164574,0.8990468,0.16767299,-0.02791141,0.8930955,0.063403554,-0.17464134,0.8848182,0.07668463,-0.015172988176345825,0.2667143642902374,-0.01781594567000866
