frame,Ankle.R_x,Ankle.R_y,Ankle.R_z,Knee.R_x,Knee.R_y,Knee.R_z,Hip.R_x,Hip.R_y,Hip.R_z,Hip.L_x,Hip.L_y,Hip.L_z,Knee.L_x,Knee.L_y,Knee.L_z,Ankle.L_x,Ankle.L_y,Ankle.L_z,Wrist.R_x,Wrist.R_y,Wrist.R_z,Elbow.R_x,Elbow.R_y,Elbow.R_z,Shoulder.R_x,Shoulder.R_y,Shoulder.R_z,Shoulder.L_x,Shoulder.L_y,Shoulder.L_z,Elbow.L_x,Elbow.L_y,Elbow.L_z,Wrist.L_x,Wrist.L_y,Wrist.L_z,Neck_x,Neck_y,Neck_z,Head_x,Head_y,Head_z,Nose_x,Nose_y,Nose_z,Eye.L_x,Eye.L_y,Eye.L_z,Eye.R_x,Eye.R_y,Eye.R_z,Ear.L_x,Ear.L_y,Ear.L_z,Ear.R_x,Ear.R_y,Ear.R_z,hip.Center_x,hip.Center_y,hip.Center_z
0,-0.065042496,-0.5142685,-0.2597283,-0.085878044,-0.15170717,-0.02901393,-0.124433786,0.27457592,-0.0036149041,0.11312245,0.28098786,-0.017157514,0.115822904,-0.14133267,-0.03397659,0.11016132,-0.51866984,-0.24930225,-0.6502578,0.67795426,0.10032759,-0.41964975,0.6698175,-0.011378664,-0.15577647,0.7563952,0.0034925537,0.13308978,0.75179315,-0.0014138473,0.38799155,0.645556,-0.026576819,0.6258266,0.68135494,0.055851676,-0.009397404,0.80623794,0.02571825,-0.0030624098,1.0228152,0.06266109,0.0080347285,0.9266076,0.18695395,0.037876047,0.96651757,0.14871138,-0.028409224,0.9667933,0.1535033,0.0700229,0.94872105,0.051389206,-0.07956043,0.9507501,0.060248658,-0.005655668675899506,0.2777819037437439,-0.0103862090036273
