frame,Ankle.R_x,Ankle.R_y,Ankle.R_z,Knee.R_x,Knee.R_y,Knee.R_z,Hip.R_x,Hip.R_y,Hip.R_z,Hip.L_x,Hip.L_y,Hip.L_z,Knee.L_x,Knee.L_y,Knee.L_z,Ankle.L_x,Ankle.L_y,Ankle.L_z,Wrist.R_x,Wrist.R_y,Wrist.R_z,Elbow.R_x,Elbow.R_y,Elbow.R_z,Shoulder.R_x,Shoulder.R_y,Shoulder.R_z,Shoulder.L_x,Shoulder.L_y,Shoulder.L_z,Elbow.L_x,Elbow.L_y,Elbow.L_z,Wrist.L_x,Wrist.L_y,Wrist.L_z,Neck_x,Neck_y,Neck_z,Head_x,Head_y,Head_z,Nose_x,Nose_y,Nose_z,Eye.L_x,Eye.L_y,Eye.L_z,Eye.R_x,Eye.R_y,Eye.R_z,Ear.L_x,Ear.L_y,Ear.L_z,Ear.R_x,Ear.R_y,Ear.R_z,hip.Center_x,hip.Center_y,hip.Center_z
0,-0.064973645,-0.5550384,-0.23224531,-0.072929576,-0.18023072,0.0094618155,-0.11394256,0.24858364,0.04014614,0.09012626,0.2995521,-0.08323699,0.37164032,0.018153219,0.016400456,0.18746334,-0.33405578,-0.16807878,-0.4860524,0.86022943,0.36932102,-0.44482565,0.66063493,0.21155986,-0.20514292,0.7145764,0.06373899,0.057922922,0.7344222,-0.069237806,0.32137161,0.68057716,-0.16576064,0.3622748,0.9213015,-0.109757386,-0.07059835,0.7752287,0.01587547,-0.075098984,0.9887912,0.0648364,-0.032866947,0.8843233,0.17178085,-0.014796734,0.9307658,0.13559029,-0.078941606,0.922418,0.14968675,0.0033664666,0.92706066,0.0336015,-0.14186874,0.9089687,0.064593144,-0.0119081512093544,0.27406787872314453,-0.021545426920056343
