frame,Ankle.R_x,Ankle.R_y,Ankle.R_z,Knee.R_x,Knee.R_y,Knee.R_z,Hip.R_x,Hip.R_y,Hip.R_z,Hip.L_x,Hip.L_y,Hip.L_z,Knee.L_x,Knee.L_y,Knee.L_z,Ankle.L_x,Ankle.L_y,Ankle.L_z,Wrist.R_x,Wrist.R_y,Wrist.R_z,Elbow.R_x,Elbow.R_y,Elbow.R_z,Shoulder.R_x,Shoulder.R_y,Shoulder.R_z,Shoulder.L_x,Shoulder.L_y,Shoulder.L_z,Elbow.L_x,Elbow.L_y,Elbow.L_z,Wrist.L_x,Wrist.L_y,Wrist.L_z,Neck_x,Neck_y,Neck_z,Head_x,Head_y,Head_z,Nose_x,Nose_y,Nose_z,Eye.L_x,Eye.L_y,Eye.L_z,Eye.R_x,Eye.R_y,Eye.R_z,Ear.L_x,Ear.L_y,Ear.L_z,Ear.R_x,Ear.R_y,Ear.R_z,hip.Center_x,hip.Center_y,hip.Center_z
0,-0.18752576,-0.5858646,-0.3655255,-0.14433093,-0.2030356,-0.057292692,-0.13158482,0.2625269,-0.013691795,0.12623863,0.25370002,-0.019034002,0.12766136,-0.20808455,-0.03974296,0.15763527,-0.6166872,-0.32014042,-0.27132696,0.15108694,0.029390497,-0.23285557,0.42206278,-0.050379194,-0.13627872,0.69625354,0.016796418,0.16920793,0.6828855,0.0053072227,0.2280288,0.39721587,-0.062389024,0.24083947,0.13071936,0.028295813,0.022634003,0.76113206,0.04035664,0.022178348,0.9769208,0.07479534,0.02948077,0.88080263,0.19936994,0.060935713,0.9229712,0.16276085,-0.006554544,0.9204794,0.16324699,0.100144714,0.9057311,0.0685048,-0.049199622,0.9010167,0.06886589,-0.0026730969548225403,0.25811344385147095,-0.01636289805173874
