frame,Ankle.R_x,Ankle.R_y,Ankle.R_z,Knee.R_x,Knee.R_y,Knee.R_z,Hip.R_x,Hip.R_y,Hip.R_z,Hip.L_x,Hip.L_y,Hip.L_z,Knee.L_x,Knee.L_y,Knee.L_z,Ankle.L_x,Ankle.L_y,Ankle.L_z,Wrist.R_x,Wrist.R_y,Wrist.R_z,Elbow.R_x,Elbow.R_y,Elbow.R_z,Shoulder.R_x,Shoulder.R_y,Shoulder.R_z,Shoulder.L_x,Shoulder.L_y,Shoulder.L_z,Elbow.L_x,Elbow.L_y,Elbow.L_z,Wrist.L_x,Wrist.L_y,Wrist.L_z,Neck_x,Neck_y,Neck_z,Head_x,Head_y,Head_z,Nose_x,Nose_y,Nose_z,Eye.L_x,Eye.L_y,Eye.L_z,Eye.R_x,Eye.R_y,Eye.R_z,Ear.L_x,Ear.L_y,Ear.L_z,Ear.R_x,Ear.R_y,Ear.R_z,hip.Center_x,hip.Center_y,hip.Center_z
0,0.0125281755,-0.52491325,0.002471345,0.021246253,-0.12510507,-0.15530314,0.1039451,0.29572958,-0.073434554,-0.10313265,0.2981885,0.04568947,-0.25033787,-0.076518096,-0.09859219,-0.07090646,-0.41181946,0.10061393,0.011708705,0.33084336,-0.3245552,0.13996182,0.5071922,-0.1776217,0.15092866,0.7544107,-0.06546435,-0.092971705,0.75416934,0.12130128,-0.15934649,0.48631272,0.13020465,-0.21038604,0.26267442,0.0072782557,0.020591598,0.83265734,0.02201105,-0.047881193,1.0581317,-0.0070466297,-0.080601215,0.93647933,-0.09916587,-0.10082552,0.9759822,-0.05347667,-0.046565965,0.99060166,-0.0903833,-0.08042982,0.9752517,0.04979055,0.04427576,1.0067189,-0.03336502,0.0004062242805957794,0.2969590425491333,-0.01387254148721695
