frame,Ankle.R_x,Ankle.R_y,Ankle.R_z,Knee.R_x,Knee.R_y,Knee.R_z,Hip.R_x,Hip.R_y,Hip.R_z,Hip.L_x,Hip.L_y,Hip.L_z,Knee.L_x,Knee.L_y,Knee.L_z,Ankle.L_x,Ankle.L_y,Ankle.L_z,Wrist.R_x,Wrist.R_y,Wrist.R_z,Elbow.R_x,Elbow.R_y,Elbow.R_z,Shoulder.R_x,Shoulder.R_y,Shoulder.R_z,Shoulder.L_x,Shoulder.L_y,Shoulder.L_z,Elbow.L_x,Elbow.L_y,Elbow.L_z,Wrist.L_x,Wrist.L_y,Wrist.L_z,Neck_x,Neck_y,Neck_z,Head_x,Head_y,Head_z,Nose_x,Nose_y,Nose_z,Eye.L_x,Eye.L_y,Eye.L_z,Eye.R_x,Eye.R_y,Eye.R_z,Ear.L_x,Ear.L_y,Ear.L_z,Ear.R_x,Ear.R_y,Ear.R_z,hip.Center_x,hip.Center_y,hip.Center_z
0,-0.05251161,-0.52406704,-0.26796657,-0.08003057,-0.16447157,-0.021286927,-0.1261131,0.2585406,0.009588622,0.10276001,0.30384094,-0.045065805,0.30492818,-0.04188828,0.02295122,0.40135247,-0.40444437,-0.20963584,-0.5899881,0.8103453,0.13738666,-0.47453862,0.6263108,0.015671082,-0.20854056,0.7314714,0.025111355,0.084040985,0.746645,-0.019704724,0.3403498,0.6384073,-0.07981156,0.4741566,0.82630247,0.009259409,-0.060737267,0.79310036,0.030180587,-0.06501071,1.0079162,0.07600915,-0.03927654,0.90841293,0.19473505,-0.015056327,0.9518976,0.15674931,-0.08081946,0.94688636,0.16473213,0.013649121,0.94067323,0.057407103,-0.1362197,0.93006325,0.07366013,-0.011676546186208725,0.28119075298309326,-0.017738591879606247
