frame,Ankle.R_x,Ankle.R_y,Ankle.R_z,Knee.R_x,Knee.R_y,Knee.R_z,Hip.R_x,Hip.R_y,Hip.R_z,Hip.L_x,Hip.L_y,Hip.L_z,Knee.L_x,Knee.L_y,Knee.L_z,Ankle.L_x,Ankle.L_y,Ankle.L_z,Wrist.R_x,Wrist.R_y,Wrist.R_z,Elbow.R_x,Elbow.R_y,Elbow.R_z,Shoulder.R_x,Shoulder.R_y,Shoulder.R_z,Shoulder.L_x,Shoulder.L_y,Shoulder.L_z,Elbow.L_x,Elbow.L_y,Elbow.L_z,Wrist.L_x,Wrist.L_y,Wrist.L_z,Neck_x,Neck_y,Neck_z,Head_x,Head_y,Head_z,Nose_x,Nose_y,Nose_z,Eye.L_x,Eye.L_y,Eye.L_z,Eye.R_x,Eye.R_y,Eye.R_z,Ear.L_x,Ear.L_y,Ear.L_z,Ear.R_x,Ear.R_y,Ear.R_z,hip.Center_x,hip.Center_y,hip.Center_z
0,-0.23468387,-0.5814632,-0.32611963,-0.17816001,-0.18684039,-0.04538118,-0.12916356,0.27097517,-0.017181164,0.12613696,0.25292578,-0.015832957,0.108713865,-0.20585135,-0.032267004,0.10948708,-0.61248404,-0.30565047,-0.3459653,0.20326914,0.057078864,-0.2590383,0.44782135,-0.051721126,-0.1291296,0.70795035,0.011219819,0.17392243,0.6959063,-0.0055037206,0.27370134,0.42393225,-0.07514383,0.36393568,0.18587302,0.0361212,0.028883876,0.7705376,0.032327827,0.03346121,0.9862688,0.06742792,0.035243273,0.88978064,0.19186187,0.06856496,0.93106043,0.15622199,0.0011291429,0.93038875,0.15496883,0.10973312,0.9130665,0.062833205,-0.040012665,0.9123734,0.05960589,-0.0015133023262023926,0.2619504928588867,-0.016507059335708618
