frame,Ankle.R_x,Ankle.R_y,Ankle.R_z,Knee.R_x,Knee.R_y,Knee.R_z,Hip.R_x,Hip.R_y,Hip.R_z,Hip.L_x,Hip.L_y,Hip.L_z,Knee.L_x,Knee.L_y,Knee.L_z,Ankle.L_x,Ankle.L_y,Ankle.L_z,Wrist.R_x,Wrist.R_y,Wrist.R_z,Elbow.R_x,Elbow.R_y,Elbow.R_z,Shoulder.R_x,Shoulder.R_y,Shoulder.R_z,Shoulder.L_x,Shoulder.L_y,Shoulder.L_z,Elbow.L_x,Elbow.L_y,Elbow.L_z,Wrist.L_x,Wrist.L_y,Wrist.L_z,Neck_x,Neck_y,Neck_z,Head_x,Head_y,Head_z,Nose_x,Nose_y,Nose_z,Eye.L_x,Eye.L_y,Eye.L_z,Eye.R_x,Eye.R_y,Eye.R_z,Ear.L_x,Ear.L_y,Ear.L_z,Ear.R_x,Ear.R_y,Ear.R_z,hip.Center_x,hip.Center_y,hip.Center_z
0,-0.058039308,-0.4530478,-0.35857886,-0.05455969,-0.18455277,-0.012773814,-0.12276623,0.23206392,0.01901404,0.089467876,0.3123529,-0.06330705,0.3754235,0.1180417,0.109441735,0.48691994,-0.2489902,-0.10027762,-0.43114513,0.8582703,0.17945959,-0.49210396,0.6196815,0.17061567,-0.2418543,0.69115967,0.05843565,0.036047842,0.7241422,-0.03498338,0.31128377,0.6832912,-0.081043504,0.2054717,0.89848405,-0.04564219,-0.10149686,0.7597632,0.031178089,-0.09402725,0.9731867,0.08855524,-0.040973105,0.86285734,0.1822618,-0.026463337,0.90931827,0.14383484,-0.086799175,0.90494585,0.17047447,-0.029219516,0.9083899,0.042118557,-0.16581853,0.89900964,0.0990572,-0.01664917543530464,0.27220839262008667,-0.022146504372358322
