frame,Ankle.R_x,Ankle.R_y,Ankle.R_z,Knee.R_x,Knee.R_y,Knee.R_z,Hip.R_x,Hip.R_y,Hip.R_z,Hip.L_x,Hip.L_y,Hip.L_z,Knee.L_x,Knee.L_y,Knee.L_z,Ankle.L_x,Ankle.L_y,Ankle.L_z,Wrist.R_x,Wrist.R_y,Wrist.R_z,Elbow.R_x,Elbow.R_y,Elbow.R_z,Shoulder.R_x,Shoulder.R_y,Shoulder.R_z,Shoulder.L_x,Shoulder.L_y,Shoulder.L_z,Elbow.L_x,Elbow.L_y,Elbow.L_z,Wrist.L_x,Wrist.L_y,Wrist.L_z,Neck_x,Neck_y,Neck_z,Head_x,Head_y,Head_z,Nose_x,Nose_y,Nose_z,Eye.L_x,Eye.L_y,Eye.L_z,Eye.R_x,Eye.R_y,Eye.R_z,Ear.L_x,Ear.L_y,Ear.L_z,Ear.R_x,Ear.R_y,Ear.R_z,hip.Center_x,hip.Center_y,hip.Center_z
0,-0.24577641,-0.5878131,-0.29334947,-0.18378937,-0.1827907,-0.032120056,-0.12863089,0.2726103,-0.013823038,0.12612928,0.2552224,-0.019841654,0.10851985,-0.2021192,-0.042935405,0.099652775,-0.6151707,-0.30386716,-0.3386618,0.21242718,0.07405811,-0.2595083,0.45050994,-0.050233144,-0.13248162,0.711284,0.012443985,0.16937238,0.7031739,-0.017240724,0.264825,0.43326357,-0.096334636,0.35929462,0.20252009,0.022862112,0.025880981,0.7754117,0.027940663,0.034428626,0.99063194,0.0688824,0.04291202,0.8899696,0.18991978,0.074456275,0.9318497,0.15335685,0.007036749,0.93213654,0.15664744,0.109158695,0.9165602,0.05680404,-0.040876515,0.9177995,0.06356135,-0.0012508034706115723,0.26391637325286865,-0.016832346096634865
