frame,Ankle.R_x,Ankle.R_y,Ankle.R_z,Knee.R_x,Knee.R_y,Knee.R_z,Hip.R_x,Hip.R_y,Hip.R_z,Hip.L_x,Hip.L_y,Hip.L_z,Knee.L_x,Knee.L_y,Knee.L_z,Ankle.L_x,Ankle.L_y,Ankle.L_z,Wrist.R_x,Wrist.R_y,Wrist.R_z,Elbow.R_x,Elbow.R_y,Elbow.R_z,Shoulder.R_x,Shoulder.R_y,Shoulder.R_z,Shoulder.L_x,Shoulder.L_y,Shoulder.L_z,Elbow.L_x,Elbow.L_y,Elbow.L_z,Wrist.L_x,Wrist.L_y,Wrist.L_z,Neck_x,Neck_y,Neck_z,Head_x,Head_y,Head_z,Nose_x,Nose_y,Nose_z,Eye.L_x,Eye.L_y,Eye.L_z,Eye.R_x,Eye.R_y,Eye.R_z,Ear.L_x,Ear.L_y,Ear.L_z,Ear.R_x,Ear.R_y,Ear.R_z,hip.Center_x,hip.Center_y,hip.Center_z
0,-0.10321597,-0.49450016,-0.30045065,-0.11773625,-0.1341089,-0.06599194,-0.12262493,0.2963331,-0.024444781,0.11236321,0.28024995,0.0046346243,0.072009906,-0.13923779,-0.05982174,0.0652107,-0.5080351,-0.28349268,-0.5363508,0.529383,-0.12903337,-0.31236374,0.6546937,-0.14559199,-0.1148077,0.7987372,-0.030435737,0.15899162,0.77877074,0.015713371,0.37230408,0.6110151,-0.017932208,0.60197854,0.5143727,0.038817592,0.021586575,0.8399018,0.027345685,0.027236894,1.0514832,0.07970606,0.033184692,0.9475167,0.20057312,0.06504489,0.98871136,0.16361806,-0.0018404084,0.99011326,0.16712734,0.10065979,0.9756223,0.065595835,-0.052402567,0.9782842,0.07142657,-0.0051308609545230865,0.2882915139198303,-0.009905078448355198
