frame,Ankle.R_x,Ankle.R_y,Ankle.R_z,Knee.R_x,Knee.R_y,Knee.R_z,Hip.R_x,Hip.R_y,Hip.R_z,Hip.L_x,Hip.L_y,Hip.L_z,Knee.L_x,Knee.L_y,Knee.L_z,Ankle.L_x,Ankle.L_y,Ankle.L_z,Wrist.R_x,Wrist.R_y,Wrist.R_z,Elbow.R_x,Elbow.R_y,Elbow.R_z,Shoulder.R_x,Shoulder.R_y,Shoulder.R_z,Shoulder.L_x,Shoulder.L_y,Shoulder.L_z,Elbow.L_x,Elbow.L_y,Elbow.L_z,Wrist.L_x,Wrist.L_y,Wrist.L_z,Neck_x,Neck_y,Neck_z,Head_x,Head_y,Head_z,Nose_x,Nose_y,Nose_z,Eye.L_x,Eye.L_y,Eye.L_z,Eye.R_x,Eye.R_y,Eye.R_z,Ear.L_x,Ear.L_y,Ear.L_z,Ear.R_x,Ear.R_y,Ear.R_z,hip.Center_x,hip.Center_y,hip.Center_z
0,-0.091460906,-0.5262654,-0.304138,-0.07760335,-0.12308841,-0.16908377,-0.018902168,0.28207248,-0.13349223,0.011534927,0.24454807,0.10402378,-0.061603516,-0.15172057,0.020313658,-0.10897693,-0.56636673,-0.06309357,-0.5419021,0.46388617,-0.46260723,-0.33722237,0.57260466,-0.33928466,-0.21531323,0.667758,-0.13158417,-0.29522315,0.64678025,0.096884206,-0.5299171,0.537537,0.07975122,-0.75738055,0.48059505,-0.034978673,-0.26804125,0.6889839,-0.015734524,-0.3862284,0.85633916,-0.026790328,-0.45607817,0.71879303,-0.001596,-0.4376204,0.7717655,0.023466628,-0.44742447,0.7643918,-0.041943632,-0.3414568,0.8003725,0.046745904,-0.35951287,0.7870456,-0.09943685,-0.0036836201325058937,0.2633102834224701,-0.01473422721028328
