frame,Ankle.R_x,Ankle.R_y,Ankle.R_z,Knee.R_x,Knee.R_y,Knee.R_z,Hip.R_x,Hip.R_y,Hip.R_z,Hip.L_x,Hip.L_y,Hip.L_z,Knee.L_x,Knee.L_y,Knee.L_z,Ankle.L_x,Ankle.L_y,Ankle.L_z,Wrist.R_x,Wrist.R_y,Wrist.R_z,Elbow.R_x,Elbow.R_y,Elbow.R_z,Shoulder.R_x,Shoulder.R_y,Shoulder.R_z,Shoulder.L_x,Shoulder.L_y,Shoulder.L_z,Elbow.L_x,Elbow.L_y,Elbow.L_z,Wrist.L_x,Wrist.L_y,Wrist.L_z,Neck_x,Neck_y,Neck_z,Head_x,Head_y,Head_z,Nose_x,Nose_y,Nose_z,Eye.L_x,Eye.L_y,Eye.L_z,Eye.R_x,Eye.R_y,Eye.R_z,Ear.L_x,Ear.L_y,Ear.L_z,Ear.R_x,Ear.R_y,Ear.R_z,hip.Center_x,hip.Center_y,hip.Center_z
0,0.036718614,-0.40202993,-0.3366075,-0.19325706,-0.09820181,-0.13557246,-0.029133035,0.30816808,-0.13122143,0.02525124,0.27013052,0.10220797,-0.048163194,-0.14450887,0.01283163,0.0057439543,-0.5515725,-0.13203982,-0.0794721,0.2920735,-0.34934184,0.02963381,0.51552856,-0.26029977,0.021086907,0.7577077,-0.124946296,-0.033407606,0.73534566,0.17917532,-0.13364069,0.47962332,0.22274834,-0.342063,0.33495936,0.16194253,-0.025721408,0.8176934,0.03195817,-0.119322866,1.0315201,0.040034883,-0.20142065,0.89790136,0.042371098,-0.17904034,0.9473088,0.07578091,-0.18255411,0.94885397,0.008721182,-0.0817731,0.9625262,0.11246531,-0.088679954,0.96704966,-0.039992955,-0.0019408976659178734,0.28914928436279297,-0.014506727457046509
