frame,Ankle.R_x,Ankle.R_y,Ankle.R_z,Knee.R_x,Knee.R_y,Knee.R_z,Hip.R_x,Hip.R_y,Hip.R_z,Hip.L_x,Hip.L_y,Hip.L_z,Knee.L_x,Knee.L_y,Knee.L_z,Ankle.L_x,Ankle.L_y,Ankle.L_z,Wrist.R_x,Wrist.R_y,Wrist.R_z,Elbow.R_x,Elbow.R_y,Elbow.R_z,Shoulder.R_x,Shoulder.R_y,Shoulder.R_z,Shoulder.L_x,Shoulder.L_y,Shoulder.L_z,Elbow.L_x,Elbow.L_y,Elbow.L_z,Wrist.L_x,Wrist.L_y,Wrist.L_z,Neck_x,Neck_y,Neck_z,Head_x,Head_y,Head_z,Nose_x,Nose_y,Nose_z,Eye.L_x,Eye.L_y,Eye.L_z,Eye.R_x,Eye.R_y,Eye.R_z,Ear.L_x,Ear.L_y,Ear.L_z,Ear.R_x,Ear.R_y,Ear.R_z,hip.Center_x,hip.Center_y,hip.Center_z
0,-0.07759303,-0.51564515,-0.24667361,-0.10088707,-0.14875445,-0.029894138,-0.12324171,0.2768093,-0.014124809,0.11363537,0.27210844,-0.005286211,0.08794318,-0.14860003,-0.03018237,0.077928424,-0.5186926,-0.24945027,-0.6279382,0.59293747,-0.014161456,-0.383514,0.6439661,-0.06482395,-0.13664691,0.75245446,-0.017288584,0.14597769,0.7439537,0.009783379,0.39179856,0.62398666,0.010976304,0.6261596,0.6172009,0.10467074,0.004865041,0.8009387,0.019826416,0.009276832,1.0159807,0.0494636,0.005509328,0.92439026,0.17709859,0.03985749,0.96265614,0.14147308,-0.026377928,0.9634133,0.13889065,0.082255006,0.9416096,0.049327016,-0.066197045,0.94441426,0.041832373,-0.004803169518709183,0.2744588851928711,-0.00970550999045372
