frame,Ankle.R_x,Ankle.R_y,Ankle.R_z,Knee.R_x,Knee.R_y,Knee.R_z,Hip.R_x,Hip.R_y,Hip.R_z,Hip.L_x,Hip.L_y,Hip.L_z,Knee.L_x,Knee.L_y,Knee.L_z,Ankle.L_x,Ankle.L_y,Ankle.L_z,Wrist.R_x,Wrist.R_y,Wrist.R_z,Elbow.R_x,Elbow.R_y,Elbow.R_z,Shoulder.R_x,Shoulder.R_y,Shoulder.R_z,Shoulder.L_x,Shoulder.L_y,Shoulder.L_z,Elbow.L_x,Elbow.L_y,Elbow.L_z,Wrist.L_x,Wrist.L_y,Wrist.L_z,Neck_x,Neck_y,Neck_z,Head_x,Head_y,Head_z,Nose_x,Nose_y,Nose_z,Eye.L_x,Eye.L_y,Eye.L_z,Eye.R_x,Eye.R_y,Eye.R_z,Ear.L_x,Ear.L_y,Ear.L_z,Ear.R_x,Ear.R_y,Ear.R_z,hip.Center_x,hip.Center_y,hip.Center_z
0,-0.0748473,-0.49683627,-0.36018813,-0.08387408,-0.10455358,-0.199462,-0.012364275,0.2952724,-0.13214661,0.005242811,0.24810632,0.10322373,-0.096349776,-0.13978001,0.016135316,-0.15079278,-0.5515451,-0.06943941,-0.4673503,0.3870942,-0.2925882,-0.25958285,0.5446928,-0.266641,-0.1392093,0.7163912,-0.12067327,-0.20865953,0.7019806,0.1274417,-0.41139215,0.5435402,0.10846609,-0.6112897,0.42658004,-0.012770456,-0.18237719,0.75148636,0.0064166384,-0.29157266,0.93382835,0.016782284,-0.3637591,0.79530096,0.026506662,-0.3436418,0.8448063,0.057328332,-0.35363138,0.84542316,-0.008541036,-0.24618061,0.86871207,0.08347826,-0.26546937,0.8721852,-0.06473349,-0.0035607318859547377,0.27168935537338257,-0.014461439102888107
