frame,Ankle.R_x,Ankle.R_y,Ankle.R_z,Knee.R_x,Knee.R_y,Knee.R_z,Hip.R_x,Hip.R_y,Hip.R_z,Hip.L_x,Hip.L_y,Hip.L_z,Knee.L_x,Knee.L_y,Knee.L_z,Ankle.L_x,Ankle.L_y,Ankle.L_z,Wrist.R_x,Wrist.R_y,Wrist.R_z,Elbow.R_x,Elbow.R_y,Elbow.R_z,Shoulder.R_x,Shoulder.R_y,Shoulder.R_z,Shoulder.L_x,Shoulder.L_y,Shoulder.L_z,Elbow.L_x,Elbow.L_y,Elbow.L_z,Wrist.L_x,Wrist.L_y,Wrist.L_z,Neck_x,Neck_y,Neck_z,Head_x,Head_y,Head_z,Nose_x,Nose_y,Nose_z,Eye.L_x,Eye.L_y,Eye.L_z,Eye.R_x,Eye.R_y,Eye.R_z,Ear.L_x,Ear.L_y,Ear.L_z,Ear.R_x,Ear.R_y,Ear.R_z,hip.Center_x,hip.Center_y,hip.Center_z
0,-0.29600406,-0.44927782,-0.29370534,-0.24745561,-0.07015647,-0.08123364,-0.05278344,0.3097988,-0.12240861,0.050300628,0.2687976,0.09265609,0.011991715,-0.15035413,0.006305081,0.079528816,-0.5591428,-0.13807698,0.035136312,0.3143468,-0.43762589,0.07318967,0.531304,-0.29314595,0.018037997,0.7592764,-0.14395016,0.0052600596,0.75001276,0.16315609,-0.07554202,0.5093393,0.269719,-0.31999096,0.45936638,0.33293116,-0.0137529485,0.8204277,0.015535188,-0.08532954,1.03477,0.03778494,-0.1764124,0.9135853,0.0830145,-0.1372411,0.9607878,0.100677796,-0.16615975,0.96008015,0.039987005,-0.032763004,0.96380913,0.096758105,-0.09644674,0.96243536,-0.042910397,-0.001241406425833702,0.2892982065677643,-0.014876261353492737
