frame,Ankle.R_x,Ankle.R_y,Ankle.R_z,Knee.R_x,Knee.R_y,Knee.R_z,Hip.R_x,Hip.R_y,Hip.R_z,Hip.L_x,Hip.L_y,Hip.L_z,Knee.L_x,Knee.L_y,Knee.L_z,Ankle.L_x,Ankle.L_y,Ankle.L_z,Wrist.R_x,Wrist.R_y,Wrist.R_z,Elbow.R_x,Elbow.R_y,Elbow.R_z,Shoulder.R_x,Shoulder.R_y,Shoulder.R_z,Shoulder.L_x,Shoulder.L_y,Shoulder.L_z,Elbow.L_x,Elbow.L_y,Elbow.L_z,Wrist.L_x,Wrist.L_y,Wrist.L_z,Neck_x,Neck_y,Neck_z,Head_x,Head_y,Head_z,Nose_x,Nose_y,Nose_z,Eye.L_x,Eye.L_y,Eye.L_z,Eye.R_x,Eye.R_y,Eye.R_z,Ear.L_x,Ear.L_y,Ear.L_z,Ear.R_x,Ear.R_y,Ear.R_z,hip.Center_x,hip.Center_y,hip.Center_z
0,0.044802893,-0.55346996,-0.19660583,-0.06146344,-0.13284068,-0.123311326,-0.044610493,0.30672678,-0.12977384,0.028077396,0.272095,0.09841592,-0.012453078,-0.15079398,0.03572021,0.060457405,-0.57750493,-0.04462596,0.08749645,0.2578563,-0.28695154,0.10970568,0.51691204,-0.23598626,0.076481506,0.7669945,-0.12923796,0.12421642,0.74007124,0.1583614,0.19829315,0.47291055,0.17300832,0.19608861,0.21203294,0.15536907,0.07511594,0.82583857,0.027949063,0.059193917,1.049533,0.038757004,-0.07267413,0.9646849,0.069867246,-0.025002643,1.000838,0.0938095,-0.040084735,1.0014108,0.02798976,0.07521216,0.97325,0.1126012,0.042463526,0.9749149,-0.035590526,-0.008266548626124859,0.28941088914871216,-0.01567896082997322
