frame,Ankle.R_x,Ankle.R_y,Ankle.R_z,Knee.R_x,Knee.R_y,Knee.R_z,Hip.R_x,Hip.R_y,Hip.R_z,Hip.L_x,Hip.L_y,Hip.L_z,Knee.L_x,Knee.L_y,Knee.L_z,Ankle.L_x,Ankle.L_y,Ankle.L_z,Wrist.R_x,Wrist.R_y,Wrist.R_z,Elbow.R_x,Elbow.R_y,Elbow.R_z,Shoulder.R_x,Shoulder.R_y,Shoulder.R_z,Shoulder.L_x,Shoulder.L_y,Shoulder.L_z,Elbow.L_x,Elbow.L_y,Elbow.L_z,Wrist.L_x,Wrist.L_y,Wrist.L_z,Neck_x,Neck_y,Neck_z,Head_x,Head_y,Head_z,Nose_x,Nose_y,Nose_z,Eye.L_x,Eye.L_y,Eye.L_z,Eye.R_x,Eye.R_y,Eye.R_z,Ear.L_x,Ear.L_y,Ear.L_z,Ear.R_x,Ear.R_y,Ear.R_z,hip.Center_x,hip.Center_y,hip.Center_z
0,-0.23198906,-0.45199114,-0.30853572,-0.2506776,-0.07361831,-0.08583236,-0.054740667,0.31023288,-0.12219083,0.053136695,0.26865435,0.09190808,0.0007787595,-0.15264224,0.006231212,0.062043596,-0.5615197,-0.14888836,-0.044483017,0.326701,-0.44716787,0.035689224,0.5322144,-0.30023885,0.0057958355,0.7612117,-0.14351556,0.02490431,0.7541682,0.16311246,-0.024933964,0.5087891,0.2830463,-0.24155056,0.41871205,0.3948866,-0.010992462,0.8234061,0.017238691,-0.08451882,1.0383447,0.03992351,-0.1691688,0.9169474,0.09692544,-0.12931463,0.9652958,0.109586984,-0.16358066,0.9624008,0.051679358,-0.025389485,0.9696975,0.09606229,-0.10140262,0.96350294,-0.03764745,-0.0008019860833883286,0.28944361209869385,-0.015141375362873077
