frame,Ankle.R_x,Ankle.R_y,Ankle.R_z,Knee.R_x,Knee.R_y,Knee.R_z,Hip.R_x,Hip.R_y,Hip.R_z,Hip.L_x,Hip.L_y,Hip.L_z,Knee.L_x,Knee.L_y,Knee.L_z,Ankle.L_x,Ankle.L_y,Ankle.L_z,Wrist.R_x,Wrist.R_y,Wrist.R_z,Elbow.R_x,Elbow.R_y,Elbow.R_z,Shoulder.R_x,Shoulder.R_y,Shoulder.R_z,Shoulder.L_x,Shoulder.L_y,Shoulder.L_z,Elbow.L_x,Elbow.L_y,Elbow.L_z,Wrist.L_x,Wrist.L_y,Wrist.L_z,Neck_x,Neck_y,Neck_z,Head_x,Head_y,Head_z,Nose_x,Nose_y,Nose_z,Eye.L_x,Eye.L_y,Eye.L_z,Eye.R_x,Eye.R_y,Eye.R_z,Ear.L_x,Ear.L_y,Ear.L_z,Ear.R_x,Ear.R_y,Ear.R_z,hip.Center_x,hip.Center_y,hip.Center_z
0,-0.35457277,-0.4757418,-0.22388323,-0.22714081,-0.08528514,-0.07111132,-0.061556675,0.3069505,-0.11878125,0.055527616,0.26879194,0.090174586,0.024467811,-0.14970358,-0.007303374,0.10880058,-0.5534889,-0.15948468,0.051542006,0.3106379,-0.43341023,0.08583531,0.5378502,-0.30518833,0.00945763,0.75917476,-0.15440792,0.017678179,0.75690097,0.15166584,-0.062136807,0.5263709,0.27832395,-0.3131869,0.49583918,0.32632142,-0.012664309,0.8205118,0.005775554,-0.084303916,1.0315512,0.0313621,-0.16105336,0.91140765,0.1011123,-0.120027944,0.9599523,0.10752369,-0.16140087,0.95575154,0.05470726,-0.019349761,0.96405166,0.08084884,-0.111230955,0.95472395,-0.041677974,-0.003014529123902321,0.28787124156951904,-0.014303334057331085
