frame,Ankle.R_x,Ankle.R_y,Ankle.R_z,Knee.R_x,Knee.R_y,Knee.R_z,Hip.R_x,Hip.R_y,Hip.R_z,Hip.L_x,Hip.L_y,Hip.L_z,Knee.L_x,Knee.L_y,Knee.L_z,Ankle.L_x,Ankle.L_y,Ankle.L_z,Wrist.R_x,Wrist.R_y,Wrist.R_z,Elbow.R_x,Elbow.R_y,Elbow.R_z,Shoulder.R_x,Shoulder.R_y,Shoulder.R_z,Shoulder.L_x,Shoulder.L_y,Shoulder.L_z,Elbow.L_x,Elbow.L_y,Elbow.L_z,Wrist.L_x,Wrist.L_y,Wrist.L_z,Neck_x,Neck_y,Neck_z,Head_x,Head_y,Head_z,Nose_x,Nose_y,Nose_z,Eye.L_x,Eye.L_y,Eye.L_z,Eye.R_x,Eye.R_y,Eye.R_z,Ear.L_x,Ear.L_y,Ear.L_z,Ear.R_x,Ear.R_y,Ear.R_z,hip.Center_x,hip.Center_y,hip.Center_z
0,-0.18549515,-0.59790266,-0.35333425,-0.14271334,-0.20381261,-0.056329995,-0.13203461,0.26283675,-0.013658509,0.12626696,0.25543568,-0.019111376,0.13151489,-0.20597269,-0.052918974,0.16775215,-0.62616515,-0.31863773,-0.26508266,0.15093678,0.027321318,-0.23085251,0.42309225,-0.053909104,-0.13858119,0.6992496,0.014108203,0.16794486,0.6865928,0.0042100213,0.2263328,0.39977592,-0.062448356,0.2368155,0.13399462,0.033266205,0.02046299,0.76453936,0.038781263,0.018913362,0.9804996,0.075837635,0.023492044,0.8824986,0.19939873,0.0557155,0.9253515,0.16406891,-0.011858353,0.92249787,0.16273595,0.097735,0.90961653,0.07039517,-0.05202384,0.9041327,0.06684787,-0.002883829176425934,0.2591361999511719,-0.016384942457079887
