frame,Ankle.R_x,Ankle.R_y,Ankle.R_z,Knee.R_x,Knee.R_y,Knee.R_z,Hip.R_x,Hip.R_y,Hip.R_z,Hip.L_x,Hip.L_y,Hip.L_z,Knee.L_x,Knee.L_y,Knee.L_z,Ankle.L_x,Ankle.L_y,Ankle.L_z,Wrist.R_x,Wrist.R_y,Wrist.R_z,Elbow.R_x,Elbow.R_y,Elbow.R_z,Shoulder.R_x,Shoulder.R_y,Shoulder.R_z,Shoulder.L_x,Shoulder.L_y,Shoulder.L_z,Elbow.L_x,Elbow.L_y,Elbow.L_z,Wrist.L_x,Wrist.L_y,Wrist.L_z,Neck_x,Neck_y,Neck_z,Head_x,Head_y,Head_z,Nose_x,Nose_y,Nose_z,Eye.L_x,Eye.L_y,Eye.L_z,Eye.R_x,Eye.R_y,Eye.R_z,Ear.L_x,Ear.L_y,Ear.L_z,Ear.R_x,Ear.R_y,Ear.R_z,hip.Center_x,hip.Center_y,hip.Center_z
0,-0.061979413,-0.49605736,-0.32018018,-0.06954293,-0.18696466,-0.0027712428,-0.12210901,0.2348226,0.02349639,0.09050672,0.30623618,-0.0692066,0.38863465,0.103083454,0.0801234,0.43433586,-0.28258756,-0.12860706,-0.41191933,0.8979527,0.23651876,-0.475856,0.65941286,0.18716444,-0.2235477,0.69690394,0.061432514,0.051143847,0.7230885,-0.038936015,0.32924336,0.71757877,-0.08604719,0.23422821,0.9405449,-0.03991651,-0.083494246,0.7587683,0.029379679,-0.07439044,0.9702268,0.08799072,-0.019255735,0.8595096,0.18009347,-0.0055568814,0.9062501,0.1420605,-0.065638214,0.90115273,0.16933256,-0.0093731135,0.90643585,0.040111,-0.14559585,0.89524484,0.09860659,-0.015801146626472473,0.2705293893814087,-0.022855106741189957
