frame,Ankle.R_x,Ankle.R_y,Ankle.R_z,Knee.R_x,Knee.R_y,Knee.R_z,Hip.R_x,Hip.R_y,Hip.R_z,Hip.L_x,Hip.L_y,Hip.L_z,Knee.L_x,Knee.L_y,Knee.L_z,Ankle.L_x,Ankle.L_y,Ankle.L_z,Wrist.R_x,Wrist.R_y,Wrist.R_z,Elbow.R_x,Elbow.R_y,Elbow.R_z,Shoulder.R_x,Shoulder.R_y,Shoulder.R_z,Shoulder.L_x,Shoulder.L_y,Shoulder.L_z,Elbow.L_x,Elbow.L_y,Elbow.L_z,Wrist.L_x,Wrist.L_y,Wrist.L_z,Neck_x,Neck_y,Neck_z,Head_x,Head_y,Head_z,Nose_x,Nose_y,Nose_z,Eye.L_x,Eye.L_y,Eye.L_z,Eye.R_x,Eye.R_y,Eye.R_z,Ear.L_x,Ear.L_y,Ear.L_z,Ear.R_x,Ear.R_y,Ear.R_z,hip.Center_x,hip.Center_y,hip.Center_z
0,-0.06297179,-0.6207769,-0.30954847,-0.1056017,-0.20843796,-0.04842614,-0.13033941,0.25919735,-0.04410661,0.12097744,0.25163716,0.010908528,0.102849714,-0.21036845,-0.020845635,0.15783137,-0.61651015,-0.29566023,-0.32135287,0.17405367,-0.07633517,-0.22231492,0.430605,-0.14082494,-0.13902117,0.6960588,-0.039627805,0.14970005,0.6813664,0.04812429,0.22761184,0.3995478,-0.005011376,0.22752458,0.12642618,0.055383276,0.0007724026,0.7582382,0.034749664,-0.014042004,0.97215134,0.07173937,-0.060443945,0.8725662,0.1835895,-0.01687985,0.91557384,0.16599208,-0.07756403,0.91322976,0.13689667,0.059589714,0.90133584,0.09795035,-0.07409599,0.8970865,0.03381297,-0.004680987447500229,0.25541725754737854,-0.01659904047846794
