frame,Ankle.R_x,Ankle.R_y,Ankle.R_z,Knee.R_x,Knee.R_y,Knee.R_z,Hip.R_x,Hip.R_y,Hip.R_z,Hip.L_x,Hip.L_y,Hip.L_z,Knee.L_x,Knee.L_y,Knee.L_z,Ankle.L_x,Ankle.L_y,Ankle.L_z,Wrist.R_x,Wrist.R_y,Wrist.R_z,Elbow.R_x,Elbow.R_y,Elbow.R_z,Shoulder.R_x,Shoulder.R_y,Shoulder.R_z,Shoulder.L_x,Shoulder.L_y,Shoulder.L_z,Elbow.L_x,Elbow.L_y,Elbow.L_z,Wrist.L_x,Wrist.L_y,Wrist.L_z,Neck_x,Neck_y,Neck_z,Head_x,Head_y,Head_z,Nose_x,Nose_y,Nose_z,Eye.L_x,Eye.L_y,Eye.L_z,Eye.R_x,Eye.R_y,Eye.R_z,Ear.L_x,Ear.L_y,Ear.L_z,Ear.R_x,Ear.R_y,Ear.R_z,hip.Center_x,hip.Center_y,hip.Center_z
0,-0.05298732,-0.4935825,-0.36195883,-0.075235,-0.102836356,-0.20410308,-0.008698142,0.29674172,-0.1321471,6.687944e-05,0.24877267,0.10315438,-0.084507614,-0.14253673,0.013619684,-0.11330339,-0.5556108,-0.07016649,-0.44135323,0.41136524,-0.3162248,-0.23515673,0.56760204,-0.2838655,-0.12655123,0.7286293,-0.116513446,-0.20004943,0.7037546,0.13371497,-0.39025027,0.52891946,0.126157,-0.59129703,0.42970702,-0.0033923602,-0.17247698,0.75962335,0.010977642,-0.2718858,0.9475942,0.020356033,-0.35306144,0.81351197,0.017023804,-0.33321503,0.8604513,0.051746774,-0.3362872,0.86415756,-0.0146849165,-0.23737247,0.87702113,0.08854164,-0.24163726,0.88718283,-0.060765162,-0.004315631464123726,0.2727572023868561,-0.01449635997414589
