frame,Ankle.R_x,Ankle.R_y,Ankle.R_z,Knee.R_x,Knee.R_y,Knee.R_z,Hip.R_x,Hip.R_y,Hip.R_z,Hip.L_x,Hip.L_y,Hip.L_z,Knee.L_x,Knee.L_y,Knee.L_z,Ankle.L_x,Ankle.L_y,Ankle.L_z,Wrist.R_x,Wrist.R_y,Wrist.R_z,Elbow.R_x,Elbow.R_y,Elbow.R_z,Shoulder.R_x,Shoulder.R_y,Shoulder.R_z,Shoulder.L_x,Shoulder.L_y,Shoulder.L_z,Elbow.L_x,Elbow.L_y,Elbow.L_z,Wrist.L_x,Wrist.L_y,Wrist.L_z,Neck_x,Neck_y,Neck_z,Head_x,Head_y,Head_z,Nose_x,Nose_y,Nose_z,Eye.L_x,Eye.L_y,Eye.L_z,Eye.R_x,Eye.R_y,Eye.R_z,Ear.L_x,Ear.L_y,Ear.L_z,Ear.R_x,Ear.R_y,Ear.R_z,hip.Center_x,hip.Center_y,hip.Center_z
0,0.004924964,-0.46256068,-0.30363452,-0.03644363,-0.18456522,0.024588678,-0.12751007,0.22915828,-0.0010872469,0.095906995,0.30043778,-0.039911628,0.3443433,0.020145034,0.08502205,0.5688116,-0.32328492,-0.065197185,-0.6091011,0.8868847,0.2846866,-0.49051258,0.7406789,0.10479733,-0.23140168,0.6966569,0.027805168,0.04235574,0.7254635,0.0069544427,0.30568543,0.78714335,0.029423319,0.43761182,0.9565474,0.1716756,-0.09763041,0.7498318,0.034575175,-0.11307919,0.9554558,0.069431156,-0.08883574,0.86364657,0.1912338,-0.06482744,0.9058087,0.15344796,-0.12996946,0.8988515,0.15952386,-0.03369565,0.8916192,0.05748721,-0.18005897,0.8771531,0.068381965,-0.01580153778195381,0.26479804515838623,-0.020499438047409058
