frame,Ankle.R_x,Ankle.R_y,Ankle.R_z,Knee.R_x,Knee.R_y,Knee.R_z,Hip.R_x,Hip.R_y,Hip.R_z,Hip.L_x,Hip.L_y,Hip.L_z,Knee.L_x,Knee.L_y,Knee.L_z,Ankle.L_x,Ankle.L_y,Ankle.L_z,Wrist.R_x,Wrist.R_y,Wrist.R_z,Elbow.R_x,Elbow.R_y,Elbow.R_z,Shoulder.R_x,Shoulder.R_y,Shoulder.R_z,Shoulder.L_x,Shoulder.L_y,Shoulder.L_z,Elbow.L_x,Elbow.L_y,Elbow.L_z,Wrist.L_x,Wrist.L_y,Wrist.L_z,Neck_x,Neck_y,Neck_z,Head_x,Head_y,Head_z,Nose_x,Nose_y,Nose_z,Eye.L_x,Eye.L_y,Eye.L_z,Eye.R_x,Eye.R_y,Eye.R_z,Ear.L_x,Ear.L_y,Ear.L_z,Ear.R_x,Ear.R_y,Ear.R_z,hip.Center_x,hip.Center_y,hip.Center_z
0,-0.14903927,-0.49792805,-0.25152844,-0.14874889,-0.13033,-0.025860852,-0.12249596,0.3008733,-0.021604218,0.11445554,0.28266814,-0.0055450983,0.08224814,-0.14292544,-0.011137659,0.06488192,-0.5128945,-0.23614031,-0.46249384,0.42977244,-0.03338404,-0.29032868,0.60891414,-0.104198486,-0.11672099,0.7943383,-0.013585251,0.16781236,0.77676445,-0.0065586343,0.34831774,0.57894355,-0.06561039,0.5490334,0.4381759,0.010448781,0.031168677,0.8391662,0.024926975,0.042679235,1.0492513,0.083733626,0.08529383,0.9407896,0.19276556,0.104347736,0.9847487,0.15025921,0.04094042,0.9831518,0.17244749,0.11139477,0.9771756,0.045872234,-0.034717824,0.9726509,0.09428163,-0.00402020663022995,0.29177072644233704,-0.013574657961726189
