frame,Ankle.R_x,Ankle.R_y,Ankle.R_z,Knee.R_x,Knee.R_y,Knee.R_z,Hip.R_x,Hip.R_y,Hip.R_z,Hip.L_x,Hip.L_y,Hip.L_z,Knee.L_x,Knee.L_y,Knee.L_z,Ankle.L_x,Ankle.L_y,Ankle.L_z,Wrist.R_x,Wrist.R_y,Wrist.R_z,Elbow.R_x,Elbow.R_y,Elbow.R_z,Shoulder.R_x,Shoulder.R_y,Shoulder.R_z,Shoulder.L_x,Shoulder.L_y,Shoulder.L_z,Elbow.L_x,Elbow.L_y,Elbow.L_z,Wrist.L_x,Wrist.L_y,Wrist.L_z,Neck_x,Neck_y,Neck_z,Head_x,Head_y,Head_z,Nose_x,Nose_y,Nose_z,Eye.L_x,Eye.L_y,Eye.L_z,Eye.R_x,Eye.R_y,Eye.R_z,Ear.L_x,Ear.L_y,Ear.L_z,Ear.R_x,Ear.R_y,Ear.R_z,hip.Center_x,hip.Center_y,hip.Center_z
0,-0.06392744,-0.51056975,-0.3491267,-0.07517885,-0.11316995,-0.19120282,-0.008504286,0.29122674,-0.13396214,-2.192473e-05,0.24818322,0.104900986,-0.090370856,-0.14314577,0.0039606504,-0.12854022,-0.55695266,-0.097445525,-0.50896114,0.4334125,-0.35749745,-0.29046348,0.5743987,-0.31114125,-0.15940464,0.7127119,-0.13727036,-0.23583236,0.69710743,0.1034082,-0.44232512,0.5409646,0.09771678,-0.65428203,0.46607757,-0.035676695,-0.20867527,0.74232817,-0.018239126,-0.32940862,0.91795427,-0.02321928,-0.39507473,0.77546823,-0.016696876,-0.38062766,0.8268579,0.0145211965,-0.38452178,0.82557434,-0.052109137,-0.28722724,0.85664755,0.048856582,-0.2927044,0.85617423,-0.100586206,-0.0042631058022379875,0.26970499753952026,-0.014530576765537262
