frame,Ankle.R_x,Ankle.R_y,Ankle.R_z,Knee.R_x,Knee.R_y,Knee.R_z,Hip.R_x,Hip.R_y,Hip.R_z,Hip.L_x,Hip.L_y,Hip.L_z,Knee.L_x,Knee.L_y,Knee.L_z,Ankle.L_x,Ankle.L_y,Ankle.L_z,Wrist.R_x,Wrist.R_y,Wrist.R_z,Elbow.R_x,Elbow.R_y,Elbow.R_z,Shoulder.R_x,Shoulder.R_y,Shoulder.R_z,Shoulder.L_x,Shoulder.L_y,Shoulder.L_z,Elbow.L_x,Elbow.L_y,Elbow.L_z,Wrist.L_x,Wrist.L_y,Wrist.L_z,Neck_x,Neck_y,Neck_z,Head_x,Head_y,Head_z,Nose_x,Nose_y,Nose_z,Eye.L_x,Eye.L_y,Eye.L_z,Eye.R_x,Eye.R_y,Eye.R_z,Ear.L_x,Ear.L_y,Ear.L_z,Ear.R_x,Ear.R_y,Ear.R_z,hip.Center_x,hip.Center_y,hip.Center_z
0,-0.011074367,-0.39165545,-0.3186194,-0.23335609,-0.08557651,-0.11153348,-0.03443751,0.30512843,-0.13112283,0.033451278,0.26681527,0.09980625,-0.038113713,-0.14903268,0.009034902,0.016030665,-0.55735224,-0.14037406,-0.034626808,0.27870443,-0.36800158,0.045863956,0.5037905,-0.25652894,0.015422409,0.7486092,-0.12771097,-0.02386908,0.72915834,0.17851436,-0.11023767,0.47195593,0.23818079,-0.3395456,0.35014442,0.23175198,-0.026766622,0.81024855,0.030383065,-0.11450914,1.0246484,0.041755643,-0.20158803,0.8945856,0.05001785,-0.17554691,0.94328463,0.08160536,-0.18288574,0.94445366,0.014918296,-0.076178186,0.9548035,0.1123724,-0.09165713,0.95850956,-0.03912832,-0.0004931166768074036,0.28597185015678406,-0.015658289194107056
