frame,Ankle.R_x,Ankle.R_y,Ankle.R_z,Knee.R_x,Knee.R_y,Knee.R_z,Hip.R_x,Hip.R_y,Hip.R_z,Hip.L_x,Hip.L_y,Hip.L_z,Knee.L_x,Knee.L_y,Knee.L_z,Ankle.L_x,Ankle.L_y,Ankle.L_z,Wrist.R_x,Wrist.R_y,Wrist.R_z,Elbow.R_x,Elbow.R_y,Elbow.R_z,Shoulder.R_x,Shoulder.R_y,Shoulder.R_z,Shoulder.L_x,Shoulder.L_y,Shoulder.L_z,Elbow.L_x,Elbow.L_y,Elbow.L_z,Wrist.L_x,Wrist.L_y,Wrist.L_z,Neck_x,Neck_y,Neck_z,Head_x,Head_y,Head_z,Nose_x,Nose_y,Nose_z,Eye.L_x,Eye.L_y,Eye.L_z,Eye.R_x,Eye.R_y,Eye.R_z,Ear.L_x,Ear.L_y,Ear.L_z,Ear.R_x,Ear.R_y,Ear.R_z,hip.Center_x,hip.Center_y,hip.Center_z
0,-0.021798782,-0.4866996,-0.3005808,-0.04379281,-0.17780235,0.0040346496,-0.12609339,0.23777932,0.006925799,0.094372086,0.31089687,-0.04661645,0.35277918,0.04146018,0.08141163,0.5405128,-0.29762757,-0.12166777,-0.51768476,0.8373221,0.18836348,-0.5199387,0.62117517,0.06968887,-0.24862781,0.6965704,0.039788805,0.035187747,0.7287878,-0.02374046,0.2890619,0.656117,-0.12704986,0.30868775,0.8756862,-0.028694365,-0.10600383,0.763995,0.03757918,-0.110992186,0.9733673,0.108631946,-0.06627031,0.85999453,0.2044647,-0.04872293,0.9085692,0.16990544,-0.11172079,0.9011502,0.1882054,-0.038123496,0.9120878,0.06844233,-0.1810109,0.89628875,0.10705076,-0.015860650688409805,0.27433809638023376,-0.019845325499773026
