frame,Ankle.R_x,Ankle.R_y,Ankle.R_z,Knee.R_x,Knee.R_y,Knee.R_z,Hip.R_x,Hip.R_y,Hip.R_z,Hip.L_x,Hip.L_y,Hip.L_z,Knee.L_x,Knee.L_y,Knee.L_z,Ankle.L_x,Ankle.L_y,Ankle.L_z,Wrist.R_x,Wrist.R_y,Wrist.R_z,Elbow.R_x,Elbow.R_y,Elbow.R_z,Shoulder.R_x,Shoulder.R_y,Shoulder.R_z,Shoulder.L_x,Shoulder.L_y,Shoulder.L_z,Elbow.L_x,Elbow.L_y,Elbow.L_z,Wrist.L_x,Wrist.L_y,Wrist.L_z,Neck_x,Neck_y,Neck_z,Head_x,Head_y,Head_z,Nose_x,Nose_y,Nose_z,Eye.L_x,Eye.L_y,Eye.L_z,Eye.R_x,Eye.R_y,Eye.R_z,Ear.L_x,Ear.L_y,Ear.L_z,Ear.R_x,Ear.R_y,Ear.R_z,hip.Center_x,hip.Center_y,hip.Center_z
0,0.020790424,-0.49349487,-0.00434649,0.01610874,-0.11190677,-0.1978088,0.10809097,0.295879,-0.06450357,-0.10900251,0.29341483,0.03818796,-0.20523436,-0.09754432,-0.113738425,-0.050230782,-0.4470929,0.084530994,0.096467435,0.29471868,-0.30419603,0.17341882,0.49272898,-0.15010205,0.14369735,0.7490967,-0.055722788,-0.12285722,0.7519191,0.10090178,-0.23376045,0.49616998,0.11199178,-0.34134653,0.30228066,-0.022843758,0.0025750585,0.8279816,0.013971318,-0.052904386,1.055563,-0.019247228,-0.08197099,0.9392208,-0.119518995,-0.105317324,0.9787923,-0.0752969,-0.046037026,0.9905785,-0.10471261,-0.09808044,0.97331923,0.029711172,0.037575737,0.99863577,-0.036574937,-0.0004557706415653229,0.2946469187736511,-0.013157807290554047
