frame,Ankle.R_x,Ankle.R_y,Ankle.R_z,Knee.R_x,Knee.R_y,Knee.R_z,Hip.R_x,Hip.R_y,Hip.R_z,Hip.L_x,Hip.L_y,Hip.L_z,Knee.L_x,Knee.L_y,Knee.L_z,Ankle.L_x,Ankle.L_y,Ankle.L_z,Wrist.R_x,Wrist.R_y,Wrist.R_z,Elbow.R_x,Elbow.R_y,Elbow.R_z,Shoulder.R_x,Shoulder.R_y,Shoulder.R_z,Shoulder.L_x,Shoulder.L_y,Shoulder.L_z,Elbow.L_x,Elbow.L_y,Elbow.L_z,Wrist.L_x,Wrist.L_y,Wrist.L_z,Neck_x,Neck_y,Neck_z,Head_x,Head_y,Head_z,Nose_x,Nose_y,Nose_z,Eye.L_x,Eye.L_y,Eye.L_z,Eye.R_x,Eye.R_y,Eye.R_z,Ear.L_x,Ear.L_y,Ear.L_z,Ear.R_x,Ear.R_y,Ear.R_z,hip.Center_x,hip.Center_y,hip.Center_z
0,-0.11164929,-0.5044549,-0.28088307,-0.12367476,-0.13320243,-0.06200775,-0.12281042,0.29870987,-0.024475785,0.11270455,0.2806494,0.0029619522,0.07408556,-0.13917586,-0.061357696,0.06702592,-0.514298,-0.27622142,-0.49613437,0.5073106,-0.12569357,-0.28645205,0.6539861,-0.15667602,-0.10573854,0.80549794,-0.028393136,0.16573182,0.78164583,0.014559805,0.37199688,0.6055895,-0.018320492,0.59295017,0.49756047,0.054283302,0.030411836,0.84277755,0.02952895,0.034780085,1.0509199,0.09047726,0.05883408,0.9420702,0.2051041,0.08458081,0.9857917,0.16619135,0.01856206,0.98470616,0.17814212,0.10809226,0.9781336,0.064055964,-0.043660022,0.974884,0.088782646,-0.00505293533205986,0.2896796464920044,-0.010756916366517544
