frame,Ankle.R_x,Ankle.R_y,Ankle.R_z,Knee.R_x,Knee.R_y,Knee.R_z,Hip.R_x,Hip.R_y,Hip.R_z,Hip.L_x,Hip.L_y,Hip.L_z,Knee.L_x,Knee.L_y,Knee.L_z,Ankle.L_x,Ankle.L_y,Ankle.L_z,Wrist.R_x,Wrist.R_y,Wrist.R_z,Elbow.R_x,Elbow.R_y,Elbow.R_z,Shoulder.R_x,Shoulder.R_y,Shoulder.R_z,Shoulder.L_x,Shoulder.L_y,Shoulder.L_z,Elbow.L_x,Elbow.L_y,Elbow.L_z,Wrist.L_x,Wrist.L_y,Wrist.L_z,Neck_x,Neck_y,Neck_z,Head_x,Head_y,Head_z,Nose_x,Nose_y,Nose_z,Eye.L_x,Eye.L_y,Eye.L_z,Eye.R_x,Eye.R_y,Eye.R_z,Ear.L_x,Ear.L_y,Ear.L_z,Ear.R_x,Ear.R_y,Ear.R_z,hip.Center_x,hip.Center_y,hip.Center_z
0,-0.07645257,-0.6146424,-0.35081062,-0.09307273,-0.2114546,-0.06810084,-0.1328778,0.25488076,-0.030580994,0.12322313,0.25348535,-0.0015575892,0.11799038,-0.20872745,-0.019968498,0.17707285,-0.63938415,-0.2575636,-0.28991362,0.15953274,-0.044082124,-0.2339038,0.42675835,-0.12007812,-0.15019774,0.69167143,-0.016887516,0.14840837,0.6840845,0.035998795,0.23626229,0.4070459,-0.030448623,0.24033199,0.13362136,0.033141173,-0.0032276008,0.754813,0.042238075,-0.019194162,0.96445,0.097176276,-0.0348266,0.85418165,0.20754607,0.0019095279,0.90073067,0.18412346,-0.0637798,0.8971867,0.16961466,0.060774907,0.8961096,0.09958333,-0.08405709,0.8891039,0.067189276,-0.004827331751585007,0.2541830539703369,-0.016069291159510612
