frame,Ankle.R_x,Ankle.R_y,Ankle.R_z,Knee.R_x,Knee.R_y,Knee.R_z,Hip.R_x,Hip.R_y,Hip.R_z,Hip.L_x,Hip.L_y,Hip.L_z,Knee.L_x,Knee.L_y,Knee.L_z,Ankle.L_x,Ankle.L_y,Ankle.L_z,Wrist.R_x,Wrist.R_y,Wrist.R_z,Elbow.R_x,Elbow.R_y,Elbow.R_z,Shoulder.R_x,Shoulder.R_y,Shoulder.R_z,Shoulder.L_x,Shoulder.L_y,Shoulder.L_z,Elbow.L_x,Elbow.L_y,Elbow.L_z,Wrist.L_x,Wrist.L_y,Wrist.L_z,Neck_x,Neck_y,Neck_z,Head_x,Head_y,Head_z,Nose_x,Nose_y,Nose_z,Eye.L_x,Eye.L_y,Eye.L_z,Eye.R_x,Eye.R_y,Eye.R_z,Ear.L_x,Ear.L_y,Ear.L_z,Ear.R_x,Ear.R_y,Ear.R_z,hip.Center_x,hip.Center_y,hip.Center_z
0,-0.06537454,-0.50572944,-0.33697277,-0.071416765,-0.11078611,-0.18699805,-0.011544459,0.29200548,-0.13422944,0.004510588,0.25414371,0.10420403,-0.09026667,-0.1360757,0.021421364,-0.14590424,-0.54646635,-0.054363165,-0.43354023,0.355959,-0.3523278,-0.25181258,0.5389233,-0.31431156,-0.17144285,0.7103031,-0.14294416,-0.23294976,0.70596135,0.10516861,-0.41047746,0.52800095,0.16252808,-0.6229656,0.41042712,0.07632446,-0.215688,0.7461848,-0.02068168,-0.3094939,0.9315085,-0.020267555,-0.3992123,0.8023317,-0.010084234,-0.37461895,0.85050327,0.020217732,-0.38084525,0.84954274,-0.04636716,-0.27603278,0.8637737,0.051886674,-0.2872663,0.8629967,-0.09864841,-0.0035169352777302265,0.27307459712028503,-0.015012703835964203
