frame,Ankle.R_x,Ankle.R_y,Ankle.R_z,Knee.R_x,Knee.R_y,Knee.R_z,Hip.R_x,Hip.R_y,Hip.R_z,Hip.L_x,Hip.L_y,Hip.L_z,Knee.L_x,Knee.L_y,Knee.L_z,Ankle.L_x,Ankle.L_y,Ankle.L_z,Wrist.R_x,Wrist.R_y,Wrist.R_z,Elbow.R_x,Elbow.R_y,Elbow.R_z,Shoulder.R_x,Shoulder.R_y,Shoulder.R_z,Shoulder.L_x,Shoulder.L_y,Shoulder.L_z,Elbow.L_x,Elbow.L_y,Elbow.L_z,Wrist.L_x,Wrist.L_y,Wrist.L_z,Neck_x,Neck_y,Neck_z,Head_x,Head_y,Head_z,Nose_x,Nose_y,Nose_z,Eye.L_x,Eye.L_y,Eye.L_z,Eye.R_x,Eye.R_y,Eye.R_z,Ear.L_x,Ear.L_y,Ear.L_z,Ear.R_x,Ear.R_y,Ear.R_z,hip.Center_x,hip.Center_y,hip.Center_z
0,-0.09566956,-0.6366291,-0.24555542,-0.123634376,-0.2000028,-0.021535754,-0.12597322,0.26735586,-0.062752835,0.11756424,0.25216764,0.026027147,0.077709705,-0.21902636,0.04248414,0.2293199,-0.46993637,-0.35157496,-0.26336986,0.15797633,-0.13876298,-0.18373907,0.4278339,-0.18279715,-0.12436919,0.7031001,-0.085607,0.1487388,0.6888354,0.05401843,0.20042036,0.39635032,0.034061383,0.140918,0.12765358,0.09562286,0.004728889,0.76896316,0.01102659,-0.017705763,0.9865396,0.048889164,-0.05478602,0.8825976,0.16061254,-0.013206668,0.9271387,0.1410864,-0.0756582,0.92423856,0.11606645,0.058530733,0.9164805,0.06826937,-0.07897575,0.91021323,0.011579014,-0.004204493016004562,0.2597617506980896,-0.018362844362854958
