frame,Ankle.R_x,Ankle.R_y,Ankle.R_z,Knee.R_x,Knee.R_y,Knee.R_z,Hip.R_x,Hip.R_y,Hip.R_z,Hip.L_x,Hip.L_y,Hip.L_z,Knee.L_x,Knee.L_y,Knee.L_z,Ankle.L_x,Ankle.L_y,Ankle.L_z,Wrist.R_x,Wrist.R_y,Wrist.R_z,Elbow.R_x,Elbow.R_y,Elbow.R_z,Shoulder.R_x,Shoulder.R_y,Shoulder.R_z,Shoulder.L_x,Shoulder.L_y,Shoulder.L_z,Elbow.L_x,Elbow.L_y,Elbow.L_z,Wrist.L_x,Wrist.L_y,Wrist.L_z,Neck_x,Neck_y,Neck_z,Head_x,Head_y,Head_z,Nose_x,Nose_y,Nose_z,Eye.L_x,Eye.L_y,Eye.L_z,Eye.R_x,Eye.R_y,Eye.R_z,Ear.L_x,Ear.L_y,Ear.L_z,Ear.R_x,Ear.R_y,Ear.R_z,hip.Center_x,hip.Center_y,hip.Center_z
0,-0.10080625,-0.60441893,-0.35399395,-0.11223545,-0.20045818,-0.082499005,-0.13256872,0.25901726,-0.027727272,0.12161601,0.26115292,-0.001894447,0.15786101,-0.19009665,-0.046905838,0.24451466,-0.6105106,-0.28340375,-0.3605847,0.25130466,0.016310679,-0.26920998,0.4722666,-0.12705278,-0.14366621,0.71668386,-0.01991693,0.15336993,0.6910153,0.02535247,0.23222151,0.40863204,-0.020542527,0.24885903,0.15828721,0.09700371,0.007956041,0.77095413,0.03311764,0.009214356,0.98494357,0.071825266,-0.00066408666,0.8864259,0.19424623,0.035921764,0.927675,0.16232225,-0.031113576,0.9278699,0.15572757,0.08421523,0.9108468,0.07262708,-0.06414439,0.9120283,0.05681648,-0.005476351827383041,0.2600851058959961,-0.01481086015701294
