frame,Ankle.R_x,Ankle.R_y,Ankle.R_z,Knee.R_x,Knee.R_y,Knee.R_z,Hip.R_x,Hip.R_y,Hip.R_z,Hip.L_x,Hip.L_y,Hip.L_z,Knee.L_x,Knee.L_y,Knee.L_z,Ankle.L_x,Ankle.L_y,Ankle.L_z,Wrist.R_x,Wrist.R_y,Wrist.R_z,Elbow.R_x,Elbow.R_y,Elbow.R_z,Shoulder.R_x,Shoulder.R_y,Shoulder.R_z,Shoulder.L_x,Shoulder.L_y,Shoulder.L_z,Elbow.L_x,Elbow.L_y,Elbow.L_z,Wrist.L_x,Wrist.L_y,Wrist.L_z,Neck_x,Neck_y,Neck_z,Head_x,Head_y,Head_z,Nose_x,Nose_y,Nose_z,Eye.L_x,Eye.L_y,Eye.L_z,Eye.R_x,Eye.R_y,Eye.R_z,Ear.L_x,Ear.L_y,Ear.L_z,Ear.R_x,Ear.R_y,Ear.R_z,hip.Center_x,hip.Center_y,hip.Center_z
0,0.012572982,-0.50034297,-0.009602366,0.014053965,-0.1147842,-0.19785815,0.10573538,0.2946012,-0.07043764,-0.10532727,0.29393038,0.044641025,-0.22715859,-0.09314051,-0.101799674,-0.03880779,-0.42634785,0.09541788,0.043545153,0.31705284,-0.3353791,0.15008214,0.4938744,-0.1726156,0.15076181,0.7441682,-0.05989913,-0.10006572,0.75054973,0.11905254,-0.20021912,0.49067998,0.1372621,-0.30325645,0.27937746,0.025673673,0.019253805,0.8256252,0.022924524,-0.036269795,1.0540972,-0.00585453,-0.07050006,0.9379457,-0.10445664,-0.09147501,0.9772216,-0.05900623,-0.03395495,0.98932683,-0.09163465,-0.07830383,0.9717548,0.045435198,0.053284384,0.9974299,-0.028111279,0.00020405277609825134,0.2942658066749573,-0.012898307293653488
