frame,Ankle.R_x,Ankle.R_y,Ankle.R_z,Knee.R_x,Knee.R_y,Knee.R_z,Hip.R_x,Hip.R_y,Hip.R_z,Hip.L_x,Hip.L_y,Hip.L_z,Knee.L_x,Knee.L_y,Knee.L_z,Ankle.L_x,Ankle.L_y,Ankle.L_z,Wrist.R_x,Wrist.R_y,Wrist.R_z,Elbow.R_x,Elbow.R_y,Elbow.R_z,Shoulder.R_x,Shoulder.R_y,Shoulder.R_z,Shoulder.L_x,Shoulder.L_y,Shoulder.L_z,Elbow.L_x,Elbow.L_y,Elbow.L_z,Wrist.L_x,Wrist.L_y,Wrist.L_z,Neck_x,Neck_y,Neck_z,Head_x,Head_y,Head_z,Nose_x,Nose_y,Nose_z,Eye.L_x,Eye.L_y,Eye.L_z,Eye.R_x,Eye.R_y,Eye.R_z,Ear.L_x,Ear.L_y,Ear.L_z,Ear.R_x,Ear.R_y,Ear.R_z,hip.Center_x,hip.Center_y,hip.Center_z
0,-0.004548381,-0.51146317,-0.24630764,-0.038649943,-0.18534721,0.044300973,-0.1248615,0.23135957,0.012411581,0.09387299,0.30021918,-0.057631206,0.35991573,0.045515954,0.09054217,0.5268644,-0.34280562,-0.03688915,-0.6043636,0.8864963,0.30289835,-0.47938567,0.7476487,0.11983979,-0.22058998,0.7048522,0.03171467,0.049971826,0.719609,-0.032891516,0.32291403,0.74087363,-0.06543815,0.46231073,0.90713555,0.072224654,-0.08342388,0.75204635,0.019785907,-0.07505003,0.95696414,0.076869376,-0.03311169,0.8477303,0.1772837,-0.014263645,0.8928082,0.14010088,-0.076782934,0.8896471,0.16061029,-0.007521063,0.89054567,0.03883185,-0.14856131,0.8838414,0.0825131,-0.01549425721168518,0.2657893896102905,-0.022609811276197433
