frame,Ankle.R_x,Ankle.R_y,Ankle.R_z,Knee.R_x,Knee.R_y,Knee.R_z,Hip.R_x,Hip.R_y,Hip.R_z,Hip.L_x,Hip.L_y,Hip.L_z,Knee.L_x,Knee.L_y,Knee.L_z,Ankle.L_x,Ankle.L_y,Ankle.L_z,Wrist.R_x,Wrist.R_y,Wrist.R_z,Elbow.R_x,Elbow.R_y,Elbow.R_z,Shoulder.R_x,Shoulder.R_y,Shoulder.R_z,Shoulder.L_x,Shoulder.L_y,Shoulder.L_z,Elbow.L_x,Elbow.L_y,Elbow.L_z,Wrist.L_x,Wrist.L_y,Wrist.L_z,Neck_x,Neck_y,Neck_z,Head_x,Head_y,Head_z,Nose_x,Nose_y,Nose_z,Eye.L_x,Eye.L_y,Eye.L_z,Eye.R_x,Eye.R_y,Eye.R_z,Ear.L_x,Ear.L_y,Ear.L_z,Ear.R_x,Ear.R_y,Ear.R_z,hip.Center_x,hip.Center_y,hip.Center_z
0,-0.04851734,-0.4883083,-0.33967975,-0.060585715,-0.18474153,-0.020410389,-0.12376915,0.23157558,0.016584013,0.09086843,0.31089434,-0.062160928,0.37801048,0.12157944,0.11428964,0.4699723,-0.23690291,-0.11963034,-0.42731842,0.8614897,0.16413471,-0.49103153,0.6228037,0.16263351,-0.23650633,0.6918451,0.057165,0.042176295,0.7221068,-0.031749174,0.31923586,0.69145715,-0.07424651,0.20755617,0.9060045,-0.04576262,-0.09512465,0.75806475,0.03153881,-0.08513799,0.9708456,0.082036085,-0.033791974,0.8641411,0.180986,-0.018479288,0.90867364,0.14073218,-0.07912584,0.90605104,0.16716781,-0.020588934,0.9037248,0.039083563,-0.1577047,0.8977294,0.09532625,-0.016450360417366028,0.2712349593639374,-0.022788457572460175
