frame,Ankle.R_x,Ankle.R_y,Ankle.R_z,Knee.R_x,Knee.R_y,Knee.R_z,Hip.R_x,Hip.R_y,Hip.R_z,Hip.L_x,Hip.L_y,Hip.L_z,Knee.L_x,Knee.L_y,Knee.L_z,Ankle.L_x,Ankle.L_y,Ankle.L_z,Wrist.R_x,Wrist.R_y,Wrist.R_z,Elbow.R_x,Elbow.R_y,Elbow.R_z,Shoulder.R_x,Shoulder.R_y,Shoulder.R_z,Shoulder.L_x,Shoulder.L_y,Shoulder.L_z,Elbow.L_x,Elbow.L_y,Elbow.L_z,Wrist.L_x,Wrist.L_y,Wrist.L_z,Neck_x,Neck_y,Neck_z,Head_x,Head_y,Head_z,Nose_x,Nose_y,Nose_z,Eye.L_x,Eye.L_y,Eye.L_z,Eye.R_x,Eye.R_y,Eye.R_z,Ear.L_x,Ear.L_y,Ear.L_z,Ear.R_x,Ear.R_y,Ear.R_z,hip.Center_x,hip.Center_y,hip.Center_z
0,-0.2403515,-0.5311606,-0.19316289,-0.19348195,-0.11611914,-0.024050593,-0.093827575,0.3063405,-0.10088426,0.083238706,0.28685826,0.06842377,0.08277198,-0.14716819,0.0119334,0.22155075,-0.5333515,-0.17969957,-0.17682622,0.34135616,-0.18341427,-0.032381065,0.5338458,-0.29829007,-0.04552918,0.7820581,-0.16201599,0.08446842,0.7644996,0.124145135,0.04330299,0.49337098,0.19907784,-0.20525698,0.4068301,0.23185055,0.0010323458,0.8433317,-0.0013090838,-0.06885225,1.0596272,0.052604526,-0.12553927,0.930625,0.1269643,-0.08632387,0.9818065,0.12917918,-0.13588867,0.9776275,0.08326577,0.010092586,0.99306136,0.086550474,-0.10222097,0.984745,-0.020790137,-0.005294434726238251,0.2965993881225586,-0.01623024418950081
