frame,Ankle.R_x,Ankle.R_y,Ankle.R_z,Knee.R_x,Knee.R_y,Knee.R_z,Hip.R_x,Hip.R_y,Hip.R_z,Hip.L_x,Hip.L_y,Hip.L_z,Knee.L_x,Knee.L_y,Knee.L_z,Ankle.L_x,Ankle.L_y,Ankle.L_z,Wrist.R_x,Wrist.R_y,Wrist.R_z,Elbow.R_x,Elbow.R_y,Elbow.R_z,Shoulder.R_x,Shoulder.R_y,Shoulder.R_z,Shoulder.L_x,Shoulder.L_y,Shoulder.L_z,Elbow.L_x,Elbow.L_y,Elbow.L_z,Wrist.L_x,Wrist.L_y,Wrist.L_z,Neck_x,Neck_y,Neck_z,Head_x,Head_y,Head_z,Nose_x,Nose_y,Nose_z,Eye.L_x,Eye.L_y,Eye.L_z,Eye.R_x,Eye.R_y,Eye.R_z,Ear.L_x,Ear.L_y,Ear.L_z,Ear.R_x,Ear.R_y,Ear.R_z,hip.Center_x,hip.Center_y,hip.Center_z
0,-0.24312952,-0.5861619,-0.3251377,-0.17787267,-0.19380037,-0.03614778,-0.12961596,0.26674455,-0.014199233,0.12688008,0.2508939,-0.019162145,0.11145428,-0.21030217,-0.044171873,0.111453906,-0.6213249,-0.318803,-0.30796576,0.17659535,0.046976633,-0.24505726,0.43261757,-0.056558587,-0.13227223,0.69954914,0.012364521,0.17069915,0.69054765,-0.0053156503,0.2560356,0.4146969,-0.08175344,0.31979248,0.16108848,0.017979763,0.025441231,0.7634695,0.034466848,0.030241285,0.9771261,0.07893825,0.036490887,0.8743631,0.1979023,0.06856196,0.9173864,0.16325285,0.0011062436,0.91685796,0.16460751,0.105826296,0.90436345,0.06772575,-0.0435724,0.90382123,0.07016465,-0.0013679414987564087,0.25881922245025635,-0.01668068766593933
