frame,Ankle.R_x,Ankle.R_y,Ankle.R_z,Knee.R_x,Knee.R_y,Knee.R_z,Hip.R_x,Hip.R_y,Hip.R_z,Hip.L_x,Hip.L_y,Hip.L_z,Knee.L_x,Knee.L_y,Knee.L_z,Ankle.L_x,Ankle.L_y,Ankle.L_z,Wrist.R_x,Wrist.R_y,Wrist.R_z,Elbow.R_x,Elbow.R_y,Elbow.R_z,Shoulder.R_x,Shoulder.R_y,Shoulder.R_z,Shoulder.L_x,Shoulder.L_y,Shoulder.L_z,Elbow.L_x,Elbow.L_y,Elbow.L_z,Wrist.L_x,Wrist.L_y,Wrist.L_z,Neck_x,Neck_y,Neck_z,Head_x,Head_y,Head_z,Nose_x,Nose_y,Nose_z,Eye.L_x,Eye.L_y,Eye.L_z,Eye.R_x,Eye.R_y,Eye.R_z,Ear.L_x,Ear.L_y,Ear.L_z,Ear.R_x,Ear.R_y,Ear.R_z,hip.Center_x,hip.Center_y,hip.Center_z
0,-0.0196353,-0.48923254,-0.30906746,-0.043110758,-0.17800568,-0.0048826253,-0.1257862,0.23832706,0.009121643,0.09356437,0.3109255,-0.049081896,0.35655555,0.04798081,0.07973985,0.56112075,-0.29541433,-0.10025804,-0.4989189,0.8454925,0.18040195,-0.51624423,0.62404126,0.07425529,-0.24561684,0.70017165,0.036360037,0.036489837,0.72946405,-0.035701767,0.28959665,0.6550076,-0.14083152,0.27972683,0.8781193,-0.05033466,-0.10305711,0.76645935,0.028526265,-0.10970601,0.97665244,0.09446624,-0.06463908,0.8663819,0.19396167,-0.047311604,0.91446775,0.15834661,-0.11051238,0.90644085,0.17581435,-0.03495714,0.91556555,0.0568195,-0.17822516,0.89841175,0.093664154,-0.016110915690660477,0.2746262848377228,-0.01998012512922287
