frame,Ankle.R_x,Ankle.R_y,Ankle.R_z,Knee.R_x,Knee.R_y,Knee.R_z,Hip.R_x,Hip.R_y,Hip.R_z,Hip.L_x,Hip.L_y,Hip.L_z,Knee.L_x,Knee.L_y,Knee.L_z,Ankle.L_x,Ankle.L_y,Ankle.L_z,Wrist.R_x,Wrist.R_y,Wrist.R_z,Elbow.R_x,Elbow.R_y,Elbow.R_z,Shoulder.R_x,Shoulder.R_y,Shoulder.R_z,Shoulder.L_x,Shoulder.L_y,Shoulder.L_z,Elbow.L_x,Elbow.L_y,Elbow.L_z,Wrist.L_x,Wrist.L_y,Wrist.L_z,Neck_x,Neck_y,Neck_z,Head_x,Head_y,Head_z,Nose_x,Nose_y,Nose_z,Eye.L_x,Eye.L_y,Eye.L_z,Eye.R_x,Eye.R_y,Eye.R_z,Ear.L_x,Ear.L_y,Ear.L_z,Ear.R_x,Ear.R_y,Ear.R_z,hip.Center_x,hip.Center_y,hip.Center_z
0,-0.14382634,-0.61286104,-0.35143304,-0.1193733,-0.20550162,-0.07549206,-0.13297722,0.25729132,-0.020512784,0.124101825,0.25672975,-0.009261864,0.14873795,-0.19733495,-0.066499576,0.2276076,-0.6273526,-0.29972324,-0.3011699,0.17812307,0.002173903,-0.24641626,0.439898,-0.092187196,-0.14309397,0.70339847,-0.0035303496,0.15939055,0.68412155,0.019772477,0.2272985,0.39982724,-0.040349983,0.22546306,0.13427666,0.050808996,0.011707582,0.7622637,0.03845418,0.007851099,0.97537637,0.078574024,-0.0016837306,0.87544173,0.1998924,0.034340195,0.91849947,0.16936989,-0.032531314,0.9161037,0.16061197,0.08606095,0.9042375,0.08076904,-0.061680943,0.89985925,0.060946252,-0.004437696188688278,0.2570105195045471,-0.01488732360303402
