frame,Ankle.R_x,Ankle.R_y,Ankle.R_z,Knee.R_x,Knee.R_y,Knee.R_z,Hip.R_x,Hip.R_y,Hip.R_z,Hip.L_x,Hip.L_y,Hip.L_z,Knee.L_x,Knee.L_y,Knee.L_z,Ankle.L_x,Ankle.L_y,Ankle.L_z,Wrist.R_x,Wrist.R_y,Wrist.R_z,Elbow.R_x,Elbow.R_y,Elbow.R_z,Shoulder.R_x,Shoulder.R_y,Shoulder.R_z,Shoulder.L_x,Shoulder.L_y,Shoulder.L_z,Elbow.L_x,Elbow.L_y,Elbow.L_z,Wrist.L_x,Wrist.L_y,Wrist.L_z,Neck_x,Neck_y,Neck_z,Head_x,Head_y,Head_z,Nose_x,Nose_y,Nose_z,Eye.L_x,Eye.L_y,Eye.L_z,Eye.R_x,Eye.R_y,Eye.R_z,Ear.L_x,Ear.L_y,Ear.L_z,Ear.R_x,Ear.R_y,Ear.R_z,hip.Center_x,hip.Center_y,hip.Center_z
0,-0.06971059,-0.5364614,-0.26924294,-0.073212326,-0.17338094,-0.012907305,-0.11770916,0.2560735,0.032851685,0.09618746,0.30220926,-0.07633329,0.35647768,0.0076917736,0.04727739,0.086225204,-0.2609306,-0.14880918,-0.5004341,0.83838564,0.19828376,-0.46751145,0.61314076,0.09484355,-0.20894319,0.72511584,0.037318684,0.07604084,0.7445913,-0.050728273,0.3308016,0.6361029,-0.12495983,0.3631017,0.86597085,-0.041190255,-0.06407169,0.78991354,0.015653824,-0.069785245,1.0053978,0.057333972,-0.035619184,0.90649647,0.17310311,-0.014572542,0.95062464,0.13476571,-0.079771936,0.94418675,0.14608996,0.009546991,0.9405014,0.034129445,-0.138388,0.92567194,0.058183387,-0.010760851204395294,0.279141366481781,-0.021740803495049477
