frame,Ankle.R_x,Ankle.R_y,Ankle.R_z,Knee.R_x,Knee.R_y,Knee.R_z,Hip.R_x,Hip.R_y,Hip.R_z,Hip.L_x,Hip.L_y,Hip.L_z,Knee.L_x,Knee.L_y,Knee.L_z,Ankle.L_x,Ankle.L_y,Ankle.L_z,Wrist.R_x,Wrist.R_y,Wrist.R_z,Elbow.R_x,Elbow.R_y,Elbow.R_z,Shoulder.R_x,Shoulder.R_y,Shoulder.R_z,Shoulder.L_x,Shoulder.L_y,Shoulder.L_z,Elbow.L_x,Elbow.L_y,Elbow.L_z,Wrist.L_x,Wrist.L_y,Wrist.L_z,Neck_x,Neck_y,Neck_z,Head_x,Head_y,Head_z,Nose_x,Nose_y,Nose_z,Eye.L_x,Eye.L_y,Eye.L_z,Eye.R_x,Eye.R_y,Eye.R_z,Ear.L_x,Ear.L_y,Ear.L_z,Ear.R_x,Ear.R_y,Ear.R_z,hip.Center_x,hip.Center_y,hip.Center_z
0,0.036355667,-0.54972076,-0.2072509,-0.06967384,-0.13099153,-0.12910025,-0.039981134,0.3065215,-0.13069637,0.024599772,0.2731197,0.09897809,-0.0055000153,-0.14969149,0.03873967,0.06385688,-0.5775261,-0.03244197,0.11635391,0.2596765,-0.29739034,0.1263305,0.51767737,-0.23944889,0.08563129,0.7660078,-0.13245587,0.11529252,0.7435591,0.15780923,0.1866131,0.47745508,0.18795516,0.19350858,0.21644574,0.18025374,0.07387524,0.8259884,0.022512075,0.05509514,1.0483335,0.026570665,-0.079358675,0.96318185,0.041521434,-0.03578435,1.0004437,0.07081204,-0.041240834,0.99885726,0.0035216697,0.06104689,0.97447526,0.10461611,0.049519595,0.971406,-0.04683972,-0.007690681144595146,0.2898206114768982,-0.015859141945838928
