frame,Ankle.R_x,Ankle.R_y,Ankle.R_z,Knee.R_x,Knee.R_y,Knee.R_z,Hip.R_x,Hip.R_y,Hip.R_z,Hip.L_x,Hip.L_y,Hip.L_z,Knee.L_x,Knee.L_y,Knee.L_z,Ankle.L_x,Ankle.L_y,Ankle.L_z,Wrist.R_x,Wrist.R_y,Wrist.R_z,Elbow.R_x,Elbow.R_y,Elbow.R_z,Shoulder.R_x,Shoulder.R_y,Shoulder.R_z,Shoulder.L_x,Shoulder.L_y,Shoulder.L_z,Elbow.L_x,Elbow.L_y,Elbow.L_z,Wrist.L_x,Wrist.L_y,Wrist.L_z,Neck_x,Neck_y,Neck_z,Head_x,Head_y,Head_z,Nose_x,Nose_y,Nose_z,Eye.L_x,Eye.L_y,Eye.L_z,Eye.R_x,Eye.R_y,Eye.R_z,Ear.L_x,Ear.L_y,Ear.L_z,Ear.R_x,Ear.R_y,Ear.R_z,hip.Center_x,hip.Center_y,hip.Center_z
0,-0.048436247,-0.49814004,-0.31655115,-0.0753113,-0.18731844,-0.0003857616,-0.124217145,0.23562172,0.016452666,0.09284554,0.3067468,-0.06684528,0.38653654,0.13348563,0.11717215,0.37492424,-0.24295841,-0.103903264,-0.41011,0.89347976,0.14796613,-0.48575446,0.65576017,0.13540795,-0.22553888,0.7055555,0.032980803,0.05295264,0.72299135,-0.05025124,0.33133742,0.69274026,-0.08652455,0.20873055,0.9048854,-0.07796832,-0.08393656,0.7630765,0.010140678,-0.07698033,0.97399217,0.06731906,-0.04687062,0.8630041,0.17010933,-0.023726016,0.90869504,0.13598344,-0.08858696,0.9057666,0.14895085,-0.0045370385,0.90798634,0.03528589,-0.15051252,0.9008641,0.062404983,-0.015685804188251495,0.2711842656135559,-0.02519630827009678
