frame,Ankle.R_x,Ankle.R_y,Ankle.R_z,Knee.R_x,Knee.R_y,Knee.R_z,Hip.R_x,Hip.R_y,Hip.R_z,Hip.L_x,Hip.L_y,Hip.L_z,Knee.L_x,Knee.L_y,Knee.L_z,Ankle.L_x,Ankle.L_y,Ankle.L_z,Wrist.R_x,Wrist.R_y,Wrist.R_z,Elbow.R_x,Elbow.R_y,Elbow.R_z,Shoulder.R_x,Shoulder.R_y,Shoulder.R_z,Shoulder.L_x,Shoulder.L_y,Shoulder.L_z,Elbow.L_x,Elbow.L_y,Elbow.L_z,Wrist.L_x,Wrist.L_y,Wrist.L_z,Neck_x,Neck_y,Neck_z,Head_x,Head_y,Head_z,Nose_x,Nose_y,Nose_z,Eye.L_x,Eye.L_y,Eye.L_z,Eye.R_x,Eye.R_y,Eye.R_z,Ear.L_x,Ear.L_y,Ear.L_z,Ear.R_x,Ear.R_y,Ear.R_z,hip.Center_x,hip.Center_y,hip.Center_z
0,-0.08439582,-0.6433933,-0.21754539,-0.11976364,-0.19829133,-0.013236129,-0.12581336,0.2687564,-0.06274474,0.116946876,0.25417197,0.025493171,0.07524752,-0.21586736,0.05185158,0.23812315,-0.47623283,-0.33114392,-0.25094843,0.1595751,-0.10993481,-0.1781416,0.42759877,-0.17220469,-0.11990838,0.7072295,-0.09127603,0.1568234,0.6908994,0.041027095,0.1958982,0.3967657,0.029310428,0.12430808,0.13794905,0.114142045,0.012166326,0.77282685,0.00056981575,-0.014111339,0.99070805,0.04143153,-0.054093618,0.8831711,0.1485607,-0.012721088,0.92919517,0.13222876,-0.073609665,0.92523336,0.10369018,0.06342559,0.922148,0.06306705,-0.07102372,0.913654,-0.0010168031,-0.004433244466781616,0.2614641785621643,-0.018625782802700996
