frame,Ankle.R_x,Ankle.R_y,Ankle.R_z,Knee.R_x,Knee.R_y,Knee.R_z,Hip.R_x,Hip.R_y,Hip.R_z,Hip.L_x,Hip.L_y,Hip.L_z,Knee.L_x,Knee.L_y,Knee.L_z,Ankle.L_x,Ankle.L_y,Ankle.L_z,Wrist.R_x,Wrist.R_y,Wrist.R_z,Elbow.R_x,Elbow.R_y,Elbow.R_z,Shoulder.R_x,Shoulder.R_y,Shoulder.R_z,Shoulder.L_x,Shoulder.L_y,Shoulder.L_z,Elbow.L_x,Elbow.L_y,Elbow.L_z,Wrist.L_x,Wrist.L_y,Wrist.L_z,Neck_x,Neck_y,Neck_z,Head_x,Head_y,Head_z,Nose_x,Nose_y,Nose_z,Eye.L_x,Eye.L_y,Eye.L_z,Eye.R_x,Eye.R_y,Eye.R_z,Ear.L_x,Ear.L_y,Ear.L_z,Ear.R_x,Ear.R_y,Ear.R_z,hip.Center_x,hip.Center_y,hip.Center_z
0,-0.12139336,-0.4049489,-0.2869946,-0.26763004,-0.06591523,-0.060520075,-0.05177074,0.30677572,-0.124473885,0.0512374,0.2694152,0.09315135,0.0019552233,-0.14883396,-0.0076273414,0.050563775,-0.5518757,-0.17562298,-0.018915325,0.29747224,-0.39488456,0.06796861,0.51721144,-0.27819747,0.0140688345,0.755463,-0.14365265,-0.00097078644,0.74664605,0.16564018,-0.095049724,0.49727318,0.24222839,-0.33867177,0.40731132,0.25749123,-0.017689785,0.8199314,0.017167326,-0.10953347,1.0311302,0.046094034,-0.17835419,0.89758015,0.09374365,-0.14475983,0.9493388,0.11001509,-0.17842323,0.9459685,0.05189787,-0.0426208,0.96688914,0.09779332,-0.11677064,0.9605565,-0.036175683,-0.0002666693180799484,0.28809547424316406,-0.015661265701055527
