frame,Ankle.R_x,Ankle.R_y,Ankle.R_z,Knee.R_x,Knee.R_y,Knee.R_z,Hip.R_x,Hip.R_y,Hip.R_z,Hip.L_x,Hip.L_y,Hip.L_z,Knee.L_x,Knee.L_y,Knee.L_z,Ankle.L_x,Ankle.L_y,Ankle.L_z,Wrist.R_x,Wrist.R_y,Wrist.R_z,Elbow.R_x,Elbow.R_y,Elbow.R_z,Shoulder.R_x,Shoulder.R_y,Shoulder.R_z,Shoulder.L_x,Shoulder.L_y,Shoulder.L_z,Elbow.L_x,Elbow.L_y,Elbow.L_z,Wrist.L_x,Wrist.L_y,Wrist.L_z,Neck_x,Neck_y,Neck_z,Head_x,Head_y,Head_z,Nose_x,Nose_y,Nose_z,Eye.L_x,Eye.L_y,Eye.L_z,Eye.R_x,Eye.R_y,Eye.R_z,Ear.L_x,Ear.L_y,Ear.L_z,Ear.R_x,Ear.R_y,Ear.R_z,hip.Center_x,hip.Center_y,hip.Center_z
0,-0.03553879,-0.50120515,-0.29404503,-0.05774024,-0.17919119,0.0050832806,-0.1257226,0.24289195,0.012484707,0.096356414,0.30785808,-0.05291421,0.35182795,0.017703258,0.054139215,0.5184396,-0.34648207,-0.13659513,-0.5190839,0.81579024,0.20279557,-0.5093452,0.61063534,0.06160127,-0.24043927,0.70470566,0.027413808,0.04367774,0.73447824,-0.04742901,0.30261505,0.6552708,-0.13959804,0.3324619,0.8780355,-0.042572122,-0.09701615,0.7725769,0.016116513,-0.10501546,0.9855658,0.0723533,-0.05842228,0.88059586,0.17782134,-0.041670177,0.9271885,0.13977946,-0.10494129,0.91921043,0.15764591,-0.02915933,0.9232268,0.037811596,-0.17279285,0.9061748,0.0756866,-0.014683093875646591,0.27537500858306885,-0.020214751362800598
