frame,Ankle.R_x,Ankle.R_y,Ankle.R_z,Knee.R_x,Knee.R_y,Knee.R_z,Hip.R_x,Hip.R_y,Hip.R_z,Hip.L_x,Hip.L_y,Hip.L_z,Knee.L_x,Knee.L_y,Knee.L_z,Ankle.L_x,Ankle.L_y,Ankle.L_z,Wrist.R_x,Wrist.R_y,Wrist.R_z,Elbow.R_x,Elbow.R_y,Elbow.R_z,Shoulder.R_x,Shoulder.R_y,Shoulder.R_z,Shoulder.L_x,Shoulder.L_y,Shoulder.L_z,Elbow.L_x,Elbow.L_y,Elbow.L_z,Wrist.L_x,Wrist.L_y,Wrist.L_z,Neck_x,Neck_y,Neck_z,Head_x,Head_y,Head_z,Nose_x,Nose_y,Nose_z,Eye.L_x,Eye.L_y,Eye.L_z,Eye.R_x,Eye.R_y,Eye.R_z,Ear.L_x,Ear.L_y,Ear.L_z,Ear.R_x,Ear.R_y,Ear.R_z,hip.Center_x,hip.Center_y,hip.Center_z
0,-0.07161262,-0.63012344,-0.31713912,-0.07681127,-0.21310689,-0.04963655,-0.13251841,0.2542227,-0.0069468385,0.12580943,0.2568468,-0.027666193,0.1072567,-0.21242583,-0.0065483726,0.08792417,-0.606803,-0.30893004,-0.23467723,0.12750286,0.061863303,-0.23722994,0.39330727,-0.04324511,-0.16720003,0.6812009,-0.0036431346,0.13860328,0.6948465,-0.026428021,0.21578531,0.41320646,-0.095207274,0.2555128,0.13941051,-0.035889167,-0.0133554805,0.761012,0.011768048,-0.026197582,0.9772638,0.0478234,-0.012630283,0.879527,0.17007889,0.016241342,0.92383397,0.13381462,-0.050981104,0.9178406,0.13499066,0.055270843,0.91037345,0.039051324,-0.09347856,0.8979491,0.040806577,-0.003354489803314209,0.25553473830223083,-0.01730651594698429
