frame,Ankle.R_x,Ankle.R_y,Ankle.R_z,Knee.R_x,Knee.R_y,Knee.R_z,Hip.R_x,Hip.R_y,Hip.R_z,Hip.L_x,Hip.L_y,Hip.L_z,Knee.L_x,Knee.L_y,Knee.L_z,Ankle.L_x,Ankle.L_y,Ankle.L_z,Wrist.R_x,Wrist.R_y,Wrist.R_z,Elbow.R_x,Elbow.R_y,Elbow.R_z,Shoulder.R_x,Shoulder.R_y,Shoulder.R_z,Shoulder.L_x,Shoulder.L_y,Shoulder.L_z,Elbow.L_x,Elbow.L_y,Elbow.L_z,Wrist.L_x,Wrist.L_y,Wrist.L_z,Neck_x,Neck_y,Neck_z,Head_x,Head_y,Head_z,Nose_x,Nose_y,Nose_z,Eye.L_x,Eye.L_y,Eye.L_z,Eye.R_x,Eye.R_y,Eye.R_z,Ear.L_x,Ear.L_y,Ear.L_z,Ear.R_x,Ear.R_y,Ear.R_z,hip.Center_x,hip.Center_y,hip.Center_z
0,-0.16945645,-0.50072545,-0.27981475,-0.13387702,-0.14214991,-0.046435658,-0.1233097,0.27962923,-0.020567,0.112549454,0.28086045,-0.0019843313,0.12567827,-0.13941541,-0.02669766,0.16115463,-0.5157328,-0.23365079,-0.6795504,0.77263653,-0.00857369,-0.42130405,0.7649354,-0.021683818,-0.14949739,0.7698237,-0.013249304,0.117867455,0.7766841,0.014201417,0.38663733,0.7847522,0.022212,0.6341636,0.83712304,0.073773086,-0.01827762,0.81361777,0.021925883,-0.018862423,1.0234518,0.042870875,-0.04513208,0.9421697,0.17522058,-0.0048982874,0.9784142,0.14264353,-0.06969816,0.9770418,0.1274181,0.055798426,0.95136666,0.061383583,-0.09064809,0.9482758,0.026522327,-0.005380123853683472,0.2802448272705078,-0.01127566583454609
