frame,Ankle.R_x,Ankle.R_y,Ankle.R_z,Knee.R_x,Knee.R_y,Knee.R_z,Hip.R_x,Hip.R_y,Hip.R_z,Hip.L_x,Hip.L_y,Hip.L_z,Knee.L_x,Knee.L_y,Knee.L_z,Ankle.L_x,Ankle.L_y,Ankle.L_z,Wrist.R_x,Wrist.R_y,Wrist.R_z,Elbow.R_x,Elbow.R_y,Elbow.R_z,Shoulder.R_x,Shoulder.R_y,Shoulder.R_z,Shoulder.L_x,Shoulder.L_y,Shoulder.L_z,Elbow.L_x,Elbow.L_y,Elbow.L_z,Wrist.L_x,Wrist.L_y,Wrist.L_z,Neck_x,Neck_y,Neck_z,Head_x,Head_y,Head_z,Nose_x,Nose_y,Nose_z,Eye.L_x,Eye.L_y,Eye.L_z,Eye.R_x,Eye.R_y,Eye.R_z,Ear.L_x,Ear.L_y,Ear.L_z,Ear.R_x,Ear.R_y,Ear.R_z,hip.Center_x,hip.Center_y,hip.Center_z
0,-0.08222075,-0.63557327,-0.30565938,-0.08053691,-0.21375841,-0.045312475,-0.13183129,0.25370654,-0.0037393693,0.12568611,0.25622088,-0.031467192,0.111048095,-0.21255277,-0.005138944,0.08372156,-0.61182725,-0.30065566,-0.25468412,0.122719154,0.038375653,-0.24218956,0.39572942,-0.045766592,-0.16539165,0.68051153,0.0038660774,0.13907453,0.69306374,-0.027101176,0.21081254,0.4134553,-0.10717903,0.25072208,0.1387451,-0.053348813,-0.011171721,0.75916433,0.01649395,-0.02340519,0.974808,0.049611397,-0.011205418,0.8795117,0.1739919,0.018006792,0.9232539,0.13731278,-0.049200818,0.91703576,0.13761726,0.05847295,0.90803695,0.043378767,-0.09015667,0.8953172,0.04337618,-0.003072589635848999,0.2549636960029602,-0.017603280022740364
