frame,Ankle.R_x,Ankle.R_y,Ankle.R_z,Knee.R_x,Knee.R_y,Knee.R_z,Hip.R_x,Hip.R_y,Hip.R_z,Hip.L_x,Hip.L_y,Hip.L_z,Knee.L_x,Knee.L_y,Knee.L_z,Ankle.L_x,Ankle.L_y,Ankle.L_z,Wrist.R_x,Wrist.R_y,Wrist.R_z,Elbow.R_x,Elbow.R_y,Elbow.R_z,Shoulder.R_x,Shoulder.R_y,Shoulder.R_z,Shoulder.L_x,Shoulder.L_y,Shoulder.L_z,Elbow.L_x,Elbow.L_y,Elbow.L_z,Wrist.L_x,Wrist.L_y,Wrist.L_z,Neck_x,Neck_y,Neck_z,Head_x,Head_y,Head_z,Nose_x,Nose_y,Nose_z,Eye.L_x,Eye.L_y,Eye.L_z,Eye.R_x,Eye.R_y,Eye.R_z,Ear.L_x,Ear.L_y,Ear.L_z,Ear.R_x,Ear.R_y,Ear.R_z,hip.Center_x,hip.Center_y,hip.Center_z
0,-0.048967946,-0.5986702,-0.3121002,-0.08847083,-0.21552598,-0.0125355525,-0.13200201,0.2518407,-0.013669514,0.12469958,0.25886613,-0.023691244,0.12416928,-0.20463298,0.029499121,0.09834042,-0.5782246,-0.28726062,-0.40664157,0.16970071,0.0426613,-0.30243987,0.42067885,-0.033757664,-0.16865093,0.68139,0.02606679,0.13384633,0.6908977,0.0049697785,0.24941184,0.43104905,-0.084368974,0.3628448,0.1865596,-0.014433418,-0.015390614,0.75385195,0.0464822,-0.023106672,0.967888,0.08295779,-0.023859171,0.87101245,0.20570008,0.009280046,0.914232,0.17263623,-0.05760854,0.91024613,0.16743203,0.056224067,0.89916766,0.082343176,-0.09150161,0.8913783,0.07043628,-0.0036512166261672974,0.2553534209728241,-0.018680378794670105
