frame,Ankle.R_x,Ankle.R_y,Ankle.R_z,Knee.R_x,Knee.R_y,Knee.R_z,Hip.R_x,Hip.R_y,Hip.R_z,Hip.L_x,Hip.L_y,Hip.L_z,Knee.L_x,Knee.L_y,Knee.L_z,Ankle.L_x,Ankle.L_y,Ankle.L_z,Wrist.R_x,Wrist.R_y,Wrist.R_z,Elbow.R_x,Elbow.R_y,Elbow.R_z,Shoulder.R_x,Shoulder.R_y,Shoulder.R_z,Shoulder.L_x,Shoulder.L_y,Shoulder.L_z,Elbow.L_x,Elbow.L_y,Elbow.L_z,Wrist.L_x,Wrist.L_y,Wrist.L_z,Neck_x,Neck_y,Neck_z,Head_x,Head_y,Head_z,Nose_x,Nose_y,Nose_z,Eye.L_x,Eye.L_y,Eye.L_z,Eye.R_x,Eye.R_y,Eye.R_z,Ear.L_x,Ear.L_y,Ear.L_z,Ear.R_x,Ear.R_y,Ear.R_z,hip.Center_x,hip.Center_y,hip.Center_z
0,-0.0679291,-0.7035546,0.03259383,0.0037323623,-0.19421786,0.079629496,-0.012556266,0.2862369,0.11244371,-0.003960931,0.32014406,-0.17036045,0.0012426344,-0.15661684,-0.23397757,-0.058219112,-0.66505176,-0.31655452,0.1290675,0.14852287,0.38763863,0.020029351,0.42789042,0.32620358,0.045306344,0.7409697,0.22752394,0.032674544,0.81169343,-0.11423674,0.012820115,0.5370451,-0.28633916,0.14412607,0.2818365,-0.38860968,0.060871217,0.85864437,0.06538813,0.03895782,1.0857905,0.11059338,0.15563661,1.0455875,-0.0032982007,0.092344046,1.0654294,0.008820366,0.14268096,1.0697143,0.05863759,0.0032540858,1.006736,0.038602747,0.116975166,1.0115047,0.15804885,-0.008258598856627941,0.3031904697418213,-0.02895836904644966
