frame,Ankle.R_x,Ankle.R_y,Ankle.R_z,Knee.R_x,Knee.R_y,Knee.R_z,Hip.R_x,Hip.R_y,Hip.R_z,Hip.L_x,Hip.L_y,Hip.L_z,Knee.L_x,Knee.L_y,Knee.L_z,Ankle.L_x,Ankle.L_y,Ankle.L_z,Wrist.R_x,Wrist.R_y,Wrist.R_z,Elbow.R_x,Elbow.R_y,Elbow.R_z,Shoulder.R_x,Shoulder.R_y,Shoulder.R_z,Shoulder.L_x,Shoulder.L_y,Shoulder.L_z,Elbow.L_x,Elbow.L_y,Elbow.L_z,Wrist.L_x,Wrist.L_y,Wrist.L_z,Neck_x,Neck_y,Neck_z,Head_x,Head_y,Head_z,Nose_x,Nose_y,Nose_z,Eye.L_x,Eye.L_y,Eye.L_z,Eye.R_x,Eye.R_y,Eye.R_z,Ear.L_x,Ear.L_y,Ear.L_z,Ear.R_x,Ear.R_y,Ear.R_z,hip.Center_x,hip.Center_y,hip.Center_z
0,-0.13713731,-0.49521756,-0.26621938,-0.123774394,-0.13514088,-0.03732171,-0.12340678,0.2911458,-0.017668687,0.11345707,0.28401548,-0.0055307117,0.095705435,-0.13837646,-0.016726984,0.0906132,-0.4976929,-0.25125808,-0.62824166,0.60237855,0.034677185,-0.38790375,0.65782416,-0.036038123,-0.14654973,0.7762161,0.008300534,0.13537878,0.77808666,0.029376442,0.3752906,0.6559265,-0.020701172,0.62147814,0.59208244,0.0047984663,-0.009082069,0.82673943,0.049902435,-0.031802066,1.0388324,0.09349565,-0.0460755,0.9397121,0.21634598,-0.010891177,0.98414487,0.1880321,-0.07534699,0.9762614,0.17228279,0.05302258,0.9736985,0.10415857,-0.09449343,0.9567193,0.06814439,-0.004974856972694397,0.2875806391239166,-0.011599699035286903
