frame,Ankle.R_x,Ankle.R_y,Ankle.R_z,Knee.R_x,Knee.R_y,Knee.R_z,Hip.R_x,Hip.R_y,Hip.R_z,Hip.L_x,Hip.L_y,Hip.L_z,Knee.L_x,Knee.L_y,Knee.L_z,Ankle.L_x,Ankle.L_y,Ankle.L_z,Wrist.R_x,Wrist.R_y,Wrist.R_z,Elbow.R_x,Elbow.R_y,Elbow.R_z,Shoulder.R_x,Shoulder.R_y,Shoulder.R_z,Shoulder.L_x,Shoulder.L_y,Shoulder.L_z,Elbow.L_x,Elbow.L_y,Elbow.L_z,Wrist.L_x,Wrist.L_y,Wrist.L_z,Neck_x,Neck_y,Neck_z,Head_x,Head_y,Head_z,Nose_x,Nose_y,Nose_z,Eye.L_x,Eye.L_y,Eye.L_z,Eye.R_x,Eye.R_y,Eye.R_z,Ear.L_x,Ear.L_y,Ear.L_z,Ear.R_x,Ear.R_y,Ear.R_z,hip.Center_x,hip.Center_y,hip.Center_z
0,-0.07669139,-0.6284791,-0.32063335,-0.0756219,-0.2139824,-0.04872916,-0.13209355,0.25304356,-0.0028258045,0.12548412,0.2578859,-0.031873874,0.1139954,-0.21124801,-0.012364475,0.09624598,-0.6082273,-0.3120362,-0.23919566,0.12221544,0.049061537,-0.23894653,0.39446002,-0.039019212,-0.16694608,0.6813593,0.0056092814,0.1379641,0.6934239,-0.02861898,0.20582949,0.4113021,-0.10429573,0.23871471,0.13608217,-0.04692749,-0.012106159,0.7606628,0.015671339,-0.023455216,0.97708553,0.04763681,-0.005908367,0.8826169,0.1721453,0.021748435,0.926016,0.13377135,-0.045420792,0.92000175,0.13723451,0.05784066,0.9099687,0.03818049,-0.090804525,0.8975831,0.044957593,-0.003304712474346161,0.25546473264694214,-0.017349839210510254
