frame,Ankle.R_x,Ankle.R_y,Ankle.R_z,Knee.R_x,Knee.R_y,Knee.R_z,Hip.R_x,Hip.R_y,Hip.R_z,Hip.L_x,Hip.L_y,Hip.L_z,Knee.L_x,Knee.L_y,Knee.L_z,Ankle.L_x,Ankle.L_y,Ankle.L_z,Wrist.R_x,Wrist.R_y,Wrist.R_z,Elbow.R_x,Elbow.R_y,Elbow.R_z,Shoulder.R_x,Shoulder.R_y,Shoulder.R_z,Shoulder.L_x,Shoulder.L_y,Shoulder.L_z,Elbow.L_x,Elbow.L_y,Elbow.L_z,Wrist.L_x,Wrist.L_y,Wrist.L_z,Neck_x,Neck_y,Neck_z,Head_x,Head_y,Head_z,Nose_x,Nose_y,Nose_z,Eye.L_x,Eye.L_y,Eye.L_z,Eye.R_x,Eye.R_y,Eye.R_z,Ear.L_x,Ear.L_y,Ear.L_z,Ear.R_x,Ear.R_y,Ear.R_z,hip.Center_x,hip.Center_y,hip.Center_z
0,-0.33823603,-0.42635852,-0.26392817,-0.23361292,-0.10367735,0.0031740014,-0.12390669,0.2848251,-0.026195312,0.11183012,0.28974634,-0.0094450805,0.21703936,-0.10337049,0.013675597,0.33929837,-0.45376244,-0.21844402,-0.3976914,1.1975741,0.10146516,-0.35105908,0.9560107,0.012551711,-0.1399293,0.79093933,-0.014492019,0.115475625,0.79050773,0.0010221312,0.34097517,0.92861676,0.029059233,0.41473767,1.1648923,0.10713232,-0.012622471,0.82017165,0.0120443925,-0.0004670223,1.0304748,0.030562256,0.0095294975,0.95135856,0.16689993,0.03978623,0.9840019,0.12239395,-0.026596084,0.9879447,0.12798654,0.07086319,0.95206326,0.027363352,-0.08291355,0.96070516,0.037298188,-0.006038282066583633,0.287285715341568,-0.017820196226239204
