frame,Ankle.R_x,Ankle.R_y,Ankle.R_z,Knee.R_x,Knee.R_y,Knee.R_z,Hip.R_x,Hip.R_y,Hip.R_z,Hip.L_x,Hip.L_y,Hip.L_z,Knee.L_x,Knee.L_y,Knee.L_z,Ankle.L_x,Ankle.L_y,Ankle.L_z,Wrist.R_x,Wrist.R_y,Wrist.R_z,Elbow.R_x,Elbow.R_y,Elbow.R_z,Shoulder.R_x,Shoulder.R_y,Shoulder.R_z,Shoulder.L_x,Shoulder.L_y,Shoulder.L_z,Elbow.L_x,Elbow.L_y,Elbow.L_z,Wrist.L_x,Wrist.L_y,Wrist.L_z,Neck_x,Neck_y,Neck_z,Head_x,Head_y,Head_z,Nose_x,Nose_y,Nose_z,Eye.L_x,Eye.L_y,Eye.L_z,Eye.R_x,Eye.R_y,Eye.R_z,Ear.L_x,Ear.L_y,Ear.L_z,Ear.R_x,Ear.R_y,Ear.R_z,hip.Center_x,hip.Center_y,hip.Center_z
0,-0.4153589,-0.3699788,-0.2732153,-0.25313517,-0.09274342,0.01680649,-0.12498292,0.28459114,-0.02272851,0.11107827,0.28804174,-0.014987882,0.25299415,-0.08528981,-0.004228803,0.4107566,-0.38274065,-0.28763893,-0.18883821,1.2511382,0.09958831,-0.26733273,1.0120184,0.019020446,-0.12848859,0.79294944,-0.037072524,0.1078271,0.80293745,-0.009981695,0.21032709,1.0297693,0.06673312,0.14070058,1.2805494,0.11048646,-0.010931269,0.81831616,-0.0111423675,-0.01658471,1.0264525,0.0014621612,-0.0044578696,0.9539978,0.14153603,0.024170395,0.9877479,0.097056836,-0.042434797,0.9848799,0.09953033,0.06314842,0.95520604,0.00469093,-0.09184798,0.9485972,0.0073052878,-0.006952326744794846,0.286316454410553,-0.01885819621384144
