frame,Ankle.R_x,Ankle.R_y,Ankle.R_z,Knee.R_x,Knee.R_y,Knee.R_z,Hip.R_x,Hip.R_y,Hip.R_z,Hip.L_x,Hip.L_y,Hip.L_z,Knee.L_x,Knee.L_y,Knee.L_z,Ankle.L_x,Ankle.L_y,Ankle.L_z,Wrist.R_x,Wrist.R_y,Wrist.R_z,Elbow.R_x,Elbow.R_y,Elbow.R_z,Shoulder.R_x,Shoulder.R_y,Shoulder.R_z,Shoulder.L_x,Shoulder.L_y,Shoulder.L_z,Elbow.L_x,Elbow.L_y,Elbow.L_z,Wrist.L_x,Wrist.L_y,Wrist.L_z,Neck_x,Neck_y,Neck_z,Head_x,Head_y,Head_z,Nose_x,Nose_y,Nose_z,Eye.L_x,Eye.L_y,Eye.L_z,Eye.R_x,Eye.R_y,Eye.R_z,Ear.L_x,Ear.L_y,Ear.L_z,Ear.R_x,Ear.R_y,Ear.R_z,hip.Center_x,hip.Center_y,hip.Center_z
0,-0.40892842,-0.34882125,-0.2754804,-0.25940487,-0.082837105,0.027395897,-0.124365866,0.28934318,-0.025874516,0.11128114,0.2865017,-0.010567661,0.24056731,-0.091428556,-0.012472238,0.4005847,-0.36442706,-0.31594458,-0.16916056,1.2448425,0.09905292,-0.2621663,1.0128665,0.018952712,-0.12029402,0.7955633,-0.036748044,0.12024757,0.80332637,-0.0036229235,0.22446999,1.0284401,0.075313255,0.12376523,1.2683307,0.10082317,-0.0012353733,0.820743,-0.0078035565,-0.009023695,1.0319681,0.01403044,-0.008158362,0.950349,0.14927033,0.023732727,0.98750675,0.11002286,-0.04274421,0.98351526,0.106026664,0.07169813,0.9616967,0.019489659,-0.082927056,0.9529283,0.00749035,-0.00654236227273941,0.2879224419593811,-0.018221087753772736
