frame,Ankle.R_x,Ankle.R_y,Ankle.R_z,Knee.R_x,Knee.R_y,Knee.R_z,Hip.R_x,Hip.R_y,Hip.R_z,Hip.L_x,Hip.L_y,Hip.L_z,Knee.L_x,Knee.L_y,Knee.L_z,Ankle.L_x,Ankle.L_y,Ankle.L_z,Wrist.R_x,Wrist.R_y,Wrist.R_z,Elbow.R_x,Elbow.R_y,Elbow.R_z,Shoulder.R_x,Shoulder.R_y,Shoulder.R_z,Shoulder.L_x,Shoulder.L_y,Shoulder.L_z,Elbow.L_x,Elbow.L_y,Elbow.L_z,Wrist.L_x,Wrist.L_y,Wrist.L_z,Neck_x,Neck_y,Neck_z,Head_x,Head_y,Head_z,Nose_x,Nose_y,Nose_z,Eye.L_x,Eye.L_y,Eye.L_z,Eye.R_x,Eye.R_y,Eye.R_z,Ear.L_x,Ear.L_y,Ear.L_z,Ear.R_x,Ear.R_y,Ear.R_z,hip.Center_x,hip.Center_y,hip.Center_z
0,-0.34096116,-0.6336439,0.14281604,-0.17544177,-0.16411118,0.12003371,-0.08735702,0.25395277,0.08476431,0.06939182,0.3219592,-0.12453952,0.12159389,0.026528358,-0.4247594,0.15997191,-0.25520822,-0.8433701,0.07908019,-0.0017357294,0.29039827,-0.024121093,0.27622133,0.3315832,0.04900986,0.5826405,0.33431023,0.23676795,0.663414,0.08544421,0.26485208,0.40042496,-0.08631591,0.3304253,0.11372585,-0.11952942,0.1706775,0.6849941,0.24604186,0.20761581,0.85377234,0.38365543,0.3367498,0.80232453,0.29611105,0.28917086,0.8461801,0.30238092,0.30953562,0.8060698,0.35542208,0.18501797,0.8373211,0.2789554,0.22459163,0.74295247,0.4000651,-0.008982602506875992,0.28795599937438965,-0.01988760381937027
