frame,Ankle.R_x,Ankle.R_y,Ankle.R_z,Knee.R_x,Knee.R_y,Knee.R_z,Hip.R_x,Hip.R_y,Hip.R_z,Hip.L_x,Hip.L_y,Hip.L_z,Knee.L_x,Knee.L_y,Knee.L_z,Ankle.L_x,Ankle.L_y,Ankle.L_z,Wrist.R_x,Wrist.R_y,Wrist.R_z,Elbow.R_x,Elbow.R_y,Elbow.R_z,Shoulder.R_x,Shoulder.R_y,Shoulder.R_z,Shoulder.L_x,Shoulder.L_y,Shoulder.L_z,Elbow.L_x,Elbow.L_y,Elbow.L_z,Wrist.L_x,Wrist.L_y,Wrist.L_z,Neck_x,Neck_y,Neck_z,Head_x,Head_y,Head_z,Nose_x,Nose_y,Nose_z,Eye.L_x,Eye.L_y,Eye.L_z,Eye.R_x,Eye.R_y,Eye.R_z,Ear.L_x,Ear.L_y,Ear.L_z,Ear.R_x,Ear.R_y,Ear.R_z,hip.Center_x,hip.Center_y,hip.Center_z
0,-0.17568478,-0.5629009,0.1948257,0.1247783,-0.19424166,0.0120814135,0.07274072,0.29289883,0.09116733,-0.08371722,0.30731186,-0.13839366,0.05860307,-0.14073937,-0.23450089,-0.0018005145,-0.6533857,-0.22571287,0.24471614,0.20562448,0.18938568,0.13096197,0.48151064,0.23710382,0.104369685,0.78138524,0.12367192,-0.11821977,0.793136,-0.13520429,-0.22269025,0.4958892,-0.19799492,-0.18556638,0.22823006,-0.33081922,0.010136525,0.870202,-0.024666939,0.0112316385,1.1104299,-0.033672817,0.09607396,1.0298817,-0.14860146,0.040196292,1.0639626,-0.13276933,0.0971904,1.0669687,-0.09222673,-0.04967849,1.0285845,-0.08133941,0.08101035,1.034952,0.015244394,-0.005488250404596329,0.30010533332824707,-0.023613162338733673
