frame,Ankle.R_x,Ankle.R_y,Ankle.R_z,Knee.R_x,Knee.R_y,Knee.R_z,Hip.R_x,Hip.R_y,Hip.R_z,Hip.L_x,Hip.L_y,Hip.L_z,Knee.L_x,Knee.L_y,Knee.L_z,Ankle.L_x,Ankle.L_y,Ankle.L_z,Wrist.R_x,Wrist.R_y,Wrist.R_z,Elbow.R_x,Elbow.R_y,Elbow.R_z,Shoulder.R_x,Shoulder.R_y,Shoulder.R_z,Shoulder.L_x,Shoulder.L_y,Shoulder.L_z,Elbow.L_x,Elbow.L_y,Elbow.L_z,Wrist.L_x,Wrist.L_y,Wrist.L_z,Neck_x,Neck_y,Neck_z,Head_x,Head_y,Head_z,Nose_x,Nose_y,Nose_z,Eye.L_x,Eye.L_y,Eye.L_z,Eye.R_x,Eye.R_y,Eye.R_z,Ear.L_x,Ear.L_y,Ear.L_z,Ear.R_x,Ear.R_y,Ear.R_z,hip.Center_x,hip.Center_y,hip.Center_z
0,-0.21135153,-0.6516863,0.09636476,-0.020946316,-0.17980611,0.14961378,-0.022972295,0.28548425,0.110696495,-0.0017918928,0.32311112,-0.16771819,0.07186112,-0.11558643,-0.30503052,0.06875907,-0.60865444,-0.45333397,0.102038294,0.1338804,0.39081734,0.014471379,0.419979,0.3292876,0.051930707,0.7298754,0.22682908,0.054683425,0.8005353,-0.11576137,0.029316593,0.5400764,-0.30985108,0.115387894,0.2779903,-0.44009537,0.07676227,0.8459964,0.06648247,0.051282182,1.068653,0.11562283,0.1865983,1.0350027,0.022548381,0.122492954,1.0552157,0.024085943,0.16242926,1.0547107,0.08251828,0.029243544,0.99634606,0.031901546,0.11837962,0.9901215,0.17047878,-0.01238209381699562,0.30429768562316895,-0.028510846197605133
