frame,Ankle.R_x,Ankle.R_y,Ankle.R_z,Knee.R_x,Knee.R_y,Knee.R_z,Hip.R_x,Hip.R_y,Hip.R_z,Hip.L_x,Hip.L_y,Hip.L_z,Knee.L_x,Knee.L_y,Knee.L_z,Ankle.L_x,Ankle.L_y,Ankle.L_z,Wrist.R_x,Wrist.R_y,Wrist.R_z,Elbow.R_x,Elbow.R_y,Elbow.R_z,Shoulder.R_x,Shoulder.R_y,Shoulder.R_z,Shoulder.L_x,Shoulder.L_y,Shoulder.L_z,Elbow.L_x,Elbow.L_y,Elbow.L_z,Wrist.L_x,Wrist.L_y,Wrist.L_z,Neck_x,Neck_y,Neck_z,Head_x,Head_y,Head_z,Nose_x,Nose_y,Nose_z,Eye.L_x,Eye.L_y,Eye.L_z,Eye.R_x,Eye.R_y,Eye.R_z,Ear.L_x,Ear.L_y,Ear.L_z,Ear.R_x,Ear.R_y,Ear.R_z,hip.Center_x,hip.Center_y,hip.Center_z
0,-0.08405678,-0.62610894,-0.31856507,-0.08597759,-0.21319748,-0.04508667,-0.13226674,0.2558334,-0.009602271,0.12637046,0.25390792,-0.025730047,0.09845036,-0.21477872,0.0029489659,0.07528524,-0.60563946,-0.3029517,-0.26088932,0.12658472,0.027707063,-0.23969181,0.39869565,-0.05657928,-0.16014017,0.6820057,-0.0027230214,0.14621834,0.6919218,-0.017958378,0.22724469,0.41195357,-0.08795963,0.267616,0.1406565,-0.020057166,-0.0055754967,0.75878304,0.017895756,-0.015557031,0.97404784,0.05536906,-0.0047971667,0.875563,0.17726949,0.025123816,0.9195806,0.14153539,-0.042172387,0.91466606,0.14201507,0.06477617,0.90601134,0.047198605,-0.084050626,0.8959179,0.047396652,-0.0029481425881385803,0.2548706531524658,-0.017666159197688103
