frame,Ankle.R_x,Ankle.R_y,Ankle.R_z,Knee.R_x,Knee.R_y,Knee.R_z,Hip.R_x,Hip.R_y,Hip.R_z,Hip.L_x,Hip.L_y,Hip.L_z,Knee.L_x,Knee.L_y,Knee.L_z,Ankle.L_x,Ankle.L_y,Ankle.L_z,Wrist.R_x,Wrist.R_y,Wrist.R_z,Elbow.R_x,Elbow.R_y,Elbow.R_z,Shoulder.R_x,Shoulder.R_y,Shoulder.R_z,Shoulder.L_x,Shoulder.L_y,Shoulder.L_z,Elbow.L_x,Elbow.L_y,Elbow.L_z,Wrist.L_x,Wrist.L_y,Wrist.L_z,Neck_x,Neck_y,Neck_z,Head_x,Head_y,Head_z,Nose_x,Nose_y,Nose_z,Eye.L_x,Eye.L_y,Eye.L_z,Eye.R_x,Eye.R_y,Eye.R_z,Ear.L_x,Ear.L_y,Ear.L_z,Ear.R_x,Ear.R_y,Ear.R_z,hip.Center_x,hip.Center_y,hip.Center_z
0,-0.07201914,-0.6300717,-0.31947544,-0.07862748,-0.21267836,-0.05215973,-0.13258033,0.254631,-0.0076798783,0.12597017,0.25682878,-0.026605424,0.10479299,-0.21270575,-0.014892203,0.08531439,-0.6079458,-0.31674474,-0.23388612,0.12447547,0.05387243,-0.23639518,0.39306194,-0.044809785,-0.16749166,0.6813868,-0.0037768446,0.13877866,0.69569325,-0.025620181,0.2184028,0.41380545,-0.09194351,0.26070768,0.14069012,-0.030110288,-0.013460481,0.76173055,0.011992959,-0.025667673,0.9781998,0.047324363,-0.009128755,0.8811135,0.16989896,0.018910356,0.9251133,0.1325321,-0.048300184,0.91935575,0.1356134,0.055277247,0.91096514,0.03681462,-0.09349045,0.89896643,0.04262328,-0.00330507755279541,0.25572991371154785,-0.017142651602625847
