frame,Ankle.R_x,Ankle.R_y,Ankle.R_z,Knee.R_x,Knee.R_y,Knee.R_z,Hip.R_x,Hip.R_y,Hip.R_z,Hip.L_x,Hip.L_y,Hip.L_z,Knee.L_x,Knee.L_y,Knee.L_z,Ankle.L_x,Ankle.L_y,Ankle.L_z,Wrist.R_x,Wrist.R_y,Wrist.R_z,Elbow.R_x,Elbow.R_y,Elbow.R_z,Shoulder.R_x,Shoulder.R_y,Shoulder.R_z,Shoulder.L_x,Shoulder.L_y,Shoulder.L_z,Elbow.L_x,Elbow.L_y,Elbow.L_z,Wrist.L_x,Wrist.L_y,Wrist.L_z,Neck_x,Neck_y,Neck_z,Head_x,Head_y,Head_z,Nose_x,Nose_y,Nose_z,Eye.L_x,Eye.L_y,Eye.L_z,Eye.R_x,Eye.R_y,Eye.R_z,Ear.L_x,Ear.L_y,Ear.L_z,Ear.R_x,Ear.R_y,Ear.R_z,hip.Center_x,hip.Center_y,hip.Center_z
0,-0.41956687,-0.3730828,-0.2702979,-0.2497588,-0.09722304,0.016543873,-0.12453477,0.2823412,-0.024534319,0.11111088,0.28325722,-0.012675111,0.24285501,-0.094550006,0.003012224,0.41674003,-0.39013666,-0.2722075,-0.2073302,1.2598403,0.108615346,-0.24624093,1.0108647,0.02571096,-0.120771214,0.78727645,-0.03463188,0.11107388,0.79435,-0.00974867,0.21241692,1.0213974,0.061587818,0.19499369,1.2797312,0.11962388,-0.004470449,0.8108942,-0.011819099,-0.005776754,1.0124027,-0.02189431,0.00687107,0.96013856,0.12681843,0.035610005,0.9867264,0.07786217,-0.030920953,0.98582214,0.08160916,0.071979865,0.9407861,-0.0094461925,-0.08190776,0.93835616,-0.003743954,-0.006711944937705994,0.28279921412467957,-0.018604714423418045
