frame,Ankle.R_x,Ankle.R_y,Ankle.R_z,Knee.R_x,Knee.R_y,Knee.R_z,Hip.R_x,Hip.R_y,Hip.R_z,Hip.L_x,Hip.L_y,Hip.L_z,Knee.L_x,Knee.L_y,Knee.L_z,Ankle.L_x,Ankle.L_y,Ankle.L_z,Wrist.R_x,Wrist.R_y,Wrist.R_z,Elbow.R_x,Elbow.R_y,Elbow.R_z,Shoulder.R_x,Shoulder.R_y,Shoulder.R_z,Shoulder.L_x,Shoulder.L_y,Shoulder.L_z,Elbow.L_x,Elbow.L_y,Elbow.L_z,Wrist.L_x,Wrist.L_y,Wrist.L_z,Neck_x,Neck_y,Neck_z,Head_x,Head_y,Head_z,Nose_x,Nose_y,Nose_z,Eye.L_x,Eye.L_y,Eye.L_z,Eye.R_x,Eye.R_y,Eye.R_z,Ear.L_x,Ear.L_y,Ear.L_z,Ear.R_x,Ear.R_y,Ear.R_z,hip.Center_x,hip.Center_y,hip.Center_z
0,-0.098525256,-0.6199855,-0.32779148,-0.0892105,-0.21241023,-0.045226257,-0.13221766,0.25744846,-0.006868192,0.12646534,0.25522622,-0.029198201,0.102001354,-0.21384034,0.004700151,0.069503695,-0.6043749,-0.30173218,-0.24036749,0.12718959,0.053287446,-0.23374046,0.39698958,-0.042780094,-0.15922827,0.6840771,-0.00102208,0.14774993,0.6929014,-0.025062902,0.22099935,0.40933925,-0.09298941,0.25849935,0.13323335,-0.039263558,-0.0034863995,0.76183754,0.013852738,-0.012683952,0.9786363,0.04711777,0.0019492176,0.88298523,0.17108369,0.030753154,0.92617357,0.13328758,-0.036577616,0.9212785,0.13598354,0.0676256,0.9102757,0.03794867,-0.08150602,0.9001169,0.042965636,-0.0028761625289916992,0.25633734464645386,-0.01803319714963436
