frame,Ankle.R_x,Ankle.R_y,Ankle.R_z,Knee.R_x,Knee.R_y,Knee.R_z,Hip.R_x,Hip.R_y,Hip.R_z,Hip.L_x,Hip.L_y,Hip.L_z,Knee.L_x,Knee.L_y,Knee.L_z,Ankle.L_x,Ankle.L_y,Ankle.L_z,Wrist.R_x,Wrist.R_y,Wrist.R_z,Elbow.R_x,Elbow.R_y,Elbow.R_z,Shoulder.R_x,Shoulder.R_y,Shoulder.R_z,Shoulder.L_x,Shoulder.L_y,Shoulder.L_z,Elbow.L_x,Elbow.L_y,Elbow.L_z,Wrist.L_x,Wrist.L_y,Wrist.L_z,Neck_x,Neck_y,Neck_z,Head_x,Head_y,Head_z,Nose_x,Nose_y,Nose_z,Eye.L_x,Eye.L_y,Eye.L_z,Eye.R_x,Eye.R_y,Eye.R_z,Ear.L_x,Ear.L_y,Ear.L_z,Ear.R_x,Ear.R_y,Ear.R_z,hip.Center_x,hip.Center_y,hip.Center_z
0,-0.09901624,-0.62813103,-0.3286071,-0.091273345,-0.21138816,-0.059739117,-0.13113424,0.25560153,-0.00408747,0.12618978,0.25418597,-0.028116066,0.09435675,-0.2146768,-0.034415763,0.056320313,-0.616078,-0.3266127,-0.28759935,0.13231628,0.054057624,-0.25544256,0.39925137,-0.042675946,-0.16456738,0.6815038,0.006109967,0.14016359,0.69957614,-0.021428443,0.24975587,0.42937732,-0.09598724,0.33840454,0.17425147,-0.014048723,-0.011250097,0.7608224,0.021064643,-0.022526892,0.97535115,0.061847482,-0.005510198,0.87550986,0.18219683,0.022373708,0.9203565,0.14574857,-0.044816457,0.9145893,0.14895333,0.058183253,0.9084118,0.049581658,-0.09043852,0.8964433,0.05584358,-0.002472229301929474,0.2548937499523163,-0.016101768240332603
