frame,Ankle.R_x,Ankle.R_y,Ankle.R_z,Knee.R_x,Knee.R_y,Knee.R_z,Hip.R_x,Hip.R_y,Hip.R_z,Hip.L_x,Hip.L_y,Hip.L_z,Knee.L_x,Knee.L_y,Knee.L_z,Ankle.L_x,Ankle.L_y,Ankle.L_z,Wrist.R_x,Wrist.R_y,Wrist.R_z,Elbow.R_x,Elbow.R_y,Elbow.R_z,Shoulder.R_x,Shoulder.R_y,Shoulder.R_z,Shoulder.L_x,Shoulder.L_y,Shoulder.L_z,Elbow.L_x,Elbow.L_y,Elbow.L_z,Wrist.L_x,Wrist.L_y,Wrist.L_z,Neck_x,Neck_y,Neck_z,Head_x,Head_y,Head_z,Nose_x,Nose_y,Nose_z,Eye.L_x,Eye.L_y,Eye.L_z,Eye.R_x,Eye.R_y,Eye.R_z,Ear.L_x,Ear.L_y,Ear.L_z,Ear.R_x,Ear.R_y,Ear.R_z,hip.Center_x,hip.Center_y,hip.Center_z
0,-0.08546194,-0.6306344,-0.31830814,-0.084293194,-0.21163641,-0.053483896,-0.13218163,0.2560708,-0.0076371473,0.12633093,0.25428963,-0.026639502,0.0958832,-0.21424831,-0.013241801,0.06998472,-0.6187837,-0.301739,-0.24457867,0.1258348,0.043481342,-0.23544344,0.39596954,-0.049968693,-0.16123569,0.6821033,-0.0036732098,0.1452176,0.693415,-0.022292122,0.22576514,0.41198292,-0.08889478,0.26682517,0.13904035,-0.026103409,-0.006621537,0.7604145,0.01408054,-0.016463801,0.9764054,0.0481181,-0.0028817258,0.8802313,0.17177816,0.026234565,0.9235639,0.13446371,-0.041085895,0.9186305,0.1366157,0.063785434,0.9081689,0.03939878,-0.08512151,0.8980044,0.04321638,-0.0029253512620925903,0.2551802098751068,-0.017138324677944183
