frame,Ankle.R_x,Ankle.R_y,Ankle.R_z,Knee.R_x,Knee.R_y,Knee.R_z,Hip.R_x,Hip.R_y,Hip.R_z,Hip.L_x,Hip.L_y,Hip.L_z,Knee.L_x,Knee.L_y,Knee.L_z,Ankle.L_x,Ankle.L_y,Ankle.L_z,Wrist.R_x,Wrist.R_y,Wrist.R_z,Elbow.R_x,Elbow.R_y,Elbow.R_z,Shoulder.R_x,Shoulder.R_y,Shoulder.R_z,Shoulder.L_x,Shoulder.L_y,Shoulder.L_z,Elbow.L_x,Elbow.L_y,Elbow.L_z,Wrist.L_x,Wrist.L_y,Wrist.L_z,Neck_x,Neck_y,Neck_z,Head_x,Head_y,Head_z,Nose_x,Nose_y,Nose_z,Eye.L_x,Eye.L_y,Eye.L_z,Eye.R_x,Eye.R_y,Eye.R_z,Ear.L_x,Ear.L_y,Ear.L_z,Ear.R_x,Ear.R_y,Ear.R_z,hip.Center_x,hip.Center_y,hip.Center_z
0,0.1730947,-0.52109075,-0.23911968,0.2669376,-0.13000466,0.011828835,-0.028961012,0.235866,0.10510112,-0.0140128,0.29547417,-0.16291435,0.352346,0.021225711,-0.1909646,0.41685107,-0.45756993,-0.29061228,0.04523755,0.8276042,0.6310662,-0.05679781,0.6401113,0.4598939,-0.13683727,0.71897256,0.17864604,-0.101150945,0.7306832,-0.14223617,-0.005168188,0.58077025,-0.3902333,0.23567155,0.62139785,-0.5195217,-0.117042094,0.7816069,0.02397301,-0.17913994,0.97508985,0.0034929377,-0.027870718,0.96394694,0.049604524,-0.06645931,0.97637165,0.0017756596,-0.08681841,0.97696596,0.06677787,-0.121007934,0.90983844,-0.06135705,-0.16834746,0.9073477,0.08942638,-0.021486906334757805,0.2656700909137726,-0.02890661358833313
