frame,Ankle.R_x,Ankle.R_y,Ankle.R_z,Knee.R_x,Knee.R_y,Knee.R_z,Hip.R_x,Hip.R_y,Hip.R_z,Hip.L_x,Hip.L_y,Hip.L_z,Knee.L_x,Knee.L_y,Knee.L_z,Ankle.L_x,Ankle.L_y,Ankle.L_z,Wrist.R_x,Wrist.R_y,Wrist.R_z,Elbow.R_x,Elbow.R_y,Elbow.R_z,Shoulder.R_x,Shoulder.R_y,Shoulder.R_z,Shoulder.L_x,Shoulder.L_y,Shoulder.L_z,Elbow.L_x,Elbow.L_y,Elbow.L_z,Wrist.L_x,Wrist.L_y,Wrist.L_z,Neck_x,Neck_y,Neck_z,Head_x,Head_y,Head_z,Nose_x,Nose_y,Nose_z,Eye.L_x,Eye.L_y,Eye.L_z,Eye.R_x,Eye.R_y,Eye.R_z,Ear.L_x,Ear.L_y,Ear.L_z,Ear.R_x,Ear.R_y,Ear.R_z,hip.Center_x,hip.Center_y,hip.Center_z
0,-0.09998875,-0.6211569,-0.3278739,-0.08980199,-0.21198122,-0.047716342,-0.13212635,0.25743037,-0.0070094774,0.126522,0.2546864,-0.028821284,0.10027899,-0.21434736,0.0036252197,0.067577824,-0.60347503,-0.30436337,-0.24262145,0.1243835,0.04442619,-0.23339367,0.39634556,-0.04512351,-0.15922183,0.6831253,-0.0009829774,0.14769262,0.69265956,-0.023795227,0.22176641,0.4096011,-0.092322156,0.25987655,0.13316734,-0.040986042,-0.003720723,0.7610954,0.014877161,-0.013234013,0.97763926,0.049490847,0.0015086848,0.88114023,0.17273505,0.03026338,0.92460495,0.13524523,-0.037044123,0.91964793,0.13793595,0.06706443,0.9094314,0.03982196,-0.081974916,0.8991387,0.044815317,-0.0028021708130836487,0.25605839490890503,-0.017915381118655205
