frame,Ankle.R_x,Ankle.R_y,Ankle.R_z,Knee.R_x,Knee.R_y,Knee.R_z,Hip.R_x,Hip.R_y,Hip.R_z,Hip.L_x,Hip.L_y,Hip.L_z,Knee.L_x,Knee.L_y,Knee.L_z,Ankle.L_x,Ankle.L_y,Ankle.L_z,Wrist.R_x,Wrist.R_y,Wrist.R_z,Elbow.R_x,Elbow.R_y,Elbow.R_z,Shoulder.R_x,Shoulder.R_y,Shoulder.R_z,Shoulder.L_x,Shoulder.L_y,Shoulder.L_z,Elbow.L_x,Elbow.L_y,Elbow.L_z,Wrist.L_x,Wrist.L_y,Wrist.L_z,Neck_x,Neck_y,Neck_z,Head_x,Head_y,Head_z,Nose_x,Nose_y,Nose_z,Eye.L_x,Eye.L_y,Eye.L_z,Eye.R_x,Eye.R_y,Eye.R_z,Ear.L_x,Ear.L_y,Ear.L_z,Ear.R_x,Ear.R_y,Ear.R_z,hip.Center_x,hip.Center_y,hip.Center_z
0,-0.4225928,-0.352665,-0.26425987,-0.25667623,-0.089270346,0.035001475,-0.12466261,0.28615215,-0.026545072,0.111102216,0.28232566,-0.013138517,0.24746254,-0.08992412,0.020992724,0.4217902,-0.3611998,-0.2782505,-0.12849364,1.262489,0.0713235,-0.21890037,1.0226362,0.005017057,-0.10697667,0.78987443,-0.049522012,0.12605631,0.79364926,-0.012279447,0.21516934,1.024652,0.06447191,0.15727514,1.2807431,0.10013046,0.008704841,0.81121707,-0.020930473,0.0003176562,1.0173008,-0.016587146,0.003368266,0.95101976,0.12654448,0.03461066,0.98371506,0.08326172,-0.031826943,0.979154,0.08069353,0.0810736,0.9484777,-0.004479113,-0.07282754,0.9380847,-0.013121309,-0.006780195981264114,0.28423890471458435,-0.019841793924570084
