frame,Ankle.R_x,Ankle.R_y,Ankle.R_z,Knee.R_x,Knee.R_y,Knee.R_z,Hip.R_x,Hip.R_y,Hip.R_z,Hip.L_x,Hip.L_y,Hip.L_z,Knee.L_x,Knee.L_y,Knee.L_z,Ankle.L_x,Ankle.L_y,Ankle.L_z,Wrist.R_x,Wrist.R_y,Wrist.R_z,Elbow.R_x,Elbow.R_y,Elbow.R_z,Shoulder.R_x,Shoulder.R_y,Shoulder.R_z,Shoulder.L_x,Shoulder.L_y,Shoulder.L_z,Elbow.L_x,Elbow.L_y,Elbow.L_z,Wrist.L_x,Wrist.L_y,Wrist.L_z,Neck_x,Neck_y,Neck_z,Head_x,Head_y,Head_z,Nose_x,Nose_y,Nose_z,Eye.L_x,Eye.L_y,Eye.L_z,Eye.R_x,Eye.R_y,Eye.R_z,Ear.L_x,Ear.L_y,Ear.L_z,Ear.R_x,Ear.R_y,Ear.R_z,hip.Center_x,hip.Center_y,hip.Center_z
0,-0.34729013,-0.5992785,0.27455646,-0.16492498,-0.1283783,0.19907326,-0.07365349,0.2809363,0.09210455,0.05386198,0.32424814,-0.1477367,0.10806673,-0.030856399,-0.39368892,0.1281101,-0.40886515,-0.74688625,0.02540974,0.09501843,0.33925316,-0.06136276,0.38649225,0.3059357,0.0025827624,0.70063555,0.2594848,0.12493272,0.7763969,-0.05107259,0.13286644,0.5032731,-0.21951595,0.21308395,0.21723151,-0.28612632,0.087286666,0.8169062,0.12532084,0.05496884,1.0295869,0.18844779,0.20097136,1.0031602,0.11041716,0.13705552,1.0226588,0.105962716,0.16976838,1.0188506,0.16834527,0.045686573,0.9630406,0.09912218,0.11636472,0.9485548,0.24609882,-0.009895754978060722,0.3025922179222107,-0.027816075831651688
