frame,Ankle.R_x,Ankle.R_y,Ankle.R_z,Knee.R_x,Knee.R_y,Knee.R_z,Hip.R_x,Hip.R_y,Hip.R_z,Hip.L_x,Hip.L_y,Hip.L_z,Knee.L_x,Knee.L_y,Knee.L_z,Ankle.L_x,Ankle.L_y,Ankle.L_z,Wrist.R_x,Wrist.R_y,Wrist.R_z,Elbow.R_x,Elbow.R_y,Elbow.R_z,Shoulder.R_x,Shoulder.R_y,Shoulder.R_z,Shoulder.L_x,Shoulder.L_y,Shoulder.L_z,Elbow.L_x,Elbow.L_y,Elbow.L_z,Wrist.L_x,Wrist.L_y,Wrist.L_z,Neck_x,Neck_y,Neck_z,Head_x,Head_y,Head_z,Nose_x,Nose_y,Nose_z,Eye.L_x,Eye.L_y,Eye.L_z,Eye.R_x,Eye.R_y,Eye.R_z,Ear.L_x,Ear.L_y,Ear.L_z,Ear.R_x,Ear.R_y,Ear.R_z,hip.Center_x,hip.Center_y,hip.Center_z
0,-0.08104282,-0.6034287,-0.322009,-0.0974848,-0.2151873,-0.01963387,-0.13206397,0.25597665,-0.013401726,0.1262881,0.2543175,-0.024283173,0.10524882,-0.21237946,0.024636602,0.07234144,-0.58961564,-0.29310983,-0.3186673,0.14207731,0.010409028,-0.25892556,0.41075316,-0.060768396,-0.15752846,0.683662,0.008544932,0.14731774,0.69047946,-0.0048249904,0.23844269,0.418088,-0.087697335,0.2998525,0.15587777,-0.00840592,-0.0029232213,0.7569447,0.032282412,-0.009769413,0.9716678,0.06741063,-0.0045692814,0.87527776,0.19109268,0.02711014,0.9182619,0.15580325,-0.04015906,0.9144617,0.15411781,0.06943417,0.9024018,0.063227884,-0.07922973,0.8948159,0.05876508,-0.002887934446334839,0.2551470696926117,-0.01884244941174984
