frame,Ankle.R_x,Ankle.R_y,Ankle.R_z,Knee.R_x,Knee.R_y,Knee.R_z,Hip.R_x,Hip.R_y,Hip.R_z,Hip.L_x,Hip.L_y,Hip.L_z,Knee.L_x,Knee.L_y,Knee.L_z,Ankle.L_x,Ankle.L_y,Ankle.L_z,Wrist.R_x,Wrist.R_y,Wrist.R_z,Elbow.R_x,Elbow.R_y,Elbow.R_z,Shoulder.R_x,Shoulder.R_y,Shoulder.R_z,Shoulder.L_x,Shoulder.L_y,Shoulder.L_z,Elbow.L_x,Elbow.L_y,Elbow.L_z,Wrist.L_x,Wrist.L_y,Wrist.L_z,Neck_x,Neck_y,Neck_z,Head_x,Head_y,Head_z,Nose_x,Nose_y,Nose_z,Eye.L_x,Eye.L_y,Eye.L_z,Eye.R_x,Eye.R_y,Eye.R_z,Ear.L_x,Ear.L_y,Ear.L_z,Ear.R_x,Ear.R_y,Ear.R_z,hip.Center_x,hip.Center_y,hip.Center_z
0,-0.07463679,-0.62619,-0.32249779,-0.07874343,-0.21296422,-0.048676148,-0.13269286,0.25520492,-0.008114587,0.12595893,0.25727326,-0.026294086,0.10461287,-0.21231794,-0.016536295,0.08658054,-0.6074048,-0.3188691,-0.23321211,0.12814432,0.0544518,-0.23570241,0.39519307,-0.04829841,-0.16679485,0.683395,-0.006907164,0.140073,0.6961357,-0.025860384,0.21855439,0.41280335,-0.08798426,0.2586374,0.14024338,-0.021786716,-0.012387331,0.7631455,0.010040573,-0.024447693,0.9798395,0.04505055,-0.0071875155,0.88297796,0.16778345,0.020654634,0.92686105,0.13008597,-0.046561018,0.9211956,0.13366346,0.056362443,0.91244835,0.03411545,-0.09250633,0.90056384,0.04096853,-0.0033669620752334595,0.2562390863895416,-0.01720433682203293
