frame,Ankle.R_x,Ankle.R_y,Ankle.R_z,Knee.R_x,Knee.R_y,Knee.R_z,Hip.R_x,Hip.R_y,Hip.R_z,Hip.L_x,Hip.L_y,Hip.L_z,Knee.L_x,Knee.L_y,Knee.L_z,Ankle.L_x,Ankle.L_y,Ankle.L_z,Wrist.R_x,Wrist.R_y,Wrist.R_z,Elbow.R_x,Elbow.R_y,Elbow.R_z,Shoulder.R_x,Shoulder.R_y,Shoulder.R_z,Shoulder.L_x,Shoulder.L_y,Shoulder.L_z,Elbow.L_x,Elbow.L_y,Elbow.L_z,Wrist.L_x,Wrist.L_y,Wrist.L_z,Neck_x,Neck_y,Neck_z,Head_x,Head_y,Head_z,Nose_x,Nose_y,Nose_z,Eye.L_x,Eye.L_y,Eye.L_z,Eye.R_x,Eye.R_y,Eye.R_z,Ear.L_x,Ear.L_y,Ear.L_z,Ear.R_x,Ear.R_y,Ear.R_z,hip.Center_x,hip.Center_y,hip.Center_z
0,-0.21597415,-0.48829925,-0.297341,-0.15922841,-0.13525183,-0.05691669,-0.124007106,0.2811282,-0.018457104,0.1132324,0.28185073,-0.005340416,0.14691766,-0.13541885,-0.026616117,0.19059739,-0.5080744,-0.24341577,-0.6443492,0.89726007,0.06811742,-0.422019,0.7951195,-0.018292718,-0.1496627,0.76808745,-0.010867701,0.11893307,0.7783521,0.009143459,0.3835355,0.82829654,0.0022012903,0.60977817,0.93852955,0.0637263,-0.016602017,0.8118739,0.02197149,-0.016101187,1.0238595,0.060877904,-0.023550853,0.928992,0.18591128,0.01170004,0.96848166,0.15193608,-0.05464994,0.9684515,0.14629926,0.0595803,0.95046103,0.06051162,-0.091259755,0.95062774,0.046366613,-0.005387354642152786,0.28148946166038513,-0.011898759752511978
