frame,Ankle.R_x,Ankle.R_y,Ankle.R_z,Knee.R_x,Knee.R_y,Knee.R_z,Hip.R_x,Hip.R_y,Hip.R_z,Hip.L_x,Hip.L_y,Hip.L_z,Knee.L_x,Knee.L_y,Knee.L_z,Ankle.L_x,Ankle.L_y,Ankle.L_z,Wrist.R_x,Wrist.R_y,Wrist.R_z,Elbow.R_x,Elbow.R_y,Elbow.R_z,Shoulder.R_x,Shoulder.R_y,Shoulder.R_z,Shoulder.L_x,Shoulder.L_y,Shoulder.L_z,Elbow.L_x,Elbow.L_y,Elbow.L_z,Wrist.L_x,Wrist.L_y,Wrist.L_z,Neck_x,Neck_y,Neck_z,Head_x,Head_y,Head_z,Nose_x,Nose_y,Nose_z,Eye.L_x,Eye.L_y,Eye.L_z,Eye.R_x,Eye.R_y,Eye.R_z,Ear.L_x,Ear.L_y,Ear.L_z,Ear.R_x,Ear.R_y,Ear.R_z,hip.Center_x,hip.Center_y,hip.Center_z
0,-0.09127265,-0.61470354,-0.32482192,-0.093128644,-0.21388948,-0.033465,-0.1326457,0.25790757,-0.0119256405,0.12666138,0.2549909,-0.02551366,0.1054556,-0.21423277,0.0148084955,0.0776715,-0.5870352,-0.31264874,-0.2677061,0.12727852,0.011955063,-0.23746826,0.40267688,-0.06032852,-0.15691546,0.68502694,0.00043831393,0.15061516,0.6911826,-0.010108609,0.22579911,0.4096527,-0.082898304,0.262825,0.13550851,-0.021793481,-0.0015923083,0.76074326,0.02409218,-0.012563566,0.9771925,0.0562575,-0.008548975,0.88227713,0.18155941,0.023249896,0.9254894,0.1463042,-0.043996677,0.92026055,0.14291932,0.06867461,0.9091879,0.054748684,-0.08024715,0.89845103,0.046526898,-0.0029921606183052063,0.25644922256469727,-0.01871965080499649
