frame,Ankle.R_x,Ankle.R_y,Ankle.R_z,Knee.R_x,Knee.R_y,Knee.R_z,Hip.R_x,Hip.R_y,Hip.R_z,Hip.L_x,Hip.L_y,Hip.L_z,Knee.L_x,Knee.L_y,Knee.L_z,Ankle.L_x,Ankle.L_y,Ankle.L_z,Wrist.R_x,Wrist.R_y,Wrist.R_z,Elbow.R_x,Elbow.R_y,Elbow.R_z,Shoulder.R_x,Shoulder.R_y,Shoulder.R_z,Shoulder.L_x,Shoulder.L_y,Shoulder.L_z,Elbow.L_x,Elbow.L_y,Elbow.L_z,Wrist.L_x,Wrist.L_y,Wrist.L_z,Neck_x,Neck_y,Neck_z,Head_x,Head_y,Head_z,Nose_x,Nose_y,Nose_z,Eye.L_x,Eye.L_y,Eye.L_z,Eye.R_x,Eye.R_y,Eye.R_z,Ear.L_x,Ear.L_y,Ear.L_z,Ear.R_x,Ear.R_y,Ear.R_z,hip.Center_x,hip.Center_y,hip.Center_z
0,-0.1065107,-0.5014146,-0.25673112,-0.107926816,-0.13798608,-0.035261836,-0.123359784,0.2884348,-0.016240835,0.1127061,0.28535348,-0.0062375246,0.09464845,-0.13704151,-0.020337427,0.085963525,-0.49906707,-0.24734317,-0.6262364,0.5777439,-0.005320949,-0.3863048,0.66288614,-0.040530574,-0.14595057,0.7789091,0.007629238,0.13256378,0.7802566,0.028919682,0.38059032,0.67583865,-0.010309509,0.62755054,0.61394703,0.017549431,-0.008830512,0.8275062,0.048017975,-0.017963737,1.0394063,0.08434074,-0.038433053,0.9465275,0.21119119,-0.00041700713,0.9873564,0.180831,-0.06533609,0.9832031,0.16566044,0.062130474,0.9694556,0.09734693,-0.086052656,0.9606175,0.06263673,-0.005326841026544571,0.28689414262771606,-0.011239180341362953
