frame,Ankle.R_x,Ankle.R_y,Ankle.R_z,Knee.R_x,Knee.R_y,Knee.R_z,Hip.R_x,Hip.R_y,Hip.R_z,Hip.L_x,Hip.L_y,Hip.L_z,Knee.L_x,Knee.L_y,Knee.L_z,Ankle.L_x,Ankle.L_y,Ankle.L_z,Wrist.R_x,Wrist.R_y,Wrist.R_z,Elbow.R_x,Elbow.R_y,Elbow.R_z,Shoulder.R_x,Shoulder.R_y,Shoulder.R_z,Shoulder.L_x,Shoulder.L_y,Shoulder.L_z,Elbow.L_x,Elbow.L_y,Elbow.L_z,Wrist.L_x,Wrist.L_y,Wrist.L_z,Neck_x,Neck_y,Neck_z,Head_x,Head_y,Head_z,Nose_x,Nose_y,Nose_z,Eye.L_x,Eye.L_y,Eye.L_z,Eye.R_x,Eye.R_y,Eye.R_z,Ear.L_x,Ear.L_y,Ear.L_z,Ear.R_x,Ear.R_y,Ear.R_z,hip.Center_x,hip.Center_y,hip.Center_z
0,-0.079650395,-0.6278032,-0.31903142,-0.08251745,-0.21279155,-0.048353378,-0.13244292,0.25559175,-0.008237352,0.12624614,0.25482452,-0.027255451,0.10271108,-0.21383032,0.0040784637,0.08172468,-0.60515684,-0.30168322,-0.247002,0.12502088,0.03683948,-0.23591447,0.39702064,-0.050609235,-0.16046059,0.6821509,-0.0011541201,0.1459817,0.69153196,-0.020707237,0.2219662,0.41010636,-0.09141726,0.25850523,0.13546927,-0.033598144,-0.0054070074,0.7592217,0.016945256,-0.014793791,0.9748695,0.054337025,-0.0026457738,0.87640524,0.17616183,0.02689325,0.9203777,0.14003931,-0.040413875,0.9154947,0.14131597,0.06546994,0.90674627,0.045180324,-0.08342402,0.8967004,0.047131244,-0.0030983909964561462,0.2552081346511841,-0.017746401950716972
