frame,Ankle.R_x,Ankle.R_y,Ankle.R_z,Knee.R_x,Knee.R_y,Knee.R_z,Hip.R_x,Hip.R_y,Hip.R_z,Hip.L_x,Hip.L_y,Hip.L_z,Knee.L_x,Knee.L_y,Knee.L_z,Ankle.L_x,Ankle.L_y,Ankle.L_z,Wrist.R_x,Wrist.R_y,Wrist.R_z,Elbow.R_x,Elbow.R_y,Elbow.R_z,Shoulder.R_x,Shoulder.R_y,Shoulder.R_z,Shoulder.L_x,Shoulder.L_y,Shoulder.L_z,Elbow.L_x,Elbow.L_y,Elbow.L_z,Wrist.L_x,Wrist.L_y,Wrist.L_z,Neck_x,Neck_y,Neck_z,Head_x,Head_y,Head_z,Nose_x,Nose_y,Nose_z,Eye.L_x,Eye.L_y,Eye.L_z,Eye.R_x,Eye.R_y,Eye.R_z,Ear.L_x,Ear.L_y,Ear.L_z,Ear.R_x,Ear.R_y,Ear.R_z,hip.Center_x,hip.Center_y,hip.Center_z
0,-0.09167312,-0.6234267,-0.333276,-0.08292052,-0.21197459,-0.054963037,-0.1322297,0.2564512,-0.00525942,0.12645888,0.25563332,-0.028798701,0.09629649,-0.21415997,-0.020155543,0.06855707,-0.613853,-0.31712648,-0.2345037,0.12924437,0.055087432,-0.23405033,0.39723265,-0.04610683,-0.16271651,0.684823,-0.002356926,0.14380185,0.6968131,-0.027299903,0.21943116,0.41454935,-0.097600885,0.2581934,0.14117484,-0.033143666,-0.007614321,0.76367956,0.0125725325,-0.017206596,0.9800398,0.04957445,-1.1656666e-06,0.88201225,0.1715835,0.028005684,0.925972,0.13397214,-0.03928603,0.92086047,0.13793041,0.06302368,0.9119736,0.037561588,-0.08605114,0.9013311,0.04533884,-0.0028854086995124817,0.2560422420501709,-0.017029060050845146
