frame,Ankle.R_x,Ankle.R_y,Ankle.R_z,Knee.R_x,Knee.R_y,Knee.R_z,Hip.R_x,Hip.R_y,Hip.R_z,Hip.L_x,Hip.L_y,Hip.L_z,Knee.L_x,Knee.L_y,Knee.L_z,Ankle.L_x,Ankle.L_y,Ankle.L_z,Wrist.R_x,Wrist.R_y,Wrist.R_z,Elbow.R_x,Elbow.R_y,Elbow.R_z,Shoulder.R_x,Shoulder.R_y,Shoulder.R_z,Shoulder.L_x,Shoulder.L_y,Shoulder.L_z,Elbow.L_x,Elbow.L_y,Elbow.L_z,Wrist.L_x,Wrist.L_y,Wrist.L_z,Neck_x,Neck_y,Neck_z,Head_x,Head_y,Head_z,Nose_x,Nose_y,Nose_z,Eye.L_x,Eye.L_y,Eye.L_z,Eye.R_x,Eye.R_y,Eye.R_z,Ear.L_x,Ear.L_y,Ear.L_z,Ear.R_x,Ear.R_y,Ear.R_z,hip.Center_x,hip.Center_y,hip.Center_z
0,-0.08452359,-0.6320549,-0.31618714,-0.083488114,-0.21153675,-0.05433023,-0.13205798,0.25556087,-0.006633686,0.12621564,0.2544873,-0.027198521,0.09687575,-0.2138131,-0.02026759,0.07062478,-0.6196525,-0.30662698,-0.24650194,0.12670308,0.046579614,-0.23725423,0.39641315,-0.04762918,-0.1616078,0.6822089,-0.0023514694,0.14447807,0.69337004,-0.023247182,0.22582728,0.41244215,-0.09057742,0.26887682,0.13983914,-0.02838622,-0.006948756,0.7603273,0.014063804,-0.016185135,0.97624815,0.04678393,-0.002475174,0.8809842,0.17115372,0.026628084,0.9239807,0.1334661,-0.040691417,0.9191866,0.13582213,0.063902825,0.90780735,0.03841151,-0.084951594,0.89795476,0.042698834,-0.002921171486377716,0.2550240755081177,-0.016916103661060333
