frame,Ankle.R_x,Ankle.R_y,Ankle.R_z,Knee.R_x,Knee.R_y,Knee.R_z,Hip.R_x,Hip.R_y,Hip.R_z,Hip.L_x,Hip.L_y,Hip.L_z,Knee.L_x,Knee.L_y,Knee.L_z,Ankle.L_x,Ankle.L_y,Ankle.L_z,Wrist.R_x,Wrist.R_y,Wrist.R_z,Elbow.R_x,Elbow.R_y,Elbow.R_z,Shoulder.R_x,Shoulder.R_y,Shoulder.R_z,Shoulder.L_x,Shoulder.L_y,Shoulder.L_z,Elbow.L_x,Elbow.L_y,Elbow.L_z,Wrist.L_x,Wrist.L_y,Wrist.L_z,Neck_x,Neck_y,Neck_z,Head_x,Head_y,Head_z,Nose_x,Nose_y,Nose_z,Eye.L_x,Eye.L_y,Eye.L_z,Eye.R_x,Eye.R_y,Eye.R_z,Ear.L_x,Ear.L_y,Ear.L_z,Ear.R_x,Ear.R_y,Ear.R_z,hip.Center_x,hip.Center_y,hip.Center_z
0,-0.08149101,-0.47772098,-0.27850366,-0.105029844,-0.13681395,-0.019292923,-0.124331355,0.2949823,-0.01719692,0.11272383,0.29711077,-0.009812314,0.10106681,-0.13049117,0.0068069124,0.08053878,-0.47640875,-0.24913867,-0.54697007,0.4263822,0.04923635,-0.35391197,0.58145845,-0.02685508,-0.16983457,0.779914,0.015989218,0.12524074,0.7862005,0.015375429,0.29806107,0.58722734,-0.06763579,0.49298885,0.4189579,-0.059044346,-0.02178001,0.84309185,0.049404733,-0.02809725,1.0617286,0.09624235,-0.034148157,0.9610624,0.21913797,0.00067563634,1.0036862,0.18582776,-0.06610992,1.0008272,0.17865077,0.05301184,0.9901034,0.09430015,-0.10065095,0.9836701,0.07716737,-0.0058037638664245605,0.29604655504226685,-0.013504616916179657
