frame,Ankle.R_x,Ankle.R_y,Ankle.R_z,Knee.R_x,Knee.R_y,Knee.R_z,Hip.R_x,Hip.R_y,Hip.R_z,Hip.L_x,Hip.L_y,Hip.L_z,Knee.L_x,Knee.L_y,Knee.L_z,Ankle.L_x,Ankle.L_y,Ankle.L_z,Wrist.R_x,Wrist.R_y,Wrist.R_z,Elbow.R_x,Elbow.R_y,Elbow.R_z,Shoulder.R_x,Shoulder.R_y,Shoulder.R_z,Shoulder.L_x,Shoulder.L_y,Shoulder.L_z,Elbow.L_x,Elbow.L_y,Elbow.L_z,Wrist.L_x,Wrist.L_y,Wrist.L_z,Neck_x,Neck_y,Neck_z,Head_x,Head_y,Head_z,Nose_x,Nose_y,Nose_z,Eye.L_x,Eye.L_y,Eye.L_z,Eye.R_x,Eye.R_y,Eye.R_z,Ear.L_x,Ear.L_y,Ear.L_z,Ear.R_x,Ear.R_y,Ear.R_z,hip.Center_x,hip.Center_y,hip.Center_z
0,-0.22330885,-0.7005849,-0.051727246,-0.066560045,-0.19799292,0.074047714,-0.04531341,0.3053711,0.106312275,0.032112904,0.3078234,-0.1743621,0.045873027,-0.19387485,-0.15188804,-0.06343125,-0.7255329,-0.13538611,0.043768443,0.18036507,0.33335584,-0.07396882,0.4688527,0.26498672,-0.05262944,0.7922922,0.1660209,-0.014682146,0.81956625,-0.18682589,-0.047590196,0.50631475,-0.3002394,0.020529922,0.2002087,-0.35294598,-0.009014695,0.8916396,-0.010371478,-0.0032134922,1.133881,-0.01613258,0.12526412,1.050313,-0.08862474,0.064530656,1.082001,-0.0959838,0.10357419,1.0902843,-0.036516324,-0.04010199,1.0448425,-0.07828165,0.046714433,1.0600626,0.06446134,-0.0066002532839775085,0.3065972328186035,-0.034024909138679504
