frame,Ankle.R_x,Ankle.R_y,Ankle.R_z,Knee.R_x,Knee.R_y,Knee.R_z,Hip.R_x,Hip.R_y,Hip.R_z,Hip.L_x,Hip.L_y,Hip.L_z,Knee.L_x,Knee.L_y,Knee.L_z,Ankle.L_x,Ankle.L_y,Ankle.L_z,Wrist.R_x,Wrist.R_y,Wrist.R_z,Elbow.R_x,Elbow.R_y,Elbow.R_z,Shoulder.R_x,Shoulder.R_y,Shoulder.R_z,Shoulder.L_x,Shoulder.L_y,Shoulder.L_z,Elbow.L_x,Elbow.L_y,Elbow.L_z,Wrist.L_x,Wrist.L_y,Wrist.L_z,Neck_x,Neck_y,Neck_z,Head_x,Head_y,Head_z,Nose_x,Nose_y,Nose_z,Eye.L_x,Eye.L_y,Eye.L_z,Eye.R_x,Eye.R_y,Eye.R_z,Ear.L_x,Ear.L_y,Ear.L_z,Ear.R_x,Ear.R_y,Ear.R_z,hip.Center_x,hip.Center_y,hip.Center_z
0,-0.14574428,-0.67121047,0.2090384,0.0020421892,-0.17212276,0.17232178,-8.708099e-05,0.28628457,0.11380631,-0.020253971,0.33764538,-0.16580583,-0.050422676,-0.07644157,-0.36719608,-0.15210891,-0.5250116,-0.6230378,0.19045626,0.11338458,0.30974165,0.09651953,0.41119075,0.30636293,0.10106653,0.7359666,0.23454344,0.025424888,0.8196207,-0.09987864,-0.034807056,0.5457692,-0.27344012,0.0106714815,0.2710124,-0.41361073,0.0863559,0.8622304,0.07477042,0.067107394,1.0784476,0.15224536,0.14106405,1.0666695,-0.0005531013,0.08400418,1.0757685,0.035322033,0.14835644,1.0825667,0.065557145,0.016744137,1.0019705,0.08506718,0.16570634,1.0103298,0.16032895,-0.01017052587121725,0.3119649887084961,-0.0259997621178627
