frame,Ankle.R_x,Ankle.R_y,Ankle.R_z,Knee.R_x,Knee.R_y,Knee.R_z,Hip.R_x,Hip.R_y,Hip.R_z,Hip.L_x,Hip.L_y,Hip.L_z,Knee.L_x,Knee.L_y,Knee.L_z,Ankle.L_x,Ankle.L_y,Ankle.L_z,Wrist.R_x,Wrist.R_y,Wrist.R_z,Elbow.R_x,Elbow.R_y,Elbow.R_z,Shoulder.R_x,Shoulder.R_y,Shoulder.R_z,Shoulder.L_x,Shoulder.L_y,Shoulder.L_z,Elbow.L_x,Elbow.L_y,Elbow.L_z,Wrist.L_x,Wrist.L_y,Wrist.L_z,Neck_x,Neck_y,Neck_z,Head_x,Head_y,Head_z,Nose_x,Nose_y,Nose_z,Eye.L_x,Eye.L_y,Eye.L_z,Eye.R_x,Eye.R_y,Eye.R_z,Ear.L_x,Ear.L_y,Ear.L_z,Ear.R_x,Ear.R_y,Ear.R_z,hip.Center_x,hip.Center_y,hip.Center_z
0,-0.28791058,-0.4619745,-0.28012034,-0.2032569,-0.122340254,-0.026873577,-0.12324311,0.27951416,-0.031978898,0.110552944,0.28517795,0.0018439149,0.19436803,-0.11833099,0.0021071106,0.32079086,-0.4784821,-0.20968191,-0.543574,1.1080755,0.016326921,-0.37263757,0.9179827,-0.03925933,-0.14175183,0.78093207,-0.026285585,0.10849197,0.78248405,0.005538302,0.3432944,0.9048149,0.013830209,0.50360173,1.1023062,0.0695489,-0.018131247,0.81164265,0.012378467,-0.007928313,1.020157,0.046098594,-0.015263718,0.9310974,0.17557684,0.020303953,0.96691716,0.13830452,-0.04604007,0.9706476,0.13549238,0.06303576,0.9425889,0.046213187,-0.08892554,0.95083034,0.037304822,-0.006345082074403763,0.28234606981277466,-0.015067491680383682
