frame,Ankle.R_x,Ankle.R_y,Ankle.R_z,Knee.R_x,Knee.R_y,Knee.R_z,Hip.R_x,Hip.R_y,Hip.R_z,Hip.L_x,Hip.L_y,Hip.L_z,Knee.L_x,Knee.L_y,Knee.L_z,Ankle.L_x,Ankle.L_y,Ankle.L_z,Wrist.R_x,Wrist.R_y,Wrist.R_z,Elbow.R_x,Elbow.R_y,Elbow.R_z,Shoulder.R_x,Shoulder.R_y,Shoulder.R_z,Shoulder.L_x,Shoulder.L_y,Shoulder.L_z,Elbow.L_x,Elbow.L_y,Elbow.L_z,Wrist.L_x,Wrist.L_y,Wrist.L_z,Neck_x,Neck_y,Neck_z,Head_x,Head_y,Head_z,Nose_x,Nose_y,Nose_z,Eye.L_x,Eye.L_y,Eye.L_z,Eye.R_x,Eye.R_y,Eye.R_z,Ear.L_x,Ear.L_y,Ear.L_z,Ear.R_x,Ear.R_y,Ear.R_z,hip.Center_x,hip.Center_y,hip.Center_z
0,-0.08958043,-0.6192325,-0.3219797,-0.08505551,-0.21376435,-0.038452975,-0.13216951,0.25556234,-0.00630472,0.12622356,0.25554034,-0.031375706,0.112140074,-0.21105468,0.031147078,0.073637955,-0.5853864,-0.2909147,-0.25576612,0.12406401,0.045135804,-0.24147995,0.39595652,-0.041657604,-0.16128917,0.68084043,0.0031610588,0.14474839,0.69110215,-0.02468934,0.22113054,0.41042316,-0.097548425,0.26313716,0.13647266,-0.041068785,-0.00604329,0.758708,0.01652902,-0.01633613,0.9749962,0.048833348,-0.0024793944,0.8800137,0.1730841,0.02638835,0.92328376,0.13564327,-0.04082996,0.9178896,0.13747823,0.06446523,0.9073386,0.04102683,-0.08429986,0.89620924,0.04421453,-0.0029729753732681274,0.2555513381958008,-0.018840212374925613
