frame,Ankle.R_x,Ankle.R_y,Ankle.R_z,Knee.R_x,Knee.R_y,Knee.R_z,Hip.R_x,Hip.R_y,Hip.R_z,Hip.L_x,Hip.L_y,Hip.L_z,Knee.L_x,Knee.L_y,Knee.L_z,Ankle.L_x,Ankle.L_y,Ankle.L_z,Wrist.R_x,Wrist.R_y,Wrist.R_z,Elbow.R_x,Elbow.R_y,Elbow.R_z,Shoulder.R_x,Shoulder.R_y,Shoulder.R_z,Shoulder.L_x,Shoulder.L_y,Shoulder.L_z,Elbow.L_x,Elbow.L_y,Elbow.L_z,Wrist.L_x,Wrist.L_y,Wrist.L_z,Neck_x,Neck_y,Neck_z,Head_x,Head_y,Head_z,Nose_x,Nose_y,Nose_z,Eye.L_x,Eye.L_y,Eye.L_z,Eye.R_x,Eye.R_y,Eye.R_z,Ear.L_x,Ear.L_y,Ear.L_z,Ear.R_x,Ear.R_y,Ear.R_z,hip.Center_x,hip.Center_y,hip.Center_z
0,-0.29950908,-0.45365965,-0.28516155,-0.21316229,-0.11630862,-0.028584614,-0.12333032,0.2816475,-0.029367352,0.111060105,0.28779998,0.00018932432,0.2035464,-0.11338746,-0.01960321,0.33162013,-0.4617055,-0.2514648,-0.5594135,1.0998807,0.045380026,-0.39240152,0.90751964,-0.014421636,-0.15300696,0.78188497,-0.011737343,0.103605926,0.78699595,0.009278121,0.34793538,0.89523524,0.007508288,0.49044183,1.1029006,0.06962935,-0.026711097,0.816194,0.022084782,-0.023484189,1.0267905,0.055646203,-0.026228482,0.93726647,0.18545917,0.007631816,0.97470087,0.14778933,-0.058942914,0.97559476,0.14531438,0.051216837,0.95199573,0.055223744,-0.10174437,0.9538765,0.0470962,-0.006135106086730957,0.28472375869750977,-0.014589013531804085
