frame,Ankle.R_x,Ankle.R_y,Ankle.R_z,Knee.R_x,Knee.R_y,Knee.R_z,Hip.R_x,Hip.R_y,Hip.R_z,Hip.L_x,Hip.L_y,Hip.L_z,Knee.L_x,Knee.L_y,Knee.L_z,Ankle.L_x,Ankle.L_y,Ankle.L_z,Wrist.R_x,Wrist.R_y,Wrist.R_z,Elbow.R_x,Elbow.R_y,Elbow.R_z,Shoulder.R_x,Shoulder.R_y,Shoulder.R_z,Shoulder.L_x,Shoulder.L_y,Shoulder.L_z,Elbow.L_x,Elbow.L_y,Elbow.L_z,Wrist.L_x,Wrist.L_y,Wrist.L_z,Neck_x,Neck_y,Neck_z,Head_x,Head_y,Head_z,Nose_x,Nose_y,Nose_z,Eye.L_x,Eye.L_y,Eye.L_z,Eye.R_x,Eye.R_y,Eye.R_z,Ear.L_x,Ear.L_y,Ear.L_z,Ear.R_x,Ear.R_y,Ear.R_z,hip.Center_x,hip.Center_y,hip.Center_z
0,-0.16077042,-0.6417439,0.28896075,-0.0775391,-0.16386317,0.1796604,-0.05179605,0.25788403,0.10265061,0.025404084,0.3203564,-0.14565584,0.08570058,0.007975109,-0.42030293,0.1008354,-0.3134578,-0.80880463,0.13278036,0.09327333,0.25871262,-0.013882043,0.3482113,0.3012812,0.025382323,0.6596501,0.2567287,0.1110614,0.73616475,-0.04924973,0.13525702,0.46864957,-0.21488729,0.2822993,0.21462378,-0.22141068,0.091589026,0.77156746,0.122029886,0.1257782,0.9800926,0.20014283,0.23138222,0.9231429,0.08811873,0.17878953,0.95986354,0.100239426,0.22251555,0.94077027,0.15074685,0.07762448,0.9301703,0.11738568,0.17170319,0.882349,0.2356905,-0.013195982202887535,0.2891201972961426,-0.02150261402130127
