frame,Ankle.R_x,Ankle.R_y,Ankle.R_z,Knee.R_x,Knee.R_y,Knee.R_z,Hip.R_x,Hip.R_y,Hip.R_z,Hip.L_x,Hip.L_y,Hip.L_z,Knee.L_x,Knee.L_y,Knee.L_z,Ankle.L_x,Ankle.L_y,Ankle.L_z,Wrist.R_x,Wrist.R_y,Wrist.R_z,Elbow.R_x,Elbow.R_y,Elbow.R_z,Shoulder.R_x,Shoulder.R_y,Shoulder.R_z,Shoulder.L_x,Shoulder.L_y,Shoulder.L_z,Elbow.L_x,Elbow.L_y,Elbow.L_z,Wrist.L_x,Wrist.L_y,Wrist.L_z,Neck_x,Neck_y,Neck_z,Head_x,Head_y,Head_z,Nose_x,Nose_y,Nose_z,Eye.L_x,Eye.L_y,Eye.L_z,Eye.R_x,Eye.R_y,Eye.R_z,Ear.L_x,Ear.L_y,Ear.L_z,Ear.R_x,Ear.R_y,Ear.R_z,hip.Center_x,hip.Center_y,hip.Center_z
0,-0.15292543,-0.48897585,-0.26233572,-0.11534772,-0.13669002,-0.030089118,-0.12291306,0.28612006,-0.010073051,0.11283356,0.28423488,-0.011001151,0.10364585,-0.13530721,-0.020287935,0.10321424,-0.48931068,-0.2570028,-0.6445874,0.61907184,0.040963877,-0.39978495,0.66865844,-0.012372489,-0.14956826,0.76907426,0.018769963,0.13201949,0.77127355,0.030392619,0.3780831,0.6663907,-0.018317163,0.62612337,0.61345875,-0.00015228841,-0.010439822,0.8197572,0.053029772,-0.02129661,1.0331532,0.0826554,-0.03385596,0.9448084,0.2130335,0.0018361956,0.9849113,0.1797195,-0.063563906,0.97972214,0.16828837,0.059431084,0.96451277,0.09390129,-0.0894637,0.9538543,0.0675053,-0.0050397515296936035,0.28517746925354004,-0.010537100955843925
