frame,Ankle.R_x,Ankle.R_y,Ankle.R_z,Knee.R_x,Knee.R_y,Knee.R_z,Hip.R_x,Hip.R_y,Hip.R_z,Hip.L_x,Hip.L_y,Hip.L_z,Knee.L_x,Knee.L_y,Knee.L_z,Ankle.L_x,Ankle.L_y,Ankle.L_z,Wrist.R_x,Wrist.R_y,Wrist.R_z,Elbow.R_x,Elbow.R_y,Elbow.R_z,Shoulder.R_x,Shoulder.R_y,Shoulder.R_z,Shoulder.L_x,Shoulder.L_y,Shoulder.L_z,Elbow.L_x,Elbow.L_y,Elbow.L_z,Wrist.L_x,Wrist.L_y,Wrist.L_z,Neck_x,Neck_y,Neck_z,Head_x,Head_y,Head_z,Nose_x,Nose_y,Nose_z,Eye.L_x,Eye.L_y,Eye.L_z,Eye.R_x,Eye.R_y,Eye.R_z,Ear.L_x,Ear.L_y,Ear.L_z,Ear.R_x,Ear.R_y,Ear.R_z,hip.Center_x,hip.Center_y,hip.Center_z
0,-0.07126002,-0.4735123,-0.2966274,-0.09547637,-0.14102249,-0.02317789,-0.12496452,0.29325005,-0.015543338,0.11366846,0.29568383,-0.01054426,0.09490324,-0.13441934,0.01974162,0.07586093,-0.45436424,-0.27040538,-0.56133455,0.40972343,0.065378286,-0.3802582,0.5842792,-0.006452357,-0.17105208,0.77167356,0.017570637,0.13330947,0.7774662,0.006512667,0.3349324,0.59692997,-0.07165432,0.54333603,0.44484836,-0.045459297,-0.016993199,0.8363475,0.043183822,-0.0161351,1.0571138,0.09837699,-0.012516507,0.9503882,0.21545944,0.01997809,0.9939759,0.1809633,-0.0471903,0.9931309,0.18079369,0.061538946,0.9840698,0.08415527,-0.09243226,0.9822402,0.082631126,-0.005648031830787659,0.29446694254875183,-0.013043798506259918
