frame,Ankle.R_x,Ankle.R_y,Ankle.R_z,Knee.R_x,Knee.R_y,Knee.R_z,Hip.R_x,Hip.R_y,Hip.R_z,Hip.L_x,Hip.L_y,Hip.L_z,Knee.L_x,Knee.L_y,Knee.L_z,Ankle.L_x,Ankle.L_y,Ankle.L_z,Wrist.R_x,Wrist.R_y,Wrist.R_z,Elbow.R_x,Elbow.R_y,Elbow.R_z,Shoulder.R_x,Shoulder.R_y,Shoulder.R_z,Shoulder.L_x,Shoulder.L_y,Shoulder.L_z,Elbow.L_x,Elbow.L_y,Elbow.L_z,Wrist.L_x,Wrist.L_y,Wrist.L_z,Neck_x,Neck_y,Neck_z,Head_x,Head_y,Head_z,Nose_x,Nose_y,Nose_z,Eye.L_x,Eye.L_y,Eye.L_z,Eye.R_x,Eye.R_y,Eye.R_z,Ear.L_x,Ear.L_y,Ear.L_z,Ear.R_x,Ear.R_y,Ear.R_z,hip.Center_x,hip.Center_y,hip.Center_z
0,-0.06586179,-0.6248663,-0.31908712,-0.072483115,-0.21559304,-0.04177633,-0.13230707,0.25136504,-0.004960085,0.12526445,0.2577071,-0.03118331,0.11995442,-0.2096291,0.012570301,0.101309136,-0.5998555,-0.29287142,-0.25451705,0.11780554,0.036579974,-0.24343151,0.3920156,-0.04191701,-0.16857004,0.6770496,0.007162586,0.13563162,0.69093007,-0.024583437,0.20965156,0.41200456,-0.10373731,0.25341168,0.13842548,-0.04985282,-0.014735627,0.7568198,0.019054662,-0.02771924,0.9727765,0.049802378,-0.01489724,0.879037,0.17502941,0.014032569,0.9224689,0.13789254,-0.05307582,0.9160348,0.13843098,0.054203447,0.90631944,0.04418379,-0.094137534,0.8931688,0.04465901,-0.0035213083028793335,0.25453606247901917,-0.018071698024868965
