frame,Ankle.R_x,Ankle.R_y,Ankle.R_z,Knee.R_x,Knee.R_y,Knee.R_z,Hip.R_x,Hip.R_y,Hip.R_z,Hip.L_x,Hip.L_y,Hip.L_z,Knee.L_x,Knee.L_y,Knee.L_z,Ankle.L_x,Ankle.L_y,Ankle.L_z,Wrist.R_x,Wrist.R_y,Wrist.R_z,Elbow.R_x,Elbow.R_y,Elbow.R_z,Shoulder.R_x,Shoulder.R_y,Shoulder.R_z,Shoulder.L_x,Shoulder.L_y,Shoulder.L_z,Elbow.L_x,Elbow.L_y,Elbow.L_z,Wrist.L_x,Wrist.L_y,Wrist.L_z,Neck_x,Neck_y,Neck_z,Head_x,Head_y,Head_z,Nose_x,Nose_y,Nose_z,Eye.L_x,Eye.L_y,Eye.L_z,Eye.R_x,Eye.R_y,Eye.R_z,Ear.L_x,Ear.L_y,Ear.L_z,Ear.R_x,Ear.R_y,Ear.R_z,hip.Center_x,hip.Center_y,hip.Center_z
0,-0.15752807,-0.7032865,0.055080663,-0.019000243,-0.19405892,0.0929123,0.0022790264,0.29919967,0.111954994,-0.015041727,0.30559307,-0.17421655,0.041217804,-0.1825733,-0.18634172,-0.011793522,-0.71027917,-0.16873239,0.1770245,0.18680376,0.31828523,0.04345321,0.46718484,0.2848274,0.026083719,0.77913964,0.17230213,-0.066560075,0.8086124,-0.16045475,-0.15560344,0.51002896,-0.2633779,-0.15031669,0.2146799,-0.36008856,0.001677318,0.8771694,-0.0018641744,-0.006462321,1.1151294,-0.0005572372,0.098125376,1.0432024,-0.11063832,0.03731499,1.0711491,-0.09900829,0.091122165,1.079783,-0.05341719,-0.054140747,1.027188,-0.05370158,0.06787613,1.0436723,0.056146186,-0.006381350103765726,0.30239635705947876,-0.031130779534578323
