frame,Ankle.R_x,Ankle.R_y,Ankle.R_z,Knee.R_x,Knee.R_y,Knee.R_z,Hip.R_x,Hip.R_y,Hip.R_z,Hip.L_x,Hip.L_y,Hip.L_z,Knee.L_x,Knee.L_y,Knee.L_z,Ankle.L_x,Ankle.L_y,Ankle.L_z,Wrist.R_x,Wrist.R_y,Wrist.R_z,Elbow.R_x,Elbow.R_y,Elbow.R_z,Shoulder.R_x,Shoulder.R_y,Shoulder.R_z,Shoulder.L_x,Shoulder.L_y,Shoulder.L_z,Elbow.L_x,Elbow.L_y,Elbow.L_z,Wrist.L_x,Wrist.L_y,Wrist.L_z,Neck_x,Neck_y,Neck_z,Head_x,Head_y,Head_z,Nose_x,Nose_y,Nose_z,Eye.L_x,Eye.L_y,Eye.L_z,Eye.R_x,Eye.R_y,Eye.R_z,Ear.L_x,Ear.L_y,Ear.L_z,Ear.R_x,Ear.R_y,Ear.R_z,hip.Center_x,hip.Center_y,hip.Center_z
0,-0.06951955,-0.6308112,-0.31352586,-0.07681552,-0.21319929,-0.04738195,-0.13254471,0.25421083,-0.007329864,0.12582,0.25689632,-0.027224422,0.1063281,-0.21229778,-0.0123435585,0.08690216,-0.60864246,-0.31214646,-0.23163164,0.12687653,0.060507786,-0.23595573,0.39253205,-0.04482331,-0.16778387,0.6808815,-0.005801822,0.1381786,0.69512224,-0.027771985,0.21783233,0.41297942,-0.09195383,0.2614759,0.14064223,-0.028736608,-0.013882233,0.76124775,0.009444651,-0.02599505,0.977713,0.04345723,-0.00818446,0.8815558,0.16651472,0.019459564,0.92525566,0.12857677,-0.047694802,0.9195334,0.13242553,0.054757766,0.9104258,0.032633353,-0.093856186,0.8984754,0.040098153,-0.0033623576164245605,0.25555357336997986,-0.01727714203298092
