frame,Ankle.R_x,Ankle.R_y,Ankle.R_z,Knee.R_x,Knee.R_y,Knee.R_z,Hip.R_x,Hip.R_y,Hip.R_z,Hip.L_x,Hip.L_y,Hip.L_z,Knee.L_x,Knee.L_y,Knee.L_z,Ankle.L_x,Ankle.L_y,Ankle.L_z,Wrist.R_x,Wrist.R_y,Wrist.R_z,Elbow.R_x,Elbow.R_y,Elbow.R_z,Shoulder.R_x,Shoulder.R_y,Shoulder.R_z,Shoulder.L_x,Shoulder.L_y,Shoulder.L_z,Elbow.L_x,Elbow.L_y,Elbow.L_z,Wrist.L_x,Wrist.L_y,Wrist.L_z,Neck_x,Neck_y,Neck_z,Head_x,Head_y,Head_z,Nose_x,Nose_y,Nose_z,Eye.L_x,Eye.L_y,Eye.L_z,Eye.R_x,Eye.R_y,Eye.R_z,Ear.L_x,Ear.L_y,Ear.L_z,Ear.R_x,Ear.R_y,Ear.R_z,hip.Center_x,hip.Center_y,hip.Center_z
0,-0.06299936,-0.6252012,-0.32448554,-0.07803938,-0.21295042,-0.051050063,-0.13241822,0.2549461,-0.010151025,0.12617353,0.25386274,-0.02498875,0.09438592,-0.214052,0.005219019,0.07142763,-0.615104,-0.28676036,-0.2636883,0.1257695,0.023129601,-0.23994404,0.39835706,-0.058045156,-0.16059111,0.68144673,-0.0045328066,0.14531629,0.69180685,-0.021228263,0.2298125,0.41303554,-0.091139354,0.28099892,0.14302765,-0.026404737,-0.00590833,0.7584219,0.015309176,-0.013755027,0.97370833,0.05280849,-1.864112e-05,0.8752894,0.17443386,0.02915038,0.91895086,0.1376692,-0.03811678,0.9146749,0.1404016,0.065450534,0.9049702,0.042172544,-0.08327981,0.89624584,0.047212474,-0.0031223446130752563,0.2544044256210327,-0.0175698883831501
