frame,Ankle.R_x,Ankle.R_y,Ankle.R_z,Knee.R_x,Knee.R_y,Knee.R_z,Hip.R_x,Hip.R_y,Hip.R_z,Hip.L_x,Hip.L_y,Hip.L_z,Knee.L_x,Knee.L_y,Knee.L_z,Ankle.L_x,Ankle.L_y,Ankle.L_z,Wrist.R_x,Wrist.R_y,Wrist.R_z,Elbow.R_x,Elbow.R_y,Elbow.R_z,Shoulder.R_x,Shoulder.R_y,Shoulder.R_z,Shoulder.L_x,Shoulder.L_y,Shoulder.L_z,Elbow.L_x,Elbow.L_y,Elbow.L_z,Wrist.L_x,Wrist.L_y,Wrist.L_z,Neck_x,Neck_y,Neck_z,Head_x,Head_y,Head_z,Nose_x,Nose_y,Nose_z,Eye.L_x,Eye.L_y,Eye.L_z,Eye.R_x,Eye.R_y,Eye.R_z,Ear.L_x,Ear.L_y,Ear.L_z,Ear.R_x,Ear.R_y,Ear.R_z,hip.Center_x,hip.Center_y,hip.Center_z
0,-0.2145166,-0.47693163,-0.31274858,-0.15902747,-0.13288602,-0.062230323,-0.123745665,0.2818925,-0.024611717,0.111401014,0.28217378,0.0009358545,0.15977508,-0.12955917,-0.017525282,0.23864539,-0.49969038,-0.22493558,-0.64820206,0.90971863,-0.031408466,-0.4009408,0.83247656,-0.050148882,-0.1373573,0.7752732,-0.024681756,0.12347041,0.77898514,0.012008525,0.37801766,0.8548956,0.024041506,0.60392976,0.9741389,0.07096771,-0.007681844,0.81318706,0.016151138,3.245694e-05,1.0244108,0.055410534,-0.009149635,0.92963374,0.18043163,0.027003683,0.9676753,0.1456293,-0.039280027,0.97054327,0.14147285,0.07197474,0.9481733,0.053441208,-0.07871889,0.95443785,0.041978687,-0.00617232546210289,0.28203314542770386,-0.011837931349873543
