frame,Ankle.R_x,Ankle.R_y,Ankle.R_z,Knee.R_x,Knee.R_y,Knee.R_z,Hip.R_x,Hip.R_y,Hip.R_z,Hip.L_x,Hip.L_y,Hip.L_z,Knee.L_x,Knee.L_y,Knee.L_z,Ankle.L_x,Ankle.L_y,Ankle.L_z,Wrist.R_x,Wrist.R_y,Wrist.R_z,Elbow.R_x,Elbow.R_y,Elbow.R_z,Shoulder.R_x,Shoulder.R_y,Shoulder.R_z,Shoulder.L_x,Shoulder.L_y,Shoulder.L_z,Elbow.L_x,Elbow.L_y,Elbow.L_z,Wrist.L_x,Wrist.L_y,Wrist.L_z,Neck_x,Neck_y,Neck_z,Head_x,Head_y,Head_z,Nose_x,Nose_y,Nose_z,Eye.L_x,Eye.L_y,Eye.L_z,Eye.R_x,Eye.R_y,Eye.R_z,Ear.L_x,Ear.L_y,Ear.L_z,Ear.R_x,Ear.R_y,Ear.R_z,hip.Center_x,hip.Center_y,hip.Center_z
0,-0.4138955,-0.37412295,-0.27322575,-0.25406644,-0.091937065,0.0140573215,-0.12466925,0.28689402,-0.023796467,0.11146598,0.28648195,-0.01329852,0.24495724,-0.091428906,-0.0073444145,0.40727523,-0.37579408,-0.30218512,-0.18971476,1.269174,0.098580174,-0.24698235,1.0219367,0.022058107,-0.11871661,0.7969259,-0.034112357,0.118499964,0.8009762,-0.009768467,0.23201595,1.0233421,0.0645349,0.17270412,1.2767663,0.10945047,-0.001165037,0.8198972,-0.010338697,-0.00909975,1.0267631,-0.008285265,-0.0020124055,0.9627926,0.13640326,0.027981576,0.9948329,0.09135845,-0.038602315,0.9902101,0.09073585,0.0724072,0.95787394,0.0028211586,-0.08233976,0.9473506,-0.0013145246,-0.0066016316413879395,0.286687970161438,-0.01854749396443367
