frame,Ankle.R_x,Ankle.R_y,Ankle.R_z,Knee.R_x,Knee.R_y,Knee.R_z,Hip.R_x,Hip.R_y,Hip.R_z,Hip.L_x,Hip.L_y,Hip.L_z,Knee.L_x,Knee.L_y,Knee.L_z,Ankle.L_x,Ankle.L_y,Ankle.L_z,Wrist.R_x,Wrist.R_y,Wrist.R_z,Elbow.R_x,Elbow.R_y,Elbow.R_z,Shoulder.R_x,Shoulder.R_y,Shoulder.R_z,Shoulder.L_x,Shoulder.L_y,Shoulder.L_z,Elbow.L_x,Elbow.L_y,Elbow.L_z,Wrist.L_x,Wrist.L_y,Wrist.L_z,Neck_x,Neck_y,Neck_z,Head_x,Head_y,Head_z,Nose_x,Nose_y,Nose_z,Eye.L_x,Eye.L_y,Eye.L_z,Eye.R_x,Eye.R_y,Eye.R_z,Ear.L_x,Ear.L_y,Ear.L_z,Ear.R_x,Ear.R_y,Ear.R_z,hip.Center_x,hip.Center_y,hip.Center_z
0,-0.25771657,-0.4690247,-0.3172283,-0.18879911,-0.12561306,-0.06571903,-0.12243016,0.2804808,-0.031665232,0.11059654,0.28119335,0.006245261,0.17475156,-0.1271836,-0.014816339,0.2788177,-0.498568,-0.2146744,-0.61117846,1.0096753,-0.032933768,-0.39212894,0.870973,-0.056894585,-0.1421193,0.77374864,-0.02990351,0.114163026,0.77781236,0.008039524,0.3644175,0.8673211,0.019810278,0.55951035,1.02729,0.08070746,-0.01675627,0.8092084,0.012258849,-0.016251663,1.0184356,0.05495016,-0.024725163,0.9216236,0.17840847,0.0107673425,0.96116054,0.14500107,-0.055447936,0.96210873,0.13952476,0.058043312,0.9444324,0.053604163,-0.09274596,0.94646454,0.038950924,-0.005916811525821686,0.2808370590209961,-0.012709985487163067
