frame,Ankle.R_x,Ankle.R_y,Ankle.R_z,Knee.R_x,Knee.R_y,Knee.R_z,Hip.R_x,Hip.R_y,Hip.R_z,Hip.L_x,Hip.L_y,Hip.L_z,Knee.L_x,Knee.L_y,Knee.L_z,Ankle.L_x,Ankle.L_y,Ankle.L_z,Wrist.R_x,Wrist.R_y,Wrist.R_z,Elbow.R_x,Elbow.R_y,Elbow.R_z,Shoulder.R_x,Shoulder.R_y,Shoulder.R_z,Shoulder.L_x,Shoulder.L_y,Shoulder.L_z,Elbow.L_x,Elbow.L_y,Elbow.L_z,Wrist.L_x,Wrist.L_y,Wrist.L_z,Neck_x,Neck_y,Neck_z,Head_x,Head_y,Head_z,Nose_x,Nose_y,Nose_z,Eye.L_x,Eye.L_y,Eye.L_z,Eye.R_x,Eye.R_y,Eye.R_z,Ear.L_x,Ear.L_y,Ear.L_z,Ear.R_x,Ear.R_y,Ear.R_z,hip.Center_x,hip.Center_y,hip.Center_z
0,-0.03804285,-0.69275767,-0.002552349,0.046337478,-0.19451447,0.069901064,-0.0022880463,0.28111237,0.11105977,-0.013204933,0.3094845,-0.16707125,0.029392408,-0.16597585,-0.20888205,-0.040057056,-0.6738234,-0.22981031,0.0685849,0.14509887,0.37862125,-0.008886568,0.42839032,0.3102945,0.033656687,0.73383355,0.2109713,-0.0003770981,0.7951268,-0.12204848,-0.04395072,0.5246592,-0.28651252,0.06982508,0.2842659,-0.42405933,0.039802104,0.8455512,0.050101954,0.021918787,1.0748011,0.07926974,0.15034741,1.0228331,-0.011871245,0.08843992,1.0477309,-0.011191923,0.1295487,1.0503335,0.045770556,-0.0069219097,0.99678874,0.0052156933,0.08449127,0.99933803,0.13894589,-0.007746489718556404,0.2952984571456909,-0.02800574153661728
