frame,Ankle.R_x,Ankle.R_y,Ankle.R_z,Knee.R_x,Knee.R_y,Knee.R_z,Hip.R_x,Hip.R_y,Hip.R_z,Hip.L_x,Hip.L_y,Hip.L_z,Knee.L_x,Knee.L_y,Knee.L_z,Ankle.L_x,Ankle.L_y,Ankle.L_z,Wrist.R_x,Wrist.R_y,Wrist.R_z,Elbow.R_x,Elbow.R_y,Elbow.R_z,Shoulder.R_x,Shoulder.R_y,Shoulder.R_z,Shoulder.L_x,Shoulder.L_y,Shoulder.L_z,Elbow.L_x,Elbow.L_y,Elbow.L_z,Wrist.L_x,Wrist.L_y,Wrist.L_z,Neck_x,Neck_y,Neck_z,Head_x,Head_y,Head_z,Nose_x,Nose_y,Nose_z,Eye.L_x,Eye.L_y,Eye.L_z,Eye.R_x,Eye.R_y,Eye.R_z,Ear.L_x,Ear.L_y,Ear.L_z,Ear.R_x,Ear.R_y,Ear.R_z,hip.Center_x,hip.Center_y,hip.Center_z
0,-0.37402648,-0.42267376,-0.26129007,-0.2424344,-0.101643585,-0.0010419958,-0.124348715,0.28277028,-0.02261578,0.11158969,0.2878045,-0.012645236,0.23644157,-0.09711599,-0.014917371,0.38170198,-0.42490834,-0.2695572,-0.29046997,1.2564746,0.11307399,-0.2793098,1.0073066,0.024467047,-0.12712869,0.7950761,-0.023704741,0.11162737,0.79509056,-0.010665422,0.27475646,0.99026966,0.050191134,0.2908436,1.2376925,0.13877505,-0.008027382,0.8177782,-0.0022589518,-0.0012599183,1.0250657,0.009660785,0.006528056,0.95233905,0.14981878,0.037120614,0.9843248,0.10520877,-0.029506493,0.98539305,0.10774075,0.07382132,0.94969755,0.012872123,-0.08040742,0.95191395,0.016065624,-0.006379511207342148,0.28528738021850586,-0.017630508169531822
