frame,Ankle.R_x,Ankle.R_y,Ankle.R_z,Knee.R_x,Knee.R_y,Knee.R_z,Hip.R_x,Hip.R_y,Hip.R_z,Hip.L_x,Hip.L_y,Hip.L_z,Knee.L_x,Knee.L_y,Knee.L_z,Ankle.L_x,Ankle.L_y,Ankle.L_z,Wrist.R_x,Wrist.R_y,Wrist.R_z,Elbow.R_x,Elbow.R_y,Elbow.R_z,Shoulder.R_x,Shoulder.R_y,Shoulder.R_z,Shoulder.L_x,Shoulder.L_y,Shoulder.L_z,Elbow.L_x,Elbow.L_y,Elbow.L_z,Wrist.L_x,Wrist.L_y,Wrist.L_z,Neck_x,Neck_y,Neck_z,Head_x,Head_y,Head_z,Nose_x,Nose_y,Nose_z,Eye.L_x,Eye.L_y,Eye.L_z,Eye.R_x,Eye.R_y,Eye.R_z,Ear.L_x,Ear.L_y,Ear.L_z,Ear.R_x,Ear.R_y,Ear.R_z,hip.Center_x,hip.Center_y,hip.Center_z
0,-0.08015419,-0.6268705,-0.31712055,-0.082108624,-0.21290967,-0.04562859,-0.13257171,0.2555539,-0.008900062,0.12627122,0.25501958,-0.02735889,0.10513215,-0.21279031,0.016166976,0.08307918,-0.5996909,-0.29379213,-0.24558991,0.12402956,0.03921859,-0.23525509,0.39571112,-0.04879549,-0.16069089,0.6813574,-0.0017495304,0.1461225,0.6902128,-0.019043647,0.21977198,0.4073352,-0.08556363,0.24950054,0.13249873,-0.025334366,-0.005789141,0.7586226,0.016805049,-0.016741037,0.974601,0.051693566,-0.0068403212,0.8775251,0.17471708,0.023256468,0.9213147,0.13888524,-0.044011917,0.91600484,0.13859612,0.064203724,0.9069257,0.0451385,-0.08459579,0.8959861,0.043688614,-0.003150247037410736,0.2552867531776428,-0.01812947541475296
