frame,Ankle.R_x,Ankle.R_y,Ankle.R_z,Knee.R_x,Knee.R_y,Knee.R_z,Hip.R_x,Hip.R_y,Hip.R_z,Hip.L_x,Hip.L_y,Hip.L_z,Knee.L_x,Knee.L_y,Knee.L_z,Ankle.L_x,Ankle.L_y,Ankle.L_z,Wrist.R_x,Wrist.R_y,Wrist.R_z,Elbow.R_x,Elbow.R_y,Elbow.R_z,Shoulder.R_x,Shoulder.R_y,Shoulder.R_z,Shoulder.L_x,Shoulder.L_y,Shoulder.L_z,Elbow.L_x,Elbow.L_y,Elbow.L_z,Wrist.L_x,Wrist.L_y,Wrist.L_z,Neck_x,Neck_y,Neck_z,Head_x,Head_y,Head_z,Nose_x,Nose_y,Nose_z,Eye.L_x,Eye.L_y,Eye.L_z,Eye.R_x,Eye.R_y,Eye.R_z,Ear.L_x,Ear.L_y,Ear.L_z,Ear.R_x,Ear.R_y,Ear.R_z,hip.Center_x,hip.Center_y,hip.Center_z
0,-0.21183166,-0.48174667,-0.30174983,-0.15921651,-0.13187923,-0.060979728,-0.123146296,0.28265414,-0.025059793,0.1120113,0.28079307,0.0019302244,0.14127149,-0.13446996,-0.017041694,0.20082304,-0.5082823,-0.22196127,-0.6460476,0.8899335,0.00253389,-0.4083938,0.803406,-0.049297024,-0.13911644,0.7733954,-0.025378373,0.12830262,0.77408755,0.010425916,0.39412862,0.80537724,0.028466646,0.61517614,0.90960306,0.10935354,-0.0067376494,0.8137994,0.013136385,-9.158242e-05,1.0265872,0.03593333,-0.012400991,0.9428173,0.16867667,0.024593491,0.9780058,0.13196401,-0.041609414,0.98001325,0.12570228,0.07231727,0.95066005,0.042976912,-0.07800913,0.9552858,0.02701646,-0.005567498505115509,0.28172361850738525,-0.011564784683287144
