frame,Ankle.R_x,Ankle.R_y,Ankle.R_z,Knee.R_x,Knee.R_y,Knee.R_z,Hip.R_x,Hip.R_y,Hip.R_z,Hip.L_x,Hip.L_y,Hip.L_z,Knee.L_x,Knee.L_y,Knee.L_z,Ankle.L_x,Ankle.L_y,Ankle.L_z,Wrist.R_x,Wrist.R_y,Wrist.R_z,Elbow.R_x,Elbow.R_y,Elbow.R_z,Shoulder.R_x,Shoulder.R_y,Shoulder.R_z,Shoulder.L_x,Shoulder.L_y,Shoulder.L_z,Elbow.L_x,Elbow.L_y,Elbow.L_z,Wrist.L_x,Wrist.L_y,Wrist.L_z,Neck_x,Neck_y,Neck_z,Head_x,Head_y,Head_z,Nose_x,Nose_y,Nose_z,Eye.L_x,Eye.L_y,Eye.L_z,Eye.R_x,Eye.R_y,Eye.R_z,Ear.L_x,Ear.L_y,Ear.L_z,Ear.R_x,Ear.R_y,Ear.R_z,hip.Center_x,hip.Center_y,hip.Center_z
0,-0.49779794,-0.5468942,-0.23467733,-0.2918137,-0.12390097,-0.027028928,-0.13876134,0.2930197,-0.028855048,0.1269285,0.30244792,-0.039670277,0.3375476,-0.0821854,-0.01141452,0.53445244,-0.51038325,-0.23066896,-0.25592685,0.15784872,-0.08604219,-0.2623737,0.4584657,-0.1312103,-0.19242668,0.752887,-0.035624877,0.14131589,0.7631416,-0.023121076,0.22078474,0.46015805,-0.060390014,0.22885983,0.17963113,0.051587097,-0.02337934,0.8329285,0.007210126,-0.026240539,1.0538191,0.08591102,0.042169124,0.9355392,0.1783143,0.051073976,0.9862807,0.13659616,-0.010035176,0.9773611,0.16840112,0.043278154,0.98937297,0.02867315,-0.100574374,0.96720827,0.09809687,-0.005916424095630646,0.2977338135242462,-0.03426266461610794
