frame,Ankle.R_x,Ankle.R_y,Ankle.R_z,Knee.R_x,Knee.R_y,Knee.R_z,Hip.R_x,Hip.R_y,Hip.R_z,Hip.L_x,Hip.L_y,Hip.L_z,Knee.L_x,Knee.L_y,Knee.L_z,Ankle.L_x,Ankle.L_y,Ankle.L_z,Wrist.R_x,Wrist.R_y,Wrist.R_z,Elbow.R_x,Elbow.R_y,Elbow.R_z,Shoulder.R_x,Shoulder.R_y,Shoulder.R_z,Shoulder.L_x,Shoulder.L_y,Shoulder.L_z,Elbow.L_x,Elbow.L_y,Elbow.L_z,Wrist.L_x,Wrist.L_y,Wrist.L_z,Neck_x,Neck_y,Neck_z,Head_x,Head_y,Head_z,Nose_x,Nose_y,Nose_z,Eye.L_x,Eye.L_y,Eye.L_z,Eye.R_x,Eye.R_y,Eye.R_z,Ear.L_x,Ear.L_y,Ear.L_z,Ear.R_x,Ear.R_y,Ear.R_z,hip.Center_x,hip.Center_y,hip.Center_z
0,-0.046905015,-0.6307961,-0.32442242,-0.06740684,-0.21209554,-0.06037273,-0.13295963,0.25341314,-0.008164554,0.12575692,0.2560654,-0.026570925,0.1041925,-0.2120463,0.0025988459,0.092306495,-0.61727816,-0.28526598,-0.23863396,0.12193269,0.030942336,-0.23409864,0.39630696,-0.049642418,-0.16260542,0.6817106,0.0014375579,0.14414187,0.68914235,-0.016023174,0.21113971,0.4050282,-0.08408889,0.23044544,0.12702402,-0.03335382,-0.007420022,0.7581166,0.020393442,-0.018440453,0.97341126,0.058175754,-0.006704778,0.87468857,0.17979994,0.022853093,0.9190196,0.14409998,-0.04442929,0.9134928,0.1446884,0.062581435,0.90604055,0.049568955,-0.08614923,0.8946773,0.050013416,-0.003601357340812683,0.25473928451538086,-0.017367739230394363
