frame,Ankle.R_x,Ankle.R_y,Ankle.R_z,Knee.R_x,Knee.R_y,Knee.R_z,Hip.R_x,Hip.R_y,Hip.R_z,Hip.L_x,Hip.L_y,Hip.L_z,Knee.L_x,Knee.L_y,Knee.L_z,Ankle.L_x,Ankle.L_y,Ankle.L_z,Wrist.R_x,Wrist.R_y,Wrist.R_z,Elbow.R_x,Elbow.R_y,Elbow.R_z,Shoulder.R_x,Shoulder.R_y,Shoulder.R_z,Shoulder.L_x,Shoulder.L_y,Shoulder.L_z,Elbow.L_x,Elbow.L_y,Elbow.L_z,Wrist.L_x,Wrist.L_y,Wrist.L_z,Neck_x,Neck_y,Neck_z,Head_x,Head_y,Head_z,Nose_x,Nose_y,Nose_z,Eye.L_x,Eye.L_y,Eye.L_z,Eye.R_x,Eye.R_y,Eye.R_z,Ear.L_x,Ear.L_y,Ear.L_z,Ear.R_x,Ear.R_y,Ear.R_z,hip.Center_x,hip.Center_y,hip.Center_z
0,-0.09385666,-0.6286646,-0.32710698,-0.08906052,-0.21146327,-0.06061799,-0.13120498,0.25470784,-0.005049669,0.12600672,0.2536097,-0.026650382,0.09445754,-0.21418563,-0.03608571,0.063695475,-0.61746156,-0.32504308,-0.29388082,0.13468517,0.043781135,-0.25707608,0.40185478,-0.04870922,-0.16300957,0.68151855,0.0047871545,0.14170223,0.6973797,-0.017689781,0.25379258,0.42814577,-0.08995054,0.33893025,0.17352426,-0.0046959794,-0.009598097,0.75890917,0.022550933,-0.019340927,0.97244865,0.06644627,-0.0036024163,0.8703773,0.18486252,0.024776021,0.915552,0.1493931,-0.042410575,0.910359,0.15234065,0.06058646,0.90511525,0.05321714,-0.087887384,0.8943838,0.058919244,-0.0025991275906562805,0.25415876507759094,-0.015850026160478592
