frame,Ankle.R_x,Ankle.R_y,Ankle.R_z,Knee.R_x,Knee.R_y,Knee.R_z,Hip.R_x,Hip.R_y,Hip.R_z,Hip.L_x,Hip.L_y,Hip.L_z,Knee.L_x,Knee.L_y,Knee.L_z,Ankle.L_x,Ankle.L_y,Ankle.L_z,Wrist.R_x,Wrist.R_y,Wrist.R_z,Elbow.R_x,Elbow.R_y,Elbow.R_z,Shoulder.R_x,Shoulder.R_y,Shoulder.R_z,Shoulder.L_x,Shoulder.L_y,Shoulder.L_z,Elbow.L_x,Elbow.L_y,Elbow.L_z,Wrist.L_x,Wrist.L_y,Wrist.L_z,Neck_x,Neck_y,Neck_z,Head_x,Head_y,Head_z,Nose_x,Nose_y,Nose_z,Eye.L_x,Eye.L_y,Eye.L_z,Eye.R_x,Eye.R_y,Eye.R_z,Ear.L_x,Ear.L_y,Ear.L_z,Ear.R_x,Ear.R_y,Ear.R_z,hip.Center_x,hip.Center_y,hip.Center_z
0,-0.064626694,-0.6171937,-0.32065526,-0.074696444,-0.21673422,-0.03275049,-0.13217124,0.25137848,-0.006898254,0.12540075,0.25625923,-0.030092942,0.115430616,-0.21018372,0.024157347,0.08525902,-0.5938231,-0.28659454,-0.2771249,0.122481294,0.028234037,-0.25092465,0.3957017,-0.04774078,-0.16672014,0.6765873,0.007986025,0.1378399,0.68891406,-0.017534986,0.21984953,0.411938,-0.09458932,0.27130228,0.14064491,-0.038434677,-0.012787865,0.7542281,0.023841478,-0.024502177,0.96899503,0.05870539,-0.011713351,0.87274337,0.1817078,0.017328065,0.9165912,0.14534256,-0.049772434,0.91080225,0.14625828,0.05649182,0.9020853,0.051230595,-0.09172009,0.8902273,0.05247318,-0.0033852458000183105,0.2538188695907593,-0.018495596945285797
