frame,Ankle.R_x,Ankle.R_y,Ankle.R_z,Knee.R_x,Knee.R_y,Knee.R_z,Hip.R_x,Hip.R_y,Hip.R_z,Hip.L_x,Hip.L_y,Hip.L_z,Knee.L_x,Knee.L_y,Knee.L_z,Ankle.L_x,Ankle.L_y,Ankle.L_z,Wrist.R_x,Wrist.R_y,Wrist.R_z,Elbow.R_x,Elbow.R_y,Elbow.R_z,Shoulder.R_x,Shoulder.R_y,Shoulder.R_z,Shoulder.L_x,Shoulder.L_y,Shoulder.L_z,Elbow.L_x,Elbow.L_y,Elbow.L_z,Wrist.L_x,Wrist.L_y,Wrist.L_z,Neck_x,Neck_y,Neck_z,Head_x,Head_y,Head_z,Nose_x,Nose_y,Nose_z,Eye.L_x,Eye.L_y,Eye.L_z,Eye.R_x,Eye.R_y,Eye.R_z,Ear.L_x,Ear.L_y,Ear.L_z,Ear.R_x,Ear.R_y,Ear.R_z,hip.Center_x,hip.Center_y,hip.Center_z
0,-0.05362705,-0.6297963,-0.32670552,-0.072326906,-0.21257946,-0.05916077,-0.13295227,0.25432158,-0.011026505,0.12577263,0.25529227,-0.022524541,0.09874876,-0.21326402,-0.017315803,0.09352195,-0.62267864,-0.30121547,-0.24345611,0.12621976,0.021821218,-0.23240429,0.3996142,-0.061732598,-0.1609632,0.6842918,-0.0068914173,0.14580044,0.69081175,-0.015409872,0.21770374,0.4069413,-0.080075175,0.24344788,0.13149282,-0.019373417,-0.0061734347,0.75981665,0.016990054,-0.016312178,0.97486985,0.058107585,-0.006999811,0.873764,0.17806354,0.023398135,0.91847503,0.14352557,-0.043942742,0.91356987,0.14320223,0.064131245,0.90690964,0.049231585,-0.08473843,0.896852,0.04765283,-0.003589823842048645,0.2548069357872009,-0.016775522381067276
