frame,Ankle.R_x,Ankle.R_y,Ankle.R_z,Knee.R_x,Knee.R_y,Knee.R_z,Hip.R_x,Hip.R_y,Hip.R_z,Hip.L_x,Hip.L_y,Hip.L_z,Knee.L_x,Knee.L_y,Knee.L_z,Ankle.L_x,Ankle.L_y,Ankle.L_z,Wrist.R_x,Wrist.R_y,Wrist.R_z,Elbow.R_x,Elbow.R_y,Elbow.R_z,Shoulder.R_x,Shoulder.R_y,Shoulder.R_z,Shoulder.L_x,Shoulder.L_y,Shoulder.L_z,Elbow.L_x,Elbow.L_y,Elbow.L_z,Wrist.L_x,Wrist.L_y,Wrist.L_z,Neck_x,Neck_y,Neck_z,Head_x,Head_y,Head_z,Nose_x,Nose_y,Nose_z,Eye.L_x,Eye.L_y,Eye.L_z,Eye.R_x,Eye.R_y,Eye.R_z,Ear.L_x,Ear.L_y,Ear.L_z,Ear.R_x,Ear.R_y,Ear.R_z,hip.Center_x,hip.Center_y,hip.Center_z
0,-0.09677195,-0.497241,-0.2658397,-0.10225631,-0.13526788,-0.041956156,-0.12412512,0.29076314,-0.017382346,0.11230531,0.29068798,-0.0049168933,0.09652822,-0.13202062,-0.018782495,0.09844093,-0.4921453,-0.24937302,-0.60770416,0.5562696,0.027863193,-0.3799172,0.64001083,-0.05277317,-0.15804332,0.7850602,0.0033694291,0.12327863,0.78829724,0.016978959,0.34513372,0.6439134,-0.050026864,0.58613163,0.56807274,-0.019960409,-0.018909138,0.8382531,0.043206308,-0.030204628,1.0528839,0.08799066,-0.03625383,0.95379436,0.21235108,-0.0021405197,0.99662423,0.1798035,-0.06837666,0.99197686,0.17130913,0.051817052,0.9833374,0.089531265,-0.10019567,0.97337854,0.06932884,-0.005909904837608337,0.29072555899620056,-0.011149619705975056
