frame,Ankle.R_x,Ankle.R_y,Ankle.R_z,Knee.R_x,Knee.R_y,Knee.R_z,Hip.R_x,Hip.R_y,Hip.R_z,Hip.L_x,Hip.L_y,Hip.L_z,Knee.L_x,Knee.L_y,Knee.L_z,Ankle.L_x,Ankle.L_y,Ankle.L_z,Wrist.R_x,Wrist.R_y,Wrist.R_z,Elbow.R_x,Elbow.R_y,Elbow.R_z,Shoulder.R_x,Shoulder.R_y,Shoulder.R_z,Shoulder.L_x,Shoulder.L_y,Shoulder.L_z,Elbow.L_x,Elbow.L_y,Elbow.L_z,Wrist.L_x,Wrist.L_y,Wrist.L_z,Neck_x,Neck_y,Neck_z,Head_x,Head_y,Head_z,Nose_x,Nose_y,Nose_z,Eye.L_x,Eye.L_y,Eye.L_z,Eye.R_x,Eye.R_y,Eye.R_z,Ear.L_x,Ear.L_y,Ear.L_z,Ear.R_x,Ear.R_y,Ear.R_z,hip.Center_x,hip.Center_y,hip.Center_z
0,-0.052809775,-0.5961156,-0.3213121,-0.07602871,-0.2178585,-0.009568231,-0.1327737,0.25232065,-0.012136837,0.12589091,0.2559697,-0.02809046,0.11387594,-0.20437501,0.06725466,0.081413284,-0.5645892,-0.26506594,-0.3125791,0.13707577,0.020372255,-0.26406294,0.4064474,-0.054190982,-0.16169102,0.6802424,0.00652067,0.14431049,0.68739223,-0.009397788,0.24179828,0.4139261,-0.07982098,0.29947516,0.15075853,-0.0010864022,-0.0067501394,0.75361997,0.026924115,-0.015215773,0.96784115,0.061800115,-0.006260382,0.871181,0.18453972,0.024154209,0.9145428,0.14887378,-0.042999513,0.91004384,0.1486816,0.06440926,0.8996173,0.055510856,-0.08392084,0.89038634,0.054305732,-0.0034413933753967285,0.25414517521858215,-0.02011364884674549
