frame,Ankle.R_x,Ankle.R_y,Ankle.R_z,Knee.R_x,Knee.R_y,Knee.R_z,Hip.R_x,Hip.R_y,Hip.R_z,Hip.L_x,Hip.L_y,Hip.L_z,Knee.L_x,Knee.L_y,Knee.L_z,Ankle.L_x,Ankle.L_y,Ankle.L_z,Wrist.R_x,Wrist.R_y,Wrist.R_z,Elbow.R_x,Elbow.R_y,Elbow.R_z,Shoulder.R_x,Shoulder.R_y,Shoulder.R_z,Shoulder.L_x,Shoulder.L_y,Shoulder.L_z,Elbow.L_x,Elbow.L_y,Elbow.L_z,Wrist.L_x,Wrist.L_y,Wrist.L_z,Neck_x,Neck_y,Neck_z,Head_x,Head_y,Head_z,Nose_x,Nose_y,Nose_z,Eye.L_x,Eye.L_y,Eye.L_z,Eye.R_x,Eye.R_y,Eye.R_z,Ear.L_x,Ear.L_y,Ear.L_z,Ear.R_x,Ear.R_y,Ear.R_z,hip.Center_x,hip.Center_y,hip.Center_z
0,-0.084941596,-0.63392574,-0.3130123,-0.08312844,-0.21168783,-0.053336177,-0.13199547,0.25553626,-0.0059905886,0.12621531,0.2549256,-0.027891481,0.097768664,-0.21377791,-0.020071527,0.06891017,-0.61938614,-0.30701366,-0.24509132,0.12635896,0.05322871,-0.23792496,0.39487323,-0.044967845,-0.16358498,0.6818356,-0.003516851,0.14236249,0.6950528,-0.026303124,0.22580461,0.41430518,-0.09239578,0.27237436,0.14348945,-0.025012862,-0.009413409,0.7611279,0.011613525,-0.02025956,0.9772838,0.04449767,-0.00667982,0.8817565,0.16869584,0.022348601,0.92511386,0.13133572,-0.044953145,0.91975677,0.13314934,0.060522124,0.9095006,0.03649129,-0.088336274,0.89844,0.03963663,-0.002890080213546753,0.25523093342781067,-0.01694103516638279
