frame,Ankle.R_x,Ankle.R_y,Ankle.R_z,Knee.R_x,Knee.R_y,Knee.R_z,Hip.R_x,Hip.R_y,Hip.R_z,Hip.L_x,Hip.L_y,Hip.L_z,Knee.L_x,Knee.L_y,Knee.L_z,Ankle.L_x,Ankle.L_y,Ankle.L_z,Wrist.R_x,Wrist.R_y,Wrist.R_z,Elbow.R_x,Elbow.R_y,Elbow.R_z,Shoulder.R_x,Shoulder.R_y,Shoulder.R_z,Shoulder.L_x,Shoulder.L_y,Shoulder.L_z,Elbow.L_x,Elbow.L_y,Elbow.L_z,Wrist.L_x,Wrist.L_y,Wrist.L_z,Neck_x,Neck_y,Neck_z,Head_x,Head_y,Head_z,Nose_x,Nose_y,Nose_z,Eye.L_x,Eye.L_y,Eye.L_z,Eye.R_x,Eye.R_y,Eye.R_z,Ear.L_x,Ear.L_y,Ear.L_z,Ear.R_x,Ear.R_y,Ear.R_z,hip.Center_x,hip.Center_y,hip.Center_z
0,-0.080900736,-0.49176675,-0.26338977,-0.08935942,-0.14023285,-0.01963715,-0.12410692,0.28860044,-0.004844062,0.111184455,0.30077153,-0.020290677,0.12715262,-0.12383584,-0.026076693,0.11987664,-0.4807335,-0.266119,-0.5897834,0.46801686,0.06288123,-0.39358303,0.62370765,-0.0010578837,-0.17592955,0.78623116,0.03579145,0.11131844,0.7927086,0.010596753,0.31166583,0.6353002,-0.08975414,0.5399241,0.53548276,-0.038063787,-0.029477384,0.8409252,0.059592873,-0.030255746,1.0518957,0.122106805,-0.030454367,0.9420724,0.2375035,0.0026364513,0.9869982,0.20577239,-0.064315125,0.98468196,0.20156999,0.050213285,0.9807641,0.11097698,-0.104111865,0.9753134,0.101206236,-0.006461232900619507,0.2946859896183014,-0.012567369267344475
