frame,Ankle.R_x,Ankle.R_y,Ankle.R_z,Knee.R_x,Knee.R_y,Knee.R_z,Hip.R_x,Hip.R_y,Hip.R_z,Hip.L_x,Hip.L_y,Hip.L_z,Knee.L_x,Knee.L_y,Knee.L_z,Ankle.L_x,Ankle.L_y,Ankle.L_z,Wrist.R_x,Wrist.R_y,Wrist.R_z,Elbow.R_x,Elbow.R_y,Elbow.R_z,Shoulder.R_x,Shoulder.R_y,Shoulder.R_z,Shoulder.L_x,Shoulder.L_y,Shoulder.L_z,Elbow.L_x,Elbow.L_y,Elbow.L_z,Wrist.L_x,Wrist.L_y,Wrist.L_z,Neck_x,Neck_y,Neck_z,Head_x,Head_y,Head_z,Nose_x,Nose_y,Nose_z,Eye.L_x,Eye.L_y,Eye.L_z,Eye.R_x,Eye.R_y,Eye.R_z,Ear.L_x,Ear.L_y,Ear.L_z,Ear.R_x,Ear.R_y,Ear.R_z,hip.Center_x,hip.Center_y,hip.Center_z
0,-0.09277934,-0.50235856,-0.25934875,-0.09681299,-0.13916755,-0.030787174,-0.124268174,0.29062262,-0.012740538,0.11292565,0.29236206,-0.010824826,0.096130535,-0.13405532,-0.018316468,0.083351,-0.4969628,-0.25064385,-0.5608422,0.45959345,0.04995392,-0.36448488,0.5991169,-0.04294541,-0.16417639,0.7804085,-0.0025126142,0.12620267,0.7826662,-0.004412758,0.31764758,0.59808904,-0.07733065,0.53270686,0.46005648,-0.054220658,-0.01791048,0.8391257,0.028089745,-0.023412267,1.0563122,0.068246484,-0.0194717,0.95996,0.19479439,0.012339761,1.0014131,0.15785764,-0.054616816,0.99805665,0.15597227,0.057013217,0.9850568,0.06333487,-0.09648416,0.97765684,0.05809635,-0.005671262741088867,0.2914923429489136,-0.011782681569457054
