frame,Ankle.R_x,Ankle.R_y,Ankle.R_z,Knee.R_x,Knee.R_y,Knee.R_z,Hip.R_x,Hip.R_y,Hip.R_z,Hip.L_x,Hip.L_y,Hip.L_z,Knee.L_x,Knee.L_y,Knee.L_z,Ankle.L_x,Ankle.L_y,Ankle.L_z,Wrist.R_x,Wrist.R_y,Wrist.R_z,Elbow.R_x,Elbow.R_y,Elbow.R_z,Shoulder.R_x,Shoulder.R_y,Shoulder.R_z,Shoulder.L_x,Shoulder.L_y,Shoulder.L_z,Elbow.L_x,Elbow.L_y,Elbow.L_z,Wrist.L_x,Wrist.L_y,Wrist.L_z,Neck_x,Neck_y,Neck_z,Head_x,Head_y,Head_z,Nose_x,Nose_y,Nose_z,Eye.L_x,Eye.L_y,Eye.L_z,Eye.R_x,Eye.R_y,Eye.R_z,Ear.L_x,Ear.L_y,Ear.L_z,Ear.R_x,Ear.R_y,Ear.R_z,hip.Center_x,hip.Center_y,hip.Center_z
0,-0.41100872,-0.34206194,-0.28234673,-0.2615858,-0.084950104,0.030793846,-0.12504937,0.28855738,-0.025757534,0.1113328,0.2870215,-0.0155899245,0.25403526,-0.08248833,0.023278864,0.4065985,-0.35500485,-0.28657004,-0.12046539,1.260196,0.06469107,-0.23094311,1.027678,0.0044737137,-0.11430079,0.7969415,-0.05436206,0.12069601,0.8042828,-0.021197625,0.2027278,1.0388585,0.05549921,0.11477785,1.2873207,0.08014618,0.0024758894,0.8198323,-0.02744387,-0.00683059,1.0294979,-0.013335756,0.0010066703,0.9546903,0.12568213,0.030750418,0.98994124,0.08313859,-0.035828896,0.9853565,0.082489766,0.074774414,0.9600054,-0.008125482,-0.08038637,0.9494946,-0.0127099175,-0.006858285516500473,0.2877894341945648,-0.020673729479312897
