frame,Ankle.R_x,Ankle.R_y,Ankle.R_z,Knee.R_x,Knee.R_y,Knee.R_z,Hip.R_x,Hip.R_y,Hip.R_z,Hip.L_x,Hip.L_y,Hip.L_z,Knee.L_x,Knee.L_y,Knee.L_z,Ankle.L_x,Ankle.L_y,Ankle.L_z,Wrist.R_x,Wrist.R_y,Wrist.R_z,Elbow.R_x,Elbow.R_y,Elbow.R_z,Shoulder.R_x,Shoulder.R_y,Shoulder.R_z,Shoulder.L_x,Shoulder.L_y,Shoulder.L_z,Elbow.L_x,Elbow.L_y,Elbow.L_z,Wrist.L_x,Wrist.L_y,Wrist.L_z,Neck_x,Neck_y,Neck_z,Head_x,Head_y,Head_z,Nose_x,Nose_y,Nose_z,Eye.L_x,Eye.L_y,Eye.L_z,Eye.R_x,Eye.R_y,Eye.R_z,Ear.L_x,Ear.L_y,Ear.L_z,Ear.R_x,Ear.R_y,Ear.R_z,hip.Center_x,hip.Center_y,hip.Center_z
0,0.10106523,-0.6726705,0.0260435,0.08475913,-0.19053747,0.117568605,-0.072438955,0.230453,0.091566935,0.035348088,0.31037363,-0.14578079,0.32551932,-0.007481931,-0.24644276,0.46341446,-0.41939804,-0.4882357,0.011082562,0.13050151,0.4618708,-0.1438042,0.32942423,0.32328272,-0.17024462,0.621726,0.22781011,-0.09275244,0.73361397,-0.06273314,-0.02797801,0.5192982,-0.27038896,0.16733825,0.3526519,-0.39289024,-0.12876026,0.74873257,0.10531834,-0.18579094,0.94929343,0.17229131,-0.03372047,0.9295106,0.120768875,-0.09255971,0.9505052,0.106274895,-0.072298594,0.94073224,0.17118028,-0.17825064,0.8947874,0.08084506,-0.13554235,0.8679256,0.2282577,-0.01854543387889862,0.2704133093357086,-0.02710692584514618
