frame,Ankle.R_x,Ankle.R_y,Ankle.R_z,Knee.R_x,Knee.R_y,Knee.R_z,Hip.R_x,Hip.R_y,Hip.R_z,Hip.L_x,Hip.L_y,Hip.L_z,Knee.L_x,Knee.L_y,Knee.L_z,Ankle.L_x,Ankle.L_y,Ankle.L_z,Wrist.R_x,Wrist.R_y,Wrist.R_z,Elbow.R_x,Elbow.R_y,Elbow.R_z,Shoulder.R_x,Shoulder.R_y,Shoulder.R_z,Shoulder.L_x,Shoulder.L_y,Shoulder.L_z,Elbow.L_x,Elbow.L_y,Elbow.L_z,Wrist.L_x,Wrist.L_y,Wrist.L_z,Neck_x,Neck_y,Neck_z,Head_x,Head_y,Head_z,Nose_x,Nose_y,Nose_z,Eye.L_x,Eye.L_y,Eye.L_z,Eye.R_x,Eye.R_y,Eye.R_z,Ear.L_x,Ear.L_y,Ear.L_z,Ear.R_x,Ear.R_y,Ear.R_z,hip.Center_x,hip.Center_y,hip.Center_z
0,-0.0910799,-0.6277045,-0.32825473,-0.09016588,-0.21241967,-0.057352856,-0.13106908,0.25520772,-0.0047928756,0.12602717,0.25421658,-0.026827084,0.09255637,-0.2145535,-0.033105943,0.05627512,-0.61983335,-0.31990987,-0.3079777,0.14089212,0.06034364,-0.2656966,0.40466732,-0.039969802,-0.16348071,0.68319434,0.010426818,0.14087006,0.69957346,-0.018727506,0.25942734,0.43323305,-0.09394664,0.36057556,0.18999852,0.0053820163,-0.009501767,0.76030475,0.025376145,-0.016848927,0.97377753,0.07410674,0.0021214131,0.8687049,0.1893936,0.029602548,0.91457963,0.15401894,-0.03750787,0.9097623,0.15915374,0.06200716,0.9062538,0.056448,-0.0864078,0.8963561,0.066941306,-0.0025209560990333557,0.25471216440200806,-0.015809979289770126
