frame,Ankle.R_x,Ankle.R_y,Ankle.R_z,Knee.R_x,Knee.R_y,Knee.R_z,Hip.R_x,Hip.R_y,Hip.R_z,Hip.L_x,Hip.L_y,Hip.L_z,Knee.L_x,Knee.L_y,Knee.L_z,Ankle.L_x,Ankle.L_y,Ankle.L_z,Wrist.R_x,Wrist.R_y,Wrist.R_z,Elbow.R_x,Elbow.R_y,Elbow.R_z,Shoulder.R_x,Shoulder.R_y,Shoulder.R_z,Shoulder.L_x,Shoulder.L_y,Shoulder.L_z,Elbow.L_x,Elbow.L_y,Elbow.L_z,Wrist.L_x,Wrist.L_y,Wrist.L_z,Neck_x,Neck_y,Neck_z,Head_x,Head_y,Head_z,Nose_x,Nose_y,Nose_z,Eye.L_x,Eye.L_y,Eye.L_z,Eye.R_x,Eye.R_y,Eye.R_z,Ear.L_x,Ear.L_y,Ear.L_z,Ear.R_x,Ear.R_y,Ear.R_z,hip.Center_x,hip.Center_y,hip.Center_z
0,-0.087034166,-0.62158406,-0.32633558,-0.087779015,-0.21272291,-0.048107296,-0.1322234,0.25579274,-0.010317143,0.12645128,0.25353786,-0.024402168,0.09636408,-0.2149128,-0.0029380713,0.073562026,-0.60343444,-0.31073996,-0.26895866,0.12737948,0.022316925,-0.24255803,0.40046704,-0.05591339,-0.15987138,0.6820024,0.0013228869,0.14631328,0.6921352,-0.011574948,0.23125051,0.41416457,-0.08323755,0.27296603,0.14409208,-0.013299366,-0.005599616,0.7581363,0.023692202,-0.015311179,0.97274375,0.06277323,-0.005825409,0.8732845,0.18396801,0.024503525,0.9174865,0.1488659,-0.04279144,0.9127755,0.14876266,0.06482767,0.9045878,0.054749724,-0.083947234,0.8949027,0.05371115,-0.002886056900024414,0.2546653151512146,-0.0173596553504467
