frame,Ankle.R_x,Ankle.R_y,Ankle.R_z,Knee.R_x,Knee.R_y,Knee.R_z,Hip.R_x,Hip.R_y,Hip.R_z,Hip.L_x,Hip.L_y,Hip.L_z,Knee.L_x,Knee.L_y,Knee.L_z,Ankle.L_x,Ankle.L_y,Ankle.L_z,Wrist.R_x,Wrist.R_y,Wrist.R_z,Elbow.R_x,Elbow.R_y,Elbow.R_z,Shoulder.R_x,Shoulder.R_y,Shoulder.R_z,Shoulder.L_x,Shoulder.L_y,Shoulder.L_z,Elbow.L_x,Elbow.L_y,Elbow.L_z,Wrist.L_x,Wrist.L_y,Wrist.L_z,Neck_x,Neck_y,Neck_z,Head_x,Head_y,Head_z,Nose_x,Nose_y,Nose_z,Eye.L_x,Eye.L_y,Eye.L_z,Eye.R_x,Eye.R_y,Eye.R_z,Ear.L_x,Ear.L_y,Ear.L_z,Ear.R_x,Ear.R_y,Ear.R_z,hip.Center_x,hip.Center_y,hip.Center_z
0,-0.36888978,-0.42322522,-0.26643836,-0.23599541,-0.1041669,-0.008343269,-0.1238056,0.28100014,-0.023789639,0.110777214,0.28762293,-0.009010663,0.23628667,-0.09513552,0.0043292237,0.38655102,-0.4319245,-0.23005795,-0.45287666,1.1716146,0.11514314,-0.33661607,0.95833826,0.013951443,-0.13606521,0.78483343,-0.015356701,0.11187981,0.78608334,0.0046463283,0.31324887,0.94902813,0.04870536,0.40333727,1.1739408,0.1473367,-0.011824433,0.8129929,0.01099444,0.0034008592,1.019308,0.014263213,0.0009045042,0.95304,0.15749905,0.035043467,0.98166955,0.1132659,-0.0313488,0.98598486,0.112539664,0.073782206,0.94120276,0.024798416,-0.07885379,0.95093054,0.020461518,-0.006514191627502441,0.28431153297424316,-0.016400150954723358
