frame,Ankle.R_x,Ankle.R_y,Ankle.R_z,Knee.R_x,Knee.R_y,Knee.R_z,Hip.R_x,Hip.R_y,Hip.R_z,Hip.L_x,Hip.L_y,Hip.L_z,Knee.L_x,Knee.L_y,Knee.L_z,Ankle.L_x,Ankle.L_y,Ankle.L_z,Wrist.R_x,Wrist.R_y,Wrist.R_z,Elbow.R_x,Elbow.R_y,Elbow.R_z,Shoulder.R_x,Shoulder.R_y,Shoulder.R_z,Shoulder.L_x,Shoulder.L_y,Shoulder.L_z,Elbow.L_x,Elbow.L_y,Elbow.L_z,Wrist.L_x,Wrist.L_y,Wrist.L_z,Neck_x,Neck_y,Neck_z,Head_x,Head_y,Head_z,Nose_x,Nose_y,Nose_z,Eye.L_x,Eye.L_y,Eye.L_z,Eye.R_x,Eye.R_y,Eye.R_z,Ear.L_x,Ear.L_y,Ear.L_z,Ear.R_x,Ear.R_y,Ear.R_z,hip.Center_x,hip.Center_y,hip.Center_z
0,-0.17672315,-0.6989231,0.014342612,-0.019511176,-0.19666316,0.086200505,-0.009167805,0.29915494,0.11149146,-0.003999928,0.30475843,-0.17575505,0.041598137,-0.18714811,-0.17044929,-0.040627323,-0.7125759,-0.14061676,0.10912569,0.17386898,0.3148073,-0.01606469,0.4578282,0.27327645,-0.021240547,0.7764002,0.17343879,-0.06805235,0.8050003,-0.17163388,-0.1072184,0.4966334,-0.28104532,-0.022405399,0.20743787,-0.36057517,-0.026532292,0.877574,-0.0032725483,-0.045806207,1.1166813,-0.0036315932,0.070466384,1.047888,-0.103751026,0.007573284,1.073316,-0.09740107,0.057198662,1.0850575,-0.047884576,-0.08519413,1.0259137,-0.058734436,0.026828494,1.0492305,0.06036334,-0.006583866663277149,0.3019566833972931,-0.032131798565387726
