frame,Ankle.R_x,Ankle.R_y,Ankle.R_z,Knee.R_x,Knee.R_y,Knee.R_z,Hip.R_x,Hip.R_y,Hip.R_z,Hip.L_x,Hip.L_y,Hip.L_z,Knee.L_x,Knee.L_y,Knee.L_z,Ankle.L_x,Ankle.L_y,Ankle.L_z,Wrist.R_x,Wrist.R_y,Wrist.R_z,Elbow.R_x,Elbow.R_y,Elbow.R_z,Shoulder.R_x,Shoulder.R_y,Shoulder.R_z,Shoulder.L_x,Shoulder.L_y,Shoulder.L_z,Elbow.L_x,Elbow.L_y,Elbow.L_z,Wrist.L_x,Wrist.L_y,Wrist.L_z,Neck_x,Neck_y,Neck_z,Head_x,Head_y,Head_z,Nose_x,Nose_y,Nose_z,Eye.L_x,Eye.L_y,Eye.L_z,Eye.R_x,Eye.R_y,Eye.R_z,Ear.L_x,Ear.L_y,Ear.L_z,Ear.R_x,Ear.R_y,Ear.R_z,hip.Center_x,hip.Center_y,hip.Center_z
0,-0.422854,-0.34975734,-0.2729312,-0.25752237,-0.090061635,0.030095795,-0.12460718,0.28502285,-0.025399804,0.11058513,0.2819153,-0.012635047,0.25243074,-0.08796586,0.009936495,0.4346381,-0.35679904,-0.28712735,-0.119504474,1.2710459,0.06056878,-0.20583177,1.0256417,0.0073778788,-0.10783793,0.78777444,-0.047482442,0.12307702,0.79297334,-0.011876673,0.19784279,1.0285486,0.06279032,0.14868951,1.2871883,0.101848975,0.0070354957,0.8091026,-0.020525863,-0.0033694669,1.0156759,-0.013267402,0.0022790972,0.9467009,0.12827449,0.03261642,0.9805653,0.08524218,-0.033766016,0.9753673,0.08351516,0.07809384,0.947623,-0.0036981837,-0.075359985,0.9358115,-0.010629583,-0.00701102614402771,0.2834690809249878,-0.019017424434423447
