frame,Ankle.R_x,Ankle.R_y,Ankle.R_z,Knee.R_x,Knee.R_y,Knee.R_z,Hip.R_x,Hip.R_y,Hip.R_z,Hip.L_x,Hip.L_y,Hip.L_z,Knee.L_x,Knee.L_y,Knee.L_z,Ankle.L_x,Ankle.L_y,Ankle.L_z,Wrist.R_x,Wrist.R_y,Wrist.R_z,Elbow.R_x,Elbow.R_y,Elbow.R_z,Shoulder.R_x,Shoulder.R_y,Shoulder.R_z,Shoulder.L_x,Shoulder.L_y,Shoulder.L_z,Elbow.L_x,Elbow.L_y,Elbow.L_z,Wrist.L_x,Wrist.L_y,Wrist.L_z,Neck_x,Neck_y,Neck_z,Head_x,Head_y,Head_z,Nose_x,Nose_y,Nose_z,Eye.L_x,Eye.L_y,Eye.L_z,Eye.R_x,Eye.R_y,Eye.R_z,Ear.L_x,Ear.L_y,Ear.L_z,Ear.R_x,Ear.R_y,Ear.R_z,hip.Center_x,hip.Center_y,hip.Center_z
0,-0.15361984,-0.50428253,-0.24526492,-0.12043034,-0.1380424,-0.032556694,-0.122880384,0.28558105,-0.017615275,0.11287571,0.27946374,-0.0036962084,0.09608926,-0.14024742,-0.0151834795,0.118245356,-0.51148355,-0.22474755,-0.64145714,0.6747153,-0.0064414926,-0.39069545,0.7014626,-0.047901005,-0.1343647,0.77696735,-0.014697641,0.13732551,0.7735983,0.010115388,0.392073,0.68898565,-0.014422923,0.6399484,0.673452,0.038416207,-8.61818e-05,0.8212891,0.023527555,-0.0037475934,1.0321774,0.041968286,-0.018526092,0.9524895,0.17804313,0.018399667,0.9888957,0.14198478,-0.04732311,0.98578095,0.13164467,0.07371351,0.9612365,0.056930974,-0.07550862,0.9548183,0.03286594,-0.0050023384392261505,0.28252238035202026,-0.010655742138624191
