frame,Ankle.R_x,Ankle.R_y,Ankle.R_z,Knee.R_x,Knee.R_y,Knee.R_z,Hip.R_x,Hip.R_y,Hip.R_z,Hip.L_x,Hip.L_y,Hip.L_z,Knee.L_x,Knee.L_y,Knee.L_z,Ankle.L_x,Ankle.L_y,Ankle.L_z,Wrist.R_x,Wrist.R_y,Wrist.R_z,Elbow.R_x,Elbow.R_y,Elbow.R_z,Shoulder.R_x,Shoulder.R_y,Shoulder.R_z,Shoulder.L_x,Shoulder.L_y,Shoulder.L_z,Elbow.L_x,Elbow.L_y,Elbow.L_z,Wrist.L_x,Wrist.L_y,Wrist.L_z,Neck_x,Neck_y,Neck_z,Head_x,Head_y,Head_z,Nose_x,Nose_y,Nose_z,Eye.L_x,Eye.L_y,Eye.L_z,Eye.R_x,Eye.R_y,Eye.R_z,Ear.L_x,Ear.L_y,Ear.L_z,Ear.R_x,Ear.R_y,Ear.R_z,hip.Center_x,hip.Center_y,hip.Center_z
0,-0.06890744,-0.6297879,-0.31737387,-0.07346477,-0.21357343,-0.048298925,-0.13256375,0.25375,-0.005510757,0.12563646,0.25745592,-0.029580276,0.11159781,-0.21166709,-0.004354722,0.09337388,-0.6056855,-0.30748203,-0.23618214,0.12740324,0.05726346,-0.23739028,0.39514735,-0.043366335,-0.16563614,0.6824493,-0.001947511,0.14046666,0.69266933,-0.027229924,0.21174344,0.4091397,-0.09547879,0.24515411,0.13348913,-0.03926904,-0.010644963,0.7609954,0.011890804,-0.021636704,0.97766775,0.04415517,-0.006146503,0.8826521,0.16842937,0.022234846,0.92596793,0.13055748,-0.04500243,0.92039806,0.13324457,0.059264027,0.910071,0.035336975,-0.089511864,0.8985704,0.040342487,-0.00346364825963974,0.25560295581817627,-0.017545517534017563
