frame,Ankle.R_x,Ankle.R_y,Ankle.R_z,Knee.R_x,Knee.R_y,Knee.R_z,Hip.R_x,Hip.R_y,Hip.R_z,Hip.L_x,Hip.L_y,Hip.L_z,Knee.L_x,Knee.L_y,Knee.L_z,Ankle.L_x,Ankle.L_y,Ankle.L_z,Wrist.R_x,Wrist.R_y,Wrist.R_z,Elbow.R_x,Elbow.R_y,Elbow.R_z,Shoulder.R_x,Shoulder.R_y,Shoulder.R_z,Shoulder.L_x,Shoulder.L_y,Shoulder.L_z,Elbow.L_x,Elbow.L_y,Elbow.L_z,Wrist.L_x,Wrist.L_y,Wrist.L_z,Neck_x,Neck_y,Neck_z,Head_x,Head_y,Head_z,Nose_x,Nose_y,Nose_z,Eye.L_x,Eye.L_y,Eye.L_z,Eye.R_x,Eye.R_y,Eye.R_z,Ear.L_x,Ear.L_y,Ear.L_z,Ear.R_x,Ear.R_y,Ear.R_z,hip.Center_x,hip.Center_y,hip.Center_z
0,-0.2747267,-0.4583777,-0.2975813,-0.19578658,-0.12451622,-0.034403004,-0.12360661,0.28201324,-0.028508915,0.11135176,0.28501266,-9.455107e-05,0.18668547,-0.12177244,-0.008438576,0.30137607,-0.47383285,-0.2398867,-0.5381671,1.1152996,0.056399543,-0.37185395,0.9231182,-0.0064970097,-0.14174984,0.78402543,-0.011148199,0.1103455,0.7857984,0.0130792465,0.35054564,0.89985025,0.014868978,0.5137399,1.094024,0.07299255,-0.017626956,0.81518775,0.023442665,-0.014422512,1.0242853,0.05364278,-0.020400487,0.9381086,0.18550293,0.014445221,0.97456443,0.14780025,-0.052028358,0.9753595,0.1436914,0.060196325,0.9495306,0.056820937,-0.09213884,0.95115393,0.045235876,-0.0061274245381355286,0.2835129499435425,-0.014301733113825321
