frame,Ankle.R_x,Ankle.R_y,Ankle.R_z,Knee.R_x,Knee.R_y,Knee.R_z,Hip.R_x,Hip.R_y,Hip.R_z,Hip.L_x,Hip.L_y,Hip.L_z,Knee.L_x,Knee.L_y,Knee.L_z,Ankle.L_x,Ankle.L_y,Ankle.L_z,Wrist.R_x,Wrist.R_y,Wrist.R_z,Elbow.R_x,Elbow.R_y,Elbow.R_z,Shoulder.R_x,Shoulder.R_y,Shoulder.R_z,Shoulder.L_x,Shoulder.L_y,Shoulder.L_z,Elbow.L_x,Elbow.L_y,Elbow.L_z,Wrist.L_x,Wrist.L_y,Wrist.L_z,Neck_x,Neck_y,Neck_z,Head_x,Head_y,Head_z,Nose_x,Nose_y,Nose_z,Eye.L_x,Eye.L_y,Eye.L_z,Eye.R_x,Eye.R_y,Eye.R_z,Ear.L_x,Ear.L_y,Ear.L_z,Ear.R_x,Ear.R_y,Ear.R_z,hip.Center_x,hip.Center_y,hip.Center_z
0,-0.40511307,-0.37065774,-0.2755205,-0.25442648,-0.088635325,0.015257112,-0.12455584,0.28829867,-0.024472777,0.11162043,0.2886481,-0.010954777,0.23870654,-0.09341094,-0.025558569,0.38840085,-0.3758509,-0.32767326,-0.23150553,1.2612206,0.10667196,-0.27390248,1.0161859,0.017222084,-0.12471939,0.79974455,-0.027316656,0.11488165,0.8046272,-0.001115531,0.23927383,1.0239136,0.067023784,0.16964093,1.2728255,0.11481424,-0.0059861327,0.82347447,0.0005901437,-0.0071582254,1.0336903,0.021451876,-0.008699963,0.9540855,0.15830247,0.024290558,0.9895953,0.11819133,-0.042370968,0.98772216,0.11437659,0.07138576,0.9609237,0.027851786,-0.08370985,0.9567347,0.016356254,-0.006467703729867935,0.28847336769104004,-0.017713777720928192
