frame,Ankle.R_x,Ankle.R_y,Ankle.R_z,Knee.R_x,Knee.R_y,Knee.R_z,Hip.R_x,Hip.R_y,Hip.R_z,Hip.L_x,Hip.L_y,Hip.L_z,Knee.L_x,Knee.L_y,Knee.L_z,Ankle.L_x,Ankle.L_y,Ankle.L_z,Wrist.R_x,Wrist.R_y,Wrist.R_z,Elbow.R_x,Elbow.R_y,Elbow.R_z,Shoulder.R_x,Shoulder.R_y,Shoulder.R_z,Shoulder.L_x,Shoulder.L_y,Shoulder.L_z,Elbow.L_x,Elbow.L_y,Elbow.L_z,Wrist.L_x,Wrist.L_y,Wrist.L_z,Neck_x,Neck_y,Neck_z,Head_x,Head_y,Head_z,Nose_x,Nose_y,Nose_z,Eye.L_x,Eye.L_y,Eye.L_z,Eye.R_x,Eye.R_y,Eye.R_z,Ear.L_x,Ear.L_y,Ear.L_z,Ear.R_x,Ear.R_y,Ear.R_z,hip.Center_x,hip.Center_y,hip.Center_z
0,-0.3318462,-0.43850744,-0.26765576,-0.22323474,-0.11223063,-0.003183362,-0.12387356,0.28444433,-0.028849766,0.111745134,0.28548023,-0.0060100714,0.20505221,-0.11214867,0.0222333,0.34018624,-0.46731257,-0.19835433,-0.40554672,1.2006478,0.085146695,-0.33578584,0.9619804,-0.00070798444,-0.13135648,0.7892233,-0.023367852,0.12018277,0.78801155,0.0024328367,0.34100047,0.9301281,0.042452607,0.43623567,1.1589383,0.1255846,-0.0066616274,0.81690216,0.007445723,-0.00058180967,1.0248452,0.020861046,0.011811357,0.9510539,0.16008312,0.041127015,0.9828876,0.11435384,-0.0253006,0.9851614,0.12004753,0.072651684,0.94839275,0.020551367,-0.08074541,0.953148,0.030576259,-0.006064213812351227,0.2849622964859009,-0.01742991805076599
