frame,Ankle.R_x,Ankle.R_y,Ankle.R_z,Knee.R_x,Knee.R_y,Knee.R_z,Hip.R_x,Hip.R_y,Hip.R_z,Hip.L_x,Hip.L_y,Hip.L_z,Knee.L_x,Knee.L_y,Knee.L_z,Ankle.L_x,Ankle.L_y,Ankle.L_z,Wrist.R_x,Wrist.R_y,Wrist.R_z,Elbow.R_x,Elbow.R_y,Elbow.R_z,Shoulder.R_x,Shoulder.R_y,Shoulder.R_z,Shoulder.L_x,Shoulder.L_y,Shoulder.L_z,Elbow.L_x,Elbow.L_y,Elbow.L_z,Wrist.L_x,Wrist.L_y,Wrist.L_z,Neck_x,Neck_y,Neck_z,Head_x,Head_y,Head_z,Nose_x,Nose_y,Nose_z,Eye.L_x,Eye.L_y,Eye.L_z,Eye.R_x,Eye.R_y,Eye.R_z,Ear.L_x,Ear.L_y,Ear.L_z,Ear.R_x,Ear.R_y,Ear.R_z,hip.Center_x,hip.Center_y,hip.Center_z
0,-0.64881086,-0.27782655,-0.4873429,-0.38964483,0.01601765,-0.17252737,-0.13716514,0.29170343,-0.044218984,0.13221636,0.2876895,-0.009361133,0.37459457,-0.004316831,-0.16041496,0.6949717,-0.33921653,-0.3733553,-0.5692051,0.14466134,0.27334985,-0.439283,0.3862998,0.15343203,-0.22110978,0.5961373,0.25357488,0.08172318,0.5415745,0.35683066,0.1509349,0.23338147,0.37313688,0.024523674,-0.025077667,0.44562405,-0.0738429,0.6144786,0.35189232,-0.11035978,0.7566687,0.5169149,-0.066945806,0.60379237,0.5527736,-0.0480696,0.66496515,0.5480195,-0.11510963,0.6476668,0.552553,-0.02485293,0.7226106,0.4600774,-0.17902067,0.68401957,0.46480846,-0.002474389970302582,0.28969645500183105,-0.026790058240294456
