frame,Ankle.R_x,Ankle.R_y,Ankle.R_z,Knee.R_x,Knee.R_y,Knee.R_z,Hip.R_x,Hip.R_y,Hip.R_z,Hip.L_x,Hip.L_y,Hip.L_z,Knee.L_x,Knee.L_y,Knee.L_z,Ankle.L_x,Ankle.L_y,Ankle.L_z,Wrist.R_x,Wrist.R_y,Wrist.R_z,Elbow.R_x,Elbow.R_y,Elbow.R_z,Shoulder.R_x,Shoulder.R_y,Shoulder.R_z,Shoulder.L_x,Shoulder.L_y,Shoulder.L_z,Elbow.L_x,Elbow.L_y,Elbow.L_z,Wrist.L_x,Wrist.L_y,Wrist.L_z,Neck_x,Neck_y,Neck_z,Head_x,Head_y,Head_z,Nose_x,Nose_y,Nose_z,Eye.L_x,Eye.L_y,Eye.L_z,Eye.R_x,Eye.R_y,Eye.R_z,Ear.L_x,Ear.L_y,Ear.L_z,Ear.R_x,Ear.R_y,Ear.R_z,hip.Center_x,hip.Center_y,hip.Center_z
0,-0.20467007,-0.7023077,-0.028442567,-0.06335672,-0.19963706,0.080903575,-0.05469741,0.29699045,0.10118974,0.04441872,0.2997965,-0.16545089,0.056579508,-0.1952002,-0.14660811,-0.037791416,-0.72211695,-0.15008017,0.054542907,0.1857144,0.34003285,-0.08718483,0.4551283,0.26302275,-0.072061256,0.77145857,0.16077407,-0.0045406558,0.80002713,-0.1787141,-0.028707342,0.49260822,-0.29525882,0.027394036,0.18970709,-0.34912252,-0.016111989,0.8698919,-0.006011231,-0.0129336445,1.108985,-0.0077653364,0.12361505,1.0283182,-0.061084896,0.06550113,1.0599115,-0.07696655,0.0947019,1.0670421,-0.012724042,-0.038574714,1.0222868,-0.07556341,0.024463117,1.035562,0.07585558,-0.0051393453031778336,0.29839348793029785,-0.03213057294487953
