frame,Ankle.R_x,Ankle.R_y,Ankle.R_z,Knee.R_x,Knee.R_y,Knee.R_z,Hip.R_x,Hip.R_y,Hip.R_z,Hip.L_x,Hip.L_y,Hip.L_z,Knee.L_x,Knee.L_y,Knee.L_z,Ankle.L_x,Ankle.L_y,Ankle.L_z,Wrist.R_x,Wrist.R_y,Wrist.R_z,Elbow.R_x,Elbow.R_y,Elbow.R_z,Shoulder.R_x,Shoulder.R_y,Shoulder.R_z,Shoulder.L_x,Shoulder.L_y,Shoulder.L_z,Elbow.L_x,Elbow.L_y,Elbow.L_z,Wrist.L_x,Wrist.L_y,Wrist.L_z,Neck_x,Neck_y,Neck_z,Head_x,Head_y,Head_z,Nose_x,Nose_y,Nose_z,Eye.L_x,Eye.L_y,Eye.L_z,Eye.R_x,Eye.R_y,Eye.R_z,Ear.L_x,Ear.L_y,Ear.L_z,Ear.R_x,Ear.R_y,Ear.R_z,hip.Center_x,hip.Center_y,hip.Center_z
0,-0.052027438,-0.5813704,-0.31189644,-0.097228415,-0.21693496,0.01033226,-0.13242917,0.25287944,-0.017426722,0.12572195,0.25703567,-0.024020305,0.120097816,-0.20468037,0.059217326,0.07844675,-0.5685975,-0.26776212,-0.34288326,0.1442618,0.025310047,-0.2760244,0.40768343,-0.05388446,-0.16768411,0.6781728,0.012466305,0.13651736,0.6911365,0.0018081293,0.24286915,0.4254778,-0.08209368,0.320123,0.1693896,-0.0011753339,-0.015406039,0.75333023,0.03728376,-0.02760812,0.9671657,0.07146374,-0.028418597,0.8710558,0.19485006,0.0044638608,0.9147055,0.16194676,-0.062331717,0.9094665,0.15576501,0.05312956,0.899835,0.072558515,-0.09445267,0.88915765,0.05840733,-0.003353610634803772,0.25495755672454834,-0.020723514258861542
