frame,Ankle.R_x,Ankle.R_y,Ankle.R_z,Knee.R_x,Knee.R_y,Knee.R_z,Hip.R_x,Hip.R_y,Hip.R_z,Hip.L_x,Hip.L_y,Hip.L_z,Knee.L_x,Knee.L_y,Knee.L_z,Ankle.L_x,Ankle.L_y,Ankle.L_z,Wrist.R_x,Wrist.R_y,Wrist.R_z,Elbow.R_x,Elbow.R_y,Elbow.R_z,Shoulder.R_x,Shoulder.R_y,Shoulder.R_z,Shoulder.L_x,Shoulder.L_y,Shoulder.L_z,Elbow.L_x,Elbow.L_y,Elbow.L_z,Wrist.L_x,Wrist.L_y,Wrist.L_z,Neck_x,Neck_y,Neck_z,Head_x,Head_y,Head_z,Nose_x,Nose_y,Nose_z,Eye.L_x,Eye.L_y,Eye.L_z,Eye.R_x,Eye.R_y,Eye.R_z,Ear.L_x,Ear.L_y,Ear.L_z,Ear.R_x,Ear.R_y,Ear.R_z,hip.Center_x,hip.Center_y,hip.Center_z
0,-0.08490679,-0.63000715,-0.31233808,-0.08527553,-0.21291037,-0.04540568,-0.13220724,0.25539416,-0.008025968,0.1262318,0.25432932,-0.02793598,0.104542986,-0.21398193,0.0086358115,0.07589683,-0.6027267,-0.29907298,-0.2538547,0.12401736,0.037583146,-0.2390377,0.39581925,-0.04962292,-0.16144288,0.68044376,-0.0009329133,0.14459968,0.6910683,-0.020443223,0.22178611,0.4107228,-0.09318009,0.26038462,0.13507532,-0.04231224,-0.006959403,0.75799763,0.017082779,-0.017889258,0.9735174,0.051610366,-0.006975383,0.8770621,0.1750521,0.02280554,0.9206871,0.13877934,-0.044451796,0.91536415,0.13905515,0.062961884,0.9058435,0.044821657,-0.08575697,0.8949,0.044598766,-0.0029877200722694397,0.2548617422580719,-0.017980974167585373
