frame,Ankle.R_x,Ankle.R_y,Ankle.R_z,Knee.R_x,Knee.R_y,Knee.R_z,Hip.R_x,Hip.R_y,Hip.R_z,Hip.L_x,Hip.L_y,Hip.L_z,Knee.L_x,Knee.L_y,Knee.L_z,Ankle.L_x,Ankle.L_y,Ankle.L_z,Wrist.R_x,Wrist.R_y,Wrist.R_z,Elbow.R_x,Elbow.R_y,Elbow.R_z,Shoulder.R_x,Shoulder.R_y,Shoulder.R_z,Shoulder.L_x,Shoulder.L_y,Shoulder.L_z,Elbow.L_x,Elbow.L_y,Elbow.L_z,Wrist.L_x,Wrist.L_y,Wrist.L_z,Neck_x,Neck_y,Neck_z,Head_x,Head_y,Head_z,Nose_x,Nose_y,Nose_z,Eye.L_x,Eye.L_y,Eye.L_z,Eye.R_x,Eye.R_y,Eye.R_z,Ear.L_x,Ear.L_y,Ear.L_z,Ear.R_x,Ear.R_y,Ear.R_z,hip.Center_x,hip.Center_y,hip.Center_z
0,-0.18689035,-0.4928357,-0.29852214,-0.14583454,-0.13582678,-0.06463076,-0.1236534,0.2816852,-0.024567284,0.11215759,0.28009218,0.001232744,0.13277334,-0.13713022,-0.026480101,0.17933127,-0.51425636,-0.22991015,-0.65188456,0.8757568,0.00044198643,-0.40991536,0.7971003,-0.04849106,-0.14031634,0.7713189,-0.023400337,0.124507174,0.77764136,0.015499212,0.38620812,0.82897544,0.034919254,0.61843586,0.9254311,0.09738491,-0.009985831,0.81349194,0.016312107,-0.010184382,1.0255743,0.03534095,-0.029131576,0.94499743,0.1692643,0.009210656,0.980664,0.13436511,-0.056392904,0.9797684,0.12306382,0.06482137,0.9527439,0.04985705,-0.08396006,0.9511,0.022835253,-0.005747903138399124,0.2808886766433716,-0.011667270213365555
