frame,Ankle.R_x,Ankle.R_y,Ankle.R_z,Knee.R_x,Knee.R_y,Knee.R_z,Hip.R_x,Hip.R_y,Hip.R_z,Hip.L_x,Hip.L_y,Hip.L_z,Knee.L_x,Knee.L_y,Knee.L_z,Ankle.L_x,Ankle.L_y,Ankle.L_z,Wrist.R_x,Wrist.R_y,Wrist.R_z,Elbow.R_x,Elbow.R_y,Elbow.R_z,Shoulder.R_x,Shoulder.R_y,Shoulder.R_z,Shoulder.L_x,Shoulder.L_y,Shoulder.L_z,Elbow.L_x,Elbow.L_y,Elbow.L_z,Wrist.L_x,Wrist.L_y,Wrist.L_z,Neck_x,Neck_y,Neck_z,Head_x,Head_y,Head_z,Nose_x,Nose_y,Nose_z,Eye.L_x,Eye.L_y,Eye.L_z,Eye.R_x,Eye.R_y,Eye.R_z,Ear.L_x,Ear.L_y,Ear.L_z,Ear.R_x,Ear.R_y,Ear.R_z,hip.Center_x,hip.Center_y,hip.Center_z
0,-0.42290032,-0.34190765,-0.2769791,-0.25677472,-0.08768425,0.028972229,-0.12494907,0.28624228,-0.024762064,0.110702634,0.28667283,-0.014251193,0.25592807,-0.081720315,0.011386794,0.4233061,-0.3523032,-0.2914043,-0.13820598,1.2568212,0.07383489,-0.24035794,1.0219703,0.010207369,-0.118566245,0.7934433,-0.04352423,0.116127975,0.80107737,-0.009079814,0.20468223,1.0329471,0.067141935,0.12645501,1.2835869,0.09474764,-0.0018495172,0.81689173,-0.015134001,-0.0070195016,1.0248349,-0.0063512744,-0.00059496984,0.95509315,0.13529912,0.029822782,0.9880302,0.09145584,-0.036804378,0.98516816,0.09124003,0.07248681,0.9536576,0.0013859626,-0.08250868,0.94708604,-0.0022472143,-0.007123216986656189,0.28645753860473633,-0.019506629556417465
