frame,Ankle.R_x,Ankle.R_y,Ankle.R_z,Knee.R_x,Knee.R_y,Knee.R_z,Hip.R_x,Hip.R_y,Hip.R_z,Hip.L_x,Hip.L_y,Hip.L_z,Knee.L_x,Knee.L_y,Knee.L_z,Ankle.L_x,Ankle.L_y,Ankle.L_z,Wrist.R_x,Wrist.R_y,Wrist.R_z,Elbow.R_x,Elbow.R_y,Elbow.R_z,Shoulder.R_x,Shoulder.R_y,Shoulder.R_z,Shoulder.L_x,Shoulder.L_y,Shoulder.L_z,Elbow.L_x,Elbow.L_y,Elbow.L_z,Wrist.L_x,Wrist.L_y,Wrist.L_z,Neck_x,Neck_y,Neck_z,Head_x,Head_y,Head_z,Nose_x,Nose_y,Nose_z,Eye.L_x,Eye.L_y,Eye.L_z,Eye.R_x,Eye.R_y,Eye.R_z,Ear.L_x,Ear.L_y,Ear.L_z,Ear.R_x,Ear.R_y,Ear.R_z,hip.Center_x,hip.Center_y,hip.Center_z
0,-0.05882375,-0.5520835,-0.31629613,-0.09269439,-0.21096644,0.023010986,-0.13164707,0.2562865,-0.013762627,0.124971785,0.2586923,-0.028086925,0.115300536,-0.19614187,0.075002246,0.07009351,-0.5320765,-0.27127403,-0.43027273,0.18448824,0.049124982,-0.3083919,0.4285298,-0.019643914,-0.16052282,0.6829389,0.032950737,0.14398353,0.6908419,0.006172008,0.28187338,0.44064867,-0.08039641,0.43210143,0.21111855,-0.03404528,-0.0056297667,0.75446653,0.05034052,-0.013830676,0.9694047,0.09036034,-0.0060866475,0.8708627,0.21097395,0.024605848,0.9147694,0.17657067,-0.0423951,0.91037977,0.17563945,0.06560918,0.9014975,0.08338481,-0.08267182,0.89255226,0.080680296,-0.0033376403152942657,0.2574893832206726,-0.020924776792526245
