frame,Ankle.R_x,Ankle.R_y,Ankle.R_z,Knee.R_x,Knee.R_y,Knee.R_z,Hip.R_x,Hip.R_y,Hip.R_z,Hip.L_x,Hip.L_y,Hip.L_z,Knee.L_x,Knee.L_y,Knee.L_z,Ankle.L_x,Ankle.L_y,Ankle.L_z,Wrist.R_x,Wrist.R_y,Wrist.R_z,Elbow.R_x,Elbow.R_y,Elbow.R_z,Shoulder.R_x,Shoulder.R_y,Shoulder.R_z,Shoulder.L_x,Shoulder.L_y,Shoulder.L_z,Elbow.L_x,Elbow.L_y,Elbow.L_z,Wrist.L_x,Wrist.L_y,Wrist.L_z,Neck_x,Neck_y,Neck_z,Head_x,Head_y,Head_z,Nose_x,Nose_y,Nose_z,Eye.L_x,Eye.L_y,Eye.L_z,Eye.R_x,Eye.R_y,Eye.R_z,Ear.L_x,Ear.L_y,Ear.L_z,Ear.R_x,Ear.R_y,Ear.R_z,hip.Center_x,hip.Center_y,hip.Center_z
0,-0.063852794,-0.49718216,-0.2779198,-0.09192106,-0.14810453,-0.015830066,-0.126488,0.28963855,-0.013941383,0.11451652,0.29525685,-0.016101286,0.11033637,-0.13718723,0.016799944,0.09705937,-0.4821659,-0.2547635,-0.52444255,0.37508538,0.030090911,-0.3603207,0.5717493,-0.031442434,-0.16823743,0.77110445,0.020523973,0.1354318,0.7713663,0.008068576,0.31374484,0.5669503,-0.07100488,0.4913894,0.37762555,-0.03874602,-0.013155335,0.8324105,0.047431316,-0.0114021655,1.0500959,0.101524,-0.0030805916,0.9446552,0.2198025,0.02793173,0.9880886,0.18382078,-0.039287854,0.98665094,0.18575974,0.066575974,0.977475,0.08601398,-0.08747916,0.9741839,0.08948515,-0.005985740572214127,0.29244768619537354,-0.015021334402263165
