frame,Ankle.R_x,Ankle.R_y,Ankle.R_z,Knee.R_x,Knee.R_y,Knee.R_z,Hip.R_x,Hip.R_y,Hip.R_z,Hip.L_x,Hip.L_y,Hip.L_z,Knee.L_x,Knee.L_y,Knee.L_z,Ankle.L_x,Ankle.L_y,Ankle.L_z,Wrist.R_x,Wrist.R_y,Wrist.R_z,Elbow.R_x,Elbow.R_y,Elbow.R_z,Shoulder.R_x,Shoulder.R_y,Shoulder.R_z,Shoulder.L_x,Shoulder.L_y,Shoulder.L_z,Elbow.L_x,Elbow.L_y,Elbow.L_z,Wrist.L_x,Wrist.L_y,Wrist.L_z,Neck_x,Neck_y,Neck_z,Head_x,Head_y,Head_z,Nose_x,Nose_y,Nose_z,Eye.L_x,Eye.L_y,Eye.L_z,Eye.R_x,Eye.R_y,Eye.R_z,Ear.L_x,Ear.L_y,Ear.L_z,Ear.R_x,Ear.R_y,Ear.R_z,hip.Center_x,hip.Center_y,hip.Center_z
0,-0.4151184,-0.3671953,-0.26958376,-0.25986367,-0.08911222,0.024392124,-0.12475762,0.28637698,-0.025605094,0.11160066,0.284962,-0.014089462,0.2496557,-0.089165725,0.013732475,0.4060709,-0.37749055,-0.28132293,-0.1420659,1.2526393,0.07836679,-0.24348459,1.017851,0.0106981825,-0.11753069,0.79184216,-0.04825423,0.11913885,0.79907006,-0.015847795,0.21853831,1.0261842,0.065438196,0.14412591,1.2768252,0.10466723,-0.0003670575,0.81582314,-0.021565853,-0.009473397,1.0233781,-0.014325878,-0.004374424,0.9544072,0.12778759,0.026231447,0.9879443,0.084550925,-0.0403129,0.9833175,0.08277114,0.07184619,0.95431507,-0.0045168945,-0.08270465,0.94378334,-0.011369598,-0.006578478962182999,0.2856695055961609,-0.01984727755188942
