frame,Ankle.R_x,Ankle.R_y,Ankle.R_z,Knee.R_x,Knee.R_y,Knee.R_z,Hip.R_x,Hip.R_y,Hip.R_z,Hip.L_x,Hip.L_y,Hip.L_z,Knee.L_x,Knee.L_y,Knee.L_z,Ankle.L_x,Ankle.L_y,Ankle.L_z,Wrist.R_x,Wrist.R_y,Wrist.R_z,Elbow.R_x,Elbow.R_y,Elbow.R_z,Shoulder.R_x,Shoulder.R_y,Shoulder.R_z,Shoulder.L_x,Shoulder.L_y,Shoulder.L_z,Elbow.L_x,Elbow.L_y,Elbow.L_z,Wrist.L_x,Wrist.L_y,Wrist.L_z,Neck_x,Neck_y,Neck_z,Head_x,Head_y,Head_z,Nose_x,Nose_y,Nose_z,Eye.L_x,Eye.L_y,Eye.L_z,Eye.R_x,Eye.R_y,Eye.R_z,Ear.L_x,Ear.L_y,Ear.L_z,Ear.R_x,Ear.R_y,Ear.R_z,hip.Center_x,hip.Center_y,hip.Center_z
0,-0.054130726,-0.62586886,-0.31287694,-0.06981707,-0.21458818,-0.039356243,-0.13278678,0.2532473,-0.008419998,0.12583488,0.25549394,-0.028795142,0.109181136,-0.2106136,0.029667437,0.08977772,-0.5961119,-0.28081965,-0.24873792,0.11789772,0.031281684,-0.23635098,0.3929119,-0.044552322,-0.16169953,0.6779471,0.003991792,0.14436796,0.6867394,-0.018270353,0.21641548,0.4051116,-0.09012947,0.25102592,0.1287475,-0.04198821,-0.006629158,0.7554451,0.020331455,-0.016988132,0.9715732,0.052588116,-0.006206207,0.87652767,0.17684734,0.02360418,0.9197599,0.14020658,-0.043598276,0.91444564,0.1405011,0.063760184,0.9038904,0.046531186,-0.08475301,0.893077,0.046370342,-0.0034759491682052612,0.25437062978744507,-0.018607569858431816
