frame,Ankle.R_x,Ankle.R_y,Ankle.R_z,Knee.R_x,Knee.R_y,Knee.R_z,Hip.R_x,Hip.R_y,Hip.R_z,Hip.L_x,Hip.L_y,Hip.L_z,Knee.L_x,Knee.L_y,Knee.L_z,Ankle.L_x,Ankle.L_y,Ankle.L_z,Wrist.R_x,Wrist.R_y,Wrist.R_z,Elbow.R_x,Elbow.R_y,Elbow.R_z,Shoulder.R_x,Shoulder.R_y,Shoulder.R_z,Shoulder.L_x,Shoulder.L_y,Shoulder.L_z,Elbow.L_x,Elbow.L_y,Elbow.L_z,Wrist.L_x,Wrist.L_y,Wrist.L_z,Neck_x,Neck_y,Neck_z,Head_x,Head_y,Head_z,Nose_x,Nose_y,Nose_z,Eye.L_x,Eye.L_y,Eye.L_z,Eye.R_x,Eye.R_y,Eye.R_z,Ear.L_x,Ear.L_y,Ear.L_z,Ear.R_x,Ear.R_y,Ear.R_z,hip.Center_x,hip.Center_y,hip.Center_z
0,-0.22367844,-0.47406957,-0.30634773,-0.15878196,-0.12894323,-0.06428403,-0.12329906,0.28394327,-0.022425372,0.11151264,0.2830801,0.00015729875,0.15365364,-0.12799637,-0.02736826,0.22297114,-0.49659696,-0.2351324,-0.6605109,0.8508179,-0.028976193,-0.40685314,0.80519307,-0.047303222,-0.13856298,0.7762402,-0.01713059,0.1282495,0.7769817,0.020201288,0.3922935,0.81542975,0.03709929,0.6292217,0.89729714,0.09887172,-0.006073647,0.81632954,0.022446912,0.0030271867,1.0286682,0.042706396,-0.013293048,0.9475708,0.17680486,0.024965199,0.98171353,0.14005768,-0.041050274,0.98430204,0.13222075,0.074569985,0.9521192,0.052686345,-0.07534263,0.9579332,0.0332487,-0.0058932118117809296,0.2835116982460022,-0.01113403681665659
