frame,Ankle.R_x,Ankle.R_y,Ankle.R_z,Knee.R_x,Knee.R_y,Knee.R_z,Hip.R_x,Hip.R_y,Hip.R_z,Hip.L_x,Hip.L_y,Hip.L_z,Knee.L_x,Knee.L_y,Knee.L_z,Ankle.L_x,Ankle.L_y,Ankle.L_z,Wrist.R_x,Wrist.R_y,Wrist.R_z,Elbow.R_x,Elbow.R_y,Elbow.R_z,Shoulder.R_x,Shoulder.R_y,Shoulder.R_z,Shoulder.L_x,Shoulder.L_y,Shoulder.L_z,Elbow.L_x,Elbow.L_y,Elbow.L_z,Wrist.L_x,Wrist.L_y,Wrist.L_z,Neck_x,Neck_y,Neck_z,Head_x,Head_y,Head_z,Nose_x,Nose_y,Nose_z,Eye.L_x,Eye.L_y,Eye.L_z,Eye.R_x,Eye.R_y,Eye.R_z,Ear.L_x,Ear.L_y,Ear.L_z,Ear.R_x,Ear.R_y,Ear.R_z,hip.Center_x,hip.Center_y,hip.Center_z
0,-0.08152286,-0.51419663,-0.25368986,-0.08860557,-0.14039873,-0.04458545,-0.12467252,0.28752124,-0.013993344,0.112917595,0.28765884,-0.007286324,0.09128345,-0.13625059,-0.04135976,0.09238699,-0.5055845,-0.2617301,-0.56126904,0.50894004,0.043369967,-0.35445148,0.61218846,-0.066023365,-0.15472639,0.78185034,-0.008803567,0.12114545,0.7932553,0.0064575598,0.3484209,0.65812284,-0.060189087,0.58406943,0.57268083,-0.011696141,-0.019689966,0.8370182,0.030615773,-0.038934376,1.0476612,0.0661087,-0.046354055,0.9548749,0.1957112,-0.012484845,0.9975365,0.16243415,-0.07812991,0.98921216,0.15129918,0.046343155,0.98226833,0.075288594,-0.1037867,0.96380806,0.04950973,-0.005877461284399033,0.28759002685546875,-0.010639834217727184
