frame,Ankle.R_x,Ankle.R_y,Ankle.R_z,Knee.R_x,Knee.R_y,Knee.R_z,Hip.R_x,Hip.R_y,Hip.R_z,Hip.L_x,Hip.L_y,Hip.L_z,Knee.L_x,Knee.L_y,Knee.L_z,Ankle.L_x,Ankle.L_y,Ankle.L_z,Wrist.R_x,Wrist.R_y,Wrist.R_z,Elbow.R_x,Elbow.R_y,Elbow.R_z,Shoulder.R_x,Shoulder.R_y,Shoulder.R_z,Shoulder.L_x,Shoulder.L_y,Shoulder.L_z,Elbow.L_x,Elbow.L_y,Elbow.L_z,Wrist.L_x,Wrist.L_y,Wrist.L_z,Neck_x,Neck_y,Neck_z,Head_x,Head_y,Head_z,Nose_x,Nose_y,Nose_z,Eye.L_x,Eye.L_y,Eye.L_z,Eye.R_x,Eye.R_y,Eye.R_z,Ear.L_x,Ear.L_y,Ear.L_z,Ear.R_x,Ear.R_y,Ear.R_z,hip.Center_x,hip.Center_y,hip.Center_z
0,-0.39848703,-0.6232368,0.07955539,-0.1810465,-0.15795895,0.12914883,-0.07612736,0.28396505,0.0907329,0.06234808,0.32156137,-0.14850466,0.09871146,-0.09712512,-0.33224183,0.1237649,-0.54527146,-0.59363276,0.0073250625,0.10801957,0.36021504,-0.08204472,0.3965764,0.30596334,-0.005185539,0.7105134,0.25894943,0.13450058,0.7871413,-0.048464894,0.15701593,0.5178869,-0.2261929,0.2612376,0.23514089,-0.27920628,0.08904106,0.82625985,0.12769447,0.06574606,1.0454531,0.18023461,0.21605444,1.00445,0.117608935,0.15424138,1.0283709,0.10612901,0.1807017,1.0250919,0.1717091,0.058901027,0.9751862,0.09287465,0.11509196,0.96234727,0.24703264,-0.006889639422297478,0.3027632236480713,-0.02888587862253189
