frame,Ankle.R_x,Ankle.R_y,Ankle.R_z,Knee.R_x,Knee.R_y,Knee.R_z,Hip.R_x,Hip.R_y,Hip.R_z,Hip.L_x,Hip.L_y,Hip.L_z,Knee.L_x,Knee.L_y,Knee.L_z,Ankle.L_x,Ankle.L_y,Ankle.L_z,Wrist.R_x,Wrist.R_y,Wrist.R_z,Elbow.R_x,Elbow.R_y,Elbow.R_z,Shoulder.R_x,Shoulder.R_y,Shoulder.R_z,Shoulder.L_x,Shoulder.L_y,Shoulder.L_z,Elbow.L_x,Elbow.L_y,Elbow.L_z,Wrist.L_x,Wrist.L_y,Wrist.L_z,Neck_x,Neck_y,Neck_z,Head_x,Head_y,Head_z,Nose_x,Nose_y,Nose_z,Eye.L_x,Eye.L_y,Eye.L_z,Eye.R_x,Eye.R_y,Eye.R_z,Ear.L_x,Ear.L_y,Ear.L_z,Ear.R_x,Ear.R_y,Ear.R_z,hip.Center_x,hip.Center_y,hip.Center_z
0,-0.11816926,-0.70016307,-0.0061038528,0.013719743,-0.19693899,0.062875405,0.015188164,0.29149708,0.112098165,-0.032914616,0.32417938,-0.1671427,0.031533103,-0.15086836,-0.24805197,0.019579247,-0.673213,-0.30441427,0.1405025,0.15713902,0.3574814,0.03818655,0.44753906,0.3151064,0.03970612,0.76574874,0.2144703,-0.070890784,0.82053846,-0.111994624,-0.14632112,0.5377164,-0.26221022,-0.09644806,0.29296812,-0.44386706,0.0038853493,0.8804229,0.050466545,-0.0268911,1.1166426,0.077663325,0.085113734,1.0700465,-0.03917008,0.021547742,1.0900216,-0.02493117,0.07410103,1.0984077,0.022291094,-0.06541143,1.0312353,0.01296914,0.0544532,1.0469038,0.12687719,-0.00886322557926178,0.30783823132514954,-0.027522269636392593
