frame,Ankle.R_x,Ankle.R_y,Ankle.R_z,Knee.R_x,Knee.R_y,Knee.R_z,Hip.R_x,Hip.R_y,Hip.R_z,Hip.L_x,Hip.L_y,Hip.L_z,Knee.L_x,Knee.L_y,Knee.L_z,Ankle.L_x,Ankle.L_y,Ankle.L_z,Wrist.R_x,Wrist.R_y,Wrist.R_z,Elbow.R_x,Elbow.R_y,Elbow.R_z,Shoulder.R_x,Shoulder.R_y,Shoulder.R_z,Shoulder.L_x,Shoulder.L_y,Shoulder.L_z,Elbow.L_x,Elbow.L_y,Elbow.L_z,Wrist.L_x,Wrist.L_y,Wrist.L_z,Neck_x,Neck_y,Neck_z,Head_x,Head_y,Head_z,Nose_x,Nose_y,Nose_z,Eye.L_x,Eye.L_y,Eye.L_z,Eye.R_x,Eye.R_y,Eye.R_z,Ear.L_x,Ear.L_y,Ear.L_z,Ear.R_x,Ear.R_y,Ear.R_z,hip.Center_x,hip.Center_y,hip.Center_z
0,-0.1360487,-0.5313028,-0.20914336,0.15939218,-0.17678449,-0.0490079,0.015575936,0.2658947,0.107775345,-0.049651183,0.31342947,-0.15396611,0.22911133,-0.044181075,-0.27907714,0.2263813,-0.5438816,-0.3350358,0.35439438,0.56654906,0.4592714,0.080334306,0.54614586,0.38164228,-0.069097236,0.75975907,0.20217113,-0.14737159,0.7690535,-0.1300764,-0.11553148,0.56848097,-0.37166768,0.077585146,0.5602787,-0.58500105,-0.10748917,0.83543897,0.037414618,-0.16814835,1.0485057,0.03222542,-0.0070435684,1.0272917,0.028075911,-0.06091716,1.0425516,-0.005589869,-0.059861004,1.043042,0.063633144,-0.13804457,0.97762764,-0.050033033,-0.13587895,0.9755511,0.11277521,-0.01703762263059616,0.28966209292411804,-0.02309538424015045
