frame,Ankle.R_x,Ankle.R_y,Ankle.R_z,Knee.R_x,Knee.R_y,Knee.R_z,Hip.R_x,Hip.R_y,Hip.R_z,Hip.L_x,Hip.L_y,Hip.L_z,Knee.L_x,Knee.L_y,Knee.L_z,Ankle.L_x,Ankle.L_y,Ankle.L_z,Wrist.R_x,Wrist.R_y,Wrist.R_z,Elbow.R_x,Elbow.R_y,Elbow.R_z,Shoulder.R_x,Shoulder.R_y,Shoulder.R_z,Shoulder.L_x,Shoulder.L_y,Shoulder.L_z,Elbow.L_x,Elbow.L_y,Elbow.L_z,Wrist.L_x,Wrist.L_y,Wrist.L_z,Neck_x,Neck_y,Neck_z,Head_x,Head_y,Head_z,Nose_x,Nose_y,Nose_z,Eye.L_x,Eye.L_y,Eye.L_z,Eye.R_x,Eye.R_y,Eye.R_z,Ear.L_x,Ear.L_y,Ear.L_z,Ear.R_x,Ear.R_y,Ear.R_z,hip.Center_x,hip.Center_y,hip.Center_z
0,-0.07152648,-0.5999145,-0.31153876,-0.09110253,-0.21536599,-0.010989077,-0.13157128,0.25281787,-0.010460241,0.12544973,0.25557545,-0.027379297,0.115375124,-0.20598927,0.041943442,0.078588836,-0.5824928,-0.26984447,-0.36659372,0.15856813,0.05085416,-0.2838922,0.4152657,-0.031757582,-0.1599285,0.68046796,0.025684085,0.14153236,0.68719465,-0.0038929041,0.23997582,0.42238802,-0.09641968,0.3306679,0.17239273,-0.015435655,-0.005462858,0.75230414,0.040984046,-0.009124664,0.9663269,0.07218874,-0.0043317904,0.87292314,0.19758315,0.02750829,0.9147583,0.16153312,-0.03963291,0.9115788,0.16017981,0.06904119,0.8964993,0.069354594,-0.07907914,0.8904798,0.065853946,-0.003060773015022278,0.2541966438293457,-0.018919769674539566
