frame,Ankle.R_x,Ankle.R_y,Ankle.R_z,Knee.R_x,Knee.R_y,Knee.R_z,Hip.R_x,Hip.R_y,Hip.R_z,Hip.L_x,Hip.L_y,Hip.L_z,Knee.L_x,Knee.L_y,Knee.L_z,Ankle.L_x,Ankle.L_y,Ankle.L_z,Wrist.R_x,Wrist.R_y,Wrist.R_z,Elbow.R_x,Elbow.R_y,Elbow.R_z,Shoulder.R_x,Shoulder.R_y,Shoulder.R_z,Shoulder.L_x,Shoulder.L_y,Shoulder.L_z,Elbow.L_x,Elbow.L_y,Elbow.L_z,Wrist.L_x,Wrist.L_y,Wrist.L_z,Neck_x,Neck_y,Neck_z,Head_x,Head_y,Head_z,Nose_x,Nose_y,Nose_z,Eye.L_x,Eye.L_y,Eye.L_z,Eye.R_x,Eye.R_y,Eye.R_z,Ear.L_x,Ear.L_y,Ear.L_z,Ear.R_x,Ear.R_y,Ear.R_z,hip.Center_x,hip.Center_y,hip.Center_z
0,-0.059523113,-0.49976873,-0.27704546,-0.089455724,-0.1434484,-0.03288507,-0.1252292,0.28991964,-0.015776455,0.11322463,0.29416552,-0.009460979,0.10216471,-0.13649665,-0.0077080373,0.09381929,-0.48790443,-0.2639311,-0.54150397,0.40852058,0.06457673,-0.3634925,0.5777122,-0.024345607,-0.17146294,0.7746827,0.005439398,0.12438869,0.7835297,0.0017054603,0.31957343,0.5994731,-0.07370301,0.525691,0.44384524,-0.05011104,-0.023753766,0.8373799,0.035217278,-0.033451173,1.0539242,0.08661386,-0.0415352,0.9496033,0.20631108,-0.006441496,0.993739,0.17564088,-0.0728566,0.98988354,0.16613513,0.048803404,0.98393214,0.08537964,-0.10330992,0.9753448,0.06330495,-0.0060022808611392975,0.2920425832271576,-0.012618716806173325
