frame,Ankle.R_x,Ankle.R_y,Ankle.R_z,Knee.R_x,Knee.R_y,Knee.R_z,Hip.R_x,Hip.R_y,Hip.R_z,Hip.L_x,Hip.L_y,Hip.L_z,Knee.L_x,Knee.L_y,Knee.L_z,Ankle.L_x,Ankle.L_y,Ankle.L_z,Wrist.R_x,Wrist.R_y,Wrist.R_z,Elbow.R_x,Elbow.R_y,Elbow.R_z,Shoulder.R_x,Shoulder.R_y,Shoulder.R_z,Shoulder.L_x,Shoulder.L_y,Shoulder.L_z,Elbow.L_x,Elbow.L_y,Elbow.L_z,Wrist.L_x,Wrist.L_y,Wrist.L_z,Neck_x,Neck_y,Neck_z,Head_x,Head_y,Head_z,Nose_x,Nose_y,Nose_z,Eye.L_x,Eye.L_y,Eye.L_z,Eye.R_x,Eye.R_y,Eye.R_z,Ear.L_x,Ear.L_y,Ear.L_z,Ear.R_x,Ear.R_y,Ear.R_z,hip.Center_x,hip.Center_y,hip.Center_z
0,-0.16594224,-0.5112019,-0.2511284,-0.1280925,-0.14149103,-0.037324976,-0.12270899,0.282511,-0.010026416,0.11336342,0.2800481,-0.011353049,0.115388915,-0.14086688,-0.028584722,0.13607429,-0.5167561,-0.23795025,-0.6519848,0.6108256,0.006291874,-0.40412635,0.6817163,-0.006008053,-0.1442517,0.76528376,0.0046389373,0.13405117,0.7673758,0.0082319705,0.39196333,0.68970394,-0.0281507,0.6444477,0.64127266,-0.019849228,-0.0049432125,0.81291807,0.032630425,-0.004290215,1.0234703,0.06954525,-0.021442581,0.93021476,0.19520612,0.016416958,0.9698111,0.1636878,-0.04910706,0.9687377,0.15227039,0.072213754,0.9510084,0.076975696,-0.075893186,0.9489046,0.051156517,-0.004672784358263016,0.2812795639038086,-0.010689732618629932
