frame,Ankle.R_x,Ankle.R_y,Ankle.R_z,Knee.R_x,Knee.R_y,Knee.R_z,Hip.R_x,Hip.R_y,Hip.R_z,Hip.L_x,Hip.L_y,Hip.L_z,Knee.L_x,Knee.L_y,Knee.L_z,Ankle.L_x,Ankle.L_y,Ankle.L_z,Wrist.R_x,Wrist.R_y,Wrist.R_z,Elbow.R_x,Elbow.R_y,Elbow.R_z,Shoulder.R_x,Shoulder.R_y,Shoulder.R_z,Shoulder.L_x,Shoulder.L_y,Shoulder.L_z,Elbow.L_x,Elbow.L_y,Elbow.L_z,Wrist.L_x,Wrist.L_y,Wrist.L_z,Neck_x,Neck_y,Neck_z,Head_x,Head_y,Head_z,Nose_x,Nose_y,Nose_z,Eye.L_x,Eye.L_y,Eye.L_z,Eye.R_x,Eye.R_y,Eye.R_z,Ear.L_x,Ear.L_y,Ear.L_z,Ear.R_x,Ear.R_y,Ear.R_z,hip.Center_x,hip.Center_y,hip.Center_z
0,-0.08148626,-0.63211983,-0.31774727,-0.07981994,-0.21246235,-0.05326857,-0.13243997,0.2547542,-0.0064279404,0.12599553,0.2562994,-0.02697077,0.102665454,-0.21220413,-0.032869104,0.09010096,-0.62007487,-0.31925958,-0.22623642,0.12218169,0.03942162,-0.2299378,0.39488634,-0.047938175,-0.16513553,0.68230724,0.0015640315,0.14120609,0.69395757,-0.017169166,0.20775558,0.41044405,-0.0882021,0.22657417,0.13360251,-0.030923123,-0.010958202,0.76108074,0.020092035,-0.023836449,0.9767835,0.05777442,-0.012996579,0.87807727,0.17976956,0.016731696,0.9226653,0.14440066,-0.050573964,0.9166517,0.14405943,0.057976354,0.9098793,0.05025997,-0.09093226,0.89741933,0.04875683,-0.0032222196459770203,0.2555267810821533,-0.016699355095624924
