frame,Ankle.R_x,Ankle.R_y,Ankle.R_z,Knee.R_x,Knee.R_y,Knee.R_z,Hip.R_x,Hip.R_y,Hip.R_z,Hip.L_x,Hip.L_y,Hip.L_z,Knee.L_x,Knee.L_y,Knee.L_z,Ankle.L_x,Ankle.L_y,Ankle.L_z,Wrist.R_x,Wrist.R_y,Wrist.R_z,Elbow.R_x,Elbow.R_y,Elbow.R_z,Shoulder.R_x,Shoulder.R_y,Shoulder.R_z,Shoulder.L_x,Shoulder.L_y,Shoulder.L_z,Elbow.L_x,Elbow.L_y,Elbow.L_z,Wrist.L_x,Wrist.L_y,Wrist.L_z,Neck_x,Neck_y,Neck_z,Head_x,Head_y,Head_z,Nose_x,Nose_y,Nose_z,Eye.L_x,Eye.L_y,Eye.L_z,Eye.R_x,Eye.R_y,Eye.R_z,Ear.L_x,Ear.L_y,Ear.L_z,Ear.R_x,Ear.R_y,Ear.R_z,hip.Center_x,hip.Center_y,hip.Center_z
0,-0.15468605,-0.5008598,-0.2478893,-0.122807935,-0.14110063,-0.024194784,-0.12326488,0.28057057,-0.014844312,0.11267138,0.2823662,-0.00841816,0.12197983,-0.13577141,-0.0048853336,0.14904241,-0.5071306,-0.2145986,-0.67009634,0.7445074,0.0395828,-0.41946465,0.7331115,-0.010276369,-0.15001115,0.76728445,0.00049517304,0.12652987,0.76746744,0.012470651,0.39190555,0.721099,-0.009112185,0.6358899,0.7592449,0.050431732,-0.012784814,0.8123294,0.030100077,-0.015759628,1.0239284,0.050306812,-0.021202404,0.94268596,0.18526693,0.01319861,0.97938293,0.14734483,-0.053022914,0.9768743,0.14174692,0.061751723,0.95282197,0.058453895,-0.088431455,0.94764864,0.044877242,-0.005296748131513596,0.28146839141845703,-0.011631235480308533
