frame,Ankle.R_x,Ankle.R_y,Ankle.R_z,Knee.R_x,Knee.R_y,Knee.R_z,Hip.R_x,Hip.R_y,Hip.R_z,Hip.L_x,Hip.L_y,Hip.L_z,Knee.L_x,Knee.L_y,Knee.L_z,Ankle.L_x,Ankle.L_y,Ankle.L_z,Wrist.R_x,Wrist.R_y,Wrist.R_z,Elbow.R_x,Elbow.R_y,Elbow.R_z,Shoulder.R_x,Shoulder.R_y,Shoulder.R_z,Shoulder.L_x,Shoulder.L_y,Shoulder.L_z,Elbow.L_x,Elbow.L_y,Elbow.L_z,Wrist.L_x,Wrist.L_y,Wrist.L_z,Neck_x,Neck_y,Neck_z,Head_x,Head_y,Head_z,Nose_x,Nose_y,Nose_z,Eye.L_x,Eye.L_y,Eye.L_z,Eye.R_x,Eye.R_y,Eye.R_z,Ear.L_x,Ear.L_y,Ear.L_z,Ear.R_x,Ear.R_y,Ear.R_z,hip.Center_x,hip.Center_y,hip.Center_z
0,-0.272293,-0.5573617,0.41341174,-0.12661234,-0.1031405,0.25241947,-0.06520331,0.274527,0.09668143,0.042042483,0.3216954,-0.14925031,0.075141765,0.015713545,-0.4299178,0.06271104,-0.30656403,-0.82842976,0.05433889,0.08476669,0.37833515,-0.0332196,0.37103683,0.33395615,0.03805009,0.67619044,0.26808104,0.14817035,0.75418735,-0.040102214,0.14614609,0.49786848,-0.22815542,0.21429463,0.22312133,-0.3295181,0.120165616,0.787591,0.1363668,0.104713164,0.99266577,0.21422206,0.24904476,0.9617523,0.13682248,0.18806952,0.98721087,0.13307428,0.21829152,0.97429514,0.19497338,0.09262959,0.93729347,0.118914515,0.15733507,0.9024662,0.26341388,-0.011580413207411766,0.2981112003326416,-0.026284441351890564
