frame,Ankle.R_x,Ankle.R_y,Ankle.R_z,Knee.R_x,Knee.R_y,Knee.R_z,Hip.R_x,Hip.R_y,Hip.R_z,Hip.L_x,Hip.L_y,Hip.L_z,Knee.L_x,Knee.L_y,Knee.L_z,Ankle.L_x,Ankle.L_y,Ankle.L_z,Wrist.R_x,Wrist.R_y,Wrist.R_z,Elbow.R_x,Elbow.R_y,Elbow.R_z,Shoulder.R_x,Shoulder.R_y,Shoulder.R_z,Shoulder.L_x,Shoulder.L_y,Shoulder.L_z,Elbow.L_x,Elbow.L_y,Elbow.L_z,Wrist.L_x,Wrist.L_y,Wrist.L_z,Neck_x,Neck_y,Neck_z,Head_x,Head_y,Head_z,Nose_x,Nose_y,Nose_z,Eye.L_x,Eye.L_y,Eye.L_z,Eye.R_x,Eye.R_y,Eye.R_z,Ear.L_x,Ear.L_y,Ear.L_z,Ear.R_x,Ear.R_y,Ear.R_z,hip.Center_x,hip.Center_y,hip.Center_z
0,-0.1493511,-0.6953603,0.080010265,-0.0022068548,-0.19294237,0.08037371,0.053440124,0.29383487,0.10092023,-0.061811127,0.31157488,-0.16039371,-0.047113,-0.17513213,-0.19409248,-0.1272485,-0.69262314,-0.1576173,0.23333341,0.1684295,0.28504416,0.123196915,0.45680615,0.2726451,0.09972758,0.7700164,0.17000434,-0.08811528,0.8146432,-0.116853714,-0.18877453,0.523877,-0.2242898,-0.15886478,0.25829315,-0.3762453,0.024082134,0.8760765,0.016034544,0.01837467,1.1132015,0.030889435,0.05626624,1.0446742,-0.117556505,0.008856006,1.0711088,-0.07713207,0.077901945,1.0806384,-0.06419961,-0.04697202,1.025306,0.006358658,0.11239448,1.0430454,0.041893043,-0.0041855014860630035,0.3027048707008362,-0.02973674237728119
