frame,Ankle.R_x,Ankle.R_y,Ankle.R_z,Knee.R_x,Knee.R_y,Knee.R_z,Hip.R_x,Hip.R_y,Hip.R_z,Hip.L_x,Hip.L_y,Hip.L_z,Knee.L_x,Knee.L_y,Knee.L_z,Ankle.L_x,Ankle.L_y,Ankle.L_z,Wrist.R_x,Wrist.R_y,Wrist.R_z,Elbow.R_x,Elbow.R_y,Elbow.R_z,Shoulder.R_x,Shoulder.R_y,Shoulder.R_z,Shoulder.L_x,Shoulder.L_y,Shoulder.L_z,Elbow.L_x,Elbow.L_y,Elbow.L_z,Wrist.L_x,Wrist.L_y,Wrist.L_z,Neck_x,Neck_y,Neck_z,Head_x,Head_y,Head_z,Nose_x,Nose_y,Nose_z,Eye.L_x,Eye.L_y,Eye.L_z,Eye.R_x,Eye.R_y,Eye.R_z,Ear.L_x,Ear.L_y,Ear.L_z,Ear.R_x,Ear.R_y,Ear.R_z,hip.Center_x,hip.Center_y,hip.Center_z
0,-0.05565294,-0.56316656,-0.3332568,-0.094494976,-0.20082146,-0.02292037,-0.1310715,0.26249325,-0.015937638,0.123381525,0.26523346,-0.019407379,0.10678617,-0.19416565,0.021228533,0.08777496,-0.54614544,-0.30590168,-0.46433064,0.23863226,0.048356965,-0.32735503,0.46679682,-0.03334983,-0.1632863,0.7059281,0.03131632,0.14101692,0.7097323,0.012799547,0.2823611,0.4662983,-0.07976642,0.42811623,0.24263205,-0.013593018,-0.008095833,0.7728138,0.054780282,-0.0110043455,0.98721594,0.102540694,-0.009123325,0.88392687,0.22047,0.023698337,0.92793274,0.18779133,-0.043479327,0.9257184,0.18529543,0.066933796,0.9165553,0.094528526,-0.08273091,0.91226137,0.08834901,-0.0038449838757514954,0.26386335492134094,-0.01767250895500183
