frame,Ankle.R_x,Ankle.R_y,Ankle.R_z,Knee.R_x,Knee.R_y,Knee.R_z,Hip.R_x,Hip.R_y,Hip.R_z,Hip.L_x,Hip.L_y,Hip.L_z,Knee.L_x,Knee.L_y,Knee.L_z,Ankle.L_x,Ankle.L_y,Ankle.L_z,Wrist.R_x,Wrist.R_y,Wrist.R_z,Elbow.R_x,Elbow.R_y,Elbow.R_z,Shoulder.R_x,Shoulder.R_y,Shoulder.R_z,Shoulder.L_x,Shoulder.L_y,Shoulder.L_z,Elbow.L_x,Elbow.L_y,Elbow.L_z,Wrist.L_x,Wrist.L_y,Wrist.L_z,Neck_x,Neck_y,Neck_z,Head_x,Head_y,Head_z,Nose_x,Nose_y,Nose_z,Eye.L_x,Eye.L_y,Eye.L_z,Eye.R_x,Eye.R_y,Eye.R_z,Ear.L_x,Ear.L_y,Ear.L_z,Ear.R_x,Ear.R_y,Ear.R_z,hip.Center_x,hip.Center_y,hip.Center_z
0,-0.14725322,-0.7045456,0.047511227,-0.012882317,-0.19592194,0.091232024,-0.0013041445,0.2968526,0.11186079,-0.010567093,0.3034503,-0.17326324,0.032714777,-0.18494873,-0.18397,-0.028196638,-0.71108806,-0.17399961,0.17165294,0.19089365,0.31785744,0.026510736,0.4644279,0.2842432,0.007021012,0.7753191,0.17291188,-0.064059414,0.8022218,-0.16398975,-0.13329598,0.50127953,-0.2731139,-0.10849213,0.20653537,-0.36585194,-0.008049368,0.8719635,-0.0014757719,-0.01462666,1.1097275,-0.00032799784,0.09754298,1.0365922,-0.10087164,0.036628198,1.0654852,-0.094591886,0.086255476,1.0731175,-0.044570636,-0.05874125,1.0229983,-0.057610583,0.0530072,1.0372877,0.061820496,-0.005935618653893471,0.30015143752098083,-0.030701223760843277
