frame,Ankle.R_x,Ankle.R_y,Ankle.R_z,Knee.R_x,Knee.R_y,Knee.R_z,Hip.R_x,Hip.R_y,Hip.R_z,Hip.L_x,Hip.L_y,Hip.L_z,Knee.L_x,Knee.L_y,Knee.L_z,Ankle.L_x,Ankle.L_y,Ankle.L_z,Wrist.R_x,Wrist.R_y,Wrist.R_z,Elbow.R_x,Elbow.R_y,Elbow.R_z,Shoulder.R_x,Shoulder.R_y,Shoulder.R_z,Shoulder.L_x,Shoulder.L_y,Shoulder.L_z,Elbow.L_x,Elbow.L_y,Elbow.L_z,Wrist.L_x,Wrist.L_y,Wrist.L_z,Neck_x,Neck_y,Neck_z,Head_x,Head_y,Head_z,Nose_x,Nose_y,Nose_z,Eye.L_x,Eye.L_y,Eye.L_z,Eye.R_x,Eye.R_y,Eye.R_z,Ear.L_x,Ear.L_y,Ear.L_z,Ear.R_x,Ear.R_y,Ear.R_z,hip.Center_x,hip.Center_y,hip.Center_z
0,-0.12246649,-0.5355134,-0.13243179,-0.1354724,-0.13194008,0.046332907,-0.12632602,0.3058802,0.004034657,0.11375868,0.29069924,-0.050701052,0.19136308,-0.09773712,0.07308807,0.18333416,-0.501661,-0.11588776,-0.17803921,0.59026015,0.17591757,-0.30230734,0.7257134,-0.0017156322,-0.039603703,0.804371,0.074325316,0.24122076,0.71048224,-0.01895243,0.29943383,0.49028036,-0.19304714,0.2778454,0.3888395,0.037296157,0.1322412,0.80619216,0.06563097,0.21779703,1.0016668,0.1376249,0.22954328,0.87489355,0.2326431,0.25956103,0.91547024,0.19260225,0.19935015,0.9306574,0.21895355,0.2614476,0.9159502,0.0873664,0.12145128,0.95208454,0.14555955,-0.006283670663833618,0.2982897162437439,-0.023333197459578514
