frame,Ankle.R_x,Ankle.R_y,Ankle.R_z,Knee.R_x,Knee.R_y,Knee.R_z,Hip.R_x,Hip.R_y,Hip.R_z,Hip.L_x,Hip.L_y,Hip.L_z,Knee.L_x,Knee.L_y,Knee.L_z,Ankle.L_x,Ankle.L_y,Ankle.L_z,Wrist.R_x,Wrist.R_y,Wrist.R_z,Elbow.R_x,Elbow.R_y,Elbow.R_z,Shoulder.R_x,Shoulder.R_y,Shoulder.R_z,Shoulder.L_x,Shoulder.L_y,Shoulder.L_z,Elbow.L_x,Elbow.L_y,Elbow.L_z,Wrist.L_x,Wrist.L_y,Wrist.L_z,Neck_x,Neck_y,Neck_z,Head_x,Head_y,Head_z,Nose_x,Nose_y,Nose_z,Eye.L_x,Eye.L_y,Eye.L_z,Eye.R_x,Eye.R_y,Eye.R_z,Ear.L_x,Ear.L_y,Ear.L_z,Ear.R_x,Ear.R_y,Ear.R_z,hip.Center_x,hip.Center_y,hip.Center_z
0,-0.13320018,-0.5247425,-0.24000162,-0.10403821,-0.14821176,0.01300224,-0.13151506,0.2943396,-0.009000481,0.11612169,0.31568748,-0.029503755,0.1707258,-0.12373912,0.0059118303,0.19234484,-0.44364247,-0.3200651,-0.054738123,0.42058,0.2331425,-0.23954919,0.44691274,0.04157779,-0.23222543,0.73612136,0.05274661,0.08103758,0.8103684,0.0051801074,0.19414917,0.57818115,-0.13047202,0.14873052,0.3936308,0.052756514,-0.0842969,0.84836423,0.060779188,-0.11786026,1.0759782,0.1123244,-0.07869339,0.9745484,0.23031369,-0.059370294,1.022481,0.18924353,-0.12574214,1.0099654,0.19932415,-0.028097197,1.014647,0.08647142,-0.18374524,0.98688996,0.10782858,-0.0076966844499111176,0.3050135374069214,-0.019252117723226547
