frame,Ankle.R_x,Ankle.R_y,Ankle.R_z,Knee.R_x,Knee.R_y,Knee.R_z,Hip.R_x,Hip.R_y,Hip.R_z,Hip.L_x,Hip.L_y,Hip.L_z,Knee.L_x,Knee.L_y,Knee.L_z,Ankle.L_x,Ankle.L_y,Ankle.L_z,Wrist.R_x,Wrist.R_y,Wrist.R_z,Elbow.R_x,Elbow.R_y,Elbow.R_z,Shoulder.R_x,Shoulder.R_y,Shoulder.R_z,Shoulder.L_x,Shoulder.L_y,Shoulder.L_z,Elbow.L_x,Elbow.L_y,Elbow.L_z,Wrist.L_x,Wrist.L_y,Wrist.L_z,Neck_x,Neck_y,Neck_z,Head_x,Head_y,Head_z,Nose_x,Nose_y,Nose_z,Eye.L_x,Eye.L_y,Eye.L_z,Eye.R_x,Eye.R_y,Eye.R_z,Ear.L_x,Ear.L_y,Ear.L_z,Ear.R_x,Ear.R_y,Ear.R_z,hip.Center_x,hip.Center_y,hip.Center_z
0,-0.12526366,-0.5269837,-0.16349767,-0.10971194,-0.13811398,0.05417138,-0.12587339,0.30673844,0.011490528,0.11165487,0.2941361,-0.05467867,0.17798752,-0.11379004,0.023122147,0.23286784,-0.5222251,-0.16125843,-0.1165728,0.5182917,0.19152635,-0.2592809,0.67257327,0.040147588,-0.01846147,0.80240995,0.10815464,0.24700217,0.70626044,-0.03137053,0.24863732,0.46675494,-0.18841045,0.28552544,0.42895308,0.06100356,0.15359858,0.805772,0.071779996,0.24207217,1.0033964,0.12431596,0.27206042,0.88298905,0.22519188,0.2949226,0.9225978,0.17887929,0.23726597,0.93652695,0.21172193,0.28418484,0.9158648,0.07332608,0.15012023,0.9491427,0.14725913,-0.007109258323907852,0.3004372715950012,-0.02159407176077366
