frame,Ankle.R_x,Ankle.R_y,Ankle.R_z,Knee.R_x,Knee.R_y,Knee.R_z,Hip.R_x,Hip.R_y,Hip.R_z,Hip.L_x,Hip.L_y,Hip.L_z,Knee.L_x,Knee.L_y,Knee.L_z,Ankle.L_x,Ankle.L_y,Ankle.L_z,Wrist.R_x,Wrist.R_y,Wrist.R_z,Elbow.R_x,Elbow.R_y,Elbow.R_z,Shoulder.R_x,Shoulder.R_y,Shoulder.R_z,Shoulder.L_x,Shoulder.L_y,Shoulder.L_z,Elbow.L_x,Elbow.L_y,Elbow.L_z,Wrist.L_x,Wrist.L_y,Wrist.L_z,Neck_x,Neck_y,Neck_z,Head_x,Head_y,Head_z,Nose_x,Nose_y,Nose_z,Eye.L_x,Eye.L_y,Eye.L_z,Eye.R_x,Eye.R_y,Eye.R_z,Ear.L_x,Ear.L_y,Ear.L_z,Ear.R_x,Ear.R_y,Ear.R_z,hip.Center_x,hip.Center_y,hip.Center_z
0,-0.0968235,-0.5081353,-0.21487139,-0.06552821,-0.1290529,0.0022146634,-0.124111176,0.306904,0.016995836,0.11221684,0.31824458,-0.041544743,0.08354104,-0.11733267,-0.04215887,0.020239351,-0.49777424,-0.25302663,-0.027796615,0.4008696,0.17149553,-0.24271049,0.5122838,0.06707749,-0.2116985,0.78845775,0.042822715,0.0850137,0.840703,-0.064447574,0.18500711,0.5971753,-0.17245173,0.16554601,0.42271903,0.016285926,-0.064700164,0.88921374,0.013283909,-0.08334776,1.1242893,0.06437757,-0.016373575,1.0201805,0.16835992,-0.0077617243,1.0682958,0.12326687,-0.06938555,1.0567521,0.15063983,-0.0053658336,1.0611303,0.014808923,-0.15064143,1.0359735,0.07651353,-0.005947168916463852,0.31257426738739014,-0.012274453416466713
