frame,Ankle.R_x,Ankle.R_y,Ankle.R_z,Knee.R_x,Knee.R_y,Knee.R_z,Hip.R_x,Hip.R_y,Hip.R_z,Hip.L_x,Hip.L_y,Hip.L_z,Knee.L_x,Knee.L_y,Knee.L_z,Ankle.L_x,Ankle.L_y,Ankle.L_z,Wrist.R_x,Wrist.R_y,Wrist.R_z,Elbow.R_x,Elbow.R_y,Elbow.R_z,Shoulder.R_x,Shoulder.R_y,Shoulder.R_z,Shoulder.L_x,Shoulder.L_y,Shoulder.L_z,Elbow.L_x,Elbow.L_y,Elbow.L_z,Wrist.L_x,Wrist.L_y,Wrist.L_z,Neck_x,Neck_y,Neck_z,Head_x,Head_y,Head_z,Nose_x,Nose_y,Nose_z,Eye.L_x,Eye.L_y,Eye.L_z,Eye.R_x,Eye.R_y,Eye.R_z,Ear.L_x,Ear.L_y,Ear.L_z,Ear.R_x,Ear.R_y,Ear.R_z,hip.Center_x,hip.Center_y,hip.Center_z
0,-0.22774644,-0.4522495,-0.19228263,-0.09178795,-0.12647577,0.050047223,-0.11749535,0.30408233,0.026527511,0.10335633,0.3076683,-0.061587524,0.15048061,-0.10299936,-0.04104102,0.1656148,-0.51089036,-0.17905425,-0.31059054,0.8086612,0.28346077,-0.3707723,0.72932416,0.058423072,-0.11651561,0.83443993,0.05069479,0.15955836,0.7943253,-0.054826714,0.33776283,0.60469717,-0.14938873,0.4476198,0.77506405,-0.016770113,0.03997198,0.86387,0.030676574,0.07158514,1.0749712,0.09782782,0.1236032,0.95961,0.19576636,0.13823985,1.0063893,0.15323919,0.07697101,1.0037826,0.18108806,0.13739422,1.0035042,0.046427585,-0.0074605662,0.99856347,0.11027044,-0.0070695094764232635,0.305875301361084,-0.017530005425214767
