frame,Ankle.R_x,Ankle.R_y,Ankle.R_z,Knee.R_x,Knee.R_y,Knee.R_z,Hip.R_x,Hip.R_y,Hip.R_z,Hip.L_x,Hip.L_y,Hip.L_z,Knee.L_x,Knee.L_y,Knee.L_z,Ankle.L_x,Ankle.L_y,Ankle.L_z,Wrist.R_x,Wrist.R_y,Wrist.R_z,Elbow.R_x,Elbow.R_y,Elbow.R_z,Shoulder.R_x,Shoulder.R_y,Shoulder.R_z,Shoulder.L_x,Shoulder.L_y,Shoulder.L_z,Elbow.L_x,Elbow.L_y,Elbow.L_z,Wrist.L_x,Wrist.L_y,Wrist.L_z,Neck_x,Neck_y,Neck_z,Head_x,Head_y,Head_z,Nose_x,Nose_y,Nose_z,Eye.L_x,Eye.L_y,Eye.L_z,Eye.R_x,Eye.R_y,Eye.R_z,Ear.L_x,Ear.L_y,Ear.L_z,Ear.R_x,Ear.R_y,Ear.R_z,hip.Center_x,hip.Center_y,hip.Center_z
0,-0.01617693,-0.6584923,-0.25424355,-0.07392611,-0.21045586,-0.044175357,-0.13148035,0.2619894,-0.050285727,0.12133439,0.25563416,0.013826501,0.052874334,-0.21070512,0.024727535,0.061894335,-0.6608543,-0.19174406,-0.2275476,0.26318383,0.06774113,-0.23607387,0.4306705,-0.15871644,-0.15455364,0.70400923,-0.06549032,0.14029767,0.71021795,0.023409296,0.25510383,0.43489978,-0.025309816,0.21024275,0.19452813,0.11076253,-0.016522154,0.77222663,0.008779502,-0.061247345,0.97699463,0.08106367,-0.076848224,0.8515843,0.17460567,-0.04273802,0.9041616,0.16143158,-0.10595741,0.89617234,0.13832983,0.026656467,0.91665554,0.08495162,-0.11385369,0.8998084,0.033011638,-0.005072981119155884,0.2588117718696594,-0.018229613080620766
