frame,Ankle.R_x,Ankle.R_y,Ankle.R_z,Knee.R_x,Knee.R_y,Knee.R_z,Hip.R_x,Hip.R_y,Hip.R_z,Hip.L_x,Hip.L_y,Hip.L_z,Knee.L_x,Knee.L_y,Knee.L_z,Ankle.L_x,Ankle.L_y,Ankle.L_z,Wrist.R_x,Wrist.R_y,Wrist.R_z,Elbow.R_x,Elbow.R_y,Elbow.R_z,Shoulder.R_x,Shoulder.R_y,Shoulder.R_z,Shoulder.L_x,Shoulder.L_y,Shoulder.L_z,Elbow.L_x,Elbow.L_y,Elbow.L_z,Wrist.L_x,Wrist.L_y,Wrist.L_z,Neck_x,Neck_y,Neck_z,Head_x,Head_y,Head_z,Nose_x,Nose_y,Nose_z,Eye.L_x,Eye.L_y,Eye.L_z,Eye.R_x,Eye.R_y,Eye.R_z,Ear.L_x,Ear.L_y,Ear.L_z,Ear.R_x,Ear.R_y,Ear.R_z,hip.Center_x,hip.Center_y,hip.Center_z
0,-0.1249327,-0.51745445,-0.29095972,-0.1144594,-0.14791754,-0.020606628,-0.13149996,0.30043173,-0.021738356,0.12018018,0.30727324,-0.011926329,0.12277725,-0.1435983,-0.00773062,0.14707266,-0.4145348,-0.37657046,-0.15293075,0.53180194,0.19312431,-0.24325877,0.46927294,-0.045473065,-0.21369737,0.743906,0.04858336,0.1071005,0.7935134,0.060944527,0.21603481,0.55598813,-0.07419701,0.14120275,0.39806947,0.121574216,-0.061353467,0.8430571,0.095377885,-0.08456014,1.0684911,0.16344228,-0.04823839,0.9587879,0.27567813,-0.026832886,1.0074441,0.23594135,-0.09359585,0.99884295,0.24880084,-0.0007551089,1.003042,0.13178906,-0.15617275,0.9838419,0.15769581,-0.005659889429807663,0.30385249853134155,-0.016832342371344566
