frame,Ankle.R_x,Ankle.R_y,Ankle.R_z,Knee.R_x,Knee.R_y,Knee.R_z,Hip.R_x,Hip.R_y,Hip.R_z,Hip.L_x,Hip.L_y,Hip.L_z,Knee.L_x,Knee.L_y,Knee.L_z,Ankle.L_x,Ankle.L_y,Ankle.L_z,Wrist.R_x,Wrist.R_y,Wrist.R_z,Elbow.R_x,Elbow.R_y,Elbow.R_z,Shoulder.R_x,Shoulder.R_y,Shoulder.R_z,Shoulder.L_x,Shoulder.L_y,Shoulder.L_z,Elbow.L_x,Elbow.L_y,Elbow.L_z,Wrist.L_x,Wrist.L_y,Wrist.L_z,Neck_x,Neck_y,Neck_z,Head_x,Head_y,Head_z,Nose_x,Nose_y,Nose_z,Eye.L_x,Eye.L_y,Eye.L_z,Eye.R_x,Eye.R_y,Eye.R_z,Ear.L_x,Ear.L_y,Ear.L_z,Ear.R_x,Ear.R_y,Ear.R_z,hip.Center_x,hip.Center_y,hip.Center_z
0,-0.17412288,-0.6351087,-0.32276928,-0.10794101,-0.20473523,-0.07467118,-0.12122454,0.2574935,0.035322525,0.117740035,0.26300934,-0.06765003,0.14140053,-0.20097764,-0.040243946,0.15628341,-0.66996664,-0.22370896,-0.1139141,0.16202615,0.20198947,-0.2010399,0.4213189,0.109591484,-0.096436694,0.7040633,0.10174989,0.15623036,0.68786806,-0.07613061,0.1501034,0.4076698,-0.19126435,0.18410017,0.12933153,-0.13786814,0.056001652,0.7647061,0.036132824,0.11718686,0.97358567,0.085604094,0.18283948,0.8507984,0.15984283,0.19031286,0.89718103,0.11574131,0.1416941,0.9006249,0.16301492,0.15205441,0.8990376,0.019320587,0.043089047,0.9074806,0.12311816,-0.001742251217365265,0.26025140285491943,-0.016163751482963562
