frame,Ankle.R_x,Ankle.R_y,Ankle.R_z,Knee.R_x,Knee.R_y,Knee.R_z,Hip.R_x,Hip.R_y,Hip.R_z,Hip.L_x,Hip.L_y,Hip.L_z,Knee.L_x,Knee.L_y,Knee.L_z,Ankle.L_x,Ankle.L_y,Ankle.L_z,Wrist.R_x,Wrist.R_y,Wrist.R_z,Elbow.R_x,Elbow.R_y,Elbow.R_z,Shoulder.R_x,Shoulder.R_y,Shoulder.R_z,Shoulder.L_x,Shoulder.L_y,Shoulder.L_z,Elbow.L_x,Elbow.L_y,Elbow.L_z,Wrist.L_x,Wrist.L_y,Wrist.L_z,Neck_x,Neck_y,Neck_z,Head_x,Head_y,Head_z,Nose_x,Nose_y,Nose_z,Eye.L_x,Eye.L_y,Eye.L_z,Eye.R_x,Eye.R_y,Eye.R_z,Ear.L_x,Ear.L_y,Ear.L_z,Ear.R_x,Ear.R_y,Ear.R_z,hip.Center_x,hip.Center_y,hip.Center_z
0,-0.08253236,-0.6036098,-0.33996198,-0.082417704,-0.19952528,-0.05925452,-0.13268346,0.26903415,-0.006278061,0.12649181,0.26346245,-0.02457367,0.07537197,-0.20044121,-0.043291952,0.05195292,-0.6089399,-0.31978866,-0.14246848,0.28767636,0.17612855,-0.24556443,0.44882196,-0.026747173,-0.14328934,0.7264708,0.01771837,0.16533819,0.71555525,-0.023291707,0.22252515,0.43554318,-0.112302765,0.17574334,0.28542697,0.112284295,0.019451667,0.79242516,0.024291806,0.031434428,1.0116638,0.07031879,0.030855238,0.905428,0.18794383,0.06558042,0.948509,0.1542009,-0.002376812,0.9498166,0.15379335,0.10681215,0.9356445,0.058498885,-0.044915132,0.9399177,0.05682396,-0.0030958205461502075,0.26624828577041626,-0.015425865538418293
