frame,Ankle.R_x,Ankle.R_y,Ankle.R_z,Knee.R_x,Knee.R_y,Knee.R_z,Hip.R_x,Hip.R_y,Hip.R_z,Hip.L_x,Hip.L_y,Hip.L_z,Knee.L_x,Knee.L_y,Knee.L_z,Ankle.L_x,Ankle.L_y,Ankle.L_z,Wrist.R_x,Wrist.R_y,Wrist.R_z,Elbow.R_x,Elbow.R_y,Elbow.R_z,Shoulder.R_x,Shoulder.R_y,Shoulder.R_z,Shoulder.L_x,Shoulder.L_y,Shoulder.L_z,Elbow.L_x,Elbow.L_y,Elbow.L_z,Wrist.L_x,Wrist.L_y,Wrist.L_z,Neck_x,Neck_y,Neck_z,Head_x,Head_y,Head_z,Nose_x,Nose_y,Nose_z,Eye.L_x,Eye.L_y,Eye.L_z,Eye.R_x,Eye.R_y,Eye.R_z,Ear.L_x,Ear.L_y,Ear.L_z,Ear.R_x,Ear.R_y,Ear.R_z,hip.Center_x,hip.Center_y,hip.Center_z
0,-0.052680623,-0.5460451,-0.062145483,0.030466132,-0.13110769,0.031462565,-0.05627034,0.29288152,0.09461862,0.05304768,0.3053997,-0.11933986,0.06713665,-0.117699616,-0.12162389,-0.0027643577,-0.5352809,-0.22818899,0.14751604,0.44008973,0.09650523,-0.03583887,0.5480737,0.24647585,-0.07958258,0.790589,0.12411157,0.02231477,0.7843784,-0.16960356,0.028492866,0.53504694,-0.30092543,0.10756683,0.41100854,-0.09530701,-0.013679236,0.8541168,-0.01633364,0.036095247,1.0782531,0.024121428,0.11999501,0.9580599,0.084316015,0.11784362,1.0072345,0.042117946,0.07322244,1.0027092,0.092702955,0.0716224,1.010345,-0.05511767,-0.030495182,1.0021739,0.06214709,-0.0016113296151161194,0.299140602350235,-0.012360621243715286
