frame,Ankle.R_x,Ankle.R_y,Ankle.R_z,Knee.R_x,Knee.R_y,Knee.R_z,Hip.R_x,Hip.R_y,Hip.R_z,Hip.L_x,Hip.L_y,Hip.L_z,Knee.L_x,Knee.L_y,Knee.L_z,Ankle.L_x,Ankle.L_y,Ankle.L_z,Wrist.R_x,Wrist.R_y,Wrist.R_z,Elbow.R_x,Elbow.R_y,Elbow.R_z,Shoulder.R_x,Shoulder.R_y,Shoulder.R_z,Shoulder.L_x,Shoulder.L_y,Shoulder.L_z,Elbow.L_x,Elbow.L_y,Elbow.L_z,Wrist.L_x,Wrist.L_y,Wrist.L_z,Neck_x,Neck_y,Neck_z,Head_x,Head_y,Head_z,Nose_x,Nose_y,Nose_z,Eye.L_x,Eye.L_y,Eye.L_z,Eye.R_x,Eye.R_y,Eye.R_z,Ear.L_x,Ear.L_y,Ear.L_z,Ear.R_x,Ear.R_y,Ear.R_z,hip.Center_x,hip.Center_y,hip.Center_z
0,-0.06677699,-0.5922313,-0.21386695,-0.021366874,-0.17463201,-0.009754401,-0.11119309,0.27015674,0.04713787,0.10465334,0.29513767,-0.07491763,0.10318223,-0.15425074,-0.08838372,0.071411714,-0.58287835,-0.2783533,-0.09343041,0.37532508,0.41558155,-0.23823512,0.4953018,0.2183427,-0.17876625,0.748898,0.09183166,0.058115825,0.77042687,-0.10412915,0.109905735,0.5123874,-0.21943368,0.22636113,0.3668641,-0.031001512,-0.047382224,0.8263374,0.014328008,-0.01108283,1.0433061,0.08198949,0.043626264,0.9184771,0.16219114,0.05725847,0.96829605,0.122982174,-0.0011425391,0.96576774,0.15720575,0.043559372,0.97510326,0.018128216,-0.08948681,0.9703038,0.09600292,-0.003269873559474945,0.28264719247817993,-0.013889878988265991
