frame,Ankle.R_x,Ankle.R_y,Ankle.R_z,Knee.R_x,Knee.R_y,Knee.R_z,Hip.R_x,Hip.R_y,Hip.R_z,Hip.L_x,Hip.L_y,Hip.L_z,Knee.L_x,Knee.L_y,Knee.L_z,Ankle.L_x,Ankle.L_y,Ankle.L_z,Wrist.R_x,Wrist.R_y,Wrist.R_z,Elbow.R_x,Elbow.R_y,Elbow.R_z,Shoulder.R_x,Shoulder.R_y,Shoulder.R_z,Shoulder.L_x,Shoulder.L_y,Shoulder.L_z,Elbow.L_x,Elbow.L_y,Elbow.L_z,Wrist.L_x,Wrist.L_y,Wrist.L_z,Neck_x,Neck_y,Neck_z,Head_x,Head_y,Head_z,Nose_x,Nose_y,Nose_z,Eye.L_x,Eye.L_y,Eye.L_z,Eye.R_x,Eye.R_y,Eye.R_z,Ear.L_x,Ear.L_y,Ear.L_z,Ear.R_x,Ear.R_y,Ear.R_z,hip.Center_x,hip.Center_y,hip.Center_z
0,-0.0486826,-0.53741723,-0.14774078,-0.05532165,-0.12689638,0.015574776,-0.12086649,0.3185931,0.021343943,0.11062798,0.29890674,-0.051472466,0.058263473,-0.12920092,-0.039619688,-0.005740313,-0.5443772,-0.1851277,-0.22519033,0.4312966,0.10652921,-0.25962943,0.6604123,-0.016560268,-0.05720231,0.8419328,0.055962816,0.22646762,0.7706465,-0.06002625,0.24368598,0.51732457,-0.1862919,0.23425074,0.46901375,0.06498931,0.112210386,0.86331046,0.034928147,0.14954498,1.0745372,0.117939614,0.14740273,0.9489162,0.2193341,0.1828458,0.99621534,0.18980342,0.11470416,0.998713,0.18966955,0.2273108,0.9971661,0.089936666,0.06849593,1.0055808,0.09057637,-0.005119256675243378,0.3087499141693115,-0.015064261853694916
