frame,Ankle.R_x,Ankle.R_y,Ankle.R_z,Knee.R_x,Knee.R_y,Knee.R_z,Hip.R_x,Hip.R_y,Hip.R_z,Hip.L_x,Hip.L_y,Hip.L_z,Knee.L_x,Knee.L_y,Knee.L_z,Ankle.L_x,Ankle.L_y,Ankle.L_z,Wrist.R_x,Wrist.R_y,Wrist.R_z,Elbow.R_x,Elbow.R_y,Elbow.R_z,Shoulder.R_x,Shoulder.R_y,Shoulder.R_z,Shoulder.L_x,Shoulder.L_y,Shoulder.L_z,Elbow.L_x,Elbow.L_y,Elbow.L_z,Wrist.L_x,Wrist.L_y,Wrist.L_z,Neck_x,Neck_y,Neck_z,Head_x,Head_y,Head_z,Nose_x,Nose_y,Nose_z,Eye.L_x,Eye.L_y,Eye.L_z,Eye.R_x,Eye.R_y,Eye.R_z,Ear.L_x,Ear.L_y,Ear.L_z,Ear.R_x,Ear.R_y,Ear.R_z,hip.Center_x,hip.Center_y,hip.Center_z
0,-0.12739594,-0.5751591,-0.15905489,-0.08339807,-0.16479278,0.056753363,-0.12787104,0.27861318,0.014385036,0.11069558,0.3098356,-0.06496368,0.23932907,-0.09683449,0.07369396,0.16062182,-0.45923907,-0.20517686,-0.06660636,0.36476532,0.22224207,-0.24029171,0.41506746,0.023065496,-0.2420404,0.70200443,0.06266389,0.045472886,0.80356246,-0.035115108,0.15572353,0.59163797,-0.19659412,0.0933974,0.4361298,0.011551258,-0.101211466,0.8199888,0.047805686,-0.10485995,1.0380054,0.119083785,-0.01081194,0.9299213,0.1886296,-0.015937269,0.9794258,0.1463017,-0.06478259,0.96725166,0.1922263,-0.049856387,0.97818637,0.04680993,-0.1652905,0.95036775,0.1500362,-0.008587729185819626,0.2942243814468384,-0.025289323180913925
