frame,Ankle.R_x,Ankle.R_y,Ankle.R_z,Knee.R_x,Knee.R_y,Knee.R_z,Hip.R_x,Hip.R_y,Hip.R_z,Hip.L_x,Hip.L_y,Hip.L_z,Knee.L_x,Knee.L_y,Knee.L_z,Ankle.L_x,Ankle.L_y,Ankle.L_z,Wrist.R_x,Wrist.R_y,Wrist.R_z,Elbow.R_x,Elbow.R_y,Elbow.R_z,Shoulder.R_x,Shoulder.R_y,Shoulder.R_z,Shoulder.L_x,Shoulder.L_y,Shoulder.L_z,Elbow.L_x,Elbow.L_y,Elbow.L_z,Wrist.L_x,Wrist.L_y,Wrist.L_z,Neck_x,Neck_y,Neck_z,Head_x,Head_y,Head_z,Nose_x,Nose_y,Nose_z,Eye.L_x,Eye.L_y,Eye.L_z,Eye.R_x,Eye.R_y,Eye.R_z,Ear.L_x,Ear.L_y,Ear.L_z,Ear.R_x,Ear.R_y,Ear.R_z,hip.Center_x,hip.Center_y,hip.Center_z
0,-0.10584354,-0.5611165,-0.09108338,-0.11494039,-0.14060053,0.05467826,-0.12586662,0.281175,-0.05604507,0.11537898,0.2929781,0.010474139,0.06398058,-0.12671639,0.13561629,0.18899903,-0.44978237,-0.14266177,-0.28042182,0.47474453,0.021274233,-0.3123625,0.5148274,-0.22876441,-0.20987482,0.7289942,-0.07410568,0.06745904,0.79967016,0.022369381,0.33442155,0.70969087,-0.021537196,0.36282796,0.5130138,0.13881454,-0.09073564,0.80952585,0.010497394,-0.16182272,0.99739075,0.10828268,-0.1367343,0.86759526,0.19510055,-0.115511894,0.9252716,0.17829198,-0.17912158,0.9066656,0.16709554,-0.06460936,0.9538328,0.09140767,-0.21084222,0.9122688,0.06337865,-0.005243819206953049,0.28707653284072876,-0.02278546616435051
