frame,Ankle.R_x,Ankle.R_y,Ankle.R_z,Knee.R_x,Knee.R_y,Knee.R_z,Hip.R_x,Hip.R_y,Hip.R_z,Hip.L_x,Hip.L_y,Hip.L_z,Knee.L_x,Knee.L_y,Knee.L_z,Ankle.L_x,Ankle.L_y,Ankle.L_z,Wrist.R_x,Wrist.R_y,Wrist.R_z,Elbow.R_x,Elbow.R_y,Elbow.R_z,Shoulder.R_x,Shoulder.R_y,Shoulder.R_z,Shoulder.L_x,Shoulder.L_y,Shoulder.L_z,Elbow.L_x,Elbow.L_y,Elbow.L_z,Wrist.L_x,Wrist.L_y,Wrist.L_z,Neck_x,Neck_y,Neck_z,Head_x,Head_y,Head_z,Nose_x,Nose_y,Nose_z,Eye.L_x,Eye.L_y,Eye.L_z,Eye.R_x,Eye.R_y,Eye.R_z,Ear.L_x,Ear.L_y,Ear.L_z,Ear.R_x,Ear.R_y,Ear.R_z,hip.Center_x,hip.Center_y,hip.Center_z
0,-0.07939235,-0.5343457,-0.316556,-0.07906409,-0.14950791,-0.06583526,-0.12965897,0.29836592,-0.011489317,0.11903626,0.2968136,-0.012386336,0.06460444,-0.14585501,-0.060881827,0.039210968,-0.5254104,-0.3193939,-0.116703756,0.3728702,0.14160934,-0.25019127,0.50535464,-0.04901322,-0.18389395,0.77766025,0.013183935,0.13239677,0.7975552,-0.00412949,0.21263134,0.5390904,-0.105238035,0.13579957,0.38530236,0.09435277,-0.025304979,0.860075,0.03705711,-0.02870723,1.0863469,0.0986902,-0.031910516,0.97198176,0.2117715,0.0030680634,1.0185927,0.18055394,-0.06513469,1.0168941,0.17593692,0.05343055,1.0127273,0.08534701,-0.10342944,1.0103811,0.07331124,-0.005311354994773865,0.2975897789001465,-0.011937826871871948
