frame,Ankle.R_x,Ankle.R_y,Ankle.R_z,Knee.R_x,Knee.R_y,Knee.R_z,Hip.R_x,Hip.R_y,Hip.R_z,Hip.L_x,Hip.L_y,Hip.L_z,Knee.L_x,Knee.L_y,Knee.L_z,Ankle.L_x,Ankle.L_y,Ankle.L_z,Wrist.R_x,Wrist.R_y,Wrist.R_z,Elbow.R_x,Elbow.R_y,Elbow.R_z,Shoulder.R_x,Shoulder.R_y,Shoulder.R_z,Shoulder.L_x,Shoulder.L_y,Shoulder.L_z,Elbow.L_x,Elbow.L_y,Elbow.L_z,Wrist.L_x,Wrist.L_y,Wrist.L_z,Neck_x,Neck_y,Neck_z,Head_x,Head_y,Head_z,Nose_x,Nose_y,Nose_z,Eye.L_x,Eye.L_y,Eye.L_z,Eye.R_x,Eye.R_y,Eye.R_z,Ear.L_x,Ear.L_y,Ear.L_z,Ear.R_x,Ear.R_y,Ear.R_z,hip.Center_x,hip.Center_y,hip.Center_z
0,-0.17562367,-0.49697462,-0.24160697,-0.10822377,-0.12348628,-0.036857657,-0.11988072,0.30345342,0.026317317,0.10980668,0.3061223,-0.04496523,0.11384777,-0.108795926,-0.09616476,0.12625006,-0.49419937,-0.29577526,-0.18977019,0.86019224,0.234717,-0.36561084,0.79620075,0.076601416,-0.10291981,0.85589856,0.043840148,0.16274542,0.79455566,-0.047099914,0.27827018,0.5553266,-0.11925468,0.37581256,0.711991,0.032543976,0.04872869,0.8748927,0.03157491,0.10633051,1.0798773,0.13057844,0.14770582,0.93925965,0.19688752,0.16588508,0.99163663,0.16322182,0.1078981,0.9914105,0.19783829,0.15324974,1.0129807,0.05941928,0.017217994,1.014188,0.13680676,-0.005037020891904831,0.30478787422180176,-0.009323956444859505
