frame,Ankle.R_x,Ankle.R_y,Ankle.R_z,Knee.R_x,Knee.R_y,Knee.R_z,Hip.R_x,Hip.R_y,Hip.R_z,Hip.L_x,Hip.L_y,Hip.L_z,Knee.L_x,Knee.L_y,Knee.L_z,Ankle.L_x,Ankle.L_y,Ankle.L_z,Wrist.R_x,Wrist.R_y,Wrist.R_z,Elbow.R_x,Elbow.R_y,Elbow.R_z,Shoulder.R_x,Shoulder.R_y,Shoulder.R_z,Shoulder.L_x,Shoulder.L_y,Shoulder.L_z,Elbow.L_x,Elbow.L_y,Elbow.L_z,Wrist.L_x,Wrist.L_y,Wrist.L_z,Neck_x,Neck_y,Neck_z,Head_x,Head_y,Head_z,Nose_x,Nose_y,Nose_z,Eye.L_x,Eye.L_y,Eye.L_z,Eye.R_x,Eye.R_y,Eye.R_z,Ear.L_x,Ear.L_y,Ear.L_z,Ear.R_x,Ear.R_y,Ear.R_z,hip.Center_x,hip.Center_y,hip.Center_z
0,-0.021570908,-0.52167135,-0.27516708,-0.07867787,-0.13253027,-0.073285975,-0.12772217,0.30645883,-0.032251943,0.11397764,0.28253585,0.011871851,0.036751702,-0.13923834,-0.039368074,0.018735068,-0.5391152,-0.22871903,-0.22852926,0.7497818,0.023332434,-0.21912442,0.6671256,-0.2086313,-0.07266921,0.83246315,-0.048863225,0.19533378,0.79410493,0.0037997877,0.32008612,0.58899593,-0.13396735,0.2805716,0.5690642,0.10666233,0.061830923,0.8635228,0.02000498,0.07064922,1.0777016,0.09162533,0.048796766,0.9611143,0.2025272,0.0894334,1.0050364,0.17609262,0.022208788,1.0088289,0.1667211,0.14510661,0.99855864,0.08469991,-0.007484477,1.0088607,0.060417555,-0.006872266530990601,0.2944973409175873,-0.010190045461058617
