frame,Ankle.R_x,Ankle.R_y,Ankle.R_z,Knee.R_x,Knee.R_y,Knee.R_z,Hip.R_x,Hip.R_y,Hip.R_z,Hip.L_x,Hip.L_y,Hip.L_z,Knee.L_x,Knee.L_y,Knee.L_z,Ankle.L_x,Ankle.L_y,Ankle.L_z,Wrist.R_x,Wrist.R_y,Wrist.R_z,Elbow.R_x,Elbow.R_y,Elbow.R_z,Shoulder.R_x,Shoulder.R_y,Shoulder.R_z,Shoulder.L_x,Shoulder.L_y,Shoulder.L_z,Elbow.L_x,Elbow.L_y,Elbow.L_z,Wrist.L_x,Wrist.L_y,Wrist.L_z,Neck_x,Neck_y,Neck_z,Head_x,Head_y,Head_z,Nose_x,Nose_y,Nose_z,Eye.L_x,Eye.L_y,Eye.L_z,Eye.R_x,Eye.R_y,Eye.R_z,Ear.L_x,Ear.L_y,Ear.L_z,Ear.R_x,Ear.R_y,Ear.R_z,hip.Center_x,hip.Center_y,hip.Center_z
0,-0.11839377,-0.5147972,-0.26401713,-0.097751245,-0.13562413,-0.04621096,-0.12501292,0.29849416,0.012784014,0.113066494,0.30106333,-0.03643201,0.13547292,-0.11871009,-0.069258936,0.17674825,-0.5047498,-0.2783399,-0.2514201,0.8050534,0.26843083,-0.3613014,0.8319756,0.043658584,-0.08764088,0.84647024,0.060593624,0.1774555,0.7752296,-0.014501551,0.31756067,0.5551091,-0.11050712,0.39295936,0.71350324,0.05757579,0.062385403,0.85208946,0.06341594,0.113406084,1.0383822,0.19025265,0.12360994,0.8912143,0.2524321,0.15446736,0.9429516,0.22971994,0.089534976,0.9466915,0.24702626,0.17296945,0.9715961,0.12877262,0.022200061,0.98178554,0.16697451,-0.005973212420940399,0.2997787594795227,-0.011823996901512146
