frame,Ankle.R_x,Ankle.R_y,Ankle.R_z,Knee.R_x,Knee.R_y,Knee.R_z,Hip.R_x,Hip.R_y,Hip.R_z,Hip.L_x,Hip.L_y,Hip.L_z,Knee.L_x,Knee.L_y,Knee.L_z,Ankle.L_x,Ankle.L_y,Ankle.L_z,Wrist.R_x,Wrist.R_y,Wrist.R_z,Elbow.R_x,Elbow.R_y,Elbow.R_z,Shoulder.R_x,Shoulder.R_y,Shoulder.R_z,Shoulder.L_x,Shoulder.L_y,Shoulder.L_z,Elbow.L_x,Elbow.L_y,Elbow.L_z,Wrist.L_x,Wrist.L_y,Wrist.L_z,Neck_x,Neck_y,Neck_z,Head_x,Head_y,Head_z,Nose_x,Nose_y,Nose_z,Eye.L_x,Eye.L_y,Eye.L_z,Eye.R_x,Eye.R_y,Eye.R_z,Ear.L_x,Ear.L_y,Ear.L_z,Ear.R_x,Ear.R_y,Ear.R_z,hip.Center_x,hip.Center_y,hip.Center_z
0,-0.17607109,-0.53973883,-0.29826882,-0.106725395,-0.19170824,0.025160678,-0.12976572,0.27062717,0.0046744943,0.12282859,0.2840291,-0.04497138,0.11700135,-0.17588629,0.021260165,0.05518043,-0.5755505,-0.24215595,-0.031609867,0.24791081,0.23430151,-0.21896079,0.39705598,0.08968449,-0.20901875,0.69395345,0.061506584,0.08276431,0.7606993,-0.041755404,0.17509338,0.49948764,-0.14680332,0.18167803,0.3047955,0.045431446,-0.06830641,0.80259556,0.033439796,-0.093968846,1.026429,0.0724057,-0.036474723,0.9307834,0.18504775,-0.023579877,0.976707,0.14067695,-0.087134734,0.9660145,0.16261412,-0.013006948,0.9638791,0.036903244,-0.15756744,0.94077575,0.0851962,-0.0034685656428337097,0.27732813358306885,-0.020148443058133125
