frame,Ankle.R_x,Ankle.R_y,Ankle.R_z,Knee.R_x,Knee.R_y,Knee.R_z,Hip.R_x,Hip.R_y,Hip.R_z,Hip.L_x,Hip.L_y,Hip.L_z,Knee.L_x,Knee.L_y,Knee.L_z,Ankle.L_x,Ankle.L_y,Ankle.L_z,Wrist.R_x,Wrist.R_y,Wrist.R_z,Elbow.R_x,Elbow.R_y,Elbow.R_z,Shoulder.R_x,Shoulder.R_y,Shoulder.R_z,Shoulder.L_x,Shoulder.L_y,Shoulder.L_z,Elbow.L_x,Elbow.L_y,Elbow.L_z,Wrist.L_x,Wrist.L_y,Wrist.L_z,Neck_x,Neck_y,Neck_z,Head_x,Head_y,Head_z,Nose_x,Nose_y,Nose_z,Eye.L_x,Eye.L_y,Eye.L_z,Eye.R_x,Eye.R_y,Eye.R_z,Ear.L_x,Ear.L_y,Ear.L_z,Ear.R_x,Ear.R_y,Ear.R_z,hip.Center_x,hip.Center_y,hip.Center_z
0,-0.2276353,-0.4717623,-0.20779918,-0.09666128,-0.12284187,7.2296243e-06,-0.11313228,0.3047737,0.036268935,0.10155715,0.3109942,-0.062090036,0.13863537,-0.099609524,-0.069066375,0.15306431,-0.4987038,-0.22339386,-0.2274715,0.874944,0.28957424,-0.35509604,0.73979384,0.13375472,-0.111581326,0.8414225,0.06747544,0.15731753,0.7925981,-0.053878248,0.29569206,0.56745744,-0.12751478,0.4149324,0.7440371,-0.020289157,0.044998735,0.8707735,0.034334797,0.101858385,1.0839921,0.096275434,0.17376201,0.9609917,0.16883096,0.1768861,1.0085232,0.124531664,0.12897387,1.0089942,0.17197466,0.13920969,1.0108014,0.02516063,0.024814345,1.0129088,0.13360497,-0.005787566304206848,0.30788394808769226,-0.012910550460219383
