frame,Ankle.R_x,Ankle.R_y,Ankle.R_z,Knee.R_x,Knee.R_y,Knee.R_z,Hip.R_x,Hip.R_y,Hip.R_z,Hip.L_x,Hip.L_y,Hip.L_z,Knee.L_x,Knee.L_y,Knee.L_z,Ankle.L_x,Ankle.L_y,Ankle.L_z,Wrist.R_x,Wrist.R_y,Wrist.R_z,Elbow.R_x,Elbow.R_y,Elbow.R_z,Shoulder.R_x,Shoulder.R_y,Shoulder.R_z,Shoulder.L_x,Shoulder.L_y,Shoulder.L_z,Elbow.L_x,Elbow.L_y,Elbow.L_z,Wrist.L_x,Wrist.L_y,Wrist.L_z,Neck_x,Neck_y,Neck_z,Head_x,Head_y,Head_z,Nose_x,Nose_y,Nose_z,Eye.L_x,Eye.L_y,Eye.L_z,Eye.R_x,Eye.R_y,Eye.R_z,Ear.L_x,Ear.L_y,Ear.L_z,Ear.R_x,Ear.R_y,Ear.R_z,hip.Center_x,hip.Center_y,hip.Center_z
0,-0.026635926,-0.5251754,-0.27686137,-0.078679584,-0.1356778,-0.07092534,-0.12793656,0.30372503,-0.030330338,0.11439837,0.28416955,0.009797229,0.043272972,-0.14043908,-0.03876166,0.027466813,-0.54073834,-0.23093176,-0.23541586,0.7558904,0.031068267,-0.23769596,0.6382898,-0.1857162,-0.09085137,0.8261183,-0.0551615,0.18264695,0.79693407,-0.0030824877,0.33024907,0.5751819,-0.081623465,0.29141217,0.6554608,0.14590153,0.045495942,0.8639155,0.009693157,0.049804784,1.0770717,0.08925524,0.03697885,0.9541502,0.19382234,0.07474041,1.0008657,0.16820675,0.007188905,1.0027784,0.16191311,0.12618488,1.0015063,0.074506,-0.027416196,1.0073907,0.05731663,-0.006769094616174698,0.2939472794532776,-0.010266553610563278
