frame,Ankle.R_x,Ankle.R_y,Ankle.R_z,Knee.R_x,Knee.R_y,Knee.R_z,Hip.R_x,Hip.R_y,Hip.R_z,Hip.L_x,Hip.L_y,Hip.L_z,Knee.L_x,Knee.L_y,Knee.L_z,Ankle.L_x,Ankle.L_y,Ankle.L_z,Wrist.R_x,Wrist.R_y,Wrist.R_z,Elbow.R_x,Elbow.R_y,Elbow.R_z,Shoulder.R_x,Shoulder.R_y,Shoulder.R_z,Shoulder.L_x,Shoulder.L_y,Shoulder.L_z,Elbow.L_x,Elbow.L_y,Elbow.L_z,Wrist.L_x,Wrist.L_y,Wrist.L_z,Neck_x,Neck_y,Neck_z,Head_x,Head_y,Head_z,Nose_x,Nose_y,Nose_z,Eye.L_x,Eye.L_y,Eye.L_z,Eye.R_x,Eye.R_y,Eye.R_z,Ear.L_x,Ear.L_y,Ear.L_z,Ear.R_x,Ear.R_y,Ear.R_z,hip.Center_x,hip.Center_y,hip.Center_z
0,-0.28354725,-0.5105578,-0.18904205,-0.11995579,-0.14172167,0.018941473,-0.108296424,0.3071315,0.04581751,0.101165526,0.28975597,-0.0848761,0.13766503,-0.12911594,0.016537974,0.10980597,-0.5667706,-0.105915874,-0.029272176,0.3410111,0.2300811,-0.1866411,0.5339527,0.13721463,-0.0456784,0.78121555,0.10010074,0.17542939,0.75773,-0.1257053,0.14834762,0.5224658,-0.28595576,0.17722084,0.39319804,-0.060485613,0.09924762,0.8309208,0.011231457,0.18403411,1.033051,0.080904044,0.22264801,0.8982271,0.15642017,0.24194673,0.9461341,0.11670381,0.18532988,0.95228916,0.15386127,0.22503373,0.9577572,0.011345871,0.09478134,0.9727599,0.09781876,-0.0035654492676258087,0.2984437346458435,-0.019529294222593307
