frame,Ankle.R_x,Ankle.R_y,Ankle.R_z,Knee.R_x,Knee.R_y,Knee.R_z,Hip.R_x,Hip.R_y,Hip.R_z,Hip.L_x,Hip.L_y,Hip.L_z,Knee.L_x,Knee.L_y,Knee.L_z,Ankle.L_x,Ankle.L_y,Ankle.L_z,Wrist.R_x,Wrist.R_y,Wrist.R_z,Elbow.R_x,Elbow.R_y,Elbow.R_z,Shoulder.R_x,Shoulder.R_y,Shoulder.R_z,Shoulder.L_x,Shoulder.L_y,Shoulder.L_z,Elbow.L_x,Elbow.L_y,Elbow.L_z,Wrist.L_x,Wrist.L_y,Wrist.L_z,Neck_x,Neck_y,Neck_z,Head_x,Head_y,Head_z,Nose_x,Nose_y,Nose_z,Eye.L_x,Eye.L_y,Eye.L_z,Eye.R_x,Eye.R_y,Eye.R_z,Ear.L_x,Ear.L_y,Ear.L_z,Ear.R_x,Ear.R_y,Ear.R_z,hip.Center_x,hip.Center_y,hip.Center_z
0,-0.2129395,-0.4681447,-0.2719455,-0.17231148,-0.12185134,-0.01918073,-0.12366207,0.29083782,-0.041998997,0.11349989,0.29656202,0.007098892,0.122859,-0.12655875,-0.006676144,0.13954163,-0.5161054,-0.19364974,-0.3225466,0.6607456,0.030111054,-0.3456444,0.58108383,-0.20135128,-0.20493312,0.7602772,-0.050920747,0.043087646,0.8330692,0.05701449,0.28625527,0.87727606,0.17305452,0.18394394,0.95986176,0.38178885,-0.09660633,0.833455,0.032524675,-0.1469659,1.0323164,0.11558617,-0.117546216,0.9129092,0.21784346,-0.09609775,0.9662471,0.18984699,-0.16160029,0.9513098,0.19029555,-0.056044474,0.9793324,0.09312509,-0.20854901,0.9453218,0.090051256,-0.005081091076135635,0.2936999201774597,-0.017450053244829178
