frame,Ankle.R_x,Ankle.R_y,Ankle.R_z,Knee.R_x,Knee.R_y,Knee.R_z,Hip.R_x,Hip.R_y,Hip.R_z,Hip.L_x,Hip.L_y,Hip.L_z,Knee.L_x,Knee.L_y,Knee.L_z,Ankle.L_x,Ankle.L_y,Ankle.L_z,Wrist.R_x,Wrist.R_y,Wrist.R_z,Elbow.R_x,Elbow.R_y,Elbow.R_z,Shoulder.R_x,Shoulder.R_y,Shoulder.R_z,Shoulder.L_x,Shoulder.L_y,Shoulder.L_z,Elbow.L_x,Elbow.L_y,Elbow.L_z,Wrist.L_x,Wrist.L_y,Wrist.L_z,Neck_x,Neck_y,Neck_z,Head_x,Head_y,Head_z,Nose_x,Nose_y,Nose_z,Eye.L_x,Eye.L_y,Eye.L_z,Eye.R_x,Eye.R_y,Eye.R_z,Ear.L_x,Ear.L_y,Ear.L_z,Ear.R_x,Ear.R_y,Ear.R_z,hip.Center_x,hip.Center_y,hip.Center_z
0,-0.14475738,-0.46065173,-0.18540192,-0.18239298,-0.10503194,0.05430667,-0.12084903,0.2987339,-0.053197607,0.11351462,0.30140033,0.011388266,0.07867181,-0.12685432,0.038414877,0.081275195,-0.5021311,-0.17919974,-0.4212518,0.5885128,0.035463244,-0.3176571,0.53056854,-0.18186986,-0.21614037,0.7519474,-0.04872448,0.047280945,0.8367636,0.060819477,0.31453696,0.8041742,0.1173863,0.20347226,0.83327323,0.33536607,-0.10366063,0.8416199,0.038748723,-0.14249843,1.0520253,0.10792521,-0.13352291,0.9381093,0.21969348,-0.10443959,0.9876031,0.18936732,-0.17127897,0.97885215,0.18515408,-0.054868516,0.9885317,0.09548486,-0.21073677,0.9693959,0.08238003,-0.003667205572128296,0.30006712675094604,-0.020904671400785446
