frame,Ankle.R_x,Ankle.R_y,Ankle.R_z,Knee.R_x,Knee.R_y,Knee.R_z,Hip.R_x,Hip.R_y,Hip.R_z,Hip.L_x,Hip.L_y,Hip.L_z,Knee.L_x,Knee.L_y,Knee.L_z,Ankle.L_x,Ankle.L_y,Ankle.L_z,Wrist.R_x,Wrist.R_y,Wrist.R_z,Elbow.R_x,Elbow.R_y,Elbow.R_z,Shoulder.R_x,Shoulder.R_y,Shoulder.R_z,Shoulder.L_x,Shoulder.L_y,Shoulder.L_z,Elbow.L_x,Elbow.L_y,Elbow.L_z,Wrist.L_x,Wrist.L_y,Wrist.L_z,Neck_x,Neck_y,Neck_z,Head_x,Head_y,Head_z,Nose_x,Nose_y,Nose_z,Eye.L_x,Eye.L_y,Eye.L_z,Eye.R_x,Eye.R_y,Eye.R_z,Ear.L_x,Ear.L_y,Ear.L_z,Ear.R_x,Ear.R_y,Ear.R_z,hip.Center_x,hip.Center_y,hip.Center_z
0,-0.01855592,-0.6102897,-0.29435578,-0.08048827,-0.18491033,-0.07187549,-0.12680538,0.2811696,-0.057093684,0.11511909,0.26425946,0.025859177,0.043411825,-0.18963987,-0.021932125,0.05296966,-0.62206113,-0.24154948,-0.23187855,0.35191637,0.0772243,-0.21619049,0.4799869,-0.16664028,-0.12366228,0.74614894,-0.080401085,0.16583908,0.7277409,0.03069589,0.24444672,0.43983966,0.015442037,0.16938394,0.22415625,0.16877116,0.01616558,0.8071903,0.0017595412,-0.009746583,1.0254151,0.056532595,-0.048394527,0.9109197,0.15913826,-0.006662231,0.9579561,0.14406988,-0.06866039,0.95525765,0.116272435,0.070806816,0.9551066,0.07266022,-0.06815027,0.9498435,0.009254232,-0.0058431439101696014,0.2727145254611969,-0.015617253258824348
