frame,Ankle.R_x,Ankle.R_y,Ankle.R_z,Knee.R_x,Knee.R_y,Knee.R_z,Hip.R_x,Hip.R_y,Hip.R_z,Hip.L_x,Hip.L_y,Hip.L_z,Knee.L_x,Knee.L_y,Knee.L_z,Ankle.L_x,Ankle.L_y,Ankle.L_z,Wrist.R_x,Wrist.R_y,Wrist.R_z,Elbow.R_x,Elbow.R_y,Elbow.R_z,Shoulder.R_x,Shoulder.R_y,Shoulder.R_z,Shoulder.L_x,Shoulder.L_y,Shoulder.L_z,Elbow.L_x,Elbow.L_y,Elbow.L_z,Wrist.L_x,Wrist.L_y,Wrist.L_z,Neck_x,Neck_y,Neck_z,Head_x,Head_y,Head_z,Nose_x,Nose_y,Nose_z,Eye.L_x,Eye.L_y,Eye.L_z,Eye.R_x,Eye.R_y,Eye.R_z,Ear.L_x,Ear.L_y,Ear.L_z,Ear.R_x,Ear.R_y,Ear.R_z,hip.Center_x,hip.Center_y,hip.Center_z
0,-0.11271913,-0.55753773,-0.0887243,-0.05945166,-0.14745067,0.095571816,-0.12034635,0.2944091,0.033000924,0.10206548,0.28820083,-0.08524286,0.2355128,-0.08348892,0.061792396,0.2534033,-0.5051474,-0.11209312,-0.017484795,0.4406619,0.22957553,-0.21267474,0.5408669,0.08862468,-0.029613227,0.7473975,0.13863821,0.22749782,0.7079365,-0.035792485,0.22232969,0.47784945,-0.2026985,0.22723015,0.42342815,0.050292276,0.1320762,0.78024644,0.086096406,0.20190448,0.96864367,0.18023115,0.22318316,0.831393,0.25589687,0.25080103,0.8799696,0.22460243,0.1876414,0.88471264,0.24815385,0.2585448,0.8966932,0.119852416,0.11350961,0.90838337,0.17467052,-0.009140435606241226,0.29130494594573975,-0.026120968163013458
