frame,Ankle.R_x,Ankle.R_y,Ankle.R_z,Knee.R_x,Knee.R_y,Knee.R_z,Hip.R_x,Hip.R_y,Hip.R_z,Hip.L_x,Hip.L_y,Hip.L_z,Knee.L_x,Knee.L_y,Knee.L_z,Ankle.L_x,Ankle.L_y,Ankle.L_z,Wrist.R_x,Wrist.R_y,Wrist.R_z,Elbow.R_x,Elbow.R_y,Elbow.R_z,Shoulder.R_x,Shoulder.R_y,Shoulder.R_z,Shoulder.L_x,Shoulder.L_y,Shoulder.L_z,Elbow.L_x,Elbow.L_y,Elbow.L_z,Wrist.L_x,Wrist.L_y,Wrist.L_z,Neck_x,Neck_y,Neck_z,Head_x,Head_y,Head_z,Nose_x,Nose_y,Nose_z,Eye.L_x,Eye.L_y,Eye.L_z,Eye.R_x,Eye.R_y,Eye.R_z,Ear.L_x,Ear.L_y,Ear.L_z,Ear.R_x,Ear.R_y,Ear.R_z,hip.Center_x,hip.Center_y,hip.Center_z
0,-0.109266214,-0.51363593,-0.305228,-0.112989984,-0.1362995,-0.075874776,-0.12757137,0.29750988,-0.032679733,0.11477187,0.2849344,0.010369997,0.086992875,-0.14067906,-0.047071256,0.1307644,-0.51652354,-0.27700993,-0.33252788,0.70856297,0.019865423,-0.2591075,0.5936482,-0.18409614,-0.13456036,0.7956397,-0.04743889,0.1336942,0.8141222,0.01562263,0.37602872,0.6848906,-0.02746861,0.2827468,0.7901299,0.17150891,-0.009883858,0.85210055,0.023291081,-0.04508404,1.0547727,0.121998265,-0.05417995,0.9191356,0.20729364,-0.021284502,0.9732903,0.19479398,-0.085687734,0.9668517,0.17622188,0.04415952,0.993632,0.11314955,-0.103156984,0.9811604,0.06918141,-0.006399750709533691,0.29122215509414673,-0.011154867708683014
