frame,Ankle.R_x,Ankle.R_y,Ankle.R_z,Knee.R_x,Knee.R_y,Knee.R_z,Hip.R_x,Hip.R_y,Hip.R_z,Hip.L_x,Hip.L_y,Hip.L_z,Knee.L_x,Knee.L_y,Knee.L_z,Ankle.L_x,Ankle.L_y,Ankle.L_z,Wrist.R_x,Wrist.R_y,Wrist.R_z,Elbow.R_x,Elbow.R_y,Elbow.R_z,Shoulder.R_x,Shoulder.R_y,Shoulder.R_z,Shoulder.L_x,Shoulder.L_y,Shoulder.L_z,Elbow.L_x,Elbow.L_y,Elbow.L_z,Wrist.L_x,Wrist.L_y,Wrist.L_z,Neck_x,Neck_y,Neck_z,Head_x,Head_y,Head_z,Nose_x,Nose_y,Nose_z,Eye.L_x,Eye.L_y,Eye.L_z,Eye.R_x,Eye.R_y,Eye.R_z,Ear.L_x,Ear.L_y,Ear.L_z,Ear.R_x,Ear.R_y,Ear.R_z,hip.Center_x,hip.Center_y,hip.Center_z
0,-0.15471153,-0.62442625,-0.3240684,-0.10520027,-0.20731346,-0.055975955,-0.1262545,0.261093,0.022205848,0.12179575,0.26068786,-0.05596665,0.13276178,-0.20224471,-0.018058445,0.14380413,-0.65380305,-0.23535793,-0.16717513,0.19269165,0.19741452,-0.23187864,0.4456495,0.082124196,-0.09285828,0.71202826,0.09577879,0.17632209,0.68927133,-0.05202835,0.18989134,0.42376834,-0.19378187,0.24265397,0.17068894,-0.084503345,0.067166574,0.7629679,0.052243106,0.13166846,0.96039677,0.13443139,0.16236459,0.8253234,0.20926175,0.18625128,0.87405145,0.17499414,0.12627432,0.87886894,0.2061472,0.17874116,0.8885455,0.07230426,0.04513529,0.9000778,0.14125438,-0.0022293739020824432,0.2608904242515564,-0.016880400478839874
