frame,Ankle.R_x,Ankle.R_y,Ankle.R_z,Knee.R_x,Knee.R_y,Knee.R_z,Hip.R_x,Hip.R_y,Hip.R_z,Hip.L_x,Hip.L_y,Hip.L_z,Knee.L_x,Knee.L_y,Knee.L_z,Ankle.L_x,Ankle.L_y,Ankle.L_z,Wrist.R_x,Wrist.R_y,Wrist.R_z,Elbow.R_x,Elbow.R_y,Elbow.R_z,Shoulder.R_x,Shoulder.R_y,Shoulder.R_z,Shoulder.L_x,Shoulder.L_y,Shoulder.L_z,Elbow.L_x,Elbow.L_y,Elbow.L_z,Wrist.L_x,Wrist.L_y,Wrist.L_z,Neck_x,Neck_y,Neck_z,Head_x,Head_y,Head_z,Nose_x,Nose_y,Nose_z,Eye.L_x,Eye.L_y,Eye.L_z,Eye.R_x,Eye.R_y,Eye.R_z,Ear.L_x,Ear.L_y,Ear.L_z,Ear.R_x,Ear.R_y,Ear.R_z,hip.Center_x,hip.Center_y,hip.Center_z
0,-0.16440485,-0.5540104,-0.15475868,-0.099453114,-0.14815645,0.03897,-0.12789243,0.2873136,0.0064026914,0.1118549,0.31798854,-0.048974913,0.19138065,-0.10881594,0.03169096,0.18235755,-0.5034374,-0.19583833,-0.040891133,0.43761465,0.2044944,-0.24781252,0.44591334,0.037521545,-0.26036417,0.7255751,0.042587247,0.027380958,0.83219737,-0.037736483,0.17468433,0.62556434,-0.1632658,0.12205393,0.44408047,0.020818003,-0.12244104,0.8431561,0.033591524,-0.123432234,1.0612301,0.11194772,-0.033695817,0.9472264,0.178759,-0.037131175,0.9984748,0.13810259,-0.08697965,0.98604333,0.18273085,-0.069437936,1.0021425,0.03718035,-0.18841107,0.9738122,0.13861346,-0.008018765598535538,0.3026510775089264,-0.02128611132502556
