frame,Ankle.R_x,Ankle.R_y,Ankle.R_z,Knee.R_x,Knee.R_y,Knee.R_z,Hip.R_x,Hip.R_y,Hip.R_z,Hip.L_x,Hip.L_y,Hip.L_z,Knee.L_x,Knee.L_y,Knee.L_z,Ankle.L_x,Ankle.L_y,Ankle.L_z,Wrist.R_x,Wrist.R_y,Wrist.R_z,Elbow.R_x,Elbow.R_y,Elbow.R_z,Shoulder.R_x,Shoulder.R_y,Shoulder.R_z,Shoulder.L_x,Shoulder.L_y,Shoulder.L_z,Elbow.L_x,Elbow.L_y,Elbow.L_z,Wrist.L_x,Wrist.L_y,Wrist.L_z,Neck_x,Neck_y,Neck_z,Head_x,Head_y,Head_z,Nose_x,Nose_y,Nose_z,Eye.L_x,Eye.L_y,Eye.L_z,Eye.R_x,Eye.R_y,Eye.R_z,Ear.L_x,Ear.L_y,Ear.L_z,Ear.R_x,Ear.R_y,Ear.R_z,hip.Center_x,hip.Center_y,hip.Center_z
0,-0.1450797,-0.51304305,-0.22569445,-0.10909422,-0.14450835,0.03076677,-0.130501,0.29408967,-0.0056610703,0.11500288,0.3164077,-0.033981785,0.1758751,-0.11713619,0.018328637,0.18910402,-0.4593182,-0.27927452,-0.021166645,0.40768436,0.2758597,-0.22417119,0.45009327,0.10594175,-0.22914341,0.73486423,0.0627931,0.0759575,0.81138915,-0.014846782,0.18501516,0.5803731,-0.15072772,0.14548583,0.4033746,0.038728125,-0.08531883,0.84830165,0.05133083,-0.120524235,1.0767208,0.099973604,-0.08526106,0.97497165,0.21831444,-0.064806744,1.0233617,0.17864168,-0.1313408,1.010119,0.18557781,-0.029132666,1.0165198,0.07703873,-0.18505254,0.987502,0.09206369,-0.007749062031507492,0.3052486777305603,-0.019821427762508392
