frame,Ankle.R_x,Ankle.R_y,Ankle.R_z,Knee.R_x,Knee.R_y,Knee.R_z,Hip.R_x,Hip.R_y,Hip.R_z,Hip.L_x,Hip.L_y,Hip.L_z,Knee.L_x,Knee.L_y,Knee.L_z,Ankle.L_x,Ankle.L_y,Ankle.L_z,Wrist.R_x,Wrist.R_y,Wrist.R_z,Elbow.R_x,Elbow.R_y,Elbow.R_z,Shoulder.R_x,Shoulder.R_y,Shoulder.R_z,Shoulder.L_x,Shoulder.L_y,Shoulder.L_z,Elbow.L_x,Elbow.L_y,Elbow.L_z,Wrist.L_x,Wrist.L_y,Wrist.L_z,Neck_x,Neck_y,Neck_z,Head_x,Head_y,Head_z,Nose_x,Nose_y,Nose_z,Eye.L_x,Eye.L_y,Eye.L_z,Eye.R_x,Eye.R_y,Eye.R_z,Ear.L_x,Ear.L_y,Ear.L_z,Ear.R_x,Ear.R_y,Ear.R_z,hip.Center_x,hip.Center_y,hip.Center_z
0,-0.14549899,-0.62692815,-0.34545556,-0.10055422,-0.20423001,-0.08031911,-0.12418984,0.2591672,0.03010095,0.11890773,0.26311362,-0.0645537,0.15515922,-0.19587627,0.0023961014,0.16970453,-0.6543033,-0.20577875,-0.10098091,0.15717822,0.20841318,-0.19002517,0.41571873,0.11509743,-0.09184024,0.70117587,0.10756665,0.16919163,0.6829481,-0.060191475,0.16628356,0.39986208,-0.16883394,0.19080098,0.124053486,-0.09884181,0.06416175,0.76177764,0.047653414,0.12599757,0.97111154,0.09866132,0.18857728,0.8476573,0.17408687,0.19749407,0.89395285,0.1300848,0.14794078,0.89796865,0.17637554,0.16130188,0.8962731,0.033015773,0.050109405,0.9059279,0.13455734,-0.0026410557329654694,0.2611404061317444,-0.01722637563943863
