frame,Ankle.R_x,Ankle.R_y,Ankle.R_z,Knee.R_x,Knee.R_y,Knee.R_z,Hip.R_x,Hip.R_y,Hip.R_z,Hip.L_x,Hip.L_y,Hip.L_z,Knee.L_x,Knee.L_y,Knee.L_z,Ankle.L_x,Ankle.L_y,Ankle.L_z,Wrist.R_x,Wrist.R_y,Wrist.R_z,Elbow.R_x,Elbow.R_y,Elbow.R_z,Shoulder.R_x,Shoulder.R_y,Shoulder.R_z,Shoulder.L_x,Shoulder.L_y,Shoulder.L_z,Elbow.L_x,Elbow.L_y,Elbow.L_z,Wrist.L_x,Wrist.L_y,Wrist.L_z,Neck_x,Neck_y,Neck_z,Head_x,Head_y,Head_z,Nose_x,Nose_y,Nose_z,Eye.L_x,Eye.L_y,Eye.L_z,Eye.R_x,Eye.R_y,Eye.R_z,Ear.L_x,Ear.L_y,Ear.L_z,Ear.R_x,Ear.R_y,Ear.R_z,hip.Center_x,hip.Center_y,hip.Center_z
0,-0.2124162,-0.5399661,-0.06850891,0.0024344255,-0.16768621,0.12440814,-0.09082147,0.2849366,0.069690056,0.08319777,0.2718665,-0.11727785,0.13742775,-0.16147126,-0.002653385,0.032485582,-0.613516,-0.11680401,0.0916816,0.29783583,0.23195493,-0.12662217,0.46163636,0.20867592,-0.01950822,0.72776777,0.13277908,0.13811001,0.7287085,-0.14007375,0.055080302,0.5039444,-0.31092873,0.13027695,0.30629084,-0.144412,0.09314518,0.79050434,0.014434897,0.16817625,0.997046,0.06523886,0.22385712,0.870558,0.14054185,0.23609132,0.91762054,0.0981343,0.18340313,0.9214232,0.14069805,0.20767935,0.92247057,-0.0037060007,0.088942304,0.9323845,0.09399769,-0.0038118474185466766,0.27840155363082886,-0.02379389852285385
