frame,Ankle.R_x,Ankle.R_y,Ankle.R_z,Knee.R_x,Knee.R_y,Knee.R_z,Hip.R_x,Hip.R_y,Hip.R_z,Hip.L_x,Hip.L_y,Hip.L_z,Knee.L_x,Knee.L_y,Knee.L_z,Ankle.L_x,Ankle.L_y,Ankle.L_z,Wrist.R_x,Wrist.R_y,Wrist.R_z,Elbow.R_x,Elbow.R_y,Elbow.R_z,Shoulder.R_x,Shoulder.R_y,Shoulder.R_z,Shoulder.L_x,Shoulder.L_y,Shoulder.L_z,Elbow.L_x,Elbow.L_y,Elbow.L_z,Wrist.L_x,Wrist.L_y,Wrist.L_z,Neck_x,Neck_y,Neck_z,Head_x,Head_y,Head_z,Nose_x,Nose_y,Nose_z,Eye.L_x,Eye.L_y,Eye.L_z,Eye.R_x,Eye.R_y,Eye.R_z,Ear.L_x,Ear.L_y,Ear.L_z,Ear.R_x,Ear.R_y,Ear.R_z,hip.Center_x,hip.Center_y,hip.Center_z
0,-0.07520302,-0.5200398,-0.3038008,-0.078250565,-0.14162779,-0.0560016,-0.12842108,0.30489308,-0.0044411086,0.11798627,0.2984715,-0.017785612,0.06524188,-0.14011043,-0.055107184,0.04104521,-0.51895034,-0.30310526,-0.13047494,0.4015543,0.15994328,-0.24799845,0.5323694,-0.038018018,-0.153953,0.79769015,0.006602277,0.1619219,0.79052037,-0.026872844,0.22226918,0.5231105,-0.11590068,0.14596789,0.38042164,0.08888489,0.01111234,0.86881083,0.019035758,0.018600816,1.0991133,0.075708434,0.017259926,0.98646384,0.19068936,0.052110557,1.0317328,0.15725559,-0.01621895,1.031562,0.15540172,0.09856271,1.0233296,0.0598261,-0.05873079,1.0246015,0.05419235,-0.005217406898736954,0.3016822934150696,-0.011113360524177551
