frame,Ankle.R_x,Ankle.R_y,Ankle.R_z,Knee.R_x,Knee.R_y,Knee.R_z,Hip.R_x,Hip.R_y,Hip.R_z,Hip.L_x,Hip.L_y,Hip.L_z,Knee.L_x,Knee.L_y,Knee.L_z,Ankle.L_x,Ankle.L_y,Ankle.L_z,Wrist.R_x,Wrist.R_y,Wrist.R_z,Elbow.R_x,Elbow.R_y,Elbow.R_z,Shoulder.R_x,Shoulder.R_y,Shoulder.R_z,Shoulder.L_x,Shoulder.L_y,Shoulder.L_z,Elbow.L_x,Elbow.L_y,Elbow.L_z,Wrist.L_x,Wrist.L_y,Wrist.L_z,Neck_x,Neck_y,Neck_z,Head_x,Head_y,Head_z,Nose_x,Nose_y,Nose_z,Eye.L_x,Eye.L_y,Eye.L_z,Eye.R_x,Eye.R_y,Eye.R_z,Ear.L_x,Ear.L_y,Ear.L_z,Ear.R_x,Ear.R_y,Ear.R_z,hip.Center_x,hip.Center_y,hip.Center_z
0,-0.07833736,-0.5101573,-0.24329714,-0.054698903,-0.13424745,-0.018149031,-0.1237974,0.29874516,0.017679416,0.11255777,0.31616876,-0.037063193,0.07706902,-0.11910021,-0.063981906,0.024935696,-0.49761364,-0.2830088,0.00613126,0.36641726,0.18589506,-0.20843768,0.49059716,0.091423795,-0.22236846,0.7657361,0.058132056,0.06800645,0.8318135,-0.05040945,0.16848959,0.58360934,-0.14322057,0.17187652,0.4030292,0.040957857,-0.08249957,0.8759634,0.026326183,-0.09793874,1.1125803,0.0762377,-0.035000928,1.0058118,0.17889017,-0.024657995,1.0537256,0.13434732,-0.086324155,1.0444657,0.16204464,-0.023754627,1.0470715,0.026472367,-0.16806486,1.0274115,0.08852897,-0.005619816482067108,0.30745697021484375,-0.009691888466477394
