frame,Ankle.R_x,Ankle.R_y,Ankle.R_z,Knee.R_x,Knee.R_y,Knee.R_z,Hip.R_x,Hip.R_y,Hip.R_z,Hip.L_x,Hip.L_y,Hip.L_z,Knee.L_x,Knee.L_y,Knee.L_z,Ankle.L_x,Ankle.L_y,Ankle.L_z,Wrist.R_x,Wrist.R_y,Wrist.R_z,Elbow.R_x,Elbow.R_y,Elbow.R_z,Shoulder.R_x,Shoulder.R_y,Shoulder.R_z,Shoulder.L_x,Shoulder.L_y,Shoulder.L_z,Elbow.L_x,Elbow.L_y,Elbow.L_z,Wrist.L_x,Wrist.L_y,Wrist.L_z,Neck_x,Neck_y,Neck_z,Head_x,Head_y,Head_z,Nose_x,Nose_y,Nose_z,Eye.L_x,Eye.L_y,Eye.L_z,Eye.R_x,Eye.R_y,Eye.R_z,Ear.L_x,Ear.L_y,Ear.L_z,Ear.R_x,Ear.R_y,Ear.R_z,hip.Center_x,hip.Center_y,hip.Center_z
0,-0.078891225,-0.49595496,-0.27402776,-0.07437554,-0.13686317,-0.039701246,-0.12451126,0.28686324,0.0070137605,0.11327574,0.2971631,-0.024184342,0.07510383,-0.12355895,-0.06968558,0.052800093,-0.5059055,-0.26616967,-0.1713157,0.8474555,0.19415732,-0.24830824,0.61711425,0.19030413,-0.18792786,0.79401606,0.028249022,0.06331619,0.83474433,-0.04251311,0.2906463,0.7048067,-0.086100295,0.2268184,0.8791431,0.06209258,-0.066743106,0.8616162,0.01179007,-0.082286365,1.0792662,0.0687457,-0.042121544,0.9697228,0.17910127,-0.022701439,1.0184284,0.14116538,-0.08823598,1.0085187,0.15425155,-0.0001120083,1.0168033,0.036431342,-0.15032293,0.99539876,0.064714216,-0.005617760121822357,0.29201316833496094,-0.008585290983319283
