frame,Ankle.R_x,Ankle.R_y,Ankle.R_z,Knee.R_x,Knee.R_y,Knee.R_z,Hip.R_x,Hip.R_y,Hip.R_z,Hip.L_x,Hip.L_y,Hip.L_z,Knee.L_x,Knee.L_y,Knee.L_z,Ankle.L_x,Ankle.L_y,Ankle.L_z,Wrist.R_x,Wrist.R_y,Wrist.R_z,Elbow.R_x,Elbow.R_y,Elbow.R_z,Shoulder.R_x,Shoulder.R_y,Shoulder.R_z,Shoulder.L_x,Shoulder.L_y,Shoulder.L_z,Elbow.L_x,Elbow.L_y,Elbow.L_z,Wrist.L_x,Wrist.L_y,Wrist.L_z,Neck_x,Neck_y,Neck_z,Head_x,Head_y,Head_z,Nose_x,Nose_y,Nose_z,Eye.L_x,Eye.L_y,Eye.L_z,Eye.R_x,Eye.R_y,Eye.R_z,Ear.L_x,Ear.L_y,Ear.L_z,Ear.R_x,Ear.R_y,Ear.R_z,hip.Center_x,hip.Center_y,hip.Center_z
0,-0.10423164,-0.5368857,-0.20474261,-0.1022035,-0.13175663,-0.032290865,-0.12448792,0.31088936,-0.00036223326,0.115248464,0.28244564,-0.022844758,0.058521178,-0.14080507,-0.048449032,0.025721757,-0.5511781,-0.2116517,-0.2732674,0.6107333,0.109553516,-0.2296721,0.6678151,-0.13167068,-0.047525115,0.8345798,-0.018628359,0.22995704,0.765215,-0.040726207,0.32407486,0.52608496,-0.14484183,0.3427428,0.50752145,0.102935076,0.1073888,0.851269,0.008328082,0.1507597,1.0606576,0.0656838,0.14049262,0.95214784,0.18536735,0.17871206,0.9911308,0.14961857,0.111414105,0.9997215,0.15084824,0.21780248,0.9753078,0.0510377,0.06347104,0.9964129,0.052219763,-0.004619728773832321,0.29666751623153687,-0.011603495106101036
