frame,Ankle.R_x,Ankle.R_y,Ankle.R_z,Knee.R_x,Knee.R_y,Knee.R_z,Hip.R_x,Hip.R_y,Hip.R_z,Hip.L_x,Hip.L_y,Hip.L_z,Knee.L_x,Knee.L_y,Knee.L_z,Ankle.L_x,Ankle.L_y,Ankle.L_z,Wrist.R_x,Wrist.R_y,Wrist.R_z,Elbow.R_x,Elbow.R_y,Elbow.R_z,Shoulder.R_x,Shoulder.R_y,Shoulder.R_z,Shoulder.L_x,Shoulder.L_y,Shoulder.L_z,Elbow.L_x,Elbow.L_y,Elbow.L_z,Wrist.L_x,Wrist.L_y,Wrist.L_z,Neck_x,Neck_y,Neck_z,Head_x,Head_y,Head_z,Nose_x,Nose_y,Nose_z,Eye.L_x,Eye.L_y,Eye.L_z,Eye.R_x,Eye.R_y,Eye.R_z,Ear.L_x,Ear.L_y,Ear.L_z,Ear.R_x,Ear.R_y,Ear.R_z,hip.Center_x,hip.Center_y,hip.Center_z
0,-0.06452517,-0.48665205,-0.27506903,-0.06276903,-0.13301067,-0.041477077,-0.12019424,0.28380358,0.021925634,0.11009618,0.30264965,-0.036331687,0.07729468,-0.11523106,-0.0834774,0.052477058,-0.48569047,-0.29395905,-0.14200796,0.9259863,0.2436988,-0.23323908,0.7109966,0.31025803,-0.18914586,0.7917803,0.06946875,0.05487702,0.83082294,-0.052754216,0.29891926,0.75740457,-0.1507538,0.2561956,0.9133205,0.020657113,-0.07075456,0.8589424,0.02364616,-0.06687434,1.0838542,0.0746607,-0.0072360635,0.9747381,0.17476672,0.0047168806,1.0211124,0.13145724,-0.05561309,1.0158881,0.16093676,-0.00033684075,1.0156014,0.024802148,-0.13970815,1.005224,0.0903004,-0.005049031227827072,0.29322659969329834,-0.007203026674687862
