frame,Ankle.R_x,Ankle.R_y,Ankle.R_z,Knee.R_x,Knee.R_y,Knee.R_z,Hip.R_x,Hip.R_y,Hip.R_z,Hip.L_x,Hip.L_y,Hip.L_z,Knee.L_x,Knee.L_y,Knee.L_z,Ankle.L_x,Ankle.L_y,Ankle.L_z,Wrist.R_x,Wrist.R_y,Wrist.R_z,Elbow.R_x,Elbow.R_y,Elbow.R_z,Shoulder.R_x,Shoulder.R_y,Shoulder.R_z,Shoulder.L_x,Shoulder.L_y,Shoulder.L_z,Elbow.L_x,Elbow.L_y,Elbow.L_z,Wrist.L_x,Wrist.L_y,Wrist.L_z,Neck_x,Neck_y,Neck_z,Head_x,Head_y,Head_z,Nose_x,Nose_y,Nose_z,Eye.L_x,Eye.L_y,Eye.L_z,Eye.R_x,Eye.R_y,Eye.R_z,Ear.L_x,Ear.L_y,Ear.L_z,Ear.R_x,Ear.R_y,Ear.R_z,hip.Center_x,hip.Center_y,hip.Center_z
0,-0.043933146,-0.5699559,-0.27284822,-0.0825521,-0.16805173,-0.03966945,-0.12957397,0.2872526,-0.03427331,0.118159354,0.27918786,0.005404949,0.07228745,-0.16685644,-0.02208397,0.10503554,-0.5731702,-0.25213152,-0.26960504,0.37992623,0.0742287,-0.25998694,0.51052284,-0.15797341,-0.14565931,0.7593075,-0.05876086,0.15728697,0.7738396,-0.0044736397,0.3549241,0.5680098,-0.06286893,0.236108,0.42264962,0.122326635,0.0024625752,0.82686174,0.0010258015,0.00049340137,1.0391086,0.07953886,-0.010369552,0.9165318,0.18075615,0.026710348,0.96402335,0.15630832,-0.040695563,0.9649163,0.149162,0.07820549,0.96562135,0.06407781,-0.07446806,0.9690496,0.04649806,-0.005707308650016785,0.28322023153305054,-0.014434181153774261
