frame,Ankle.R_x,Ankle.R_y,Ankle.R_z,Knee.R_x,Knee.R_y,Knee.R_z,Hip.R_x,Hip.R_y,Hip.R_z,Hip.L_x,Hip.L_y,Hip.L_z,Knee.L_x,Knee.L_y,Knee.L_z,Ankle.L_x,Ankle.L_y,Ankle.L_z,Wrist.R_x,Wrist.R_y,Wrist.R_z,Elbow.R_x,Elbow.R_y,Elbow.R_z,Shoulder.R_x,Shoulder.R_y,Shoulder.R_z,Shoulder.L_x,Shoulder.L_y,Shoulder.L_z,Elbow.L_x,Elbow.L_y,Elbow.L_z,Wrist.L_x,Wrist.L_y,Wrist.L_z,Neck_x,Neck_y,Neck_z,Head_x,Head_y,Head_z,Nose_x,Nose_y,Nose_z,Eye.L_x,Eye.L_y,Eye.L_z,Eye.R_x,Eye.R_y,Eye.R_z,Ear.L_x,Ear.L_y,Ear.L_z,Ear.R_x,Ear.R_y,Ear.R_z,hip.Center_x,hip.Center_y,hip.Center_z
0,-0.13166708,-0.5087373,-0.31043422,-0.123726115,-0.12886222,-0.08963367,-0.12627204,0.29890305,-0.03573879,0.11400068,0.28944802,0.014984507,0.083416656,-0.13390748,-0.061654862,0.10680863,-0.51331025,-0.28287926,-0.3547527,0.6601176,0.019131446,-0.2576056,0.5750377,-0.19062918,-0.16374339,0.7891353,-0.049274016,0.098590545,0.83281994,0.037255317,0.34857184,0.7216302,0.06677817,0.20393626,0.77353185,0.2585863,-0.048046183,0.856844,0.029788367,-0.097198226,1.0552967,0.13663228,-0.09604089,0.9150335,0.21516265,-0.066734046,0.9717829,0.20453912,-0.1312505,0.9621901,0.18700744,-0.0043054502,1.0002549,0.122525156,-0.1524491,0.9806464,0.08051242,-0.00613567978143692,0.29417553544044495,-0.01037714071571827
