frame,Ankle.R_x,Ankle.R_y,Ankle.R_z,Knee.R_x,Knee.R_y,Knee.R_z,Hip.R_x,Hip.R_y,Hip.R_z,Hip.L_x,Hip.L_y,Hip.L_z,Knee.L_x,Knee.L_y,Knee.L_z,Ankle.L_x,Ankle.L_y,Ankle.L_z,Wrist.R_x,Wrist.R_y,Wrist.R_z,Elbow.R_x,Elbow.R_y,Elbow.R_z,Shoulder.R_x,Shoulder.R_y,Shoulder.R_z,Shoulder.L_x,Shoulder.L_y,Shoulder.L_z,Elbow.L_x,Elbow.L_y,Elbow.L_z,Wrist.L_x,Wrist.L_y,Wrist.L_z,Neck_x,Neck_y,Neck_z,Head_x,Head_y,Head_z,Nose_x,Nose_y,Nose_z,Eye.L_x,Eye.L_y,Eye.L_z,Eye.R_x,Eye.R_y,Eye.R_z,Ear.L_x,Ear.L_y,Ear.L_z,Ear.R_x,Ear.R_y,Ear.R_z,hip.Center_x,hip.Center_y,hip.Center_z
0,-0.17519672,-0.4167282,-0.25685054,-0.19780914,-0.11327336,0.045015674,-0.1242784,0.28727263,-0.042400315,0.11646626,0.29502687,-0.001776793,0.12027016,-0.12857671,0.029463625,0.10649577,-0.5286765,-0.13723178,-0.28348243,0.6982019,0.111340545,-0.34942448,0.5025598,-0.02379559,-0.22317508,0.736907,-0.021932371,0.038320918,0.825331,0.046038512,0.2736884,0.83173597,0.17782193,0.11836236,0.942887,0.33186933,-0.10646356,0.8221154,0.03372607,-0.16012518,1.0213091,0.11328816,-0.15327862,0.89753914,0.21223079,-0.12597461,0.9516539,0.19234368,-0.19023994,0.9382399,0.17820126,-0.06602768,0.9679867,0.10626486,-0.21525186,0.9379082,0.072071746,-0.0039060674607753754,0.29114973545074463,-0.02208855375647545
