frame,Ankle.R_x,Ankle.R_y,Ankle.R_z,Knee.R_x,Knee.R_y,Knee.R_z,Hip.R_x,Hip.R_y,Hip.R_z,Hip.L_x,Hip.L_y,Hip.L_z,Knee.L_x,Knee.L_y,Knee.L_z,Ankle.L_x,Ankle.L_y,Ankle.L_z,Wrist.R_x,Wrist.R_y,Wrist.R_z,Elbow.R_x,Elbow.R_y,Elbow.R_z,Shoulder.R_x,Shoulder.R_y,Shoulder.R_z,Shoulder.L_x,Shoulder.L_y,Shoulder.L_z,Elbow.L_x,Elbow.L_y,Elbow.L_z,Wrist.L_x,Wrist.L_y,Wrist.L_z,Neck_x,Neck_y,Neck_z,Head_x,Head_y,Head_z,Nose_x,Nose_y,Nose_z,Eye.L_x,Eye.L_y,Eye.L_z,Eye.R_x,Eye.R_y,Eye.R_z,Ear.L_x,Ear.L_y,Ear.L_z,Ear.R_x,Ear.R_y,Ear.R_z,hip.Center_x,hip.Center_y,hip.Center_z
0,-0.080910444,-0.5301148,-0.24136376,-0.11192756,-0.14471926,-0.030051066,-0.12701608,0.2890696,-0.044922635,0.11486425,0.28843552,0.013067409,0.076912224,-0.14344837,0.04174973,0.14703658,-0.46400058,-0.25338396,-0.29655787,0.7257138,0.03088643,-0.32609683,0.62493324,-0.1926474,-0.16064064,0.78655577,-0.043594703,0.10622268,0.8082898,0.03717984,0.36540216,0.7124857,0.065961525,0.2384556,0.8162366,0.24687138,-0.039996672,0.83807105,0.031654008,-0.0850892,1.0348209,0.12680668,-0.08752111,0.9016417,0.21632458,-0.056978047,0.95596904,0.20189184,-0.12139282,0.9469236,0.18486169,0.0052261315,0.9766682,0.118679345,-0.14187959,0.9573169,0.07772421,-0.006075914949178696,0.28875255584716797,-0.015927612781524658
