frame,Ankle.R_x,Ankle.R_y,Ankle.R_z,Knee.R_x,Knee.R_y,Knee.R_z,Hip.R_x,Hip.R_y,Hip.R_z,Hip.L_x,Hip.L_y,Hip.L_z,Knee.L_x,Knee.L_y,Knee.L_z,Ankle.L_x,Ankle.L_y,Ankle.L_z,Wrist.R_x,Wrist.R_y,Wrist.R_z,Elbow.R_x,Elbow.R_y,Elbow.R_z,Shoulder.R_x,Shoulder.R_y,Shoulder.R_z,Shoulder.L_x,Shoulder.L_y,Shoulder.L_z,Elbow.L_x,Elbow.L_y,Elbow.L_z,Wrist.L_x,Wrist.L_y,Wrist.L_z,Neck_x,Neck_y,Neck_z,Head_x,Head_y,Head_z,Nose_x,Nose_y,Nose_z,Eye.L_x,Eye.L_y,Eye.L_z,Eye.R_x,Eye.R_y,Eye.R_z,Ear.L_x,Ear.L_y,Ear.L_z,Ear.R_x,Ear.R_y,Ear.R_z,hip.Center_x,hip.Center_y,hip.Center_z
0,-0.21173762,-0.47273874,-0.18950544,-0.09786904,-0.1314643,0.045450926,-0.1212622,0.2968543,0.01802368,0.106868535,0.30277985,-0.05368778,0.15741822,-0.10724842,-0.015788449,0.17798811,-0.52214533,-0.13453247,-0.29598072,0.73281276,0.20957315,-0.3776589,0.6861745,-0.018262865,-0.13690837,0.81628394,0.0038577402,0.1513201,0.8000669,-0.05270537,0.39005563,0.66648686,-0.09835689,0.44399244,0.7407592,0.13046755,0.016277067,0.85353047,0.007110328,0.033053756,1.0573989,0.099479206,0.07242701,0.9293524,0.18544778,0.09238716,0.98139477,0.15356532,0.027952904,0.9748492,0.1711962,0.10666918,0.9946122,0.049054444,-0.04473854,0.9808099,0.08905694,-0.007196832448244095,0.2998170852661133,-0.01783205009996891
