frame,Ankle.R_x,Ankle.R_y,Ankle.R_z,Knee.R_x,Knee.R_y,Knee.R_z,Hip.R_x,Hip.R_y,Hip.R_z,Hip.L_x,Hip.L_y,Hip.L_z,Knee.L_x,Knee.L_y,Knee.L_z,Ankle.L_x,Ankle.L_y,Ankle.L_z,Wrist.R_x,Wrist.R_y,Wrist.R_z,Elbow.R_x,Elbow.R_y,Elbow.R_z,Shoulder.R_x,Shoulder.R_y,Shoulder.R_z,Shoulder.L_x,Shoulder.L_y,Shoulder.L_z,Elbow.L_x,Elbow.L_y,Elbow.L_z,Wrist.L_x,Wrist.L_y,Wrist.L_z,Neck_x,Neck_y,Neck_z,Head_x,Head_y,Head_z,Nose_x,Nose_y,Nose_z,Eye.L_x,Eye.L_y,Eye.L_z,Eye.R_x,Eye.R_y,Eye.R_z,Ear.L_x,Ear.L_y,Ear.L_z,Ear.R_x,Ear.R_y,Ear.R_z,hip.Center_x,hip.Center_y,hip.Center_z
0,-0.059598017,-0.5400274,-0.19073184,-0.024083318,-0.14373344,-0.0032122617,-0.11092377,0.2827821,0.047007754,0.101111196,0.31101108,-0.06532636,0.10650837,-0.11938256,-0.08999662,0.07951623,-0.52761406,-0.25970337,-0.057177074,0.7342158,0.35455367,-0.23322016,0.58205235,0.2525954,-0.20033692,0.7843406,0.074502535,0.03942581,0.8153476,-0.09722164,0.11342216,0.5898812,-0.24338537,0.18384495,0.48438922,-0.02708874,-0.07343727,0.8590305,0.011428856,-0.04721194,1.076734,0.095620096,-0.0035712868,0.94641805,0.17601232,0.015014574,0.9983456,0.14152318,-0.047496617,0.9942417,0.16743857,0.01572071,1.0114827,0.034742832,-0.12816942,1.0036119,0.09391332,-0.0049062855541706085,0.2968965768814087,-0.009159304201602936
