frame,Ankle.R_x,Ankle.R_y,Ankle.R_z,Knee.R_x,Knee.R_y,Knee.R_z,Hip.R_x,Hip.R_y,Hip.R_z,Hip.L_x,Hip.L_y,Hip.L_z,Knee.L_x,Knee.L_y,Knee.L_z,Ankle.L_x,Ankle.L_y,Ankle.L_z,Wrist.R_x,Wrist.R_y,Wrist.R_z,Elbow.R_x,Elbow.R_y,Elbow.R_z,Shoulder.R_x,Shoulder.R_y,Shoulder.R_z,Shoulder.L_x,Shoulder.L_y,Shoulder.L_z,Elbow.L_x,Elbow.L_y,Elbow.L_z,Wrist.L_x,Wrist.L_y,Wrist.L_z,Neck_x,Neck_y,Neck_z,Head_x,Head_y,Head_z,Nose_x,Nose_y,Nose_z,Eye.L_x,Eye.L_y,Eye.L_z,Eye.R_x,Eye.R_y,Eye.R_z,Ear.L_x,Ear.L_y,Ear.L_z,Ear.R_x,Ear.R_y,Ear.R_z,hip.Center_x,hip.Center_y,hip.Center_z
0,-0.062155902,-0.53219783,-0.16128449,-0.06303867,-0.12758027,0.013775378,-0.12118736,0.31786305,0.019929472,0.11190021,0.29677168,-0.049030997,0.052233852,-0.13026904,-0.045107692,-0.017590974,-0.5381509,-0.2044181,-0.22345427,0.45283097,0.12852076,-0.26236513,0.6614652,-0.021938417,-0.060566872,0.8400337,0.053056184,0.22161701,0.77572715,-0.0570582,0.2463117,0.53587604,-0.20329358,0.24615753,0.4963796,0.047734186,0.10728828,0.8627113,0.03729745,0.1480636,1.0706003,0.12780035,0.1412566,0.9415583,0.22432366,0.17830661,0.9886896,0.1969872,0.110377885,0.9933412,0.19658554,0.22321123,0.99216294,0.0976754,0.065349005,1.0054165,0.09762492,-0.004643574357032776,0.3073173761367798,-0.014550762251019478
