frame,Ankle.R_x,Ankle.R_y,Ankle.R_z,Knee.R_x,Knee.R_y,Knee.R_z,Hip.R_x,Hip.R_y,Hip.R_z,Hip.L_x,Hip.L_y,Hip.L_z,Knee.L_x,Knee.L_y,Knee.L_z,Ankle.L_x,Ankle.L_y,Ankle.L_z,Wrist.R_x,Wrist.R_y,Wrist.R_z,Elbow.R_x,Elbow.R_y,Elbow.R_z,Shoulder.R_x,Shoulder.R_y,Shoulder.R_z,Shoulder.L_x,Shoulder.L_y,Shoulder.L_z,Elbow.L_x,Elbow.L_y,Elbow.L_z,Wrist.L_x,Wrist.L_y,Wrist.L_z,Neck_x,Neck_y,Neck_z,Head_x,Head_y,Head_z,Nose_x,Nose_y,Nose_z,Eye.L_x,Eye.L_y,Eye.L_z,Eye.R_x,Eye.R_y,Eye.R_z,Ear.L_x,Ear.L_y,Ear.L_z,Ear.R_x,Ear.R_y,Ear.R_z,hip.Center_x,hip.Center_y,hip.Center_z
0,-0.24409096,-0.46917862,-0.27637252,-0.14301105,-0.12990068,-0.008650005,-0.12393494,0.30255732,0.012640589,0.114837855,0.31496143,-0.043253656,0.12830332,-0.1217357,-0.013044227,0.092172414,-0.49505067,-0.25276738,0.012228054,0.37149474,0.26625952,-0.20257321,0.4812678,0.15100175,-0.21723017,0.7543203,0.06263808,0.05879684,0.8279927,-0.08502221,0.16360894,0.5927296,-0.2095491,0.16380027,0.4496565,0.005394718,-0.085476145,0.8680962,0.007860909,-0.113626875,1.1037755,0.038727775,-0.05107737,1.0118368,0.15513387,-0.040799513,1.0564029,0.10723887,-0.10377557,1.0450912,0.13079599,-0.030556124,1.0396105,0.00088499486,-0.1783666,1.0155033,0.054265328,-0.0045485422015190125,0.3087593913078308,-0.015306534245610237
