frame,Ankle.R_x,Ankle.R_y,Ankle.R_z,Knee.R_x,Knee.R_y,Knee.R_z,Hip.R_x,Hip.R_y,Hip.R_z,Hip.L_x,Hip.L_y,Hip.L_z,Knee.L_x,Knee.L_y,Knee.L_z,Ankle.L_x,Ankle.L_y,Ankle.L_z,Wrist.R_x,Wrist.R_y,Wrist.R_z,Elbow.R_x,Elbow.R_y,Elbow.R_z,Shoulder.R_x,Shoulder.R_y,Shoulder.R_z,Shoulder.L_x,Shoulder.L_y,Shoulder.L_z,Elbow.L_x,Elbow.L_y,Elbow.L_z,Wrist.L_x,Wrist.L_y,Wrist.L_z,Neck_x,Neck_y,Neck_z,Head_x,Head_y,Head_z,Nose_x,Nose_y,Nose_z,Eye.L_x,Eye.L_y,Eye.L_z,Eye.R_x,Eye.R_y,Eye.R_z,Ear.L_x,Ear.L_y,Ear.L_z,Ear.R_x,Ear.R_y,Ear.R_z,hip.Center_x,hip.Center_y,hip.Center_z
0,-0.07722445,-0.56717914,-0.15878862,-0.10940054,-0.15761338,0.051931165,-0.13211349,0.2807055,-0.03967271,0.11993941,0.2963981,-0.0076915785,0.13097082,-0.14514273,0.07944432,0.19940051,-0.46448624,-0.24882318,-0.25801829,0.4231407,0.091378696,-0.31473243,0.48821872,-0.15837973,-0.22822867,0.71532494,0.008547913,0.076674715,0.7717438,0.07745506,0.28255343,0.6037938,-0.050640926,0.25161755,0.38083246,0.0867344,-0.09185894,0.79953367,0.08814163,-0.14133893,0.997614,0.1905632,-0.12294171,0.8667824,0.27824304,-0.09740319,0.92277527,0.25847536,-0.16366836,0.9101264,0.25198954,-0.049000904,0.9446658,0.16752194,-0.20136671,0.91685784,0.1500301,-0.006087038666009903,0.28855180740356445,-0.023682143539190292
