frame,Ankle.R_x,Ankle.R_y,Ankle.R_z,Knee.R_x,Knee.R_y,Knee.R_z,Hip.R_x,Hip.R_y,Hip.R_z,Hip.L_x,Hip.L_y,Hip.L_z,Knee.L_x,Knee.L_y,Knee.L_z,Ankle.L_x,Ankle.L_y,Ankle.L_z,Wrist.R_x,Wrist.R_y,Wrist.R_z,Elbow.R_x,Elbow.R_y,Elbow.R_z,Shoulder.R_x,Shoulder.R_y,Shoulder.R_z,Shoulder.L_x,Shoulder.L_y,Shoulder.L_z,Elbow.L_x,Elbow.L_y,Elbow.L_z,Wrist.L_x,Wrist.L_y,Wrist.L_z,Neck_x,Neck_y,Neck_z,Head_x,Head_y,Head_z,Nose_x,Nose_y,Nose_z,Eye.L_x,Eye.L_y,Eye.L_z,Eye.R_x,Eye.R_y,Eye.R_z,Ear.L_x,Ear.L_y,Ear.L_z,Ear.R_x,Ear.R_y,Ear.R_z,hip.Center_x,hip.Center_y,hip.Center_z
0,-0.10948005,-0.53745246,-0.29114446,-0.10585833,-0.15342852,-0.04622202,-0.1307686,0.2850051,-0.02971938,0.11485924,0.31014428,-0.0028437204,0.17540766,-0.12318011,-0.026225261,0.2642655,-0.51900685,-0.2367107,-0.24565656,0.56696403,0.14083669,-0.28400213,0.45818824,-0.08967543,-0.25277513,0.7275572,-0.00047443062,0.04269224,0.81337583,0.027498076,0.20279881,0.6364716,-0.1301949,0.18774018,0.5027388,0.08773746,-0.12174581,0.83061194,0.05579007,-0.17899306,1.0349345,0.14834024,-0.1638264,0.90724605,0.24326172,-0.13822854,0.96379304,0.22246364,-0.20369822,0.9489297,0.21170048,-0.08242363,0.98339736,0.13309549,-0.23377769,0.9507396,0.106423974,-0.007954679429531097,0.2975746989250183,-0.016281550750136375
