frame,Ankle.R_x,Ankle.R_y,Ankle.R_z,Knee.R_x,Knee.R_y,Knee.R_z,Hip.R_x,Hip.R_y,Hip.R_z,Hip.L_x,Hip.L_y,Hip.L_z,Knee.L_x,Knee.L_y,Knee.L_z,Ankle.L_x,Ankle.L_y,Ankle.L_z,Wrist.R_x,Wrist.R_y,Wrist.R_z,Elbow.R_x,Elbow.R_y,Elbow.R_z,Shoulder.R_x,Shoulder.R_y,Shoulder.R_z,Shoulder.L_x,Shoulder.L_y,Shoulder.L_z,Elbow.L_x,Elbow.L_y,Elbow.L_z,Wrist.L_x,Wrist.L_y,Wrist.L_z,Neck_x,Neck_y,Neck_z,Head_x,Head_y,Head_z,Nose_x,Nose_y,Nose_z,Eye.L_x,Eye.L_y,Eye.L_z,Eye.R_x,Eye.R_y,Eye.R_z,Ear.L_x,Ear.L_y,Ear.L_z,Ear.R_x,Ear.R_y,Ear.R_z,hip.Center_x,hip.Center_y,hip.Center_z
0,-0.10881538,-0.51839536,-0.24061525,-0.089972645,-0.13760774,-0.028487327,-0.12434448,0.29824036,0.012935771,0.11179873,0.29950976,-0.03857691,0.14110656,-0.11940043,-0.05044434,0.18498467,-0.5088762,-0.2494551,-0.25816444,0.82414657,0.264756,-0.35208923,0.80479765,0.03418971,-0.08163662,0.8390229,0.060862035,0.1855583,0.7674628,-0.009563027,0.32513654,0.54525113,-0.09559298,0.40414423,0.70506835,0.06929383,0.06866437,0.84506816,0.06582394,0.110725984,1.034005,0.18596202,0.10867246,0.8919388,0.2592597,0.14374077,0.94135547,0.23776972,0.07709689,0.9472167,0.24493138,0.17747214,0.962271,0.1385403,0.023378657,0.97693944,0.15419829,-0.0062728747725486755,0.2988750636577606,-0.01282056886702776
