frame,Ankle.R_x,Ankle.R_y,Ankle.R_z,Knee.R_x,Knee.R_y,Knee.R_z,Hip.R_x,Hip.R_y,Hip.R_z,Hip.L_x,Hip.L_y,Hip.L_z,Knee.L_x,Knee.L_y,Knee.L_z,Ankle.L_x,Ankle.L_y,Ankle.L_z,Wrist.R_x,Wrist.R_y,Wrist.R_z,Elbow.R_x,Elbow.R_y,Elbow.R_z,Shoulder.R_x,Shoulder.R_y,Shoulder.R_z,Shoulder.L_x,Shoulder.L_y,Shoulder.L_z,Elbow.L_x,Elbow.L_y,Elbow.L_z,Wrist.L_x,Wrist.L_y,Wrist.L_z,Neck_x,Neck_y,Neck_z,Head_x,Head_y,Head_z,Nose_x,Nose_y,Nose_z,Eye.L_x,Eye.L_y,Eye.L_z,Eye.R_x,Eye.R_y,Eye.R_z,Ear.L_x,Ear.L_y,Ear.L_z,Ear.R_x,Ear.R_y,Ear.R_z,hip.Center_x,hip.Center_y,hip.Center_z
0,-0.12618011,-0.50578886,-0.2971091,-0.11186686,-0.14636877,-0.016636696,-0.13205856,0.300372,-0.018681124,0.118987076,0.31239313,-0.015362168,0.14366645,-0.13489635,-0.01625196,0.17252512,-0.4107412,-0.3802348,-0.13979101,0.53017294,0.20188324,-0.24279696,0.47160336,-0.03264773,-0.22058038,0.7468112,0.05557721,0.09958252,0.8035927,0.058747064,0.20809413,0.5753366,-0.08905743,0.13906564,0.40671924,0.09964258,-0.068986624,0.8484328,0.09781174,-0.09761296,1.0740792,0.16032411,-0.060843844,0.96846676,0.27673304,-0.039969467,1.0167034,0.23602664,-0.10680944,1.0064251,0.24734014,-0.010590106,1.0100286,0.13244216,-0.16679253,0.9870079,0.15510818,-0.006535742431879044,0.30638256669044495,-0.017021644860506058
