frame,Ankle.R_x,Ankle.R_y,Ankle.R_z,Knee.R_x,Knee.R_y,Knee.R_z,Hip.R_x,Hip.R_y,Hip.R_z,Hip.L_x,Hip.L_y,Hip.L_z,Knee.L_x,Knee.L_y,Knee.L_z,Ankle.L_x,Ankle.L_y,Ankle.L_z,Wrist.R_x,Wrist.R_y,Wrist.R_z,Elbow.R_x,Elbow.R_y,Elbow.R_z,Shoulder.R_x,Shoulder.R_y,Shoulder.R_z,Shoulder.L_x,Shoulder.L_y,Shoulder.L_z,Elbow.L_x,Elbow.L_y,Elbow.L_z,Wrist.L_x,Wrist.L_y,Wrist.L_z,Neck_x,Neck_y,Neck_z,Head_x,Head_y,Head_z,Nose_x,Nose_y,Nose_z,Eye.L_x,Eye.L_y,Eye.L_z,Eye.R_x,Eye.R_y,Eye.R_z,Ear.L_x,Ear.L_y,Ear.L_z,Ear.R_x,Ear.R_y,Ear.R_z,hip.Center_x,hip.Center_y,hip.Center_z
0,-0.072042264,-0.59570235,-0.21079628,-0.01658698,-0.18082792,0.0065180347,-0.11230788,0.26874387,0.045581583,0.10604953,0.28838858,-0.07512498,0.09551265,-0.16406506,-0.07653156,0.05859949,-0.6004076,-0.26068133,-0.0099092685,0.3432388,0.3458013,-0.19918516,0.4767646,0.19695604,-0.16615069,0.7414193,0.082774095,0.07226278,0.7535895,-0.11586872,0.13641064,0.4830137,-0.20023003,0.25313437,0.32806677,-0.014223431,-0.034745842,0.81690073,-0.0001802051,0.008958582,1.0343133,0.060404923,0.06582828,0.9094304,0.13776113,0.078014374,0.95825994,0.09717176,0.022351727,0.9577327,0.13563722,0.056732804,0.96420246,-0.005851887,-0.06984598,0.96376216,0.08115962,-0.003129173070192337,0.27856624126434326,-0.014771698042750359
