frame,Ankle.R_x,Ankle.R_y,Ankle.R_z,Knee.R_x,Knee.R_y,Knee.R_z,Hip.R_x,Hip.R_y,Hip.R_z,Hip.L_x,Hip.L_y,Hip.L_z,Knee.L_x,Knee.L_y,Knee.L_z,Ankle.L_x,Ankle.L_y,Ankle.L_z,Wrist.R_x,Wrist.R_y,Wrist.R_z,Elbow.R_x,Elbow.R_y,Elbow.R_z,Shoulder.R_x,Shoulder.R_y,Shoulder.R_z,Shoulder.L_x,Shoulder.L_y,Shoulder.L_z,Elbow.L_x,Elbow.L_y,Elbow.L_z,Wrist.L_x,Wrist.L_y,Wrist.L_z,Neck_x,Neck_y,Neck_z,Head_x,Head_y,Head_z,Nose_x,Nose_y,Nose_z,Eye.L_x,Eye.L_y,Eye.L_z,Eye.R_x,Eye.R_y,Eye.R_z,Ear.L_x,Ear.L_y,Ear.L_z,Ear.R_x,Ear.R_y,Ear.R_z,hip.Center_x,hip.Center_y,hip.Center_z
0,-0.07418156,-0.5132306,-0.2319689,-0.052028734,-0.13167733,-0.021481136,-0.12332824,0.2991975,0.018835083,0.11213417,0.3147243,-0.03602082,0.07273205,-0.11725572,-0.070062056,0.019847078,-0.49871343,-0.27874157,-0.02866824,0.3873535,0.1670115,-0.24463996,0.5060179,0.0755361,-0.21681355,0.7797563,0.046536643,0.07740041,0.83018875,-0.05386772,0.1773111,0.58203375,-0.14755738,0.17383099,0.40147644,0.03429778,-0.07259248,0.8795675,0.018568503,-0.09232458,1.1143845,0.067140274,-0.025100872,1.0104672,0.1705592,-0.0165402,1.0582528,0.12568976,-0.077682406,1.0471903,0.15385614,-0.016143411,1.0509177,0.0179139,-0.15917727,1.0270598,0.08064887,-0.005597032606601715,0.3069608807563782,-0.008592868223786354
