frame,Ankle.R_x,Ankle.R_y,Ankle.R_z,Knee.R_x,Knee.R_y,Knee.R_z,Hip.R_x,Hip.R_y,Hip.R_z,Hip.L_x,Hip.L_y,Hip.L_z,Knee.L_x,Knee.L_y,Knee.L_z,Ankle.L_x,Ankle.L_y,Ankle.L_z,Wrist.R_x,Wrist.R_y,Wrist.R_z,Elbow.R_x,Elbow.R_y,Elbow.R_z,Shoulder.R_x,Shoulder.R_y,Shoulder.R_z,Shoulder.L_x,Shoulder.L_y,Shoulder.L_z,Elbow.L_x,Elbow.L_y,Elbow.L_z,Wrist.L_x,Wrist.L_y,Wrist.L_z,Neck_x,Neck_y,Neck_z,Head_x,Head_y,Head_z,Nose_x,Nose_y,Nose_z,Eye.L_x,Eye.L_y,Eye.L_z,Eye.R_x,Eye.R_y,Eye.R_z,Ear.L_x,Ear.L_y,Ear.L_z,Ear.R_x,Ear.R_y,Ear.R_z,hip.Center_x,hip.Center_y,hip.Center_z
0,-0.18491027,-0.63865924,-0.30324268,-0.108093835,-0.20788468,-0.059386767,-0.118822515,0.25643462,0.039266966,0.11641557,0.26296306,-0.071069725,0.1329148,-0.20263404,-0.0615987,0.13964182,-0.6632985,-0.26601693,-0.10966976,0.15333474,0.21131645,-0.19452244,0.41495064,0.123062335,-0.09464826,0.69946927,0.11023643,0.14833596,0.68876994,-0.08077833,0.14259821,0.40884805,-0.19692859,0.18992281,0.13032325,-0.15557131,0.0537077,0.7632228,0.037399136,0.11876489,0.97165924,0.08634227,0.19136357,0.84694785,0.14972052,0.19422923,0.89439356,0.106337346,0.15117075,0.89671963,0.15869753,0.14566219,0.8989318,0.0150528345,0.048737682,0.904778,0.13009448,-0.0012034736573696136,0.2596988379955292,-0.01590137928724289
