frame,Ankle.R_x,Ankle.R_y,Ankle.R_z,Knee.R_x,Knee.R_y,Knee.R_z,Hip.R_x,Hip.R_y,Hip.R_z,Hip.L_x,Hip.L_y,Hip.L_z,Knee.L_x,Knee.L_y,Knee.L_z,Ankle.L_x,Ankle.L_y,Ankle.L_z,Wrist.R_x,Wrist.R_y,Wrist.R_z,Elbow.R_x,Elbow.R_y,Elbow.R_z,Shoulder.R_x,Shoulder.R_y,Shoulder.R_z,Shoulder.L_x,Shoulder.L_y,Shoulder.L_z,Elbow.L_x,Elbow.L_y,Elbow.L_z,Wrist.L_x,Wrist.L_y,Wrist.L_z,Neck_x,Neck_y,Neck_z,Head_x,Head_y,Head_z,Nose_x,Nose_y,Nose_z,Eye.L_x,Eye.L_y,Eye.L_z,Eye.R_x,Eye.R_y,Eye.R_z,Ear.L_x,Ear.L_y,Ear.L_z,Ear.R_x,Ear.R_y,Ear.R_z,hip.Center_x,hip.Center_y,hip.Center_z
0,-0.04814375,-0.51950294,-0.25876436,-0.09412738,-0.14108188,-0.03747244,-0.12606926,0.2945242,-0.039426453,0.11349665,0.29748473,0.013996896,0.07486324,-0.13526706,-0.0266802,0.0737739,-0.51747423,-0.24747553,-0.27523044,0.49189466,0.05003249,-0.2662204,0.5279929,-0.20057735,-0.201657,0.75733274,-0.050860137,0.07091941,0.83162844,0.061578166,0.33132395,0.77251345,0.15220164,0.14701833,0.72269166,0.31548154,-0.08262867,0.84733224,0.033651687,-0.12358085,1.0635713,0.10226826,-0.12085127,0.94574213,0.21114424,-0.09030102,0.99704844,0.18467715,-0.15663362,0.9872674,0.17550933,-0.034301378,1.0012949,0.0941651,-0.18677722,0.98134935,0.06964372,-0.006286308169364929,0.2960044741630554,-0.012714779004454613
