frame,Ankle.R_x,Ankle.R_y,Ankle.R_z,Knee.R_x,Knee.R_y,Knee.R_z,Hip.R_x,Hip.R_y,Hip.R_z,Hip.L_x,Hip.L_y,Hip.L_z,Knee.L_x,Knee.L_y,Knee.L_z,Ankle.L_x,Ankle.L_y,Ankle.L_z,Wrist.R_x,Wrist.R_y,Wrist.R_z,Elbow.R_x,Elbow.R_y,Elbow.R_z,Shoulder.R_x,Shoulder.R_y,Shoulder.R_z,Shoulder.L_x,Shoulder.L_y,Shoulder.L_z,Elbow.L_x,Elbow.L_y,Elbow.L_z,Wrist.L_x,Wrist.L_y,Wrist.L_z,Neck_x,Neck_y,Neck_z,Head_x,Head_y,Head_z,Nose_x,Nose_y,Nose_z,Eye.L_x,Eye.L_y,Eye.L_z,Eye.R_x,Eye.R_y,Eye.R_z,Ear.L_x,Ear.L_y,Ear.L_z,Ear.R_x,Ear.R_y,Ear.R_z,hip.Center_x,hip.Center_y,hip.Center_z
0,-0.07855771,-0.5341312,-0.1604902,-0.0974926,-0.13775553,0.049651936,-0.13066001,0.30764455,-0.007823065,0.116683416,0.29908967,-0.039854236,0.14341174,-0.11459856,0.08315253,0.18001893,-0.49576476,-0.15891205,-0.25138944,0.42552087,0.11913827,-0.2861439,0.62583053,-0.046884622,-0.09673168,0.8030278,0.07551377,0.20348933,0.75994647,-0.0113961985,0.24826005,0.54491556,-0.1970427,0.2786357,0.43283695,0.032894984,0.0777004,0.8359826,0.0776678,0.11974586,1.0418688,0.16354018,0.14503488,0.9151514,0.2591765,0.17106444,0.96281755,0.2227453,0.10558671,0.96481586,0.24101123,0.1867234,0.9666376,0.116873175,0.033445857,0.9726535,0.15818115,-0.006988298147916794,0.30336710810661316,-0.023838650435209274
