frame,Ankle.R_x,Ankle.R_y,Ankle.R_z,Knee.R_x,Knee.R_y,Knee.R_z,Hip.R_x,Hip.R_y,Hip.R_z,Hip.L_x,Hip.L_y,Hip.L_z,Knee.L_x,Knee.L_y,Knee.L_z,Ankle.L_x,Ankle.L_y,Ankle.L_z,Wrist.R_x,Wrist.R_y,Wrist.R_z,Elbow.R_x,Elbow.R_y,Elbow.R_z,Shoulder.R_x,Shoulder.R_y,Shoulder.R_z,Shoulder.L_x,Shoulder.L_y,Shoulder.L_z,Elbow.L_x,Elbow.L_y,Elbow.L_z,Wrist.L_x,Wrist.L_y,Wrist.L_z,Neck_x,Neck_y,Neck_z,Head_x,Head_y,Head_z,Nose_x,Nose_y,Nose_z,Eye.L_x,Eye.L_y,Eye.L_z,Eye.R_x,Eye.R_y,Eye.R_z,Ear.L_x,Ear.L_y,Ear.L_z,Ear.R_x,Ear.R_y,Ear.R_z,hip.Center_x,hip.Center_y,hip.Center_z
0,-0.21258567,-0.483429,-0.20629245,-0.11099143,-0.12702323,0.015292694,-0.12395099,0.30128095,0.010020183,0.11108846,0.30686224,-0.04021819,0.13464819,-0.11144192,-0.044347882,0.14126709,-0.5102459,-0.21399222,-0.26959622,0.73624784,0.18273559,-0.3610813,0.6462385,-0.027145265,-0.15529561,0.81747144,0.021614406,0.1299564,0.82616985,-0.017471822,0.34878355,0.69079036,-0.11723469,0.37787646,0.73340565,0.12198884,-0.0069563333,0.8652946,0.04350856,0.0005649229,1.0552005,0.17373267,0.030913586,0.91114813,0.23589906,0.05414707,0.96838087,0.21640977,-0.011909034,0.96017337,0.22680636,0.0781948,1.0016598,0.11766057,-0.07706597,0.9841134,0.14092395,-0.006431262940168381,0.3040716052055359,-0.015099002979695797
