frame,Ankle.R_x,Ankle.R_y,Ankle.R_z,Knee.R_x,Knee.R_y,Knee.R_z,Hip.R_x,Hip.R_y,Hip.R_z,Hip.L_x,Hip.L_y,Hip.L_z,Knee.L_x,Knee.L_y,Knee.L_z,Ankle.L_x,Ankle.L_y,Ankle.L_z,Wrist.R_x,Wrist.R_y,Wrist.R_z,Elbow.R_x,Elbow.R_y,Elbow.R_z,Shoulder.R_x,Shoulder.R_y,Shoulder.R_z,Shoulder.L_x,Shoulder.L_y,Shoulder.L_z,Elbow.L_x,Elbow.L_y,Elbow.L_z,Wrist.L_x,Wrist.L_y,Wrist.L_z,Neck_x,Neck_y,Neck_z,Head_x,Head_y,Head_z,Nose_x,Nose_y,Nose_z,Eye.L_x,Eye.L_y,Eye.L_z,Eye.R_x,Eye.R_y,Eye.R_z,Ear.L_x,Ear.L_y,Ear.L_z,Ear.R_x,Ear.R_y,Ear.R_z,hip.Center_x,hip.Center_y,hip.Center_z
0,-0.082408704,-0.53418356,-0.1302968,-0.07806681,-0.13932534,0.08405797,-0.12522213,0.30559218,0.012512894,0.112704575,0.28698424,-0.06382574,0.14953025,-0.113171875,0.09310792,0.083829366,-0.5164067,-0.099835426,-0.16075738,0.4420217,0.13908021,-0.2765637,0.63985443,0.011023307,-0.05041377,0.78947985,0.095421396,0.22916318,0.732727,-0.03236739,0.2611792,0.51840925,-0.21816534,0.2420671,0.43515015,0.025586363,0.117217585,0.8105916,0.07213029,0.16370729,1.0080346,0.16305168,0.15091498,0.88066936,0.2577337,0.1898264,0.92549944,0.2323029,0.12265366,0.9330361,0.23076122,0.23598522,0.9280524,0.13527569,0.08059075,0.9468988,0.13275495,-0.006258778274059296,0.2962881922721863,-0.025656424462795258
