frame,Ankle.R_x,Ankle.R_y,Ankle.R_z,Knee.R_x,Knee.R_y,Knee.R_z,Hip.R_x,Hip.R_y,Hip.R_z,Hip.L_x,Hip.L_y,Hip.L_z,Knee.L_x,Knee.L_y,Knee.L_z,Ankle.L_x,Ankle.L_y,Ankle.L_z,Wrist.R_x,Wrist.R_y,Wrist.R_z,Elbow.R_x,Elbow.R_y,Elbow.R_z,Shoulder.R_x,Shoulder.R_y,Shoulder.R_z,Shoulder.L_x,Shoulder.L_y,Shoulder.L_z,Elbow.L_x,Elbow.L_y,Elbow.L_z,Wrist.L_x,Wrist.L_y,Wrist.L_z,Neck_x,Neck_y,Neck_z,Head_x,Head_y,Head_z,Nose_x,Nose_y,Nose_z,Eye.L_x,Eye.L_y,Eye.L_z,Eye.R_x,Eye.R_y,Eye.R_z,Ear.L_x,Ear.L_y,Ear.L_z,Ear.R_x,Ear.R_y,Ear.R_z,hip.Center_x,hip.Center_y,hip.Center_z
0,-0.10759271,-0.5331549,-0.21633054,-0.11320413,-0.14053676,-0.020215673,-0.12671623,0.2888388,-0.044235155,0.1124101,0.29754913,0.012149921,0.108708024,-0.13274315,0.021335388,0.19313785,-0.5139885,-0.18384732,-0.26815963,0.53845227,0.025035357,-0.28958374,0.5630033,-0.22465016,-0.19821233,0.7665009,-0.06420923,0.06701378,0.83017933,0.013217306,0.32814017,0.7668172,-0.062160768,0.36427635,0.6192846,0.13716207,-0.08166277,0.83942586,0.013567111,-0.14211032,1.0327568,0.10928879,-0.12029785,0.90273523,0.20055187,-0.09762907,0.96002614,0.18154822,-0.16205887,0.94299906,0.17146336,-0.045832496,0.9849744,0.09245874,-0.19487585,0.9476067,0.06648567,-0.007153064012527466,0.2931939661502838,-0.016042616218328476
