frame,Ankle.R_x,Ankle.R_y,Ankle.R_z,Knee.R_x,Knee.R_y,Knee.R_z,Hip.R_x,Hip.R_y,Hip.R_z,Hip.L_x,Hip.L_y,Hip.L_z,Knee.L_x,Knee.L_y,Knee.L_z,Ankle.L_x,Ankle.L_y,Ankle.L_z,Wrist.R_x,Wrist.R_y,Wrist.R_z,Elbow.R_x,Elbow.R_y,Elbow.R_z,Shoulder.R_x,Shoulder.R_y,Shoulder.R_z,Shoulder.L_x,Shoulder.L_y,Shoulder.L_z,Elbow.L_x,Elbow.L_y,Elbow.L_z,Wrist.L_x,Wrist.L_y,Wrist.L_z,Neck_x,Neck_y,Neck_z,Head_x,Head_y,Head_z,Nose_x,Nose_y,Nose_z,Eye.L_x,Eye.L_y,Eye.L_z,Eye.R_x,Eye.R_y,Eye.R_z,Ear.L_x,Ear.L_y,Ear.L_z,Ear.R_x,Ear.R_y,Ear.R_z,hip.Center_x,hip.Center_y,hip.Center_z
0,-0.09606776,-0.51367146,-0.24855688,-0.114443205,-0.13236012,-0.02421222,-0.12852651,0.31111026,-0.025989575,0.11486056,0.29906958,-0.00496206,0.12679577,-0.12988505,-0.0032392526,0.22484294,-0.47132367,-0.27537864,-0.2734847,0.51625484,0.10757536,-0.26089132,0.61254597,-0.12956193,-0.11752075,0.8164325,0.0049215965,0.19169392,0.7722893,0.023367403,0.28762987,0.5165121,-0.061878357,0.26337832,0.5223649,0.18848379,0.04266349,0.8584484,0.05453888,0.035132904,1.0797576,0.120830126,-0.009855337,0.9652097,0.22469449,0.033764295,1.0112988,0.20897695,-0.027013928,1.0099438,0.17899556,0.11669035,1.00516,0.13925312,-0.024687253,1.0045409,0.06957412,-0.006832975894212723,0.30508992075920105,-0.015475817956030369
