frame,Ankle.R_x,Ankle.R_y,Ankle.R_z,Knee.R_x,Knee.R_y,Knee.R_z,Hip.R_x,Hip.R_y,Hip.R_z,Hip.L_x,Hip.L_y,Hip.L_z,Knee.L_x,Knee.L_y,Knee.L_z,Ankle.L_x,Ankle.L_y,Ankle.L_z,Wrist.R_x,Wrist.R_y,Wrist.R_z,Elbow.R_x,Elbow.R_y,Elbow.R_z,Shoulder.R_x,Shoulder.R_y,Shoulder.R_z,Shoulder.L_x,Shoulder.L_y,Shoulder.L_z,Elbow.L_x,Elbow.L_y,Elbow.L_z,Wrist.L_x,Wrist.L_y,Wrist.L_z,Neck_x,Neck_y,Neck_z,Head_x,Head_y,Head_z,Nose_x,Nose_y,Nose_z,Eye.L_x,Eye.L_y,Eye.L_z,Eye.R_x,Eye.R_y,Eye.R_z,Ear.L_x,Ear.L_y,Ear.L_z,Ear.R_x,Ear.R_y,Ear.R_z,hip.Center_x,hip.Center_y,hip.Center_z
0,-0.067326896,-0.53337187,-0.21310526,-0.08787748,-0.14672779,0.02012213,-0.130927,0.303416,-0.007860468,0.11768891,0.29832813,-0.03424055,0.13480607,-0.12666947,0.06397718,0.16537474,-0.488963,-0.20919941,-0.25703925,0.41929966,0.12943286,-0.29326737,0.604022,-0.053932242,-0.111753926,0.7967998,0.06334759,0.19646572,0.753571,-0.0046846215,0.26539457,0.51201755,-0.1507743,0.29492268,0.47541124,0.1019225,0.06347656,0.83594525,0.072358094,0.10248268,1.0470089,0.15665317,0.12191357,0.9209787,0.25386614,0.15009028,0.96816564,0.21849999,0.084052704,0.9710811,0.23397307,0.16985342,0.9708362,0.11361584,0.016167834,0.97913265,0.14801215,-0.0066190436482429504,0.3008720874786377,-0.021050509065389633
