frame,Ankle.R_x,Ankle.R_y,Ankle.R_z,Knee.R_x,Knee.R_y,Knee.R_z,Hip.R_x,Hip.R_y,Hip.R_z,Hip.L_x,Hip.L_y,Hip.L_z,Knee.L_x,Knee.L_y,Knee.L_z,Ankle.L_x,Ankle.L_y,Ankle.L_z,Wrist.R_x,Wrist.R_y,Wrist.R_z,Elbow.R_x,Elbow.R_y,Elbow.R_z,Shoulder.R_x,Shoulder.R_y,Shoulder.R_z,Shoulder.L_x,Shoulder.L_y,Shoulder.L_z,Elbow.L_x,Elbow.L_y,Elbow.L_z,Wrist.L_x,Wrist.L_y,Wrist.L_z,Neck_x,Neck_y,Neck_z,Head_x,Head_y,Head_z,Nose_x,Nose_y,Nose_z,Eye.L_x,Eye.L_y,Eye.L_z,Eye.R_x,Eye.R_y,Eye.R_z,Ear.L_x,Ear.L_y,Ear.L_z,Ear.R_x,Ear.R_y,Ear.R_z,hip.Center_x,hip.Center_y,hip.Center_z
0,-0.2139988,-0.48600546,-0.19188899,-0.086122416,-0.13492623,0.04091204,-0.11980866,0.29968566,0.028106237,0.10762972,0.3145928,-0.06176248,0.13338295,-0.11496973,-0.022440247,0.1008998,-0.5046611,-0.23009303,-0.07437311,0.44313595,0.23157972,-0.27147222,0.5002192,0.07565381,-0.20095149,0.7717845,0.07605319,0.06603267,0.8329117,-0.07862511,0.14401422,0.62371576,-0.25228226,0.21176879,0.528429,-0.02806077,-0.06056901,0.87103254,0.026947552,-0.089033455,1.096571,0.057063077,0.016607009,1.0219591,0.15407002,0.0066211224,1.0614879,0.10206888,-0.043723203,1.0488596,0.14610274,-0.016260626,1.0342062,0.000843165,-0.13623649,1.0063666,0.101498656,-0.006089471280574799,0.30713921785354614,-0.01682811975479126
