frame,Ankle.R_x,Ankle.R_y,Ankle.R_z,Knee.R_x,Knee.R_y,Knee.R_z,Hip.R_x,Hip.R_y,Hip.R_z,Hip.L_x,Hip.L_y,Hip.L_z,Knee.L_x,Knee.L_y,Knee.L_z,Ankle.L_x,Ankle.L_y,Ankle.L_z,Wrist.R_x,Wrist.R_y,Wrist.R_z,Elbow.R_x,Elbow.R_y,Elbow.R_z,Shoulder.R_x,Shoulder.R_y,Shoulder.R_z,Shoulder.L_x,Shoulder.L_y,Shoulder.L_z,Elbow.L_x,Elbow.L_y,Elbow.L_z,Wrist.L_x,Wrist.L_y,Wrist.L_z,Neck_x,Neck_y,Neck_z,Head_x,Head_y,Head_z,Nose_x,Nose_y,Nose_z,Eye.L_x,Eye.L_y,Eye.L_z,Eye.R_x,Eye.R_y,Eye.R_z,Ear.L_x,Ear.L_y,Ear.L_z,Ear.R_x,Ear.R_y,Ear.R_z,hip.Center_x,hip.Center_y,hip.Center_z
0,-0.08778654,-0.5856314,-0.13609692,-0.11366761,-0.16078742,0.0456984,-0.13146299,0.27703443,-0.04161313,0.118332036,0.29393378,-0.004501649,0.15030871,-0.14677255,0.058574807,0.23695084,-0.51663935,-0.21225059,-0.25076127,0.42679518,0.090946764,-0.31275913,0.47412914,-0.16173844,-0.22818929,0.7115698,-0.0117954,0.07113282,0.77100194,0.062614486,0.28184396,0.59958756,-0.050392967,0.24996923,0.3709729,0.07781361,-0.096338026,0.79574627,0.067339875,-0.15814999,0.98703146,0.17243269,-0.14436829,0.85231096,0.25407797,-0.11895585,0.90977526,0.24046344,-0.18354127,0.8956906,0.22619402,-0.06218282,0.9383882,0.15648068,-0.21022934,0.90742046,0.12201253,-0.006565477699041367,0.28548410534858704,-0.02305739000439644
