frame,Ankle.R_x,Ankle.R_y,Ankle.R_z,Knee.R_x,Knee.R_y,Knee.R_z,Hip.R_x,Hip.R_y,Hip.R_z,Hip.L_x,Hip.L_y,Hip.L_z,Knee.L_x,Knee.L_y,Knee.L_z,Ankle.L_x,Ankle.L_y,Ankle.L_z,Wrist.R_x,Wrist.R_y,Wrist.R_z,Elbow.R_x,Elbow.R_y,Elbow.R_z,Shoulder.R_x,Shoulder.R_y,Shoulder.R_z,Shoulder.L_x,Shoulder.L_y,Shoulder.L_z,Elbow.L_x,Elbow.L_y,Elbow.L_z,Wrist.L_x,Wrist.L_y,Wrist.L_z,Neck_x,Neck_y,Neck_z,Head_x,Head_y,Head_z,Nose_x,Nose_y,Nose_z,Eye.L_x,Eye.L_y,Eye.L_z,Eye.R_x,Eye.R_y,Eye.R_z,Ear.L_x,Ear.L_y,Ear.L_z,Ear.R_x,Ear.R_y,Ear.R_z,hip.Center_x,hip.Center_y,hip.Center_z
0,-0.18382387,-0.5532834,-0.25133002,-0.0947202,-0.178835,0.020189496,-0.12534866,0.2725883,0.015447597,0.1169141,0.29574692,-0.051411625,0.13090888,-0.15702397,-0.03797406,0.1046014,-0.58955526,-0.22944933,-0.06821736,0.34719065,0.2811419,-0.24544153,0.396599,0.0833431,-0.23233603,0.6911772,0.07650952,0.037820462,0.791726,-0.04556191,0.14454204,0.5845054,-0.22070436,0.17373455,0.51320744,0.030717026,-0.10085501,0.8093889,0.04871358,-0.11674735,1.0269623,0.12127842,-0.05915031,0.91358733,0.21657503,-0.046371467,0.9651052,0.17876995,-0.10939403,0.9530419,0.2008933,-0.038752526,0.9676648,0.07338403,-0.18336618,0.94230807,0.12306268,-0.004217278212308884,0.284167617559433,-0.017982013523578644
