frame,Ankle.R_x,Ankle.R_y,Ankle.R_z,Knee.R_x,Knee.R_y,Knee.R_z,Hip.R_x,Hip.R_y,Hip.R_z,Hip.L_x,Hip.L_y,Hip.L_z,Knee.L_x,Knee.L_y,Knee.L_z,Ankle.L_x,Ankle.L_y,Ankle.L_z,Wrist.R_x,Wrist.R_y,Wrist.R_z,Elbow.R_x,Elbow.R_y,Elbow.R_z,Shoulder.R_x,Shoulder.R_y,Shoulder.R_z,Shoulder.L_x,Shoulder.L_y,Shoulder.L_z,Elbow.L_x,Elbow.L_y,Elbow.L_z,Wrist.L_x,Wrist.L_y,Wrist.L_z,Neck_x,Neck_y,Neck_z,Head_x,Head_y,Head_z,Nose_x,Nose_y,Nose_z,Eye.L_x,Eye.L_y,Eye.L_z,Eye.R_x,Eye.R_y,Eye.R_z,Ear.L_x,Ear.L_y,Ear.L_z,Ear.R_x,Ear.R_y,Ear.R_z,hip.Center_x,hip.Center_y,hip.Center_z
0,-0.029209612,-0.5315377,-0.24210346,-0.08294143,-0.14140767,-0.05063745,-0.12520516,0.29045254,-0.046878915,0.11103897,0.29508823,0.022258284,0.06944307,-0.13456243,-0.026387755,0.069491334,-0.52848923,-0.21765354,-0.21442457,0.41092145,-0.0031013887,-0.24423988,0.5415979,-0.22004944,-0.20309229,0.7632115,-0.06338299,0.05484529,0.8396001,0.05128924,0.29318798,0.8235611,0.1941133,0.09747247,0.8246178,0.35056463,-0.09021863,0.8490306,0.017194454,-0.13861638,1.0644491,0.067657694,-0.13509393,0.95489705,0.18598124,-0.106111005,1.0054505,0.15729603,-0.17137355,0.991557,0.14620423,-0.046562005,1.0060495,0.0689357,-0.19643141,0.9767524,0.039590895,-0.007083095610141754,0.2927703857421875,-0.012310315854847431
