frame,Ankle.R_x,Ankle.R_y,Ankle.R_z,Knee.R_x,Knee.R_y,Knee.R_z,Hip.R_x,Hip.R_y,Hip.R_z,Hip.L_x,Hip.L_y,Hip.L_z,Knee.L_x,Knee.L_y,Knee.L_z,Ankle.L_x,Ankle.L_y,Ankle.L_z,Wrist.R_x,Wrist.R_y,Wrist.R_z,Elbow.R_x,Elbow.R_y,Elbow.R_z,Shoulder.R_x,Shoulder.R_y,Shoulder.R_z,Shoulder.L_x,Shoulder.L_y,Shoulder.L_z,Elbow.L_x,Elbow.L_y,Elbow.L_z,Wrist.L_x,Wrist.L_y,Wrist.L_z,Neck_x,Neck_y,Neck_z,Head_x,Head_y,Head_z,Nose_x,Nose_y,Nose_z,Eye.L_x,Eye.L_y,Eye.L_z,Eye.R_x,Eye.R_y,Eye.R_z,Ear.L_x,Ear.L_y,Ear.L_z,Ear.R_x,Ear.R_y,Ear.R_z,hip.Center_x,hip.Center_y,hip.Center_z
0,-0.0821576,-0.55363363,-0.21442714,-0.066824384,-0.16033608,0.03006033,-0.12864248,0.29036593,0.009679882,0.115416214,0.3069475,-0.055446073,0.15818794,-0.12765871,0.07275871,0.038873777,-0.4545106,-0.22985317,-0.037706845,0.3163856,0.20637111,-0.2286717,0.4401037,0.05566737,-0.21574023,0.73187494,0.06285739,0.08582103,0.80701363,-0.032170102,0.18613744,0.57190466,-0.17103964,0.1261284,0.39749843,0.023940343,-0.06742467,0.8408358,0.047216255,-0.077314995,1.0624583,0.12221791,-0.017238408,0.946519,0.21429422,-0.00547383,0.99807554,0.17514166,-0.068004966,0.98693836,0.2002587,-0.0018089637,1.0019261,0.06845165,-0.14780562,0.9770523,0.12508622,-0.00661313533782959,0.298656702041626,-0.0228830948472023
