frame,Ankle.R_x,Ankle.R_y,Ankle.R_z,Knee.R_x,Knee.R_y,Knee.R_z,Hip.R_x,Hip.R_y,Hip.R_z,Hip.L_x,Hip.L_y,Hip.L_z,Knee.L_x,Knee.L_y,Knee.L_z,Ankle.L_x,Ankle.L_y,Ankle.L_z,Wrist.R_x,Wrist.R_y,Wrist.R_z,Elbow.R_x,Elbow.R_y,Elbow.R_z,Shoulder.R_x,Shoulder.R_y,Shoulder.R_z,Shoulder.L_x,Shoulder.L_y,Shoulder.L_z,Elbow.L_x,Elbow.L_y,Elbow.L_z,Wrist.L_x,Wrist.L_y,Wrist.L_z,Neck_x,Neck_y,Neck_z,Head_x,Head_y,Head_z,Nose_x,Nose_y,Nose_z,Eye.L_x,Eye.L_y,Eye.L_z,Eye.R_x,Eye.R_y,Eye.R_z,Ear.L_x,Ear.L_y,Ear.L_z,Ear.R_x,Ear.R_y,Ear.R_z,hip.Center_x,hip.Center_y,hip.Center_z
0,-0.15722024,-0.4487523,-0.28787234,-0.16985422,-0.12464474,-0.0048179794,-0.12480071,0.2916918,-0.037641395,0.11519179,0.29739687,0.0013068598,0.10445479,-0.1287318,-0.0005400551,0.09276623,-0.5182285,-0.18940946,-0.25274143,0.695646,0.15158592,-0.33104038,0.5199866,-0.0032163588,-0.22136335,0.7574434,-0.0068052374,0.045529306,0.83579206,0.038338337,0.28708696,0.8118712,0.15220019,0.12056182,0.94931376,0.26427704,-0.09957755,0.83953315,0.037823357,-0.14011788,1.0446943,0.11509806,-0.12870255,0.9231638,0.2180981,-0.10147177,0.97590536,0.19357748,-0.16733801,0.96427655,0.18561688,-0.048765574,0.9873626,0.101631574,-0.20166723,0.9614389,0.081303656,-0.004804462194442749,0.2945443391799927,-0.018167268484830856
