frame,Ankle.R_x,Ankle.R_y,Ankle.R_z,Knee.R_x,Knee.R_y,Knee.R_z,Hip.R_x,Hip.R_y,Hip.R_z,Hip.L_x,Hip.L_y,Hip.L_z,Knee.L_x,Knee.L_y,Knee.L_z,Ankle.L_x,Ankle.L_y,Ankle.L_z,Wrist.R_x,Wrist.R_y,Wrist.R_z,Elbow.R_x,Elbow.R_y,Elbow.R_z,Shoulder.R_x,Shoulder.R_y,Shoulder.R_z,Shoulder.L_x,Shoulder.L_y,Shoulder.L_z,Elbow.L_x,Elbow.L_y,Elbow.L_z,Wrist.L_x,Wrist.L_y,Wrist.L_z,Neck_x,Neck_y,Neck_z,Head_x,Head_y,Head_z,Nose_x,Nose_y,Nose_z,Eye.L_x,Eye.L_y,Eye.L_z,Eye.R_x,Eye.R_y,Eye.R_z,Ear.L_x,Ear.L_y,Ear.L_z,Ear.R_x,Ear.R_y,Ear.R_z,hip.Center_x,hip.Center_y,hip.Center_z
0,-0.11942957,-0.5674079,-0.14465615,-0.07444544,-0.16612384,0.09036294,-0.12983152,0.27432638,0.01194535,0.11314033,0.30455384,-0.06802559,0.2385834,-0.09026046,0.11275892,0.14460097,-0.40725967,-0.21138008,-0.055900972,0.31774083,0.26739046,-0.22203371,0.3918859,0.06654587,-0.22387452,0.68691504,0.081055395,0.06632888,0.7813185,-0.02718838,0.17741841,0.55784917,-0.17969179,0.10526288,0.4200999,0.038404983,-0.082207024,0.80637944,0.05674479,-0.089737736,1.0303236,0.100148745,0.008154258,0.9358232,0.1825414,0.001433298,0.9786575,0.13374333,-0.046192527,0.9723103,0.18218277,-0.034881458,0.9618999,0.037021626,-0.14693472,0.94729155,0.145428,-0.008345596492290497,0.2894400954246521,-0.028040118515491486
