frame,Ankle.R_x,Ankle.R_y,Ankle.R_z,Knee.R_x,Knee.R_y,Knee.R_z,Hip.R_x,Hip.R_y,Hip.R_z,Hip.L_x,Hip.L_y,Hip.L_z,Knee.L_x,Knee.L_y,Knee.L_z,Ankle.L_x,Ankle.L_y,Ankle.L_z,Wrist.R_x,Wrist.R_y,Wrist.R_z,Elbow.R_x,Elbow.R_y,Elbow.R_z,Shoulder.R_x,Shoulder.R_y,Shoulder.R_z,Shoulder.L_x,Shoulder.L_y,Shoulder.L_z,Elbow.L_x,Elbow.L_y,Elbow.L_z,Wrist.L_x,Wrist.L_y,Wrist.L_z,Neck_x,Neck_y,Neck_z,Head_x,Head_y,Head_z,Nose_x,Nose_y,Nose_z,Eye.L_x,Eye.L_y,Eye.L_z,Eye.R_x,Eye.R_y,Eye.R_z,Ear.L_x,Ear.L_y,Ear.L_z,Ear.R_x,Ear.R_y,Ear.R_z,hip.Center_x,hip.Center_y,hip.Center_z
0,-0.03257778,-0.6282917,-0.29165745,-0.082891874,-0.19674098,-0.0641022,-0.13050184,0.27255347,-0.045803025,0.12062543,0.25747392,0.013256074,0.05279842,-0.20161231,-0.023302224,0.056693204,-0.6357606,-0.25493258,-0.2459955,0.317773,0.09113449,-0.23356979,0.46527278,-0.14444546,-0.12930869,0.73064774,-0.0613477,0.16678631,0.7126528,0.02487633,0.2523148,0.42627978,0.0034503434,0.17553961,0.22030626,0.17127497,0.014926526,0.7891866,0.009123128,-0.010728855,1.0019544,0.07125512,-0.052864693,0.883306,0.16625306,-0.011188209,0.93107295,0.15575802,-0.07152822,0.92929375,0.124801606,0.06912744,0.9319241,0.0882242,-0.0656317,0.9287873,0.018985659,-0.00493820384144783,0.2650136947631836,-0.01627347618341446
