frame,Ankle.R_x,Ankle.R_y,Ankle.R_z,Knee.R_x,Knee.R_y,Knee.R_z,Hip.R_x,Hip.R_y,Hip.R_z,Hip.L_x,Hip.L_y,Hip.L_z,Knee.L_x,Knee.L_y,Knee.L_z,Ankle.L_x,Ankle.L_y,Ankle.L_z,Wrist.R_x,Wrist.R_y,Wrist.R_z,Elbow.R_x,Elbow.R_y,Elbow.R_z,Shoulder.R_x,Shoulder.R_y,Shoulder.R_z,Shoulder.L_x,Shoulder.L_y,Shoulder.L_z,Elbow.L_x,Elbow.L_y,Elbow.L_z,Wrist.L_x,Wrist.L_y,Wrist.L_z,Neck_x,Neck_y,Neck_z,Head_x,Head_y,Head_z,Nose_x,Nose_y,Nose_z,Eye.L_x,Eye.L_y,Eye.L_z,Eye.R_x,Eye.R_y,Eye.R_z,Ear.L_x,Ear.L_y,Ear.L_z,Ear.R_x,Ear.R_y,Ear.R_z,hip.Center_x,hip.Center_y,hip.Center_z
0,-0.031408418,-0.6459192,-0.25128168,-0.08238411,-0.20552611,-0.03270628,-0.13058043,0.2655055,-0.05195736,0.120875984,0.25845847,0.015150054,0.045682162,-0.20499292,0.026754318,0.0495236,-0.646624,-0.19774103,-0.22590269,0.31909826,0.07971466,-0.24096891,0.4426418,-0.16920054,-0.15690616,0.71088636,-0.06955822,0.13679072,0.72094876,0.02031491,0.26107275,0.45235395,-0.032158792,0.21798596,0.23148163,0.1283453,-0.020761495,0.77967787,0.0060925987,-0.06948519,0.98327625,0.08045485,-0.08495276,0.85656714,0.17249998,-0.051260356,0.9096607,0.16033956,-0.11403151,0.90116537,0.13621983,0.019434642,0.92391163,0.08510352,-0.120538846,0.90577894,0.030640952,-0.004852220416069031,0.2619819641113281,-0.01840365305542946
