frame,Ankle.R_x,Ankle.R_y,Ankle.R_z,Knee.R_x,Knee.R_y,Knee.R_z,Hip.R_x,Hip.R_y,Hip.R_z,Hip.L_x,Hip.L_y,Hip.L_z,Knee.L_x,Knee.L_y,Knee.L_z,Ankle.L_x,Ankle.L_y,Ankle.L_z,Wrist.R_x,Wrist.R_y,Wrist.R_z,Elbow.R_x,Elbow.R_y,Elbow.R_z,Shoulder.R_x,Shoulder.R_y,Shoulder.R_z,Shoulder.L_x,Shoulder.L_y,Shoulder.L_z,Elbow.L_x,Elbow.L_y,Elbow.L_z,Wrist.L_x,Wrist.L_y,Wrist.L_z,Neck_x,Neck_y,Neck_z,Head_x,Head_y,Head_z,Nose_x,Nose_y,Nose_z,Eye.L_x,Eye.L_y,Eye.L_z,Eye.R_x,Eye.R_y,Eye.R_z,Ear.L_x,Ear.L_y,Ear.L_z,Ear.R_x,Ear.R_y,Ear.R_z,hip.Center_x,hip.Center_y,hip.Center_z
0,-0.20215325,-0.61035115,-0.33140063,-0.099631384,-0.21013084,-0.050724037,-0.11612141,0.25618884,0.04327377,0.11313613,0.26140437,-0.079850875,0.15001172,-0.19409893,0.0052830074,0.13382229,-0.66783494,-0.15760508,-0.12572575,0.15363853,0.21301615,-0.20061804,0.4172445,0.12856099,-0.08195896,0.6941755,0.12185873,0.15188621,0.68975157,-0.07932319,0.14752746,0.4238909,-0.22136024,0.23300408,0.16181728,-0.16088633,0.063946255,0.75663906,0.047228456,0.14030872,0.95638204,0.11311047,0.19782421,0.8222898,0.17127426,0.20788774,0.872332,0.13238636,0.16070688,0.8741964,0.18097329,0.16791353,0.8875794,0.038235884,0.062430754,0.89258707,0.1455643,-0.0014926418662071228,0.2587966024875641,-0.01828855276107788
