frame,Ankle.R_x,Ankle.R_y,Ankle.R_z,Knee.R_x,Knee.R_y,Knee.R_z,Hip.R_x,Hip.R_y,Hip.R_z,Hip.L_x,Hip.L_y,Hip.L_z,Knee.L_x,Knee.L_y,Knee.L_z,Ankle.L_x,Ankle.L_y,Ankle.L_z,Wrist.R_x,Wrist.R_y,Wrist.R_z,Elbow.R_x,Elbow.R_y,Elbow.R_z,Shoulder.R_x,Shoulder.R_y,Shoulder.R_z,Shoulder.L_x,Shoulder.L_y,Shoulder.L_z,Elbow.L_x,Elbow.L_y,Elbow.L_z,Wrist.L_x,Wrist.L_y,Wrist.L_z,Neck_x,Neck_y,Neck_z,Head_x,Head_y,Head_z,Nose_x,Nose_y,Nose_z,Eye.L_x,Eye.L_y,Eye.L_z,Eye.R_x,Eye.R_y,Eye.R_z,Ear.L_x,Ear.L_y,Ear.L_z,Ear.R_x,Ear.R_y,Ear.R_z,hip.Center_x,hip.Center_y,hip.Center_z
0,-0.1325578,-0.5179237,-0.26698413,-0.11366093,-0.13621767,-0.050122418,-0.12837644,0.29499614,-0.022170527,0.11516939,0.29792896,-0.0043596914,0.12609465,-0.12832151,-0.039531715,0.17395839,-0.5101867,-0.25429323,-0.27712992,0.6824369,0.08793811,-0.29933423,0.57551056,-0.13525826,-0.17718421,0.78633845,-0.013757257,0.09543236,0.8322943,0.0238913,0.34223115,0.75984776,-0.07878578,0.32903305,0.7209837,0.16516358,-0.049456447,0.8498078,0.04811529,-0.09407937,1.0352992,0.17143641,-0.0743319,0.89300025,0.24249913,-0.05008041,0.95201766,0.23081984,-0.11543426,0.938722,0.22039749,0.0007494725,0.98802274,0.14381273,-0.15074271,0.9592811,0.11846571,-0.006603524088859558,0.2964625358581543,-0.013265108689665794
