frame,Ankle.R_x,Ankle.R_y,Ankle.R_z,Knee.R_x,Knee.R_y,Knee.R_z,Hip.R_x,Hip.R_y,Hip.R_z,Hip.L_x,Hip.L_y,Hip.L_z,Knee.L_x,Knee.L_y,Knee.L_z,Ankle.L_x,Ankle.L_y,Ankle.L_z,Wrist.R_x,Wrist.R_y,Wrist.R_z,Elbow.R_x,Elbow.R_y,Elbow.R_z,Shoulder.R_x,Shoulder.R_y,Shoulder.R_z,Shoulder.L_x,Shoulder.L_y,Shoulder.L_z,Elbow.L_x,Elbow.L_y,Elbow.L_z,Wrist.L_x,Wrist.L_y,Wrist.L_z,Neck_x,Neck_y,Neck_z,Head_x,Head_y,Head_z,Nose_x,Nose_y,Nose_z,Eye.L_x,Eye.L_y,Eye.L_z,Eye.R_x,Eye.R_y,Eye.R_z,Ear.L_x,Ear.L_y,Ear.L_z,Ear.R_x,Ear.R_y,Ear.R_z,hip.Center_x,hip.Center_y,hip.Center_z
0,-0.11861232,-0.5420292,-0.114038,-0.13029842,-0.13407946,0.06300578,-0.12758915,0.3040445,-0.004849831,0.11771111,0.28378054,-0.046756882,0.16138466,-0.10205537,0.12122101,0.13293828,-0.46815732,-0.13257375,-0.2027915,0.6115696,0.20958203,-0.30101556,0.6828265,-0.014950635,-0.051384326,0.78855056,0.07360132,0.23673995,0.7114898,-0.00733433,0.30086112,0.5012658,-0.1893978,0.3062975,0.40730208,0.04556096,0.12033311,0.79967415,0.07393234,0.19066784,0.9975273,0.14742093,0.20197007,0.87413704,0.24650595,0.232877,0.91502583,0.20763296,0.1702169,0.9277853,0.2292234,0.24209905,0.91315484,0.10290472,0.09712397,0.9430897,0.15042281,-0.004939019680023193,0.29391252994537354,-0.025803357362747192
