frame,Ankle.R_x,Ankle.R_y,Ankle.R_z,Knee.R_x,Knee.R_y,Knee.R_z,Hip.R_x,Hip.R_y,Hip.R_z,Hip.L_x,Hip.L_y,Hip.L_z,Knee.L_x,Knee.L_y,Knee.L_z,Ankle.L_x,Ankle.L_y,Ankle.L_z,Wrist.R_x,Wrist.R_y,Wrist.R_z,Elbow.R_x,Elbow.R_y,Elbow.R_z,Shoulder.R_x,Shoulder.R_y,Shoulder.R_z,Shoulder.L_x,Shoulder.L_y,Shoulder.L_z,Elbow.L_x,Elbow.L_y,Elbow.L_z,Wrist.L_x,Wrist.L_y,Wrist.L_z,Neck_x,Neck_y,Neck_z,Head_x,Head_y,Head_z,Nose_x,Nose_y,Nose_z,Eye.L_x,Eye.L_y,Eye.L_z,Eye.R_x,Eye.R_y,Eye.R_z,Ear.L_x,Ear.L_y,Ear.L_z,Ear.R_x,Ear.R_y,Ear.R_z,hip.Center_x,hip.Center_y,hip.Center_z
0,-0.08646999,-0.48061943,-0.28722587,-0.07926025,-0.13540395,-0.03381068,-0.12272887,0.2906687,0.0153779965,0.11054453,0.30285072,-0.03657455,0.10833086,-0.11835021,-0.07170811,0.10962409,-0.4884035,-0.29511982,-0.07761672,0.8695808,0.4507446,-0.23054528,0.70032156,0.34582442,-0.13567495,0.8008423,0.11090294,0.12912245,0.79527485,-0.029000517,0.33681932,0.6389723,-0.13777961,0.5186001,0.7093162,0.012339549,0.003508225,0.85276735,0.056499846,0.026274426,1.0762976,0.09403928,0.09802574,0.97424173,0.19304588,0.10409261,1.016031,0.14419363,0.048894584,1.015664,0.18292446,0.08311778,1.0011685,0.040371303,-0.04631423,1.0015013,0.12815347,-0.006092168390750885,0.2967597246170044,-0.010598276741802692
