frame,Ankle.R_x,Ankle.R_y,Ankle.R_z,Knee.R_x,Knee.R_y,Knee.R_z,Hip.R_x,Hip.R_y,Hip.R_z,Hip.L_x,Hip.L_y,Hip.L_z,Knee.L_x,Knee.L_y,Knee.L_z,Ankle.L_x,Ankle.L_y,Ankle.L_z,Wrist.R_x,Wrist.R_y,Wrist.R_z,Elbow.R_x,Elbow.R_y,Elbow.R_z,Shoulder.R_x,Shoulder.R_y,Shoulder.R_z,Shoulder.L_x,Shoulder.L_y,Shoulder.L_z,Elbow.L_x,Elbow.L_y,Elbow.L_z,Wrist.L_x,Wrist.L_y,Wrist.L_z,Neck_x,Neck_y,Neck_z,Head_x,Head_y,Head_z,Nose_x,Nose_y,Nose_z,Eye.L_x,Eye.L_y,Eye.L_z,Eye.R_x,Eye.R_y,Eye.R_z,Ear.L_x,Ear.L_y,Ear.L_z,Ear.R_x,Ear.R_y,Ear.R_z,hip.Center_x,hip.Center_y,hip.Center_z
0,-0.086222515,-0.52225477,-0.30303127,-0.08217572,-0.1422916,-0.056036036,-0.12957355,0.30363658,-0.020045364,0.11760612,0.30275017,-0.004937589,0.068558425,-0.13843872,-0.040800028,0.058653954,-0.5042612,-0.3086587,-0.13118564,0.4283991,0.12009216,-0.25893384,0.52500653,-0.0898691,-0.1909274,0.7859106,0.004099058,0.12700234,0.80547506,0.016939316,0.21258171,0.5530318,-0.09222844,0.12444798,0.39653227,0.09647182,-0.034821138,0.86747205,0.04698102,-0.04828056,1.0941461,0.10953109,-0.054138005,0.980693,0.22421354,-0.018817041,1.0278232,0.19390562,-0.086699255,1.0243193,0.18607517,0.036723267,1.0221157,0.10119896,-0.12016263,1.0156204,0.08117217,-0.005983717739582062,0.3031933903694153,-0.012491476722061634
