frame,Ankle.R_x,Ankle.R_y,Ankle.R_z,Knee.R_x,Knee.R_y,Knee.R_z,Hip.R_x,Hip.R_y,Hip.R_z,Hip.L_x,Hip.L_y,Hip.L_z,Knee.L_x,Knee.L_y,Knee.L_z,Ankle.L_x,Ankle.L_y,Ankle.L_z,Wrist.R_x,Wrist.R_y,Wrist.R_z,Elbow.R_x,Elbow.R_y,Elbow.R_z,Shoulder.R_x,Shoulder.R_y,Shoulder.R_z,Shoulder.L_x,Shoulder.L_y,Shoulder.L_z,Elbow.L_x,Elbow.L_y,Elbow.L_z,Wrist.L_x,Wrist.L_y,Wrist.L_z,Neck_x,Neck_y,Neck_z,Head_x,Head_y,Head_z,Nose_x,Nose_y,Nose_z,Eye.L_x,Eye.L_y,Eye.L_z,Eye.R_x,Eye.R_y,Eye.R_z,Ear.L_x,Ear.L_y,Ear.L_z,Ear.R_x,Ear.R_y,Ear.R_z,hip.Center_x,hip.Center_y,hip.Center_z
0,-0.15764466,-0.5166905,-0.16127262,-0.10266178,-0.13202144,0.050214607,-0.12292561,0.31174716,0.01827502,0.109943084,0.29714715,-0.05659132,0.15658368,-0.11649912,0.011346187,0.19403566,-0.51771605,-0.18257418,-0.08609985,0.5441376,0.22096437,-0.24497601,0.6389077,0.044337757,-0.027951296,0.8100033,0.09030135,0.23895502,0.7241961,-0.054326497,0.23044313,0.4806916,-0.20243539,0.2710242,0.42728585,0.041741766,0.14432274,0.82401294,0.04995854,0.23052296,1.0272222,0.109132364,0.26238233,0.90274394,0.20449972,0.28460345,0.9447998,0.15971893,0.22670346,0.9563854,0.19325021,0.27359414,0.9426569,0.053416062,0.13894123,0.97063446,0.12940729,-0.006491262465715408,0.3044471740722656,-0.019158151000738144
