frame,Ankle.R_x,Ankle.R_y,Ankle.R_z,Knee.R_x,Knee.R_y,Knee.R_z,Hip.R_x,Hip.R_y,Hip.R_z,Hip.L_x,Hip.L_y,Hip.L_z,Knee.L_x,Knee.L_y,Knee.L_z,Ankle.L_x,Ankle.L_y,Ankle.L_z,Wrist.R_x,Wrist.R_y,Wrist.R_z,Elbow.R_x,Elbow.R_y,Elbow.R_z,Shoulder.R_x,Shoulder.R_y,Shoulder.R_z,Shoulder.L_x,Shoulder.L_y,Shoulder.L_z,Elbow.L_x,Elbow.L_y,Elbow.L_z,Wrist.L_x,Wrist.L_y,Wrist.L_z,Neck_x,Neck_y,Neck_z,Head_x,Head_y,Head_z,Nose_x,Nose_y,Nose_z,Eye.L_x,Eye.L_y,Eye.L_z,Eye.R_x,Eye.R_y,Eye.R_z,Ear.L_x,Ear.L_y,Ear.L_z,Ear.R_x,Ear.R_y,Ear.R_z,hip.Center_x,hip.Center_y,hip.Center_z
0,-0.050198194,-0.5417272,-0.2261535,-0.08680693,-0.14241013,-0.028042668,-0.1253041,0.30028608,-0.049273215,0.11156486,0.29417413,0.020666929,0.0522122,-0.14162195,0.022192916,0.10561548,-0.5323392,-0.19076821,-0.28252944,0.42931923,0.010128442,-0.24015759,0.5522841,-0.21313576,-0.15478271,0.7876797,-0.088091515,0.12977275,0.8241368,-0.008328965,0.34720314,0.66652906,-0.09147954,0.250977,0.49531522,0.072306804,-0.022283174,0.85960937,-0.01186269,-0.0441405,1.0729259,0.06399597,-0.03364358,0.9528687,0.171057,-0.0039868066,1.0030029,0.14117366,-0.071583726,0.9964254,0.13996036,0.040076382,1.0063084,0.044138014,-0.115411095,0.99292743,0.038767025,-0.006869621574878693,0.2972301244735718,-0.014303143136203289
