frame,Ankle.R_x,Ankle.R_y,Ankle.R_z,Knee.R_x,Knee.R_y,Knee.R_z,Hip.R_x,Hip.R_y,Hip.R_z,Hip.L_x,Hip.L_y,Hip.L_z,Knee.L_x,Knee.L_y,Knee.L_z,Ankle.L_x,Ankle.L_y,Ankle.L_z,Wrist.R_x,Wrist.R_y,Wrist.R_z,Elbow.R_x,Elbow.R_y,Elbow.R_z,Shoulder.R_x,Shoulder.R_y,Shoulder.R_z,Shoulder.L_x,Shoulder.L_y,Shoulder.L_z,Elbow.L_x,Elbow.L_y,Elbow.L_z,Wrist.L_x,Wrist.L_y,Wrist.L_z,Neck_x,Neck_y,Neck_z,Head_x,Head_y,Head_z,Nose_x,Nose_y,Nose_z,Eye.L_x,Eye.L_y,Eye.L_z,Eye.R_x,Eye.R_y,Eye.R_z,Ear.L_x,Ear.L_y,Ear.L_z,Ear.R_x,Ear.R_y,Ear.R_z,hip.Center_x,hip.Center_y,hip.Center_z
0,-0.10389022,-0.49080285,-0.30259183,-0.076201096,-0.1465412,-0.014383608,-0.12795165,0.29791534,0.0029590884,0.11550602,0.31442207,-0.032263204,0.09708766,-0.13100249,-0.03161951,0.0402672,-0.49316335,-0.29431424,-0.02617107,0.337645,0.1705458,-0.22138192,0.4737129,0.045212343,-0.22659606,0.7569523,0.047305383,0.07863521,0.82524705,-0.027253132,0.17535225,0.57441986,-0.12729035,0.15470293,0.36874676,0.037261356,-0.07993534,0.8680716,0.037443824,-0.09925466,1.099954,0.09123961,-0.046811014,0.9934107,0.19954583,-0.03203822,1.0415792,0.15631658,-0.09647241,1.0320535,0.17720151,-0.019156083,1.0351388,0.04941579,-0.16988045,1.0140587,0.095924646,-0.006222814321517944,0.30616870522499084,-0.014652058482170105
