frame,Ankle.R_x,Ankle.R_y,Ankle.R_z,Knee.R_x,Knee.R_y,Knee.R_z,Hip.R_x,Hip.R_y,Hip.R_z,Hip.L_x,Hip.L_y,Hip.L_z,Knee.L_x,Knee.L_y,Knee.L_z,Ankle.L_x,Ankle.L_y,Ankle.L_z,Wrist.R_x,Wrist.R_y,Wrist.R_z,Elbow.R_x,Elbow.R_y,Elbow.R_z,Shoulder.R_x,Shoulder.R_y,Shoulder.R_z,Shoulder.L_x,Shoulder.L_y,Shoulder.L_z,Elbow.L_x,Elbow.L_y,Elbow.L_z,Wrist.L_x,Wrist.L_y,Wrist.L_z,Neck_x,Neck_y,Neck_z,Head_x,Head_y,Head_z,Nose_x,Nose_y,Nose_z,Eye.L_x,Eye.L_y,Eye.L_z,Eye.R_x,Eye.R_y,Eye.R_z,Ear.L_x,Ear.L_y,Ear.L_z,Ear.R_x,Ear.R_y,Ear.R_z,hip.Center_x,hip.Center_y,hip.Center_z
0,-0.059014745,-0.50002384,-0.29488042,-0.0683523,-0.14007942,-0.058163755,-0.12371874,0.2808125,0.014023244,0.11239726,0.29607734,-0.031616732,0.09272137,-0.12285904,-0.09636171,0.08203597,-0.49467617,-0.3200069,-0.11085597,0.9199825,0.36307287,-0.2303076,0.70597684,0.32806435,-0.1622119,0.7926461,0.0917812,0.09795241,0.8053449,-0.01078703,0.3239187,0.66129285,-0.07264915,0.44168985,0.7905976,0.09436159,-0.03187647,0.84735227,0.05782277,-0.011734462,1.0650258,0.11897334,0.037993245,0.9488536,0.2154682,0.054028973,0.9952501,0.1743105,-0.0068491176,0.99369407,0.20294058,0.050031155,0.99376726,0.067908645,-0.09062725,0.99138045,0.13165787,-0.005660738795995712,0.2884449362754822,-0.008796744048595428
