frame,Ankle.R_x,Ankle.R_y,Ankle.R_z,Knee.R_x,Knee.R_y,Knee.R_z,Hip.R_x,Hip.R_y,Hip.R_z,Hip.L_x,Hip.L_y,Hip.L_z,Knee.L_x,Knee.L_y,Knee.L_z,Ankle.L_x,Ankle.L_y,Ankle.L_z,Wrist.R_x,Wrist.R_y,Wrist.R_z,Elbow.R_x,Elbow.R_y,Elbow.R_z,Shoulder.R_x,Shoulder.R_y,Shoulder.R_z,Shoulder.L_x,Shoulder.L_y,Shoulder.L_z,Elbow.L_x,Elbow.L_y,Elbow.L_z,Wrist.L_x,Wrist.L_y,Wrist.L_z,Neck_x,Neck_y,Neck_z,Head_x,Head_y,Head_z,Nose_x,Nose_y,Nose_z,Eye.L_x,Eye.L_y,Eye.L_z,Eye.R_x,Eye.R_y,Eye.R_z,Ear.L_x,Ear.L_y,Ear.L_z,Ear.R_x,Ear.R_y,Ear.R_z,hip.Center_x,hip.Center_y,hip.Center_z
0,-0.24849121,-0.5475435,-0.31660163,-0.14386278,-0.21008632,0.026816161,-0.13083255,0.25126958,-0.006218968,0.12739933,0.26953346,-0.03322043,0.116670616,-0.19925787,-0.0026790118,0.090597175,-0.65778935,-0.19060156,-0.14198852,0.12881385,0.16161923,-0.25215274,0.33278298,0.00096822996,-0.23933752,0.6330238,0.046468012,0.045843743,0.7398063,-0.002598146,0.18102142,0.5114634,-0.13587382,0.19453572,0.35172996,0.0854773,-0.11010833,0.7538121,0.05555844,-0.14789535,0.9648436,0.1159023,-0.09768994,0.85883266,0.22127154,-0.08235948,0.90945387,0.18443573,-0.14683175,0.89559495,0.19983234,-0.064604305,0.90826654,0.08284806,-0.20882799,0.87908685,0.11567429,-0.00171661376953125,0.26040151715278625,-0.019719697535037994
