frame,Ankle.R_x,Ankle.R_y,Ankle.R_z,Knee.R_x,Knee.R_y,Knee.R_z,Hip.R_x,Hip.R_y,Hip.R_z,Hip.L_x,Hip.L_y,Hip.L_z,Knee.L_x,Knee.L_y,Knee.L_z,Ankle.L_x,Ankle.L_y,Ankle.L_z,Wrist.R_x,Wrist.R_y,Wrist.R_z,Elbow.R_x,Elbow.R_y,Elbow.R_z,Shoulder.R_x,Shoulder.R_y,Shoulder.R_z,Shoulder.L_x,Shoulder.L_y,Shoulder.L_z,Elbow.L_x,Elbow.L_y,Elbow.L_z,Wrist.L_x,Wrist.L_y,Wrist.L_z,Neck_x,Neck_y,Neck_z,Head_x,Head_y,Head_z,Nose_x,Nose_y,Nose_z,Eye.L_x,Eye.L_y,Eye.L_z,Eye.R_x,Eye.R_y,Eye.R_z,Ear.L_x,Ear.L_y,Ear.L_z,Ear.R_x,Ear.R_y,Ear.R_z,hip.Center_x,hip.Center_y,hip.Center_z
0,-0.12721743,-0.51139534,-0.3015839,-0.11918317,-0.13233626,-0.08044205,-0.12648878,0.29690003,-0.033923954,0.11425157,0.288849,0.012716975,0.086407386,-0.13592045,-0.05122114,0.11635895,-0.5166379,-0.2686555,-0.35342076,0.6795773,0.027772391,-0.27227566,0.57506764,-0.17960364,-0.15908779,0.7873498,-0.04806194,0.10796054,0.8247579,0.03411627,0.3584733,0.7152711,0.073046334,0.22417033,0.8038028,0.25790688,-0.03843922,0.8535582,0.026811644,-0.076899864,1.0591435,0.11943042,-0.07898435,0.9267483,0.21062355,-0.04780408,0.980963,0.19407654,-0.113126084,0.97263277,0.17939162,0.012820714,0.99905586,0.108091585,-0.13687405,0.9822125,0.072441615,-0.006118603050708771,0.2928745150566101,-0.010603489354252815
