frame,Ankle.R_x,Ankle.R_y,Ankle.R_z,Knee.R_x,Knee.R_y,Knee.R_z,Hip.R_x,Hip.R_y,Hip.R_z,Hip.L_x,Hip.L_y,Hip.L_z,Knee.L_x,Knee.L_y,Knee.L_z,Ankle.L_x,Ankle.L_y,Ankle.L_z,Wrist.R_x,Wrist.R_y,Wrist.R_z,Elbow.R_x,Elbow.R_y,Elbow.R_z,Shoulder.R_x,Shoulder.R_y,Shoulder.R_z,Shoulder.L_x,Shoulder.L_y,Shoulder.L_z,Elbow.L_x,Elbow.L_y,Elbow.L_z,Wrist.L_x,Wrist.L_y,Wrist.L_z,Neck_x,Neck_y,Neck_z,Head_x,Head_y,Head_z,Nose_x,Nose_y,Nose_z,Eye.L_x,Eye.L_y,Eye.L_z,Eye.R_x,Eye.R_y,Eye.R_z,Ear.L_x,Ear.L_y,Ear.L_z,Ear.R_x,Ear.R_y,Ear.R_z,hip.Center_x,hip.Center_y,hip.Center_z
0,-0.2228734,-0.6216418,-0.27654642,-0.12825502,-0.2023355,-0.028819086,-0.122292265,0.2653463,0.029579703,0.119706616,0.2621564,-0.06218978,0.128232,-0.19932432,-0.06614342,0.14162353,-0.65295184,-0.27484965,-0.112663135,0.19010194,0.24905577,-0.19821543,0.43222147,0.12290585,-0.093587056,0.7119676,0.095880605,0.1620833,0.69749564,-0.077802114,0.20014465,0.4203471,-0.1919883,0.31566548,0.1764585,-0.11135035,0.0582792,0.7730007,0.031762727,0.11449768,0.9836633,0.08654795,0.17974335,0.8603035,0.1598519,0.18791458,0.90792537,0.117396936,0.13753156,0.9092275,0.16269994,0.15344496,0.91156363,0.019488614,0.040078025,0.91521496,0.11960493,-0.0012928247451782227,0.2637513279914856,-0.016305038705468178
