frame,Ankle.R_x,Ankle.R_y,Ankle.R_z,Knee.R_x,Knee.R_y,Knee.R_z,Hip.R_x,Hip.R_y,Hip.R_z,Hip.L_x,Hip.L_y,Hip.L_z,Knee.L_x,Knee.L_y,Knee.L_z,Ankle.L_x,Ankle.L_y,Ankle.L_z,Wrist.R_x,Wrist.R_y,Wrist.R_z,Elbow.R_x,Elbow.R_y,Elbow.R_z,Shoulder.R_x,Shoulder.R_y,Shoulder.R_z,Shoulder.L_x,Shoulder.L_y,Shoulder.L_z,Elbow.L_x,Elbow.L_y,Elbow.L_z,Wrist.L_x,Wrist.L_y,Wrist.L_z,Neck_x,Neck_y,Neck_z,Head_x,Head_y,Head_z,Nose_x,Nose_y,Nose_z,Eye.L_x,Eye.L_y,Eye.L_z,Eye.R_x,Eye.R_y,Eye.R_z,Ear.L_x,Ear.L_y,Ear.L_z,Ear.R_x,Ear.R_y,Ear.R_z,hip.Center_x,hip.Center_y,hip.Center_z
0,-0.06497623,-0.5457725,-0.16415612,-0.08867705,-0.14727484,0.054570597,-0.13149907,0.30140978,-0.0071689123,0.117406964,0.2953458,-0.043462638,0.15224643,-0.11200826,0.1081116,0.18200934,-0.5036629,-0.12849574,-0.24683294,0.38676614,0.110132255,-0.29197297,0.59995604,-0.041729186,-0.102100074,0.78747535,0.07383699,0.2018886,0.74494374,-0.015784733,0.26321518,0.50943565,-0.176186,0.28812477,0.45378423,0.07619481,0.073627,0.823757,0.07163351,0.11555648,1.029668,0.15905942,0.14447753,0.9011023,0.24991456,0.1690971,0.9498198,0.21435262,0.104287714,0.9508511,0.23460537,0.18112248,0.95653766,0.10881817,0.030065127,0.96038103,0.15455924,-0.007046051323413849,0.2983778119087219,-0.025315774604678154
