frame,Ankle.R_x,Ankle.R_y,Ankle.R_z,Knee.R_x,Knee.R_y,Knee.R_z,Hip.R_x,Hip.R_y,Hip.R_z,Hip.L_x,Hip.L_y,Hip.L_z,Knee.L_x,Knee.L_y,Knee.L_z,Ankle.L_x,Ankle.L_y,Ankle.L_z,Wrist.R_x,Wrist.R_y,Wrist.R_z,Elbow.R_x,Elbow.R_y,Elbow.R_z,Shoulder.R_x,Shoulder.R_y,Shoulder.R_z,Shoulder.L_x,Shoulder.L_y,Shoulder.L_z,Elbow.L_x,Elbow.L_y,Elbow.L_z,Wrist.L_x,Wrist.L_y,Wrist.L_z,Neck_x,Neck_y,Neck_z,Head_x,Head_y,Head_z,Nose_x,Nose_y,Nose_z,Eye.L_x,Eye.L_y,Eye.L_z,Eye.R_x,Eye.R_y,Eye.R_z,Ear.L_x,Ear.L_y,Ear.L_z,Ear.R_x,Ear.R_y,Ear.R_z,hip.Center_x,hip.Center_y,hip.Center_z
0,-0.07844262,-0.6340216,-0.26514018,-0.084516965,-0.21104002,-0.011992497,-0.13243334,0.260162,-0.012692866,0.12726395,0.25316802,-0.024667606,0.083323665,-0.21148616,0.027414087,0.05135785,-0.6111525,-0.2615659,-0.23945224,0.1622628,0.071948804,-0.23304388,0.41002172,-0.06433511,-0.14409399,0.6946599,-0.0340335,0.16537091,0.68563175,-0.034921065,0.22904477,0.39347553,-0.032153267,0.1761989,0.21504088,0.17536691,0.014748461,0.7647482,-0.01669328,0.015960068,0.98344976,-0.00023687712,0.013527866,0.8950678,0.12987426,0.048075903,0.93441504,0.092859864,-0.019357407,0.9328759,0.089253895,0.09300977,0.9109218,0.0025737323,-0.0560636,0.9083308,-0.0061258897,-0.002584695816040039,0.2566649913787842,-0.018680235370993614
