frame,Ankle.R_x,Ankle.R_y,Ankle.R_z,Knee.R_x,Knee.R_y,Knee.R_z,Hip.R_x,Hip.R_y,Hip.R_z,Hip.L_x,Hip.L_y,Hip.L_z,Knee.L_x,Knee.L_y,Knee.L_z,Ankle.L_x,Ankle.L_y,Ankle.L_z,Wrist.R_x,Wrist.R_y,Wrist.R_z,Elbow.R_x,Elbow.R_y,Elbow.R_z,Shoulder.R_x,Shoulder.R_y,Shoulder.R_z,Shoulder.L_x,Shoulder.L_y,Shoulder.L_z,Elbow.L_x,Elbow.L_y,Elbow.L_z,Wrist.L_x,Wrist.L_y,Wrist.L_z,Neck_x,Neck_y,Neck_z,Head_x,Head_y,Head_z,Nose_x,Nose_y,Nose_z,Eye.L_x,Eye.L_y,Eye.L_z,Eye.R_x,Eye.R_y,Eye.R_z,Ear.L_x,Ear.L_y,Ear.L_z,Ear.R_x,Ear.R_y,Ear.R_z,hip.Center_x,hip.Center_y,hip.Center_z
0,-0.07893362,-0.5149762,-0.28688726,-0.08227047,-0.13926256,-0.05319243,-0.12506872,0.2973258,0.008450514,0.11718817,0.2949516,-0.02745172,0.064165935,-0.13544714,-0.079464085,0.0095431805,-0.51359946,-0.3057802,-0.21167725,0.79190856,0.19064194,-0.29260802,0.5699159,0.10964558,-0.14588678,0.7933127,0.02032082,0.15873714,0.7769751,-0.026172277,0.21772744,0.5121342,-0.10963057,0.16881546,0.37823752,0.09880628,0.013101817,0.8572852,0.014219034,0.02611631,1.0877903,0.019989964,0.028691078,1.0085747,0.15966782,0.062888496,1.0420977,0.11474664,-0.0052650804,1.0450845,0.11740479,0.10156055,1.0079644,0.019725055,-0.053704023,1.0152268,0.02347612,-0.003940276801586151,0.2961387038230896,-0.009500603191554546
