frame,Ankle.R_x,Ankle.R_y,Ankle.R_z,Knee.R_x,Knee.R_y,Knee.R_z,Hip.R_x,Hip.R_y,Hip.R_z,Hip.L_x,Hip.L_y,Hip.L_z,Knee.L_x,Knee.L_y,Knee.L_z,Ankle.L_x,Ankle.L_y,Ankle.L_z,Wrist.R_x,Wrist.R_y,Wrist.R_z,Elbow.R_x,Elbow.R_y,Elbow.R_z,Shoulder.R_x,Shoulder.R_y,Shoulder.R_z,Shoulder.L_x,Shoulder.L_y,Shoulder.L_z,Elbow.L_x,Elbow.L_y,Elbow.L_z,Wrist.L_x,Wrist.L_y,Wrist.L_z,Neck_x,Neck_y,Neck_z,Head_x,Head_y,Head_z,Nose_x,Nose_y,Nose_z,Eye.L_x,Eye.L_y,Eye.L_z,Eye.R_x,Eye.R_y,Eye.R_z,Ear.L_x,Ear.L_y,Ear.L_z,Ear.R_x,Ear.R_y,Ear.R_z,hip.Center_x,hip.Center_y,hip.Center_z
0,-0.08159336,-0.6214205,-0.30629328,-0.082697675,-0.20641766,-0.0420296,-0.13188134,0.26212716,-0.0056640157,0.12655877,0.25848135,-0.025288088,0.070591114,-0.20406832,-0.05347972,0.024559876,-0.6288077,-0.3018148,-0.1681998,0.3431592,0.19479953,-0.26582444,0.43605757,-0.046141423,-0.15217055,0.7099319,-0.0033534262,0.15618864,0.7051222,-0.025794448,0.23528714,0.42389876,-0.095908575,0.18656883,0.2672597,0.122865684,0.0068150684,0.7790246,0.008936857,0.010994529,0.9972444,0.033080198,0.0048903096,0.9067638,0.16242477,0.04089011,0.94619817,0.12639491,-0.026783222,0.94569546,0.12172816,0.08791161,0.92298007,0.036186706,-0.06201294,0.9231818,0.024859624,-0.002661287784576416,0.2603042721748352,-0.015476051717996597
