frame,Ankle.R_x,Ankle.R_y,Ankle.R_z,Knee.R_x,Knee.R_y,Knee.R_z,Hip.R_x,Hip.R_y,Hip.R_z,Hip.L_x,Hip.L_y,Hip.L_z,Knee.L_x,Knee.L_y,Knee.L_z,Ankle.L_x,Ankle.L_y,Ankle.L_z,Wrist.R_x,Wrist.R_y,Wrist.R_z,Elbow.R_x,Elbow.R_y,Elbow.R_z,Shoulder.R_x,Shoulder.R_y,Shoulder.R_z,Shoulder.L_x,Shoulder.L_y,Shoulder.L_z,Elbow.L_x,Elbow.L_y,Elbow.L_z,Wrist.L_x,Wrist.L_y,Wrist.L_z,Neck_x,Neck_y,Neck_z,Head_x,Head_y,Head_z,Nose_x,Nose_y,Nose_z,Eye.L_x,Eye.L_y,Eye.L_z,Eye.R_x,Eye.R_y,Eye.R_z,Ear.L_x,Ear.L_y,Ear.L_z,Ear.R_x,Ear.R_y,Ear.R_z,hip.Center_x,hip.Center_y,hip.Center_z
0,-0.030068005,-0.6536031,-0.042149696,0.09231109,-0.19503751,0.04434435,-0.01732183,0.25335267,0.10746302,-0.0034353384,0.2699407,-0.15394023,0.36990786,0.027230864,-0.12780683,0.05566024,-0.30454272,-0.091219924,0.113979496,0.15519272,0.29562843,-0.0064859353,0.40528542,0.25483498,-0.0039689597,0.68285847,0.14653245,-0.029028188,0.6955343,-0.1595282,-0.08000685,0.43368092,-0.28948566,0.05401672,0.21350758,-0.3888478,0.0057849246,0.7591961,-0.004618736,0.04929356,0.9758464,0.019331668,0.15450147,0.8654038,0.048183218,0.13858736,0.91302514,0.010743678,0.111755446,0.90618503,0.07198411,0.06636987,0.9128336,-0.063662894,0.008404113,0.89757526,0.07297084,-0.010378584265708923,0.26164668798446655,-0.02323860675096512
