frame,Ankle.R_x,Ankle.R_y,Ankle.R_z,Knee.R_x,Knee.R_y,Knee.R_z,Hip.R_x,Hip.R_y,Hip.R_z,Hip.L_x,Hip.L_y,Hip.L_z,Knee.L_x,Knee.L_y,Knee.L_z,Ankle.L_x,Ankle.L_y,Ankle.L_z,Wrist.R_x,Wrist.R_y,Wrist.R_z,Elbow.R_x,Elbow.R_y,Elbow.R_z,Shoulder.R_x,Shoulder.R_y,Shoulder.R_z,Shoulder.L_x,Shoulder.L_y,Shoulder.L_z,Elbow.L_x,Elbow.L_y,Elbow.L_z,Wrist.L_x,Wrist.L_y,Wrist.L_z,Neck_x,Neck_y,Neck_z,Head_x,Head_y,Head_z,Nose_x,Nose_y,Nose_z,Eye.L_x,Eye.L_y,Eye.L_z,Eye.R_x,Eye.R_y,Eye.R_z,Ear.L_x,Ear.L_y,Ear.L_z,Ear.R_x,Ear.R_y,Ear.R_z,hip.Center_x,hip.Center_y,hip.Center_z
0,-0.030275933,-0.48116526,-0.31174463,-0.077776946,-0.13187318,-0.055518992,-0.12709963,0.30423838,-0.013998767,0.11472925,0.29806435,-0.0068502356,0.06257594,-0.12947889,-0.043323554,0.040777873,-0.5065087,-0.26340482,-0.24530636,0.63558286,0.14819744,-0.25830364,0.5736394,-0.09239891,-0.1445624,0.8059363,0.00019474886,0.15702367,0.7913918,0.005361542,0.21654601,0.54020035,-0.10444486,0.23902902,0.33800638,0.042610053,0.009173426,0.86763126,0.036595732,0.0026606342,1.0956881,0.0659994,-0.024110388,1.0029676,0.19526103,0.016879573,1.0439724,0.16434231,-0.048975952,1.0399125,0.14707784,0.08522318,1.0234768,0.0827001,-0.0655866,1.0153414,0.041308306,-0.0061851926147937775,0.3011513650417328,-0.01042450126260519
