frame,Ankle.R_x,Ankle.R_y,Ankle.R_z,Knee.R_x,Knee.R_y,Knee.R_z,Hip.R_x,Hip.R_y,Hip.R_z,Hip.L_x,Hip.L_y,Hip.L_z,Knee.L_x,Knee.L_y,Knee.L_z,Ankle.L_x,Ankle.L_y,Ankle.L_z,Wrist.R_x,Wrist.R_y,Wrist.R_z,Elbow.R_x,Elbow.R_y,Elbow.R_z,Shoulder.R_x,Shoulder.R_y,Shoulder.R_z,Shoulder.L_x,Shoulder.L_y,Shoulder.L_z,Elbow.L_x,Elbow.L_y,Elbow.L_z,Wrist.L_x,Wrist.L_y,Wrist.L_z,Neck_x,Neck_y,Neck_z,Head_x,Head_y,Head_z,Nose_x,Nose_y,Nose_z,Eye.L_x,Eye.L_y,Eye.L_z,Eye.R_x,Eye.R_y,Eye.R_z,Ear.L_x,Ear.L_y,Ear.L_z,Ear.R_x,Ear.R_y,Ear.R_z,hip.Center_x,hip.Center_y,hip.Center_z
0,0.15201852,-0.6341715,-0.050625004,0.08638742,-0.1750557,0.023046816,-0.02306218,0.26002222,0.10508548,0.026814545,0.28045627,-0.14428201,-0.052195277,-0.16307156,-0.14122719,-0.24343419,-0.5944878,-0.19655749,0.056133162,0.19386335,0.26764446,-0.08272187,0.43216294,0.2401182,-0.075696096,0.713106,0.14994228,-0.005054801,0.71884716,-0.15329362,0.05805065,0.44175962,-0.2348642,0.24857512,0.2517624,-0.18805797,-0.032986887,0.7927992,0.0035065087,-0.054600656,1.0133982,0.028906295,0.052101478,0.9325533,0.11176226,0.04279422,0.97684944,0.06647603,-0.006004406,0.9592806,0.10999212,0.015705781,0.96039385,-0.034789134,-0.09247429,0.92389554,0.06340857,0.001876181922852993,0.2702392339706421,-0.01959826797246933
