frame,Ankle.R_x,Ankle.R_y,Ankle.R_z,Knee.R_x,Knee.R_y,Knee.R_z,Hip.R_x,Hip.R_y,Hip.R_z,Hip.L_x,Hip.L_y,Hip.L_z,Knee.L_x,Knee.L_y,Knee.L_z,Ankle.L_x,Ankle.L_y,Ankle.L_z,Wrist.R_x,Wrist.R_y,Wrist.R_z,Elbow.R_x,Elbow.R_y,Elbow.R_z,Shoulder.R_x,Shoulder.R_y,Shoulder.R_z,Shoulder.L_x,Shoulder.L_y,Shoulder.L_z,Elbow.L_x,Elbow.L_y,Elbow.L_z,Wrist.L_x,Wrist.L_y,Wrist.L_z,Neck_x,Neck_y,Neck_z,Head_x,Head_y,Head_z,Nose_x,Nose_y,Nose_z,Eye.L_x,Eye.L_y,Eye.L_z,Eye.R_x,Eye.R_y,Eye.R_z,Ear.L_x,Ear.L_y,Ear.L_z,Ear.R_x,Ear.R_y,Ear.R_z,hip.Center_x,hip.Center_y,hip.Center_z
0,-0.058865488,-0.4995583,-0.3194564,-0.07913134,-0.13920732,-0.06927334,-0.1270241,0.29496115,-0.014005819,0.115661696,0.2887482,-0.0044445787,0.062108915,-0.13830428,-0.07029298,0.03536794,-0.5010102,-0.3191379,-0.24458802,0.81101197,0.18259363,-0.30429238,0.5865284,0.09347206,-0.1507732,0.78864634,0.0001675142,0.14498109,0.77940094,0.026112877,0.2154421,0.51810455,-0.04090129,0.18237427,0.27119985,0.016078891,-0.006452214,0.84971577,0.031004693,-0.023614123,1.0735042,0.042747132,-0.065708786,0.98982406,0.17194282,-0.02168565,1.0292175,0.14499089,-0.08454952,1.0228937,0.119451635,0.056385458,1.0051341,0.0741014,-0.08588909,0.99120355,0.01562145,-0.005681201815605164,0.2918546795845032,-0.00922519899904728
