frame,Ankle.R_x,Ankle.R_y,Ankle.R_z,Knee.R_x,Knee.R_y,Knee.R_z,Hip.R_x,Hip.R_y,Hip.R_z,Hip.L_x,Hip.L_y,Hip.L_z,Knee.L_x,Knee.L_y,Knee.L_z,Ankle.L_x,Ankle.L_y,Ankle.L_z,Wrist.R_x,Wrist.R_y,Wrist.R_z,Elbow.R_x,Elbow.R_y,Elbow.R_z,Shoulder.R_x,Shoulder.R_y,Shoulder.R_z,Shoulder.L_x,Shoulder.L_y,Shoulder.L_z,Elbow.L_x,Elbow.L_y,Elbow.L_z,Wrist.L_x,Wrist.L_y,Wrist.L_z,Neck_x,Neck_y,Neck_z,Head_x,Head_y,Head_z,Nose_x,Nose_y,Nose_z,Eye.L_x,Eye.L_y,Eye.L_z,Eye.R_x,Eye.R_y,Eye.R_z,Ear.L_x,Ear.L_y,Ear.L_z,Ear.R_x,Ear.R_y,Ear.R_z,hip.Center_x,hip.Center_y,hip.Center_z
0,-0.060938798,-0.5072583,-0.3137352,-0.07558959,-0.14230655,-0.06497199,-0.12721387,0.29315925,-0.008679215,0.11629551,0.29022056,-0.011336425,0.06463455,-0.13997534,-0.06992415,0.028624397,-0.5065174,-0.3169287,-0.24507366,0.81238514,0.19355805,-0.30079302,0.581834,0.114667445,-0.15642093,0.78587615,0.006668443,0.14240217,0.77859205,0.016299637,0.2118558,0.5148098,-0.048509106,0.18729171,0.2678549,0.018261554,-0.009773034,0.8488273,0.028738953,-0.024781318,1.0727944,0.039370537,-0.06572656,0.99054945,0.1696843,-0.021790996,1.029522,0.14180192,-0.08497683,1.0232481,0.11695632,0.05552725,1.0043405,0.070324995,-0.087693475,0.99053717,0.013531814,-0.005459178239107132,0.2916899025440216,-0.010007820092141628
