frame,Ankle.R_x,Ankle.R_y,Ankle.R_z,Knee.R_x,Knee.R_y,Knee.R_z,Hip.R_x,Hip.R_y,Hip.R_z,Hip.L_x,Hip.L_y,Hip.L_z,Knee.L_x,Knee.L_y,Knee.L_z,Ankle.L_x,Ankle.L_y,Ankle.L_z,Wrist.R_x,Wrist.R_y,Wrist.R_z,Elbow.R_x,Elbow.R_y,Elbow.R_z,Shoulder.R_x,Shoulder.R_y,Shoulder.R_z,Shoulder.L_x,Shoulder.L_y,Shoulder.L_z,Elbow.L_x,Elbow.L_y,Elbow.L_z,Wrist.L_x,Wrist.L_y,Wrist.L_z,Neck_x,Neck_y,Neck_z,Head_x,Head_y,Head_z,Nose_x,Nose_y,Nose_z,Eye.L_x,Eye.L_y,Eye.L_z,Eye.R_x,Eye.R_y,Eye.R_z,Ear.L_x,Ear.L_y,Ear.L_z,Ear.R_x,Ear.R_y,Ear.R_z,hip.Center_x,hip.Center_y,hip.Center_z
0,-0.039468523,-0.5539979,-0.3085333,-0.066680476,-0.16876738,-0.050320443,-0.12966493,0.2821067,-0.0027974038,0.12041881,0.28195083,-0.02628585,0.08171566,-0.1676669,-0.020132346,0.029821249,-0.54201794,-0.29261723,-0.23386198,0.58781403,0.19514622,-0.26168925,0.5033665,-0.048088267,-0.14708182,0.7571789,0.02477511,0.15533376,0.7446017,-0.0064598667,0.18916582,0.4856244,-0.13360271,0.22276777,0.25338897,-0.01350578,0.011812375,0.82057226,0.043110825,0.01752465,1.0417538,0.07505871,-0.0031869616,0.95094997,0.20453005,0.036942884,0.9901011,0.1716809,-0.029991642,0.9893962,0.15943044,0.096279934,0.9667783,0.08603135,-0.054844707,0.9660884,0.057316903,-0.004623059183359146,0.28202876448631287,-0.014541626907885075
