frame,Ankle.R_x,Ankle.R_y,Ankle.R_z,Knee.R_x,Knee.R_y,Knee.R_z,Hip.R_x,Hip.R_y,Hip.R_z,Hip.L_x,Hip.L_y,Hip.L_z,Knee.L_x,Knee.L_y,Knee.L_z,Ankle.L_x,Ankle.L_y,Ankle.L_z,Wrist.R_x,Wrist.R_y,Wrist.R_z,Elbow.R_x,Elbow.R_y,Elbow.R_z,Shoulder.R_x,Shoulder.R_y,Shoulder.R_z,Shoulder.L_x,Shoulder.L_y,Shoulder.L_z,Elbow.L_x,Elbow.L_y,Elbow.L_z,Wrist.L_x,Wrist.L_y,Wrist.L_z,Neck_x,Neck_y,Neck_z,Head_x,Head_y,Head_z,Nose_x,Nose_y,Nose_z,Eye.L_x,Eye.L_y,Eye.L_z,Eye.R_x,Eye.R_y,Eye.R_z,Ear.L_x,Ear.L_y,Ear.L_z,Ear.R_x,Ear.R_y,Ear.R_z,hip.Center_x,hip.Center_y,hip.Center_z
0,-0.079915,-0.63726145,-0.27951992,-0.079942875,-0.21156658,-0.0307961,-0.13159718,0.25756043,-0.005161375,0.12680352,0.25370514,-0.027469462,0.079631865,-0.211267,-0.028814401,0.041657224,-0.63545334,-0.28139183,-0.21745493,0.21534929,0.14735551,-0.25239497,0.41483688,-0.046253577,-0.15106139,0.69583654,-0.019325482,0.1569702,0.69213754,-0.036485985,0.23824845,0.404432,-0.051037334,0.182851,0.26547456,0.18051854,0.006508345,0.76631624,-0.009077135,0.0038845749,0.9837239,0.013360374,0.005916763,0.89186406,0.14119871,0.0388813,0.9329963,0.104723535,-0.028597694,0.92988515,0.10229819,0.08280799,0.9128408,0.012967341,-0.06624305,0.9072831,0.006969776,-0.0023968294262886047,0.25563278794288635,-0.016315419226884842
