frame,Ankle.R_x,Ankle.R_y,Ankle.R_z,Knee.R_x,Knee.R_y,Knee.R_z,Hip.R_x,Hip.R_y,Hip.R_z,Hip.L_x,Hip.L_y,Hip.L_z,Knee.L_x,Knee.L_y,Knee.L_z,Ankle.L_x,Ankle.L_y,Ankle.L_z,Wrist.R_x,Wrist.R_y,Wrist.R_z,Elbow.R_x,Elbow.R_y,Elbow.R_z,Shoulder.R_x,Shoulder.R_y,Shoulder.R_z,Shoulder.L_x,Shoulder.L_y,Shoulder.L_z,Elbow.L_x,Elbow.L_y,Elbow.L_z,Wrist.L_x,Wrist.L_y,Wrist.L_z,Neck_x,Neck_y,Neck_z,Head_x,Head_y,Head_z,Nose_x,Nose_y,Nose_z,Eye.L_x,Eye.L_y,Eye.L_z,Eye.R_x,Eye.R_y,Eye.R_z,Ear.L_x,Ear.L_y,Ear.L_z,Ear.R_x,Ear.R_y,Ear.R_z,hip.Center_x,hip.Center_y,hip.Center_z
0,-0.07395697,-0.660564,-0.09769027,0.022598652,-0.20391083,0.021769937,-0.046082146,0.24811524,0.1008137,0.02768613,0.27104333,-0.14908384,0.38972947,0.05061841,-0.03359732,0.037204508,-0.227182,-0.07612275,0.025708973,0.14886275,0.31300807,-0.072101936,0.40473086,0.2550276,-0.032832477,0.6797587,0.14941895,0.00576998,0.695999,-0.1537982,-0.049356326,0.4477923,-0.30494452,0.0669741,0.21517795,-0.3961408,0.010368537,0.7556424,0.004940235,0.043051276,0.9701097,0.034632985,0.13804169,0.8633191,0.09529459,0.13245805,0.9100895,0.053907655,0.089016244,0.9031025,0.10463319,0.08560099,0.90655684,-0.038341712,-0.009575922,0.8915155,0.07543974,-0.009198008105158806,0.25957930088043213,-0.02413506805896759
