frame,Ankle.R_x,Ankle.R_y,Ankle.R_z,Knee.R_x,Knee.R_y,Knee.R_z,Hip.R_x,Hip.R_y,Hip.R_z,Hip.L_x,Hip.L_y,Hip.L_z,Knee.L_x,Knee.L_y,Knee.L_z,Ankle.L_x,Ankle.L_y,Ankle.L_z,Wrist.R_x,Wrist.R_y,Wrist.R_z,Elbow.R_x,Elbow.R_y,Elbow.R_z,Shoulder.R_x,Shoulder.R_y,Shoulder.R_z,Shoulder.L_x,Shoulder.L_y,Shoulder.L_z,Elbow.L_x,Elbow.L_y,Elbow.L_z,Wrist.L_x,Wrist.L_y,Wrist.L_z,Neck_x,Neck_y,Neck_z,Head_x,Head_y,Head_z,Nose_x,Nose_y,Nose_z,Eye.L_x,Eye.L_y,Eye.L_z,Eye.R_x,Eye.R_y,Eye.R_z,Ear.L_x,Ear.L_y,Ear.L_z,Ear.R_x,Ear.R_y,Ear.R_z,hip.Center_x,hip.Center_y,hip.Center_z
0,-0.06248881,-0.59816563,-0.19633256,-0.068887495,-0.2013777,0.084753454,-0.13265021,0.25842163,-0.009504175,0.12699933,0.25961366,-0.037013263,0.09732478,-0.19116832,0.0924758,0.03857337,-0.57706565,-0.20077571,-0.25903413,0.16319099,0.08949148,-0.2573613,0.40774256,-0.046680667,-0.16262387,0.6911465,-0.016654996,0.14544034,0.69772923,-0.0526834,0.23731124,0.41682065,-0.0804854,0.22898383,0.3156407,0.17262715,-0.005728754,0.7686513,-0.015713025,-0.00831506,0.98903066,-0.0047810343,-0.012001764,0.90378714,0.12699807,0.02229549,0.94336843,0.09010801,-0.044810794,0.93978333,0.084575266,0.07082697,0.9186248,0.0019107163,-0.07819274,0.9122466,-0.010705762,-0.002825438976287842,0.2590176463127136,-0.023258719593286514
