frame,Ankle.R_x,Ankle.R_y,Ankle.R_z,Knee.R_x,Knee.R_y,Knee.R_z,Hip.R_x,Hip.R_y,Hip.R_z,Hip.L_x,Hip.L_y,Hip.L_z,Knee.L_x,Knee.L_y,Knee.L_z,Ankle.L_x,Ankle.L_y,Ankle.L_z,Wrist.R_x,Wrist.R_y,Wrist.R_z,Elbow.R_x,Elbow.R_y,Elbow.R_z,Shoulder.R_x,Shoulder.R_y,Shoulder.R_z,Shoulder.L_x,Shoulder.L_y,Shoulder.L_z,Elbow.L_x,Elbow.L_y,Elbow.L_z,Wrist.L_x,Wrist.L_y,Wrist.L_z,Neck_x,Neck_y,Neck_z,Head_x,Head_y,Head_z,Nose_x,Nose_y,Nose_z,Eye.L_x,Eye.L_y,Eye.L_z,Eye.R_x,Eye.R_y,Eye.R_z,Ear.L_x,Ear.L_y,Ear.L_z,Ear.R_x,Ear.R_y,Ear.R_z,hip.Center_x,hip.Center_y,hip.Center_z
0,-0.07534172,-0.5659812,-0.3434524,-0.100175224,-0.21647239,-0.00085121754,-0.13275184,0.25732708,-0.019204618,0.12698887,0.25239593,-0.02123876,0.08643394,-0.20894971,0.04849027,0.05278684,-0.6288939,-0.20956077,-0.29391873,0.18505074,0.09558487,-0.26040566,0.4230383,-0.053259563,-0.1435899,0.69474244,-0.01125313,0.16257048,0.6842565,-0.021117987,0.24049117,0.40200734,-0.083125554,0.2632308,0.14785352,0.032027245,0.014206167,0.75962245,0.009374115,0.014448654,0.9753451,0.041488554,0.0071824268,0.8792194,0.16515692,0.042922202,0.92084277,0.13243212,-0.02417683,0.9193579,0.12578742,0.09171424,0.90327734,0.04304234,-0.05671639,0.90098524,0.027905729,-0.002881482243537903,0.2548615038394928,-0.020221687853336334
