frame,Ankle.R_x,Ankle.R_y,Ankle.R_z,Knee.R_x,Knee.R_y,Knee.R_z,Hip.R_x,Hip.R_y,Hip.R_z,Hip.L_x,Hip.L_y,Hip.L_z,Knee.L_x,Knee.L_y,Knee.L_z,Ankle.L_x,Ankle.L_y,Ankle.L_z,Wrist.R_x,Wrist.R_y,Wrist.R_z,Elbow.R_x,Elbow.R_y,Elbow.R_z,Shoulder.R_x,Shoulder.R_y,Shoulder.R_z,Shoulder.L_x,Shoulder.L_y,Shoulder.L_z,Elbow.L_x,Elbow.L_y,Elbow.L_z,Wrist.L_x,Wrist.L_y,Wrist.L_z,Neck_x,Neck_y,Neck_z,Head_x,Head_y,Head_z,Nose_x,Nose_y,Nose_z,Eye.L_x,Eye.L_y,Eye.L_z,Eye.R_x,Eye.R_y,Eye.R_z,Ear.L_x,Ear.L_y,Ear.L_z,Ear.R_x,Ear.R_y,Ear.R_z,hip.Center_x,hip.Center_y,hip.Center_z
0,-0.07135896,-0.5053404,-0.2926451,-0.07666233,-0.13862579,-0.062075183,-0.12389375,0.28871518,0.008582876,0.115314275,0.2900231,-0.0257399,0.064801544,-0.1288485,-0.0949328,0.024980668,-0.50184137,-0.31305408,-0.2546853,0.8095504,0.16887693,-0.31473404,0.61183333,0.042760365,-0.14060892,0.80600655,0.015043002,0.13938968,0.7951999,-0.009467087,0.3018626,0.6071123,0.07695694,0.25535247,0.8405537,0.1078234,0.0033261944,0.8553211,0.02102652,0.020181015,1.0734617,0.0542383,0.025632432,0.97595894,0.18175998,0.058159307,1.0151076,0.14204356,-0.009245722,1.0175645,0.14629658,0.09348153,0.99521834,0.043220967,-0.05918379,1.001586,0.050832283,-0.004289738833904266,0.289369136095047,-0.008578512817621231
