frame,Ankle.R_x,Ankle.R_y,Ankle.R_z,Knee.R_x,Knee.R_y,Knee.R_z,Hip.R_x,Hip.R_y,Hip.R_z,Hip.L_x,Hip.L_y,Hip.L_z,Knee.L_x,Knee.L_y,Knee.L_z,Ankle.L_x,Ankle.L_y,Ankle.L_z,Wrist.R_x,Wrist.R_y,Wrist.R_z,Elbow.R_x,Elbow.R_y,Elbow.R_z,Shoulder.R_x,Shoulder.R_y,Shoulder.R_z,Shoulder.L_x,Shoulder.L_y,Shoulder.L_z,Elbow.L_x,Elbow.L_y,Elbow.L_z,Wrist.L_x,Wrist.L_y,Wrist.L_z,Neck_x,Neck_y,Neck_z,Head_x,Head_y,Head_z,Nose_x,Nose_y,Nose_z,Eye.L_x,Eye.L_y,Eye.L_z,Eye.R_x,Eye.R_y,Eye.R_z,Ear.L_x,Ear.L_y,Ear.L_z,Ear.R_x,Ear.R_y,Ear.R_z,hip.Center_x,hip.Center_y,hip.Center_z
0,-0.06345814,-0.605222,-0.32034603,-0.08406387,-0.20019734,-0.049444746,-0.13099696,0.26592535,-0.011579259,0.12551083,0.26103523,-0.017718555,0.07631962,-0.19905539,-0.05330463,0.046328105,-0.604935,-0.32581162,-0.24326633,0.17540687,0.081641495,-0.23724559,0.41825503,-0.056544054,-0.15552118,0.7055332,-0.018864615,0.1559829,0.7094439,-0.021406753,0.24309196,0.42630216,0.0042957314,0.1659597,0.40819636,0.2641208,0.0017518345,0.78360456,-0.0020823865,-0.00405572,1.0064752,0.024944711,-0.008152548,0.9095992,0.14954041,0.02626547,0.95271766,0.11596424,-0.040928714,0.94883835,0.109549284,0.07608807,0.9360685,0.026009332,-0.07311044,0.92917156,0.011029538,-0.002743065357208252,0.2634803056716919,-0.014648906886577606
