frame,Ankle.R_x,Ankle.R_y,Ankle.R_z,Knee.R_x,Knee.R_y,Knee.R_z,Hip.R_x,Hip.R_y,Hip.R_z,Hip.L_x,Hip.L_y,Hip.L_z,Knee.L_x,Knee.L_y,Knee.L_z,Ankle.L_x,Ankle.L_y,Ankle.L_z,Wrist.R_x,Wrist.R_y,Wrist.R_z,Elbow.R_x,Elbow.R_y,Elbow.R_z,Shoulder.R_x,Shoulder.R_y,Shoulder.R_z,Shoulder.L_x,Shoulder.L_y,Shoulder.L_z,Elbow.L_x,Elbow.L_y,Elbow.L_z,Wrist.L_x,Wrist.L_y,Wrist.L_z,Neck_x,Neck_y,Neck_z,Head_x,Head_y,Head_z,Nose_x,Nose_y,Nose_z,Eye.L_x,Eye.L_y,Eye.L_z,Eye.R_x,Eye.R_y,Eye.R_z,Ear.L_x,Ear.L_y,Ear.L_z,Ear.R_x,Ear.R_y,Ear.R_z,hip.Center_x,hip.Center_y,hip.Center_z
0,-0.059877582,-0.50917363,-0.314368,-0.075404175,-0.14340177,-0.06508511,-0.12737824,0.2927347,-0.009402286,0.11648311,0.2896145,-0.010922504,0.06484336,-0.14112985,-0.069879256,0.02936032,-0.50837505,-0.317736,-0.2503002,0.8109214,0.19133373,-0.30519098,0.58085495,0.10962677,-0.15624398,0.78501123,0.005960608,0.14277369,0.77718025,0.018007228,0.21210493,0.5133384,-0.04815355,0.18509804,0.26624525,0.018524874,-0.009345997,0.84761673,0.029636594,-0.023453102,1.0712874,0.040338,-0.06373089,0.98950243,0.171142,-0.019818451,1.0281686,0.14280516,-0.08327029,1.0222546,0.11855851,0.056611933,1.0024121,0.07071572,-0.087148935,0.9893893,0.015226727,-0.005447566509246826,0.29117459058761597,-0.010162394493818283
