frame,Ankle.R_x,Ankle.R_y,Ankle.R_z,Knee.R_x,Knee.R_y,Knee.R_z,Hip.R_x,Hip.R_y,Hip.R_z,Hip.L_x,Hip.L_y,Hip.L_z,Knee.L_x,Knee.L_y,Knee.L_z,Ankle.L_x,Ankle.L_y,Ankle.L_z,Wrist.R_x,Wrist.R_y,Wrist.R_z,Elbow.R_x,Elbow.R_y,Elbow.R_z,Shoulder.R_x,Shoulder.R_y,Shoulder.R_z,Shoulder.L_x,Shoulder.L_y,Shoulder.L_z,Elbow.L_x,Elbow.L_y,Elbow.L_z,Wrist.L_x,Wrist.L_y,Wrist.L_z,Neck_x,Neck_y,Neck_z,Head_x,Head_y,Head_z,Nose_x,Nose_y,Nose_z,Eye.L_x,Eye.L_y,Eye.L_z,Eye.R_x,Eye.R_y,Eye.R_z,Ear.L_x,Ear.L_y,Ear.L_z,Ear.R_x,Ear.R_y,Ear.R_z,hip.Center_x,hip.Center_y,hip.Center_z
0,-0.077865,-0.5317569,-0.2996107,-0.08298119,-0.15186226,-0.0508107,-0.12771149,0.2932232,0.0011458725,0.11940947,0.28985426,-0.024485238,0.06350681,-0.1491997,-0.065952115,0.01192562,-0.5298627,-0.31156194,-0.20491174,0.64229566,0.21281911,-0.28826246,0.5254464,0.0008828854,-0.15079173,0.77730393,0.02009129,0.15975405,0.7653506,-0.013291632,0.22410758,0.49644324,-0.10173193,0.18429257,0.31256184,0.07672229,0.011985166,0.84496707,0.027062168,0.025263645,1.0721431,0.034033254,0.031030003,0.9952555,0.1749708,0.064193435,1.0282397,0.12893042,-0.0039318623,1.0310678,0.13292356,0.10075108,0.99265766,0.034483984,-0.05414645,0.9995086,0.040991887,-0.004151009023189545,0.29153871536254883,-0.011669682338833809
