frame,Ankle.R_x,Ankle.R_y,Ankle.R_z,Knee.R_x,Knee.R_y,Knee.R_z,Hip.R_x,Hip.R_y,Hip.R_z,Hip.L_x,Hip.L_y,Hip.L_z,Knee.L_x,Knee.L_y,Knee.L_z,Ankle.L_x,Ankle.L_y,Ankle.L_z,Wrist.R_x,Wrist.R_y,Wrist.R_z,Elbow.R_x,Elbow.R_y,Elbow.R_z,Shoulder.R_x,Shoulder.R_y,Shoulder.R_z,Shoulder.L_x,Shoulder.L_y,Shoulder.L_z,Elbow.L_x,Elbow.L_y,Elbow.L_z,Wrist.L_x,Wrist.L_y,Wrist.L_z,Neck_x,Neck_y,Neck_z,Head_x,Head_y,Head_z,Nose_x,Nose_y,Nose_z,Eye.L_x,Eye.L_y,Eye.L_z,Eye.R_x,Eye.R_y,Eye.R_z,Ear.L_x,Ear.L_y,Ear.L_z,Ear.R_x,Ear.R_y,Ear.R_z,hip.Center_x,hip.Center_y,hip.Center_z
0,-0.07057068,-0.49645874,-0.31821805,-0.07693668,-0.21321756,0.07020189,-0.13321254,0.25421917,-0.014339102,0.12728429,0.2545177,-0.03299028,0.09372565,-0.18745658,0.11724851,0.042365074,-0.59395266,-0.1481563,-0.2509966,0.1509007,0.11390922,-0.25078183,0.39947134,-0.018776113,-0.15539877,0.6820979,-0.010256832,0.15200518,0.68357515,-0.039165147,0.22994614,0.3980387,-0.06987071,0.22773802,0.17502277,0.09587349,0.0013070758,0.75696707,-0.006998918,-0.003789031,0.9757129,0.002838924,-0.00095443614,0.89216286,0.13476793,0.031518456,0.931468,0.09621769,-0.03564951,0.9276264,0.093950674,0.07532841,0.90640557,0.006571643,-0.073117696,0.8990445,0.00089119934,-0.002964124083518982,0.2543684244155884,-0.023664690554142
