frame,Ankle.R_x,Ankle.R_y,Ankle.R_z,Knee.R_x,Knee.R_y,Knee.R_z,Hip.R_x,Hip.R_y,Hip.R_z,Hip.L_x,Hip.L_y,Hip.L_z,Knee.L_x,Knee.L_y,Knee.L_z,Ankle.L_x,Ankle.L_y,Ankle.L_z,Wrist.R_x,Wrist.R_y,Wrist.R_z,Elbow.R_x,Elbow.R_y,Elbow.R_z,Shoulder.R_x,Shoulder.R_y,Shoulder.R_z,Shoulder.L_x,Shoulder.L_y,Shoulder.L_z,Elbow.L_x,Elbow.L_y,Elbow.L_z,Wrist.L_x,Wrist.L_y,Wrist.L_z,Neck_x,Neck_y,Neck_z,Head_x,Head_y,Head_z,Nose_x,Nose_y,Nose_z,Eye.L_x,Eye.L_y,Eye.L_z,Eye.R_x,Eye.R_y,Eye.R_z,Ear.L_x,Ear.L_y,Ear.L_z,Ear.R_x,Ear.R_y,Ear.R_z,hip.Center_x,hip.Center_y,hip.Center_z
0,-0.08498885,-0.53447175,-0.26672295,-0.08520155,-0.14652696,-0.044788655,-0.1253565,0.29397827,0.0078959055,0.11829373,0.28950617,-0.028214253,0.06148894,-0.14368711,-0.07441588,0.0049543204,-0.53459847,-0.28650326,-0.1832984,0.762709,0.20440266,-0.29593644,0.5684213,0.08905366,-0.13965426,0.7906049,0.014639645,0.16077921,0.76949984,-0.035482958,0.21797958,0.5054388,-0.12343393,0.17624433,0.35248688,0.07564373,0.01858655,0.8493742,0.008258315,0.034522567,1.0766994,0.020664852,0.032855976,0.99373484,0.15788305,0.06845579,1.0282319,0.11524239,0.0003355937,1.0315168,0.11601628,0.109308,0.996766,0.020630626,-0.04505267,1.004779,0.020438034,-0.0035313814878463745,0.291742205619812,-0.010159173980355263
