frame,Ankle.R_x,Ankle.R_y,Ankle.R_z,Knee.R_x,Knee.R_y,Knee.R_z,Hip.R_x,Hip.R_y,Hip.R_z,Hip.L_x,Hip.L_y,Hip.L_z,Knee.L_x,Knee.L_y,Knee.L_z,Ankle.L_x,Ankle.L_y,Ankle.L_z,Wrist.R_x,Wrist.R_y,Wrist.R_z,Elbow.R_x,Elbow.R_y,Elbow.R_z,Shoulder.R_x,Shoulder.R_y,Shoulder.R_z,Shoulder.L_x,Shoulder.L_y,Shoulder.L_z,Elbow.L_x,Elbow.L_y,Elbow.L_z,Wrist.L_x,Wrist.L_y,Wrist.L_z,Neck_x,Neck_y,Neck_z,Head_x,Head_y,Head_z,Nose_x,Nose_y,Nose_z,Eye.L_x,Eye.L_y,Eye.L_z,Eye.R_x,Eye.R_y,Eye.R_z,Ear.L_x,Ear.L_y,Ear.L_z,Ear.R_x,Ear.R_y,Ear.R_z,hip.Center_x,hip.Center_y,hip.Center_z
0,-0.03902996,-0.5218,-0.28158298,-0.07276875,-0.14422916,-0.049019024,-0.12639904,0.2947243,0.0035323522,0.11707868,0.29299426,-0.024528882,0.07614122,-0.14178725,-0.053620912,0.023846596,-0.52285326,-0.2803643,-0.18533744,0.63587743,0.16300151,-0.25773674,0.5410466,-0.058065195,-0.14688113,0.7862328,0.013985975,0.15457132,0.7765863,-0.021668734,0.20278102,0.52849305,-0.14605308,0.18267949,0.42709604,0.08258246,0.011254641,0.8505586,0.027429473,0.01650714,1.0768046,0.060928058,0.0071267076,0.9812656,0.19008765,0.04411552,1.0219688,0.15446958,-0.023646785,1.0205915,0.14800155,0.09696761,1.001739,0.06290895,-0.05670645,1.0002198,0.046296746,-0.004660181701183319,0.2938592731952667,-0.01049826480448246
