frame,Ankle.R_x,Ankle.R_y,Ankle.R_z,Knee.R_x,Knee.R_y,Knee.R_z,Hip.R_x,Hip.R_y,Hip.R_z,Hip.L_x,Hip.L_y,Hip.L_z,Knee.L_x,Knee.L_y,Knee.L_z,Ankle.L_x,Ankle.L_y,Ankle.L_z,Wrist.R_x,Wrist.R_y,Wrist.R_z,Elbow.R_x,Elbow.R_y,Elbow.R_z,Shoulder.R_x,Shoulder.R_y,Shoulder.R_z,Shoulder.L_x,Shoulder.L_y,Shoulder.L_z,Elbow.L_x,Elbow.L_y,Elbow.L_z,Wrist.L_x,Wrist.L_y,Wrist.L_z,Neck_x,Neck_y,Neck_z,Head_x,Head_y,Head_z,Nose_x,Nose_y,Nose_z,Eye.L_x,Eye.L_y,Eye.L_z,Eye.R_x,Eye.R_y,Eye.R_z,Ear.L_x,Ear.L_y,Ear.L_z,Ear.R_x,Ear.R_y,Ear.R_z,hip.Center_x,hip.Center_y,hip.Center_z
0,-0.032278076,-0.48733926,-0.2931198,-0.07964904,-0.12797098,-0.0583603,-0.12678991,0.3040831,-0.010154583,0.114670105,0.29774994,-0.0075254114,0.071074486,-0.1267198,-0.04721836,0.058229677,-0.50056136,-0.2671244,-0.22336651,0.661757,0.14326152,-0.26268443,0.58374417,-0.086583376,-0.1364248,0.8074425,0.010870994,0.16477866,0.78630096,0.011800192,0.21986714,0.5403336,-0.10614469,0.19328208,0.4271076,0.109580725,0.018288463,0.8659007,0.042969275,0.013926509,1.0945271,0.054376885,-0.021436822,1.0128818,0.1897935,0.02146079,1.0515087,0.15837969,-0.043138593,1.0455751,0.13730004,0.094913155,1.0241585,0.08302834,-0.05209071,1.0125827,0.033095125,-0.006059903651475906,0.30091652274131775,-0.00883999653160572
