frame,Ankle.R_x,Ankle.R_y,Ankle.R_z,Knee.R_x,Knee.R_y,Knee.R_z,Hip.R_x,Hip.R_y,Hip.R_z,Hip.L_x,Hip.L_y,Hip.L_z,Knee.L_x,Knee.L_y,Knee.L_z,Ankle.L_x,Ankle.L_y,Ankle.L_z,Wrist.R_x,Wrist.R_y,Wrist.R_z,Elbow.R_x,Elbow.R_y,Elbow.R_z,Shoulder.R_x,Shoulder.R_y,Shoulder.R_z,Shoulder.L_x,Shoulder.L_y,Shoulder.L_z,Elbow.L_x,Elbow.L_y,Elbow.L_z,Wrist.L_x,Wrist.L_y,Wrist.L_z,Neck_x,Neck_y,Neck_z,Head_x,Head_y,Head_z,Nose_x,Nose_y,Nose_z,Eye.L_x,Eye.L_y,Eye.L_z,Eye.R_x,Eye.R_y,Eye.R_z,Ear.L_x,Ear.L_y,Ear.L_z,Ear.R_x,Ear.R_y,Ear.R_z,hip.Center_x,hip.Center_y,hip.Center_z
0,-0.1554936,-0.54283637,-0.07270241,0.107291356,-0.17254385,0.04034345,-0.026526064,0.27048758,0.1061635,0.016416986,0.284239,-0.14792389,0.1304118,-0.14938863,-0.12985162,0.09894347,-0.6205499,-0.17116234,0.091414124,0.22193293,0.28052157,-0.042848215,0.46334893,0.24869257,-0.0374121,0.7346567,0.13443801,-0.021540876,0.72766656,-0.17877914,-0.03967689,0.4511874,-0.28433925,0.09023209,0.21229835,-0.3232983,-0.012844468,0.8053025,-0.020002577,-0.013058268,1.027219,0.0154085895,0.09536553,0.9338848,0.08184029,0.08458999,0.98186016,0.04039058,0.038699612,0.96448016,0.087093845,0.04691884,0.9744022,-0.059743665,-0.05516029,0.93708456,0.04804361,-0.005054539069533348,0.27736330032348633,-0.020880192518234253
