frame,Ankle.R_x,Ankle.R_y,Ankle.R_z,Knee.R_x,Knee.R_y,Knee.R_z,Hip.R_x,Hip.R_y,Hip.R_z,Hip.L_x,Hip.L_y,Hip.L_z,Knee.L_x,Knee.L_y,Knee.L_z,Ankle.L_x,Ankle.L_y,Ankle.L_z,Wrist.R_x,Wrist.R_y,Wrist.R_z,Elbow.R_x,Elbow.R_y,Elbow.R_z,Shoulder.R_x,Shoulder.R_y,Shoulder.R_z,Shoulder.L_x,Shoulder.L_y,Shoulder.L_z,Elbow.L_x,Elbow.L_y,Elbow.L_z,Wrist.L_x,Wrist.L_y,Wrist.L_z,Neck_x,Neck_y,Neck_z,Head_x,Head_y,Head_z,Nose_x,Nose_y,Nose_z,Eye.L_x,Eye.L_y,Eye.L_z,Eye.R_x,Eye.R_y,Eye.R_z,Ear.L_x,Ear.L_y,Ear.L_z,Ear.R_x,Ear.R_y,Ear.R_z,hip.Center_x,hip.Center_y,hip.Center_z
0,-0.08362207,-0.5724079,-0.3108888,-0.096848525,-0.17737265,-0.04769173,-0.12940054,0.28333628,-0.015807461,0.12296671,0.27401656,-0.011960993,0.06821919,-0.17634626,-0.055684555,0.034229074,-0.57857823,-0.30873072,-0.23740827,0.20666496,0.04205868,-0.23198584,0.4564611,-0.07219264,-0.1530371,0.7385129,-0.018317841,0.16295546,0.73919374,-0.00047142617,0.23442464,0.47525713,0.097462565,0.114478245,0.65778106,0.24708472,0.007927492,0.8159585,0.0054645054,0.010819361,1.0435818,0.024471337,0.0009222105,0.9520267,0.15469447,0.037518278,0.99231863,0.118607044,-0.02986611,0.99061227,0.11134903,0.089100316,0.9688649,0.029628154,-0.062253896,0.9673947,0.011919819,-0.0032169148325920105,0.27867642045021057,-0.01388422679156065
