frame,Ankle.R_x,Ankle.R_y,Ankle.R_z,Knee.R_x,Knee.R_y,Knee.R_z,Hip.R_x,Hip.R_y,Hip.R_z,Hip.L_x,Hip.L_y,Hip.L_z,Knee.L_x,Knee.L_y,Knee.L_z,Ankle.L_x,Ankle.L_y,Ankle.L_z,Wrist.R_x,Wrist.R_y,Wrist.R_z,Elbow.R_x,Elbow.R_y,Elbow.R_z,Shoulder.R_x,Shoulder.R_y,Shoulder.R_z,Shoulder.L_x,Shoulder.L_y,Shoulder.L_z,Elbow.L_x,Elbow.L_y,Elbow.L_z,Wrist.L_x,Wrist.L_y,Wrist.L_z,Neck_x,Neck_y,Neck_z,Head_x,Head_y,Head_z,Nose_x,Nose_y,Nose_z,Eye.L_x,Eye.L_y,Eye.L_z,Eye.R_x,Eye.R_y,Eye.R_z,Ear.L_x,Ear.L_y,Ear.L_z,Ear.R_x,Ear.R_y,Ear.R_z,hip.Center_x,hip.Center_y,hip.Center_z
0,-0.05728913,-0.506592,-0.31096527,-0.079122946,-0.144627,-0.054524746,-0.1273849,0.29444203,-0.008962179,0.116976924,0.2915856,-0.013154715,0.070055045,-0.14451635,-0.041077092,0.031405658,-0.49952704,-0.30829006,-0.34978658,0.70211625,0.2030263,-0.3135963,0.5375709,0.017323278,-0.15679735,0.7738137,0.009873244,0.15082888,0.76744175,0.023962146,0.22798216,0.50141984,-0.045901686,0.206636,0.2627995,0.050132014,-0.0020757802,0.84257793,0.0415165,0.0006755894,1.0703259,0.06754673,-0.034142807,0.9819725,0.19545615,0.0098736305,1.0194699,0.16560914,-0.055719767,1.0201358,0.14733222,0.076637864,0.99359065,0.08519997,-0.07213442,0.9956646,0.04258754,-0.005203988403081894,0.2930138111114502,-0.011058446951210499
