frame,Ankle.R_x,Ankle.R_y,Ankle.R_z,Knee.R_x,Knee.R_y,Knee.R_z,Hip.R_x,Hip.R_y,Hip.R_z,Hip.L_x,Hip.L_y,Hip.L_z,Knee.L_x,Knee.L_y,Knee.L_z,Ankle.L_x,Ankle.L_y,Ankle.L_z,Wrist.R_x,Wrist.R_y,Wrist.R_z,Elbow.R_x,Elbow.R_y,Elbow.R_z,Shoulder.R_x,Shoulder.R_y,Shoulder.R_z,Shoulder.L_x,Shoulder.L_y,Shoulder.L_z,Elbow.L_x,Elbow.L_y,Elbow.L_z,Wrist.L_x,Wrist.L_y,Wrist.L_z,Neck_x,Neck_y,Neck_z,Head_x,Head_y,Head_z,Nose_x,Nose_y,Nose_z,Eye.L_x,Eye.L_y,Eye.L_z,Eye.R_x,Eye.R_y,Eye.R_z,Ear.L_x,Ear.L_y,Ear.L_z,Ear.R_x,Ear.R_y,Ear.R_z,hip.Center_x,hip.Center_y,hip.Center_z
0,-0.03503039,-0.5961255,-0.053530086,0.13452706,-0.17264523,0.08059327,-0.040696353,0.25908884,0.101905264,0.02322045,0.26994833,-0.1509911,0.28904477,-0.09736257,-0.07100782,-0.015096507,-0.44899136,-0.13312267,0.025163492,0.16961868,0.310336,-0.06755239,0.42375475,0.24246457,-0.03218507,0.69702935,0.1331004,-0.00041627605,0.702264,-0.1738501,-0.050544266,0.44418412,-0.3098517,0.062317263,0.20902464,-0.39686123,0.00637569,0.770046,-0.01645317,0.028678052,0.98933023,0.004623512,0.13459991,0.8917024,0.0645101,0.12322001,0.93619436,0.021137878,0.08352522,0.9288316,0.074907914,0.071055956,0.9246088,-0.06876673,-0.016171489,0.90905887,0.052363522,-0.008737951517105103,0.2645185887813568,-0.0245429165661335
