frame,Ankle.R_x,Ankle.R_y,Ankle.R_z,Knee.R_x,Knee.R_y,Knee.R_z,Hip.R_x,Hip.R_y,Hip.R_z,Hip.L_x,Hip.L_y,Hip.L_z,Knee.L_x,Knee.L_y,Knee.L_z,Ankle.L_x,Ankle.L_y,Ankle.L_z,Wrist.R_x,Wrist.R_y,Wrist.R_z,Elbow.R_x,Elbow.R_y,Elbow.R_z,Shoulder.R_x,Shoulder.R_y,Shoulder.R_z,Shoulder.L_x,Shoulder.L_y,Shoulder.L_z,Elbow.L_x,Elbow.L_y,Elbow.L_z,Wrist.L_x,Wrist.L_y,Wrist.L_z,Neck_x,Neck_y,Neck_z,Head_x,Head_y,Head_z,Nose_x,Nose_y,Nose_z,Eye.L_x,Eye.L_y,Eye.L_z,Eye.R_x,Eye.R_y,Eye.R_z,Ear.L_x,Ear.L_y,Ear.L_z,Ear.R_x,Ear.R_y,Ear.R_z,hip.Center_x,hip.Center_y,hip.Center_z
0,-0.05794304,-0.5016365,-0.32074967,-0.07958695,-0.14032601,-0.06985791,-0.12716427,0.2947746,-0.015483773,0.11579634,0.28800544,-0.003311056,0.061876625,-0.13932598,-0.071766585,0.035739526,-0.5037786,-0.32021105,-0.24885748,0.80701464,0.17414899,-0.3057338,0.5825577,0.0823281,-0.1502198,0.7878789,-0.0020628208,0.14517313,0.7784597,0.028654654,0.2149279,0.5170593,-0.03988041,0.18224166,0.2692078,0.015097835,-0.0061803916,0.84884036,0.031948622,-0.023398886,1.0723515,0.044773012,-0.06609213,0.98817897,0.17347015,-0.021913877,1.0276399,0.14684755,-0.08470679,1.0215135,0.12105985,0.05634158,1.0037698,0.07618815,-0.08570541,0.9902469,0.017107017,-0.005683965981006622,0.29139000177383423,-0.0093974145129323
