frame,Ankle.R_x,Ankle.R_y,Ankle.R_z,Knee.R_x,Knee.R_y,Knee.R_z,Hip.R_x,Hip.R_y,Hip.R_z,Hip.L_x,Hip.L_y,Hip.L_z,Knee.L_x,Knee.L_y,Knee.L_z,Ankle.L_x,Ankle.L_y,Ankle.L_z,Wrist.R_x,Wrist.R_y,Wrist.R_z,Elbow.R_x,Elbow.R_y,Elbow.R_z,Shoulder.R_x,Shoulder.R_y,Shoulder.R_z,Shoulder.L_x,Shoulder.L_y,Shoulder.L_z,Elbow.L_x,Elbow.L_y,Elbow.L_z,Wrist.L_x,Wrist.L_y,Wrist.L_z,Neck_x,Neck_y,Neck_z,Head_x,Head_y,Head_z,Nose_x,Nose_y,Nose_z,Eye.L_x,Eye.L_y,Eye.L_z,Eye.R_x,Eye.R_y,Eye.R_z,Ear.L_x,Ear.L_y,Ear.L_z,Ear.R_x,Ear.R_y,Ear.R_z,hip.Center_x,hip.Center_y,hip.Center_z
0,-0.05822367,-0.61820054,-0.31547198,-0.08010116,-0.2108857,-0.03737301,-0.13217378,0.25962335,-0.015059802,0.126153,0.2582662,-0.015951924,0.079044715,-0.20518017,-0.05477431,0.05288659,-0.6321357,-0.30534506,-0.24390227,0.16383119,0.041203924,-0.23907483,0.41514236,-0.08672031,-0.15861008,0.6998144,-0.027549013,0.15167466,0.70275015,-0.01688179,0.24007648,0.417687,0.0014211554,0.17070875,0.36213428,0.2614798,-0.0024355808,0.774982,-0.0015519289,-0.005924192,0.9941805,0.029056411,-0.01319596,0.8963723,0.1527856,0.02239678,0.9390383,0.120089546,-0.04486084,0.9365841,0.113039926,0.07246339,0.92246205,0.030580018,-0.076392695,0.9183453,0.014211521,-0.003010384738445282,0.2589447796344757,-0.015505863353610039
