frame,Ankle.R_x,Ankle.R_y,Ankle.R_z,Knee.R_x,Knee.R_y,Knee.R_z,Hip.R_x,Hip.R_y,Hip.R_z,Hip.L_x,Hip.L_y,Hip.L_z,Knee.L_x,Knee.L_y,Knee.L_z,Ankle.L_x,Ankle.L_y,Ankle.L_z,Wrist.R_x,Wrist.R_y,Wrist.R_z,Elbow.R_x,Elbow.R_y,Elbow.R_z,Shoulder.R_x,Shoulder.R_y,Shoulder.R_z,Shoulder.L_x,Shoulder.L_y,Shoulder.L_z,Elbow.L_x,Elbow.L_y,Elbow.L_z,Wrist.L_x,Wrist.L_y,Wrist.L_z,Neck_x,Neck_y,Neck_z,Head_x,Head_y,Head_z,Nose_x,Nose_y,Nose_z,Eye.L_x,Eye.L_y,Eye.L_z,Eye.R_x,Eye.R_y,Eye.R_z,Ear.L_x,Ear.L_y,Ear.L_z,Ear.R_x,Ear.R_y,Ear.R_z,hip.Center_x,hip.Center_y,hip.Center_z
0,-0.058978967,-0.5973336,-0.32014602,-0.08308845,-0.19550544,-0.049715385,-0.13070436,0.26943898,-0.01348258,0.124774665,0.26409304,-0.015694557,0.07533036,-0.19367641,-0.055984557,0.045833495,-0.59578294,-0.3291,-0.2532593,0.18032824,0.06463988,-0.23885688,0.42806894,-0.061033204,-0.15598921,0.71308273,-0.013724759,0.1566839,0.7162148,-0.011416411,0.24429597,0.43628076,0.025181893,0.15835893,0.49162355,0.2739293,0.00164699,0.7903919,0.006578231,-0.0049528484,1.0135579,0.037692368,-0.017013693,0.9139379,0.15993778,0.019370915,0.9579104,0.1294262,-0.047212858,0.9538727,0.118311554,0.07568862,0.9431067,0.042587604,-0.072644584,0.93615735,0.017294899,-0.0029648467898368835,0.2667660117149353,-0.014588568359613419
