frame,Ankle.R_x,Ankle.R_y,Ankle.R_z,Knee.R_x,Knee.R_y,Knee.R_z,Hip.R_x,Hip.R_y,Hip.R_z,Hip.L_x,Hip.L_y,Hip.L_z,Knee.L_x,Knee.L_y,Knee.L_z,Ankle.L_x,Ankle.L_y,Ankle.L_z,Wrist.R_x,Wrist.R_y,Wrist.R_z,Elbow.R_x,Elbow.R_y,Elbow.R_z,Shoulder.R_x,Shoulder.R_y,Shoulder.R_z,Shoulder.L_x,Shoulder.L_y,Shoulder.L_z,Elbow.L_x,Elbow.L_y,Elbow.L_z,Wrist.L_x,Wrist.L_y,Wrist.L_z,Neck_x,Neck_y,Neck_z,Head_x,Head_y,Head_z,Nose_x,Nose_y,Nose_z,Eye.L_x,Eye.L_y,Eye.L_z,Eye.R_x,Eye.R_y,Eye.R_z,Ear.L_x,Ear.L_y,Ear.L_z,Ear.R_x,Ear.R_y,Ear.R_z,hip.Center_x,hip.Center_y,hip.Center_z
0,-0.075913586,-0.4974675,-0.3047803,-0.08685774,-0.13163471,-0.071806654,-0.12607715,0.2954895,0.002641553,0.11681358,0.29051796,-0.017430019,0.06582318,-0.12738305,-0.0947088,0.025877317,-0.49682263,-0.3216579,-0.23289618,0.79500365,0.15364867,-0.29540288,0.58775365,0.044600695,-0.14075476,0.8032614,0.012154318,0.15086712,0.7938811,0.0006174911,0.25885427,0.54470474,-0.024159107,0.20127161,0.7026837,0.14722769,0.0067710737,0.8603688,0.028323311,0.0070686545,1.0853001,0.06529066,0.0045072627,0.98373085,0.19060454,0.039116908,1.0260627,0.15562426,-0.028644241,1.0246276,0.15244378,0.08623704,1.0107616,0.060045876,-0.066819645,1.0094311,0.05125397,-0.004631783813238144,0.29300373792648315,-0.007394232787191868
