frame,Ankle.R_x,Ankle.R_y,Ankle.R_z,Knee.R_x,Knee.R_y,Knee.R_z,Hip.R_x,Hip.R_y,Hip.R_z,Hip.L_x,Hip.L_y,Hip.L_z,Knee.L_x,Knee.L_y,Knee.L_z,Ankle.L_x,Ankle.L_y,Ankle.L_z,Wrist.R_x,Wrist.R_y,Wrist.R_z,Elbow.R_x,Elbow.R_y,Elbow.R_z,Shoulder.R_x,Shoulder.R_y,Shoulder.R_z,Shoulder.L_x,Shoulder.L_y,Shoulder.L_z,Elbow.L_x,Elbow.L_y,Elbow.L_z,Wrist.L_x,Wrist.L_y,Wrist.L_z,Neck_x,Neck_y,Neck_z,Head_x,Head_y,Head_z,Nose_x,Nose_y,Nose_z,Eye.L_x,Eye.L_y,Eye.L_z,Eye.R_x,Eye.R_y,Eye.R_z,Ear.L_x,Ear.L_y,Ear.L_z,Ear.R_x,Ear.R_y,Ear.R_z,hip.Center_x,hip.Center_y,hip.Center_z
0,-0.059517212,-0.5082379,-0.24483286,-0.095408365,-0.13943118,-0.01119747,-0.12703958,0.29928845,-0.009662753,0.116517104,0.2956179,-0.018032026,0.08987436,-0.13554811,-0.012805234,0.058582887,-0.5170455,-0.23111796,-0.22929844,0.662799,0.17412806,-0.2900443,0.5635573,-0.045376763,-0.14403164,0.79095185,0.023976058,0.15634899,0.77825266,-0.0051644742,0.20747228,0.5490651,-0.15526114,0.19984753,0.46946332,0.07847533,0.013336527,0.8497977,0.04469783,0.016918013,1.0730997,0.077588685,-0.018384598,0.9809637,0.20443383,0.024887979,1.0208747,0.1761663,-0.039835334,1.0189297,0.1555864,0.09603444,0.9982438,0.09790459,-0.051710315,0.9960651,0.050314818,-0.005261238664388657,0.2974531650543213,-0.01384738925844431
