frame,Ankle.R_x,Ankle.R_y,Ankle.R_z,Knee.R_x,Knee.R_y,Knee.R_z,Hip.R_x,Hip.R_y,Hip.R_z,Hip.L_x,Hip.L_y,Hip.L_z,Knee.L_x,Knee.L_y,Knee.L_z,Ankle.L_x,Ankle.L_y,Ankle.L_z,Wrist.R_x,Wrist.R_y,Wrist.R_z,Elbow.R_x,Elbow.R_y,Elbow.R_z,Shoulder.R_x,Shoulder.R_y,Shoulder.R_z,Shoulder.L_x,Shoulder.L_y,Shoulder.L_z,Elbow.L_x,Elbow.L_y,Elbow.L_z,Wrist.L_x,Wrist.L_y,Wrist.L_z,Neck_x,Neck_y,Neck_z,Head_x,Head_y,Head_z,Nose_x,Nose_y,Nose_z,Eye.L_x,Eye.L_y,Eye.L_z,Eye.R_x,Eye.R_y,Eye.R_z,Ear.L_x,Ear.L_y,Ear.L_z,Ear.R_x,Ear.R_y,Ear.R_z,hip.Center_x,hip.Center_y,hip.Center_z
0,-0.06605209,-0.50465685,-0.3102015,-0.07941476,-0.13815501,-0.07123271,-0.12640488,0.29289258,-0.006431036,0.11608844,0.28992063,-0.011275293,0.0621105,-0.1345067,-0.08278252,0.02769189,-0.5052976,-0.3151725,-0.21534933,0.8055254,0.18961768,-0.30208224,0.58679247,0.11036721,-0.15342046,0.78949827,0.010191517,0.14299957,0.7819732,0.008672109,0.21909133,0.5269966,-0.071015015,0.18228684,0.29951426,0.03378772,-0.0062013157,0.85067,0.027525276,-0.010665687,1.0744522,0.038136087,-0.043853,0.99389815,0.1720632,-0.0007118867,1.0304718,0.14011563,-0.06616166,1.0278404,0.1215622,0.067741856,1.0015723,0.06174449,-0.080495335,0.9959456,0.018697541,-0.005158219486474991,0.2914066016674042,-0.008853164501488209
