frame,Ankle.R_x,Ankle.R_y,Ankle.R_z,Knee.R_x,Knee.R_y,Knee.R_z,Hip.R_x,Hip.R_y,Hip.R_z,Hip.L_x,Hip.L_y,Hip.L_z,Knee.L_x,Knee.L_y,Knee.L_z,Ankle.L_x,Ankle.L_y,Ankle.L_z,Wrist.R_x,Wrist.R_y,Wrist.R_z,Elbow.R_x,Elbow.R_y,Elbow.R_z,Shoulder.R_x,Shoulder.R_y,Shoulder.R_z,Shoulder.L_x,Shoulder.L_y,Shoulder.L_z,Elbow.L_x,Elbow.L_y,Elbow.L_z,Wrist.L_x,Wrist.L_y,Wrist.L_z,Neck_x,Neck_y,Neck_z,Head_x,Head_y,Head_z,Nose_x,Nose_y,Nose_z,Eye.L_x,Eye.L_y,Eye.L_z,Eye.R_x,Eye.R_y,Eye.R_z,Ear.L_x,Ear.L_y,Ear.L_z,Ear.R_x,Ear.R_y,Ear.R_z,hip.Center_x,hip.Center_y,hip.Center_z
0,-0.06991927,-0.50138474,-0.30335948,-0.08165673,-0.13646345,-0.06587041,-0.12547447,0.2941438,0.0022438297,0.11646784,0.28998378,-0.020137137,0.06147029,-0.12962462,-0.09353817,0.023943573,-0.49921647,-0.32297194,-0.24813598,0.7679998,0.16861811,-0.2822519,0.5820927,0.014929491,-0.13878137,0.80410147,0.019011483,0.15013885,0.7924764,0.006972187,0.28054735,0.56724435,0.0665862,0.25877672,0.79518616,0.1438828,0.009256853,0.85749936,0.035013992,0.02005779,1.0772617,0.07730078,0.020742668,0.9745158,0.20116654,0.054672632,1.0159917,0.16463284,-0.013073385,1.0168989,0.16521956,0.09619734,1.0006588,0.06701992,-0.057519585,1.0036187,0.06639606,-0.004503313452005386,0.29206377267837524,-0.008946653455495834
