frame,Ankle.R_x,Ankle.R_y,Ankle.R_z,Knee.R_x,Knee.R_y,Knee.R_z,Hip.R_x,Hip.R_y,Hip.R_z,Hip.L_x,Hip.L_y,Hip.L_z,Knee.L_x,Knee.L_y,Knee.L_z,Ankle.L_x,Ankle.L_y,Ankle.L_z,Wrist.R_x,Wrist.R_y,Wrist.R_z,Elbow.R_x,Elbow.R_y,Elbow.R_z,Shoulder.R_x,Shoulder.R_y,Shoulder.R_z,Shoulder.L_x,Shoulder.L_y,Shoulder.L_z,Elbow.L_x,Elbow.L_y,Elbow.L_z,Wrist.L_x,Wrist.L_y,Wrist.L_z,Neck_x,Neck_y,Neck_z,Head_x,Head_y,Head_z,Nose_x,Nose_y,Nose_z,Eye.L_x,Eye.L_y,Eye.L_z,Eye.R_x,Eye.R_y,Eye.R_z,Ear.L_x,Ear.L_y,Ear.L_z,Ear.R_x,Ear.R_y,Ear.R_z,hip.Center_x,hip.Center_y,hip.Center_z
0,-0.07099581,-0.58837193,-0.31553987,-0.08548392,-0.19531637,-0.03711446,-0.13180251,0.2693225,-0.016680066,0.12442645,0.2637385,-0.0149195185,0.07244317,-0.19548966,-0.01820296,0.040755447,-0.5898267,-0.29714406,-0.27485743,0.34832886,0.19801427,-0.2707961,0.45657784,-0.05266596,-0.14753616,0.7224806,-0.011084424,0.16035132,0.7097106,-0.005350453,0.23109809,0.42710674,-0.06647473,0.22201695,0.20652066,0.093155995,0.010431971,0.7892447,0.016021714,0.0142994765,1.0105146,0.034696933,-0.01202428,0.9245936,0.16436926,0.029258028,0.96255744,0.13289702,-0.036786422,0.9620812,0.117874734,0.08967528,0.93602586,0.051492464,-0.057407074,0.93620753,0.01745198,-0.0036880336701869965,0.26653051376342773,-0.015799792483448982
