frame,Ankle.R_x,Ankle.R_y,Ankle.R_z,Knee.R_x,Knee.R_y,Knee.R_z,Hip.R_x,Hip.R_y,Hip.R_z,Hip.L_x,Hip.L_y,Hip.L_z,Knee.L_x,Knee.L_y,Knee.L_z,Ankle.L_x,Ankle.L_y,Ankle.L_z,Wrist.R_x,Wrist.R_y,Wrist.R_z,Elbow.R_x,Elbow.R_y,Elbow.R_z,Shoulder.R_x,Shoulder.R_y,Shoulder.R_z,Shoulder.L_x,Shoulder.L_y,Shoulder.L_z,Elbow.L_x,Elbow.L_y,Elbow.L_z,Wrist.L_x,Wrist.L_y,Wrist.L_z,Neck_x,Neck_y,Neck_z,Head_x,Head_y,Head_z,Nose_x,Nose_y,Nose_z,Eye.L_x,Eye.L_y,Eye.L_z,Eye.R_x,Eye.R_y,Eye.R_z,Ear.L_x,Ear.L_y,Ear.L_z,Ear.R_x,Ear.R_y,Ear.R_z,hip.Center_x,hip.Center_y,hip.Center_z
0,-0.059983026,-0.49127036,-0.32844153,-0.079291135,-0.13904586,-0.067222595,-0.1268962,0.29506516,-0.011766294,0.11585058,0.29154074,-0.007887241,0.06270789,-0.13681255,-0.068620145,0.030095924,-0.493006,-0.32566738,-0.27102467,0.84514886,0.17814286,-0.30563495,0.60169554,0.14256871,-0.15700693,0.7873969,0.009178393,0.14262518,0.7789215,0.020990837,0.21152943,0.51463467,-0.040643256,0.18632618,0.26762593,0.02198554,-0.010365441,0.8504154,0.030717816,-0.022993226,1.0762284,0.044035915,-0.07355121,0.99183655,0.16919996,-0.027308539,1.0307318,0.14523889,-0.08878816,1.0259529,0.116065525,0.054536007,1.006,0.07829644,-0.08495989,0.995485,0.011847861,-0.00552280992269516,0.2933029532432556,-0.009826768189668655
