frame,Ankle.R_x,Ankle.R_y,Ankle.R_z,Knee.R_x,Knee.R_y,Knee.R_z,Hip.R_x,Hip.R_y,Hip.R_z,Hip.L_x,Hip.L_y,Hip.L_z,Knee.L_x,Knee.L_y,Knee.L_z,Ankle.L_x,Ankle.L_y,Ankle.L_z,Wrist.R_x,Wrist.R_y,Wrist.R_z,Elbow.R_x,Elbow.R_y,Elbow.R_z,Shoulder.R_x,Shoulder.R_y,Shoulder.R_z,Shoulder.L_x,Shoulder.L_y,Shoulder.L_z,Elbow.L_x,Elbow.L_y,Elbow.L_z,Wrist.L_x,Wrist.L_y,Wrist.L_z,Neck_x,Neck_y,Neck_z,Head_x,Head_y,Head_z,Nose_x,Nose_y,Nose_z,Eye.L_x,Eye.L_y,Eye.L_z,Eye.R_x,Eye.R_y,Eye.R_z,Ear.L_x,Ear.L_y,Ear.L_z,Ear.R_x,Ear.R_y,Ear.R_z,hip.Center_x,hip.Center_y,hip.Center_z
0,-0.047263283,-0.5329424,-0.21913716,-0.08372795,-0.1437067,-0.00981984,-0.12757781,0.29839605,-0.0071070264,0.11726129,0.29517487,-0.022265827,0.08273877,-0.13994487,-0.0023380974,0.036594205,-0.5344901,-0.20401794,-0.22656149,0.6487978,0.18200436,-0.29442158,0.5615387,-0.044509195,-0.14434572,0.79234,0.013583445,0.15694755,0.7788279,-0.022109961,0.20661384,0.54557496,-0.17172794,0.19227618,0.39006373,0.026532914,0.014093248,0.8512411,0.029046666,0.020144688,1.0741421,0.053113747,-0.013152299,0.98904616,0.18567772,0.030091932,1.0268426,0.15423594,-0.0353864,1.0246522,0.13533686,0.099331185,0.9994105,0.075370334,-0.050133504,0.9962213,0.031502813,-0.005158260464668274,0.29678547382354736,-0.01468642707914114
