frame,Ankle.R_x,Ankle.R_y,Ankle.R_z,Knee.R_x,Knee.R_y,Knee.R_z,Hip.R_x,Hip.R_y,Hip.R_z,Hip.L_x,Hip.L_y,Hip.L_z,Knee.L_x,Knee.L_y,Knee.L_z,Ankle.L_x,Ankle.L_y,Ankle.L_z,Wrist.R_x,Wrist.R_y,Wrist.R_z,Elbow.R_x,Elbow.R_y,Elbow.R_z,Shoulder.R_x,Shoulder.R_y,Shoulder.R_z,Shoulder.L_x,Shoulder.L_y,Shoulder.L_z,Elbow.L_x,Elbow.L_y,Elbow.L_z,Wrist.L_x,Wrist.L_y,Wrist.L_z,Neck_x,Neck_y,Neck_z,Head_x,Head_y,Head_z,Nose_x,Nose_y,Nose_z,Eye.L_x,Eye.L_y,Eye.L_z,Eye.R_x,Eye.R_y,Eye.R_z,Ear.L_x,Ear.L_y,Ear.L_z,Ear.R_x,Ear.R_y,Ear.R_z,hip.Center_x,hip.Center_y,hip.Center_z
0,-0.07774676,-0.61830807,-0.29485944,-0.08244015,-0.21114597,-0.018182097,-0.1329503,0.26042262,-0.012160466,0.12698014,0.25489444,-0.023951733,0.08248162,-0.21137604,0.0060621947,0.046839036,-0.6102353,-0.2840656,-0.2600684,0.2333982,0.16487154,-0.26055133,0.42548904,-0.04059918,-0.14553346,0.70146537,-0.019700909,0.16328607,0.6905136,-0.025081929,0.23762709,0.40184063,-0.064293206,0.2238932,0.16703212,0.08621994,0.01318409,0.7688836,-0.0020815204,0.014550485,0.9870549,0.010523947,0.0018132282,0.90378344,0.1434569,0.03926131,0.9417238,0.10786307,-0.027761556,0.9399588,0.09892609,0.091572165,0.91456306,0.022145022,-0.05682465,0.91168475,0.0019055754,-0.0029850825667381287,0.25765854120254517,-0.018056100234389305
