frame,Ankle.R_x,Ankle.R_y,Ankle.R_z,Knee.R_x,Knee.R_y,Knee.R_z,Hip.R_x,Hip.R_y,Hip.R_z,Hip.L_x,Hip.L_y,Hip.L_z,Knee.L_x,Knee.L_y,Knee.L_z,Ankle.L_x,Ankle.L_y,Ankle.L_z,Wrist.R_x,Wrist.R_y,Wrist.R_z,Elbow.R_x,Elbow.R_y,Elbow.R_z,Shoulder.R_x,Shoulder.R_y,Shoulder.R_z,Shoulder.L_x,Shoulder.L_y,Shoulder.L_z,Elbow.L_x,Elbow.L_y,Elbow.L_z,Wrist.L_x,Wrist.L_y,Wrist.L_z,Neck_x,Neck_y,Neck_z,Head_x,Head_y,Head_z,Nose_x,Nose_y,Nose_z,Eye.L_x,Eye.L_y,Eye.L_z,Eye.R_x,Eye.R_y,Eye.R_z,Ear.L_x,Ear.L_y,Ear.L_z,Ear.R_x,Ear.R_y,Ear.R_z,hip.Center_x,hip.Center_y,hip.Center_z
0,-0.051493216,-0.61184245,-0.34118134,-0.07284817,-0.21051909,-0.052306395,-0.13354489,0.25957257,-0.0064989934,0.12565018,0.26127955,-0.027621102,0.09854033,-0.20627786,-0.025478464,0.07022922,-0.63201123,-0.28132522,-0.22415678,0.30995512,0.20615411,-0.28115487,0.4607824,-0.02326778,-0.1409879,0.7220603,0.011976686,0.16210636,0.69940615,-0.028879967,0.22362961,0.4217096,-0.1292987,0.27027947,0.1613675,-0.03758206,0.01998673,0.77804,0.019584833,0.027675418,0.9931118,0.05529938,0.016152997,0.89681745,0.18006779,0.053560503,0.93762636,0.14753453,-0.013811009,0.93739295,0.13951038,0.10498276,0.9185878,0.058122914,-0.04499534,0.919207,0.04018829,-0.003947354853153229,0.26042604446411133,-0.017060047015547752
