frame,Ankle.R_x,Ankle.R_y,Ankle.R_z,Knee.R_x,Knee.R_y,Knee.R_z,Hip.R_x,Hip.R_y,Hip.R_z,Hip.L_x,Hip.L_y,Hip.L_z,Knee.L_x,Knee.L_y,Knee.L_z,Ankle.L_x,Ankle.L_y,Ankle.L_z,Wrist.R_x,Wrist.R_y,Wrist.R_z,Elbow.R_x,Elbow.R_y,Elbow.R_z,Shoulder.R_x,Shoulder.R_y,Shoulder.R_z,Shoulder.L_x,Shoulder.L_y,Shoulder.L_z,Elbow.L_x,Elbow.L_y,Elbow.L_z,Wrist.L_x,Wrist.L_y,Wrist.L_z,Neck_x,Neck_y,Neck_z,Head_x,Head_y,Head_z,Nose_x,Nose_y,Nose_z,Eye.L_x,Eye.L_y,Eye.L_z,Eye.R_x,Eye.R_y,Eye.R_z,Ear.L_x,Ear.L_y,Ear.L_z,Ear.R_x,Ear.R_y,Ear.R_z,hip.Center_x,hip.Center_y,hip.Center_z
0,-0.07582026,-0.4974245,-0.2997092,-0.08604511,-0.13206011,-0.0665388,-0.1258013,0.29611146,0.0023765997,0.11704449,0.2911575,-0.017804205,0.062769905,-0.12757269,-0.09196858,0.019482411,-0.49778593,-0.31636873,-0.24589236,0.79137236,0.18151212,-0.31279147,0.5920785,0.05877693,-0.14195149,0.79984677,0.020309333,0.15366587,0.7898538,0.002692245,0.24942024,0.5426074,-0.069507316,0.17679028,0.6167249,0.14859356,0.008255822,0.8579867,0.034880552,0.0059156986,1.0840224,0.06461126,-0.0003965553,0.98831004,0.19419912,0.035242468,1.0294197,0.15855649,-0.03237804,1.0270482,0.15280403,0.08655164,1.0099256,0.06555761,-0.066465326,1.0068855,0.05123654,-0.00437840074300766,0.29363447427749634,-0.007713803090155125
