frame,Ankle.R_x,Ankle.R_y,Ankle.R_z,Knee.R_x,Knee.R_y,Knee.R_z,Hip.R_x,Hip.R_y,Hip.R_z,Hip.L_x,Hip.L_y,Hip.L_z,Knee.L_x,Knee.L_y,Knee.L_z,Ankle.L_x,Ankle.L_y,Ankle.L_z,Wrist.R_x,Wrist.R_y,Wrist.R_z,Elbow.R_x,Elbow.R_y,Elbow.R_z,Shoulder.R_x,Shoulder.R_y,Shoulder.R_z,Shoulder.L_x,Shoulder.L_y,Shoulder.L_z,Elbow.L_x,Elbow.L_y,Elbow.L_z,Wrist.L_x,Wrist.L_y,Wrist.L_z,Neck_x,Neck_y,Neck_z,Head_x,Head_y,Head_z,Nose_x,Nose_y,Nose_z,Eye.L_x,Eye.L_y,Eye.L_z,Eye.R_x,Eye.R_y,Eye.R_z,Ear.L_x,Ear.L_y,Ear.L_z,Ear.R_x,Ear.R_y,Ear.R_z,hip.Center_x,hip.Center_y,hip.Center_z
0,-0.002050809,-0.45649916,0.07544704,0.11145743,-0.054601014,0.25874507,-0.11290895,0.2793361,0.046591796,0.0937723,0.2791362,-0.10632274,0.15438166,-0.15705164,0.013724819,-0.049583673,-0.47572446,-0.25650656,-0.19754736,0.2827293,0.17238794,-0.30253652,0.48647898,0.030216008,-0.15085647,0.73829544,0.040204875,0.13522089,0.7303038,-0.10792649,0.20084646,0.45406643,-0.16612668,0.18046318,0.48243207,0.09570555,0.0042802654,0.8058298,-0.016048212,0.00019709556,1.024109,-0.019102912,0.036741327,0.9535253,0.11782123,0.057413198,0.9891814,0.06825982,-0.008628279,0.98296535,0.08141891,0.084536485,0.9548628,-0.028325986,-0.065936044,0.94351214,0.0016609626,-0.00956832617521286,0.2792361378669739,-0.02986547350883484
