frame,Ankle.R_x,Ankle.R_y,Ankle.R_z,Knee.R_x,Knee.R_y,Knee.R_z,Hip.R_x,Hip.R_y,Hip.R_z,Hip.L_x,Hip.L_y,Hip.L_z,Knee.L_x,Knee.L_y,Knee.L_z,Ankle.L_x,Ankle.L_y,Ankle.L_z,Wrist.R_x,Wrist.R_y,Wrist.R_z,Elbow.R_x,Elbow.R_y,Elbow.R_z,Shoulder.R_x,Shoulder.R_y,Shoulder.R_z,Shoulder.L_x,Shoulder.L_y,Shoulder.L_z,Elbow.L_x,Elbow.L_y,Elbow.L_z,Wrist.L_x,Wrist.L_y,Wrist.L_z,Neck_x,Neck_y,Neck_z,Head_x,Head_y,Head_z,Nose_x,Nose_y,Nose_z,Eye.L_x,Eye.L_y,Eye.L_z,Eye.R_x,Eye.R_y,Eye.R_z,Ear.L_x,Ear.L_y,Ear.L_z,Ear.R_x,Ear.R_y,Ear.R_z,hip.Center_x,hip.Center_y,hip.Center_z
0,-0.025286231,-0.6088051,-0.25212204,-0.073767975,-0.19785857,-0.005032048,-0.1330135,0.26500565,-0.013284564,0.12352241,0.27400035,-0.027672414,0.13509318,-0.17786834,0.07199873,0.11035318,-0.5324758,-0.25324914,-0.21122974,0.28673834,0.17301339,-0.26936924,0.4329089,-0.051442254,-0.17472641,0.71142995,-0.0070128143,0.13679184,0.7198169,-0.022914302,0.2235615,0.4413708,-0.07577057,0.17344472,0.31883165,0.15957043,-0.018250303,0.7889,0.008747118,-0.028881963,1.0101464,0.042503353,-0.04524025,0.9100628,0.16302946,-0.008213818,0.9542972,0.13499185,-0.07398428,0.94943845,0.12029596,0.05333469,0.9410679,0.051238824,-0.09414478,0.93183875,0.018062584,-0.004745546728372574,0.26950299739837646,-0.020478488877415657
