frame,Ankle.R_x,Ankle.R_y,Ankle.R_z,Knee.R_x,Knee.R_y,Knee.R_z,Hip.R_x,Hip.R_y,Hip.R_z,Hip.L_x,Hip.L_y,Hip.L_z,Knee.L_x,Knee.L_y,Knee.L_z,Ankle.L_x,Ankle.L_y,Ankle.L_z,Wrist.R_x,Wrist.R_y,Wrist.R_z,Elbow.R_x,Elbow.R_y,Elbow.R_z,Shoulder.R_x,Shoulder.R_y,Shoulder.R_z,Shoulder.L_x,Shoulder.L_y,Shoulder.L_z,Elbow.L_x,Elbow.L_y,Elbow.L_z,Wrist.L_x,Wrist.L_y,Wrist.L_z,Neck_x,Neck_y,Neck_z,Head_x,Head_y,Head_z,Nose_x,Nose_y,Nose_z,Eye.L_x,Eye.L_y,Eye.L_z,Eye.R_x,Eye.R_y,Eye.R_z,Ear.L_x,Ear.L_y,Ear.L_z,Ear.R_x,Ear.R_y,Ear.R_z,hip.Center_x,hip.Center_y,hip.Center_z
0,-0.07105349,-0.561282,-0.2991661,-0.085954905,-0.17935887,-0.025753975,-0.1302928,0.27828163,-0.007865162,0.121270366,0.27914742,-0.025014805,0.08815637,-0.1733319,-0.007517389,0.061002523,-0.5773663,-0.2513136,-0.20616941,0.45273793,0.2754639,-0.28778142,0.4910875,0.02322854,-0.15686592,0.7497639,0.01892431,0.1460449,0.7400238,-0.036026686,0.20553291,0.46922287,-0.13045949,0.2605426,0.24454491,0.004601689,0.0027644392,0.815513,0.016881485,0.008630906,1.037578,0.042672243,0.005164372,0.9476117,0.17350566,0.040415403,0.9865595,0.13575779,-0.027403953,0.98567533,0.13203655,0.087600544,0.962849,0.043779776,-0.06571504,0.9617425,0.034824364,-0.0045112185180187225,0.27871453762054443,-0.016439983621239662
