frame,Ankle.R_x,Ankle.R_y,Ankle.R_z,Knee.R_x,Knee.R_y,Knee.R_z,Hip.R_x,Hip.R_y,Hip.R_z,Hip.L_x,Hip.L_y,Hip.L_z,Knee.L_x,Knee.L_y,Knee.L_z,Ankle.L_x,Ankle.L_y,Ankle.L_z,Wrist.R_x,Wrist.R_y,Wrist.R_z,Elbow.R_x,Elbow.R_y,Elbow.R_z,Shoulder.R_x,Shoulder.R_y,Shoulder.R_z,Shoulder.L_x,Shoulder.L_y,Shoulder.L_z,Elbow.L_x,Elbow.L_y,Elbow.L_z,Wrist.L_x,Wrist.L_y,Wrist.L_z,Neck_x,Neck_y,Neck_z,Head_x,Head_y,Head_z,Nose_x,Nose_y,Nose_z,Eye.L_x,Eye.L_y,Eye.L_z,Eye.R_x,Eye.R_y,Eye.R_z,Ear.L_x,Ear.L_y,Ear.L_z,Ear.R_x,Ear.R_y,Ear.R_z,hip.Center_x,hip.Center_y,hip.Center_z
0,-0.08383264,-0.6000618,-0.31096917,-0.08569232,-0.19578868,-0.04110831,-0.1310468,0.2700682,-0.0040937606,0.12516958,0.26502356,-0.0264209,0.065458246,-0.19440037,-0.050574813,0.013923973,-0.607609,-0.3057117,-0.17032388,0.45154995,0.23588839,-0.26247096,0.45085824,-0.019550137,-0.1480608,0.72424346,0.008425046,0.16081741,0.7135173,-0.02352441,0.21592423,0.4284388,-0.098899156,0.19144309,0.2354618,0.09160945,0.013527418,0.7935107,0.01527318,0.0221781,1.015297,0.028187511,0.02416246,0.93343854,0.16380005,0.05824651,0.9694358,0.12211899,-0.009774063,0.9704806,0.1228857,0.09806907,0.939066,0.029868152,-0.05353279,0.942284,0.02999694,-0.0029386132955551147,0.2675458788871765,-0.015257330611348152
