frame,Ankle.R_x,Ankle.R_y,Ankle.R_z,Knee.R_x,Knee.R_y,Knee.R_z,Hip.R_x,Hip.R_y,Hip.R_z,Hip.L_x,Hip.L_y,Hip.L_z,Knee.L_x,Knee.L_y,Knee.L_z,Ankle.L_x,Ankle.L_y,Ankle.L_z,Wrist.R_x,Wrist.R_y,Wrist.R_z,Elbow.R_x,Elbow.R_y,Elbow.R_z,Shoulder.R_x,Shoulder.R_y,Shoulder.R_z,Shoulder.L_x,Shoulder.L_y,Shoulder.L_z,Elbow.L_x,Elbow.L_y,Elbow.L_z,Wrist.L_x,Wrist.L_y,Wrist.L_z,Neck_x,Neck_y,Neck_z,Head_x,Head_y,Head_z,Nose_x,Nose_y,Nose_z,Eye.L_x,Eye.L_y,Eye.L_z,Eye.R_x,Eye.R_y,Eye.R_z,Ear.L_x,Ear.L_y,Ear.L_z,Ear.R_x,Ear.R_y,Ear.R_z,hip.Center_x,hip.Center_y,hip.Center_z
0,0.15164272,-0.63589543,-0.05785024,0.0858283,-0.17652495,0.019192861,-0.021897558,0.25871918,0.105393566,0.02597667,0.280969,-0.14446747,-0.05290898,-0.16320471,-0.14382187,-0.24435943,-0.59525836,-0.20076615,0.055910416,0.19071165,0.26869628,-0.08320102,0.42934802,0.2419104,-0.07592887,0.71124446,0.15324107,-0.0072868504,0.71882355,-0.15040375,0.0574963,0.44226736,-0.23380867,0.25193778,0.25487602,-0.19088972,-0.03444201,0.7919862,0.006881006,-0.05655272,1.0125448,0.03359886,0.051583957,0.9316844,0.11457873,0.041495677,0.9761584,0.069635294,-0.0066103144,0.95826703,0.113791995,0.012974279,0.96001196,-0.031233255,-0.093625486,0.92283154,0.0682935,0.0020395563915371895,0.26984408497810364,-0.019536953419446945
