frame,Ankle.R_x,Ankle.R_y,Ankle.R_z,Knee.R_x,Knee.R_y,Knee.R_z,Hip.R_x,Hip.R_y,Hip.R_z,Hip.L_x,Hip.L_y,Hip.L_z,Knee.L_x,Knee.L_y,Knee.L_z,Ankle.L_x,Ankle.L_y,Ankle.L_z,Wrist.R_x,Wrist.R_y,Wrist.R_z,Elbow.R_x,Elbow.R_y,Elbow.R_z,Shoulder.R_x,Shoulder.R_y,Shoulder.R_z,Shoulder.L_x,Shoulder.L_y,Shoulder.L_z,Elbow.L_x,Elbow.L_y,Elbow.L_z,Wrist.L_x,Wrist.L_y,Wrist.L_z,Neck_x,Neck_y,Neck_z,Head_x,Head_y,Head_z,Nose_x,Nose_y,Nose_z,Eye.L_x,Eye.L_y,Eye.L_z,Eye.R_x,Eye.R_y,Eye.R_z,Ear.L_x,Ear.L_y,Ear.L_z,Ear.R_x,Ear.R_y,Ear.R_z,hip.Center_x,hip.Center_y,hip.Center_z
0,-0.24514005,-0.57403994,-0.2148511,-0.079395376,-0.17315549,-0.037363373,-0.06271461,0.26419482,0.0935527,0.059328824,0.28494513,-0.12848216,0.17512198,-0.13839985,-0.09689101,0.21060875,-0.59829533,-0.17997433,0.03405114,0.2397664,0.34402204,-0.0794999,0.4819814,0.28011215,-0.022857314,0.7352177,0.14627841,0.026768768,0.74247736,-0.15055566,-0.085776344,0.53810155,-0.3249567,-0.03207932,0.31143364,-0.46165556,0.030984499,0.80167127,0.002546925,0.037639763,1.0155604,0.010307364,0.14137547,0.93641496,0.10093091,0.13355893,0.9765447,0.051145524,0.08406338,0.96641004,0.096148655,0.10416156,0.95183176,-0.04834774,-0.006772943,0.93164945,0.054964464,-0.0016928911209106445,0.2745699882507324,-0.017464730888605118
