frame,Ankle.R_x,Ankle.R_y,Ankle.R_z,Knee.R_x,Knee.R_y,Knee.R_z,Hip.R_x,Hip.R_y,Hip.R_z,Hip.L_x,Hip.L_y,Hip.L_z,Knee.L_x,Knee.L_y,Knee.L_z,Ankle.L_x,Ankle.L_y,Ankle.L_z,Wrist.R_x,Wrist.R_y,Wrist.R_z,Elbow.R_x,Elbow.R_y,Elbow.R_z,Shoulder.R_x,Shoulder.R_y,Shoulder.R_z,Shoulder.L_x,Shoulder.L_y,Shoulder.L_z,Elbow.L_x,Elbow.L_y,Elbow.L_z,Wrist.L_x,Wrist.L_y,Wrist.L_z,Neck_x,Neck_y,Neck_z,Head_x,Head_y,Head_z,Nose_x,Nose_y,Nose_z,Eye.L_x,Eye.L_y,Eye.L_z,Eye.R_x,Eye.R_y,Eye.R_z,Ear.L_x,Ear.L_y,Ear.L_z,Ear.R_x,Ear.R_y,Ear.R_z,hip.Center_x,hip.Center_y,hip.Center_z
0,-0.07494243,-0.49670953,-0.28739488,-0.10351987,-0.13959368,-0.034026712,-0.12681577,0.29894713,-0.016355667,0.11664943,0.29278147,-0.0076783723,0.07657052,-0.13706951,-0.035812635,0.060848475,-0.52276474,-0.24886736,-0.23535623,0.71028054,0.16590942,-0.28873402,0.55423874,-0.018787047,-0.14586115,0.7903837,0.018400779,0.15802892,0.7727657,0.016429663,0.2192322,0.5154488,-0.07113114,0.19051206,0.5022318,0.17338873,0.010331917,0.8495515,0.04611664,0.016142417,1.0744227,0.070150815,-0.022828802,0.98725665,0.19970053,0.02177398,1.0250156,0.17060393,-0.042939626,1.0243769,0.14974394,0.09239001,0.99811137,0.093290366,-0.054834668,0.9985051,0.04477302,-0.005083169788122177,0.2958642840385437,-0.012017020024359226
