frame,Ankle.R_x,Ankle.R_y,Ankle.R_z,Knee.R_x,Knee.R_y,Knee.R_z,Hip.R_x,Hip.R_y,Hip.R_z,Hip.L_x,Hip.L_y,Hip.L_z,Knee.L_x,Knee.L_y,Knee.L_z,Ankle.L_x,Ankle.L_y,Ankle.L_z,Wrist.R_x,Wrist.R_y,Wrist.R_z,Elbow.R_x,Elbow.R_y,Elbow.R_z,Shoulder.R_x,Shoulder.R_y,Shoulder.R_z,Shoulder.L_x,Shoulder.L_y,Shoulder.L_z,Elbow.L_x,Elbow.L_y,Elbow.L_z,Wrist.L_x,Wrist.L_y,Wrist.L_z,Neck_x,Neck_y,Neck_z,Head_x,Head_y,Head_z,Nose_x,Nose_y,Nose_z,Eye.L_x,Eye.L_y,Eye.L_z,Eye.R_x,Eye.R_y,Eye.R_z,Ear.L_x,Ear.L_y,Ear.L_z,Ear.R_x,Ear.R_y,Ear.R_z,hip.Center_x,hip.Center_y,hip.Center_z
0,-0.066245936,-0.53065807,-0.295857,-0.09054798,-0.14903937,-0.054831453,-0.12738478,0.2975701,-0.015739506,0.11879752,0.286154,-0.0072102216,0.06629647,-0.1475305,-0.066470765,0.033668775,-0.5319344,-0.30507594,-0.23898432,0.26360604,0.052301668,-0.23091008,0.49769342,-0.07214801,-0.1480907,0.76843494,-0.019265246,0.16718186,0.7658164,0.005308423,0.25397432,0.50872743,0.08796877,0.14497408,0.7042569,0.20947716,0.011405211,0.8428574,0.010866933,0.006712229,1.0729624,0.039828792,-0.018805794,0.97460115,0.1639802,0.02108557,1.0177581,0.13515142,-0.044151805,1.013533,0.11724359,0.08821132,1.0005169,0.053563118,-0.060042065,0.99389637,0.012148254,-0.004293631762266159,0.2918620705604553,-0.01147486362606287
