frame,Ankle.R_x,Ankle.R_y,Ankle.R_z,Knee.R_x,Knee.R_y,Knee.R_z,Hip.R_x,Hip.R_y,Hip.R_z,Hip.L_x,Hip.L_y,Hip.L_z,Knee.L_x,Knee.L_y,Knee.L_z,Ankle.L_x,Ankle.L_y,Ankle.L_z,Wrist.R_x,Wrist.R_y,Wrist.R_z,Elbow.R_x,Elbow.R_y,Elbow.R_z,Shoulder.R_x,Shoulder.R_y,Shoulder.R_z,Shoulder.L_x,Shoulder.L_y,Shoulder.L_z,Elbow.L_x,Elbow.L_y,Elbow.L_z,Wrist.L_x,Wrist.L_y,Wrist.L_z,Neck_x,Neck_y,Neck_z,Head_x,Head_y,Head_z,Nose_x,Nose_y,Nose_z,Eye.L_x,Eye.L_y,Eye.L_z,Eye.R_x,Eye.R_y,Eye.R_z,Ear.L_x,Ear.L_y,Ear.L_z,Ear.R_x,Ear.R_y,Ear.R_z,hip.Center_x,hip.Center_y,hip.Center_z
0,-0.045248147,-0.52930117,-0.27083156,-0.08455348,-0.15061575,-0.031061757,-0.12827124,0.29515678,-0.015349616,0.11766785,0.2927246,-0.011025534,0.08240487,-0.14562257,-0.04020104,0.052677564,-0.5277374,-0.28034863,-0.24653454,0.34499353,0.12561488,-0.2772606,0.5126341,-0.073615074,-0.16652381,0.7712726,-0.010477263,0.14772312,0.78505623,-0.008993774,0.30750296,0.5507686,-0.05643684,0.17834586,0.5805016,0.16115525,-0.008834198,0.8471223,0.017668655,-0.008097898,1.0735632,0.061548036,-0.028656498,0.96970093,0.1818904,0.010634594,1.0129983,0.1525228,-0.055733956,1.0117486,0.13887471,0.071919575,0.99802476,0.06593833,-0.079754494,0.9982023,0.034053702,-0.005301695317029953,0.2939406931400299,-0.013187575154006481
