frame,Ankle.R_x,Ankle.R_y,Ankle.R_z,Knee.R_x,Knee.R_y,Knee.R_z,Hip.R_x,Hip.R_y,Hip.R_z,Hip.L_x,Hip.L_y,Hip.L_z,Knee.L_x,Knee.L_y,Knee.L_z,Ankle.L_x,Ankle.L_y,Ankle.L_z,Wrist.R_x,Wrist.R_y,Wrist.R_z,Elbow.R_x,Elbow.R_y,Elbow.R_z,Shoulder.R_x,Shoulder.R_y,Shoulder.R_z,Shoulder.L_x,Shoulder.L_y,Shoulder.L_z,Elbow.L_x,Elbow.L_y,Elbow.L_z,Wrist.L_x,Wrist.L_y,Wrist.L_z,Neck_x,Neck_y,Neck_z,Head_x,Head_y,Head_z,Nose_x,Nose_y,Nose_z,Eye.L_x,Eye.L_y,Eye.L_z,Eye.R_x,Eye.R_y,Eye.R_z,Ear.L_x,Ear.L_y,Ear.L_z,Ear.R_x,Ear.R_y,Ear.R_z,hip.Center_x,hip.Center_y,hip.Center_z
0,-0.08189676,-0.6299074,-0.2770969,-0.08374958,-0.21130794,-0.015793389,-0.13280994,0.26032206,-0.012486571,0.127501,0.25352472,-0.02453008,0.07944085,-0.21215886,0.015760215,0.047580585,-0.61673963,-0.26778325,-0.232877,0.16458422,0.085801646,-0.23504558,0.4115703,-0.053463474,-0.1447804,0.696305,-0.02669639,0.16487752,0.6879349,-0.033889294,0.23104167,0.39624614,-0.052919924,0.1951473,0.18309018,0.12476588,0.01447291,0.76664704,-0.011607531,0.017423313,0.98515975,-0.00049388525,0.012901105,0.90148914,0.13288787,0.048203617,0.9392353,0.094768494,-0.01927767,0.9381281,0.09050793,0.09404736,0.911986,0.0057139583,-0.055274785,0.91042244,-0.0043974444,-0.0026544705033302307,0.2569233775138855,-0.01850832626223564
