frame,Ankle.R_x,Ankle.R_y,Ankle.R_z,Knee.R_x,Knee.R_y,Knee.R_z,Hip.R_x,Hip.R_y,Hip.R_z,Hip.L_x,Hip.L_y,Hip.L_z,Knee.L_x,Knee.L_y,Knee.L_z,Ankle.L_x,Ankle.L_y,Ankle.L_z,Wrist.R_x,Wrist.R_y,Wrist.R_z,Elbow.R_x,Elbow.R_y,Elbow.R_z,Shoulder.R_x,Shoulder.R_y,Shoulder.R_z,Shoulder.L_x,Shoulder.L_y,Shoulder.L_z,Elbow.L_x,Elbow.L_y,Elbow.L_z,Wrist.L_x,Wrist.L_y,Wrist.L_z,Neck_x,Neck_y,Neck_z,Head_x,Head_y,Head_z,Nose_x,Nose_y,Nose_z,Eye.L_x,Eye.L_y,Eye.L_z,Eye.R_x,Eye.R_y,Eye.R_z,Ear.L_x,Ear.L_y,Ear.L_z,Ear.R_x,Ear.R_y,Ear.R_z,hip.Center_x,hip.Center_y,hip.Center_z
0,-0.0037291185,-0.61349446,0.007491758,-0.004337834,-0.15575628,0.10069161,-0.12343073,0.2793642,0.022866752,0.11296947,0.28853,-0.06398894,0.09876941,-0.16069144,-0.012309123,0.027941784,-0.576432,-0.22104596,-0.19614671,0.31029004,0.17733508,-0.29401964,0.4646816,-0.020878568,-0.19092138,0.7391734,0.004529698,0.11378755,0.7609365,-0.08609651,0.21324031,0.500064,-0.173338,0.16005076,0.432756,0.07731989,-0.03390531,0.82176054,-0.01768418,-0.04010007,1.0448078,0.0034725107,-0.017609634,0.9570339,0.13453043,0.00841248,0.99785024,0.090959966,-0.058933113,0.991448,0.09717044,0.04455977,0.97535014,-0.006668344,-0.1092663,0.96298707,0.0069485456,-0.005230627954006195,0.2839471101760864,-0.02056109346449375
