frame,Ankle.R_x,Ankle.R_y,Ankle.R_z,Knee.R_x,Knee.R_y,Knee.R_z,Hip.R_x,Hip.R_y,Hip.R_z,Hip.L_x,Hip.L_y,Hip.L_z,Knee.L_x,Knee.L_y,Knee.L_z,Ankle.L_x,Ankle.L_y,Ankle.L_z,Wrist.R_x,Wrist.R_y,Wrist.R_z,Elbow.R_x,Elbow.R_y,Elbow.R_z,Shoulder.R_x,Shoulder.R_y,Shoulder.R_z,Shoulder.L_x,Shoulder.L_y,Shoulder.L_z,Elbow.L_x,Elbow.L_y,Elbow.L_z,Wrist.L_x,Wrist.L_y,Wrist.L_z,Neck_x,Neck_y,Neck_z,Head_x,Head_y,Head_z,Nose_x,Nose_y,Nose_z,Eye.L_x,Eye.L_y,Eye.L_z,Eye.R_x,Eye.R_y,Eye.R_z,Ear.L_x,Ear.L_y,Ear.L_z,Ear.R_x,Ear.R_y,Ear.R_z,hip.Center_x,hip.Center_y,hip.Center_z
0,-0.08175377,-0.57460624,-0.3146124,-0.09660365,-0.17892736,-0.05036391,-0.12927163,0.2820272,-0.013478611,0.12309382,0.27339068,-0.014125713,0.06860774,-0.1774477,-0.059854142,0.033262122,-0.58172464,-0.31176266,-0.23907259,0.20288849,0.042793777,-0.2324837,0.4555452,-0.065718316,-0.15433522,0.737355,-0.011577364,0.16133597,0.73872894,-0.004198837,0.23427394,0.47455665,0.090187624,0.12375338,0.6587981,0.24539891,0.006760299,0.8144992,0.0076859035,0.0097359,1.0411177,0.029746208,0.005028872,0.9476625,0.1588447,0.040131934,0.9885679,0.122008115,-0.027475629,0.98677635,0.11729227,0.08823539,0.9666661,0.030843422,-0.0635409,0.9649137,0.018936414,-0.0030889026820659637,0.2777089476585388,-0.013802161440253258
