frame,Ankle.R_x,Ankle.R_y,Ankle.R_z,Knee.R_x,Knee.R_y,Knee.R_z,Hip.R_x,Hip.R_y,Hip.R_z,Hip.L_x,Hip.L_y,Hip.L_z,Knee.L_x,Knee.L_y,Knee.L_z,Ankle.L_x,Ankle.L_y,Ankle.L_z,Wrist.R_x,Wrist.R_y,Wrist.R_z,Elbow.R_x,Elbow.R_y,Elbow.R_z,Shoulder.R_x,Shoulder.R_y,Shoulder.R_z,Shoulder.L_x,Shoulder.L_y,Shoulder.L_z,Elbow.L_x,Elbow.L_y,Elbow.L_z,Wrist.L_x,Wrist.L_y,Wrist.L_z,Neck_x,Neck_y,Neck_z,Head_x,Head_y,Head_z,Nose_x,Nose_y,Nose_z,Eye.L_x,Eye.L_y,Eye.L_z,Eye.R_x,Eye.R_y,Eye.R_z,Ear.L_x,Ear.L_y,Ear.L_z,Ear.R_x,Ear.R_y,Ear.R_z,hip.Center_x,hip.Center_y,hip.Center_z
0,-0.07744805,-0.5369267,-0.29238528,-0.08587271,-0.15625724,-0.039030183,-0.12725738,0.29439005,-0.0053807013,0.11954845,0.28795406,-0.021253724,0.07133535,-0.15434796,-0.044545762,0.025531076,-0.5333362,-0.299218,-0.24337973,0.24758567,0.06961009,-0.2403546,0.491034,-0.04284781,-0.1546,0.76607525,-0.007840432,0.16313581,0.76498663,-0.020393668,0.24637268,0.5100347,0.07136619,0.14628917,0.6999493,0.21459363,0.008921718,0.8422142,-0.00048202788,0.013546563,1.0718362,0.010076388,0.015033258,0.98643017,0.1460458,0.048220977,1.024891,0.10444634,-0.019555256,1.0223914,0.10265139,0.09361988,0.99700785,0.012003638,-0.060599007,0.99380356,0.006592024,-0.003854464739561081,0.291172057390213,-0.013317212462425232
