frame,Ankle.R_x,Ankle.R_y,Ankle.R_z,Knee.R_x,Knee.R_y,Knee.R_z,Hip.R_x,Hip.R_y,Hip.R_z,Hip.L_x,Hip.L_y,Hip.L_z,Knee.L_x,Knee.L_y,Knee.L_z,Ankle.L_x,Ankle.L_y,Ankle.L_z,Wrist.R_x,Wrist.R_y,Wrist.R_z,Elbow.R_x,Elbow.R_y,Elbow.R_z,Shoulder.R_x,Shoulder.R_y,Shoulder.R_z,Shoulder.L_x,Shoulder.L_y,Shoulder.L_z,Elbow.L_x,Elbow.L_y,Elbow.L_z,Wrist.L_x,Wrist.L_y,Wrist.L_z,Neck_x,Neck_y,Neck_z,Head_x,Head_y,Head_z,Nose_x,Nose_y,Nose_z,Eye.L_x,Eye.L_y,Eye.L_z,Eye.R_x,Eye.R_y,Eye.R_z,Ear.L_x,Ear.L_y,Ear.L_z,Ear.R_x,Ear.R_y,Ear.R_z,hip.Center_x,hip.Center_y,hip.Center_z
0,-0.19394048,-0.52501947,-0.098244645,0.056944627,-0.18516934,0.11445792,-0.09025389,0.26126194,0.07237172,0.082606375,0.2645594,-0.11958703,0.16725555,-0.16444254,0.015629347,0.075068384,-0.61845136,-0.11264644,-0.093625754,0.2124639,0.3010678,-0.18142137,0.44564387,0.17880964,-0.10447102,0.7121033,0.07780708,0.07039734,0.6938802,-0.17510986,0.080918424,0.41141737,-0.25297076,0.21754459,0.21452464,-0.12407,-0.0006223563,0.77547204,-0.041583687,-0.0030386145,0.99414,-0.03955892,0.067188084,0.9165088,0.07706736,0.0751556,0.95554787,0.027115382,0.014927022,0.9479046,0.05636587,0.07403154,0.9285524,-0.07413094,-0.05952114,0.9136174,-0.0075101443,-0.0038237571716308594,0.2629106640815735,-0.023607652634382248
