frame,Ankle.R_x,Ankle.R_y,Ankle.R_z,Knee.R_x,Knee.R_y,Knee.R_z,Hip.R_x,Hip.R_y,Hip.R_z,Hip.L_x,Hip.L_y,Hip.L_z,Knee.L_x,Knee.L_y,Knee.L_z,Ankle.L_x,Ankle.L_y,Ankle.L_z,Wrist.R_x,Wrist.R_y,Wrist.R_z,Elbow.R_x,Elbow.R_y,Elbow.R_z,Shoulder.R_x,Shoulder.R_y,Shoulder.R_z,Shoulder.L_x,Shoulder.L_y,Shoulder.L_z,Elbow.L_x,Elbow.L_y,Elbow.L_z,Wrist.L_x,Wrist.L_y,Wrist.L_z,Neck_x,Neck_y,Neck_z,Head_x,Head_y,Head_z,Nose_x,Nose_y,Nose_z,Eye.L_x,Eye.L_y,Eye.L_z,Eye.R_x,Eye.R_y,Eye.R_z,Ear.L_x,Ear.L_y,Ear.L_z,Ear.R_x,Ear.R_y,Ear.R_z,hip.Center_x,hip.Center_y,hip.Center_z
0,0.1861057,-0.55839074,-0.031483285,0.14166799,-0.12267123,0.02468735,-0.0032493516,0.28497866,0.104347765,-0.0014624014,0.29021478,-0.14152712,-0.026411604,-0.14028683,-0.112909734,-0.18881826,-0.5563885,-0.109979585,0.1569706,0.36017174,0.25773457,-0.041385047,0.5314542,0.27237996,-0.045204066,0.7714225,0.12383154,-0.011835128,0.74958414,-0.18507071,0.013129681,0.49068505,-0.29891813,0.22019796,0.38146636,-0.19271992,-0.015144534,0.8283931,-0.031549722,-0.026200632,1.0463815,-0.032340206,0.086516835,0.97583413,0.054262057,0.07359741,1.0133307,0.00368087,0.027574427,1.0018088,0.051952757,0.040453166,0.9838052,-0.094660334,-0.06329243,0.9608302,0.016765773,-0.0023558763787150383,0.2875967025756836,-0.018589675426483154
