frame,Ankle.R_x,Ankle.R_y,Ankle.R_z,Knee.R_x,Knee.R_y,Knee.R_z,Hip.R_x,Hip.R_y,Hip.R_z,Hip.L_x,Hip.L_y,Hip.L_z,Knee.L_x,Knee.L_y,Knee.L_z,Ankle.L_x,Ankle.L_y,Ankle.L_z,Wrist.R_x,Wrist.R_y,Wrist.R_z,Elbow.R_x,Elbow.R_y,Elbow.R_z,Shoulder.R_x,Shoulder.R_y,Shoulder.R_z,Shoulder.L_x,Shoulder.L_y,Shoulder.L_z,Elbow.L_x,Elbow.L_y,Elbow.L_z,Wrist.L_x,Wrist.L_y,Wrist.L_z,Neck_x,Neck_y,Neck_z,Head_x,Head_y,Head_z,Nose_x,Nose_y,Nose_z,Eye.L_x,Eye.L_y,Eye.L_z,Eye.R_x,Eye.R_y,Eye.R_z,Ear.L_x,Ear.L_y,Ear.L_z,Ear.R_x,Ear.R_y,Ear.R_z,hip.Center_x,hip.Center_y,hip.Center_z
0,0.18412876,-0.5591809,-0.026755402,0.14241864,-0.122852445,0.027542392,-0.0041723363,0.28472257,0.10439013,-0.00066205533,0.29012838,-0.14153802,-0.026888331,-0.14040191,-0.11512169,-0.19200751,-0.5555041,-0.11415655,0.16084152,0.36796516,0.25585043,-0.042900022,0.53254706,0.2712523,-0.047608424,0.77180105,0.12236071,-0.010863685,0.74933976,-0.18558344,0.01258464,0.49065584,-0.299891,0.21685499,0.38071105,-0.18918301,-0.01579119,0.82811356,-0.032497957,-0.026798302,1.045779,-0.034464765,0.08433718,0.97570384,0.05453551,0.07234867,1.01297,0.0035692155,0.025430152,1.0016328,0.051025063,0.041057047,0.9829831,-0.09525746,-0.0646964,0.960444,0.014311843,-0.0024171958211809397,0.2874254584312439,-0.018573947250843048
