frame,Ankle.R_x,Ankle.R_y,Ankle.R_z,Knee.R_x,Knee.R_y,Knee.R_z,Hip.R_x,Hip.R_y,Hip.R_z,Hip.L_x,Hip.L_y,Hip.L_z,Knee.L_x,Knee.L_y,Knee.L_z,Ankle.L_x,Ankle.L_y,Ankle.L_z,Wrist.R_x,Wrist.R_y,Wrist.R_z,Elbow.R_x,Elbow.R_y,Elbow.R_z,Shoulder.R_x,Shoulder.R_y,Shoulder.R_z,Shoulder.L_x,Shoulder.L_y,Shoulder.L_z,Elbow.L_x,Elbow.L_y,Elbow.L_z,Wrist.L_x,Wrist.L_y,Wrist.L_z,Neck_x,Neck_y,Neck_z,Head_x,Head_y,Head_z,Nose_x,Nose_y,Nose_z,Eye.L_x,Eye.L_y,Eye.L_z,Eye.R_x,Eye.R_y,Eye.R_z,Ear.L_x,Ear.L_y,Ear.L_z,Ear.R_x,Ear.R_y,Ear.R_z,hip.Center_x,hip.Center_y,hip.Center_z
0,-0.08698705,-0.61675817,-0.30528244,-0.088629425,-0.21057096,-0.0259355,-0.13202123,0.26097697,-0.009976025,0.12734774,0.25558254,-0.023752522,0.08060605,-0.21081366,-0.021251988,0.044105746,-0.60969406,-0.311862,-0.23265235,0.18224372,0.09673101,-0.23807646,0.41292298,-0.06328368,-0.14962016,0.69781077,-0.019332087,0.1608626,0.6949439,-0.025321603,0.23729211,0.405783,-0.026103236,0.16462936,0.32960972,0.22748192,0.009084934,0.7711229,-0.003031874,0.01071579,0.9910256,0.017777232,0.009023593,0.89969134,0.14640874,0.043372493,0.9399246,0.109805234,-0.024169702,0.93856966,0.10674445,0.087718055,0.91789025,0.01858757,-0.061713036,0.9162071,0.010962255,-0.002336747944355011,0.2582797408103943,-0.016864273697137833
