frame,Ankle.R_x,Ankle.R_y,Ankle.R_z,Knee.R_x,Knee.R_y,Knee.R_z,Hip.R_x,Hip.R_y,Hip.R_z,Hip.L_x,Hip.L_y,Hip.L_z,Knee.L_x,Knee.L_y,Knee.L_z,Ankle.L_x,Ankle.L_y,Ankle.L_z,Wrist.R_x,Wrist.R_y,Wrist.R_z,Elbow.R_x,Elbow.R_y,Elbow.R_z,Shoulder.R_x,Shoulder.R_y,Shoulder.R_z,Shoulder.L_x,Shoulder.L_y,Shoulder.L_z,Elbow.L_x,Elbow.L_y,Elbow.L_z,Wrist.L_x,Wrist.L_y,Wrist.L_z,Neck_x,Neck_y,Neck_z,Head_x,Head_y,Head_z,Nose_x,Nose_y,Nose_z,Eye.L_x,Eye.L_y,Eye.L_z,Eye.R_x,Eye.R_y,Eye.R_z,Ear.L_x,Ear.L_y,Ear.L_z,Ear.R_x,Ear.R_y,Ear.R_z,hip.Center_x,hip.Center_y,hip.Center_z
0,-0.07933216,-0.52990186,-0.30478552,-0.088706896,-0.14897235,-0.061965194,-0.12759176,0.29346094,-0.000997246,0.11956788,0.2881019,-0.020362612,0.06408593,-0.1469237,-0.075710855,0.018594693,-0.53089684,-0.3122899,-0.19450507,0.6305003,0.19121857,-0.29585126,0.5412641,-0.025250532,-0.14727831,0.78141,0.017020147,0.16096196,0.7674872,-0.008995001,0.23187922,0.50622797,-0.10638568,0.18711269,0.36256057,0.10044209,0.014085954,0.8456615,0.029239783,0.025736343,1.0711277,0.034504473,0.025111053,0.9959968,0.17685172,0.060140837,1.02899,0.132326,-0.008022184,1.0307605,0.1326083,0.1022221,0.9927945,0.040566742,-0.05235727,0.99759066,0.03857783,-0.004011940211057663,0.2907814383506775,-0.010679928585886955
