frame,Ankle.R_x,Ankle.R_y,Ankle.R_z,Knee.R_x,Knee.R_y,Knee.R_z,Hip.R_x,Hip.R_y,Hip.R_z,Hip.L_x,Hip.L_y,Hip.L_z,Knee.L_x,Knee.L_y,Knee.L_z,Ankle.L_x,Ankle.L_y,Ankle.L_z,Wrist.R_x,Wrist.R_y,Wrist.R_z,Elbow.R_x,Elbow.R_y,Elbow.R_z,Shoulder.R_x,Shoulder.R_y,Shoulder.R_z,Shoulder.L_x,Shoulder.L_y,Shoulder.L_z,Elbow.L_x,Elbow.L_y,Elbow.L_z,Wrist.L_x,Wrist.L_y,Wrist.L_z,Neck_x,Neck_y,Neck_z,Head_x,Head_y,Head_z,Nose_x,Nose_y,Nose_z,Eye.L_x,Eye.L_y,Eye.L_z,Eye.R_x,Eye.R_y,Eye.R_z,Ear.L_x,Ear.L_y,Ear.L_z,Ear.R_x,Ear.R_y,Ear.R_z,hip.Center_x,hip.Center_y,hip.Center_z
0,-0.03133202,-0.65183395,-0.16495363,-0.07112327,-0.20740885,0.03399481,-0.13421215,0.25569916,-0.018253483,0.12723269,0.2574797,-0.032394804,0.11640979,-0.1412709,0.21354103,0.068752944,-0.44982696,-0.14914091,-0.15579541,0.22596256,0.21552001,-0.24112003,0.394664,0.008937355,-0.161865,0.6801461,-0.011100128,0.14382419,0.68516463,-0.048380464,0.21712263,0.40071243,-0.098336846,0.23321132,0.15928298,0.03777577,-0.0069340654,0.7566858,-0.012364828,-0.018734379,0.97477144,-0.0017505629,-0.015002314,0.8908296,0.12984073,0.016699687,0.9311406,0.09236558,-0.05026503,0.9246955,0.08851806,0.06343722,0.90838087,0.003492117,-0.084787086,0.89515036,-0.0055676326,-0.0034897327423095703,0.256589412689209,-0.02532414346933365
