frame,Ankle.R_x,Ankle.R_y,Ankle.R_z,Knee.R_x,Knee.R_y,Knee.R_z,Hip.R_x,Hip.R_y,Hip.R_z,Hip.L_x,Hip.L_y,Hip.L_z,Knee.L_x,Knee.L_y,Knee.L_z,Ankle.L_x,Ankle.L_y,Ankle.L_z,Wrist.R_x,Wrist.R_y,Wrist.R_z,Elbow.R_x,Elbow.R_y,Elbow.R_z,Shoulder.R_x,Shoulder.R_y,Shoulder.R_z,Shoulder.L_x,Shoulder.L_y,Shoulder.L_z,Elbow.L_x,Elbow.L_y,Elbow.L_z,Wrist.L_x,Wrist.L_y,Wrist.L_z,Neck_x,Neck_y,Neck_z,Head_x,Head_y,Head_z,Nose_x,Nose_y,Nose_z,Eye.L_x,Eye.L_y,Eye.L_z,Eye.R_x,Eye.R_y,Eye.R_z,Ear.L_x,Ear.L_y,Ear.L_z,Ear.R_x,Ear.R_y,Ear.R_z,hip.Center_x,hip.Center_y,hip.Center_z
0,-0.06855985,-0.46819243,-0.3789921,-0.08774988,-0.21935134,0.030945519,-0.1332835,0.2533618,-0.019735547,0.12718432,0.25429508,-0.023253303,0.08576776,-0.19322003,0.09312666,0.0544097,-0.62509614,-0.13221511,-0.27898005,0.18834442,0.11377571,-0.2679196,0.42143264,-0.040299952,-0.14752412,0.69190454,-0.008427864,0.15881322,0.68170345,-0.021840075,0.2394068,0.39739835,-0.053778026,0.22278094,0.20151931,0.13929433,0.010155758,0.7583118,0.004490382,0.007969365,0.97522104,0.016060835,0.0044955034,0.89148414,0.14819714,0.038901843,0.9305825,0.11122965,-0.02815392,0.92736405,0.10618538,0.08610196,0.90507936,0.023385942,-0.061850324,0.8994487,0.011614198,-0.003049589693546295,0.2538284361362457,-0.02149442583322525
