frame,Ankle.R_x,Ankle.R_y,Ankle.R_z,Knee.R_x,Knee.R_y,Knee.R_z,Hip.R_x,Hip.R_y,Hip.R_z,Hip.L_x,Hip.L_y,Hip.L_z,Knee.L_x,Knee.L_y,Knee.L_z,Ankle.L_x,Ankle.L_y,Ankle.L_z,Wrist.R_x,Wrist.R_y,Wrist.R_z,Elbow.R_x,Elbow.R_y,Elbow.R_z,Shoulder.R_x,Shoulder.R_y,Shoulder.R_z,Shoulder.L_x,Shoulder.L_y,Shoulder.L_z,Elbow.L_x,Elbow.L_y,Elbow.L_z,Wrist.L_x,Wrist.L_y,Wrist.L_z,Neck_x,Neck_y,Neck_z,Head_x,Head_y,Head_z,Nose_x,Nose_y,Nose_z,Eye.L_x,Eye.L_y,Eye.L_z,Eye.R_x,Eye.R_y,Eye.R_z,Ear.L_x,Ear.L_y,Ear.L_z,Ear.R_x,Ear.R_y,Ear.R_z,hip.Center_x,hip.Center_y,hip.Center_z
0,-0.08635675,-0.6241394,-0.30436736,-0.083825335,-0.21013393,-0.0347355,-0.13096905,0.26016557,-0.0024896946,0.12685667,0.2574483,-0.029592324,0.08233734,-0.20945102,-0.03330991,0.038388655,-0.61592543,-0.3140024,-0.24025075,0.16513637,0.08499771,-0.2414942,0.412565,-0.049980767,-0.1537796,0.6987627,-0.009531869,0.15495321,0.6989605,-0.040362485,0.23435628,0.41082692,-0.05106172,0.19694252,0.3348418,0.21031584,0.005662583,0.7738886,-0.005253762,0.01143318,0.99432945,0.015275057,0.025549656,0.9028362,0.14327729,0.055262476,0.9426534,0.102130696,-0.0121045,0.9422992,0.108249694,0.0864787,0.92004263,0.005917046,-0.06266133,0.92051244,0.018288106,-0.0020561888813972473,0.2588069438934326,-0.01604100875556469
