frame,Ankle.R_x,Ankle.R_y,Ankle.R_z,Knee.R_x,Knee.R_y,Knee.R_z,Hip.R_x,Hip.R_y,Hip.R_z,Hip.L_x,Hip.L_y,Hip.L_z,Knee.L_x,Knee.L_y,Knee.L_z,Ankle.L_x,Ankle.L_y,Ankle.L_z,Wrist.R_x,Wrist.R_y,Wrist.R_z,Elbow.R_x,Elbow.R_y,Elbow.R_z,Shoulder.R_x,Shoulder.R_y,Shoulder.R_z,Shoulder.L_x,Shoulder.L_y,Shoulder.L_z,Elbow.L_x,Elbow.L_y,Elbow.L_z,Wrist.L_x,Wrist.L_y,Wrist.L_z,Neck_x,Neck_y,Neck_z,Head_x,Head_y,Head_z,Nose_x,Nose_y,Nose_z,Eye.L_x,Eye.L_y,Eye.L_z,Eye.R_x,Eye.R_y,Eye.R_z,Ear.L_x,Ear.L_y,Ear.L_z,Ear.R_x,Ear.R_y,Ear.R_z,hip.Center_x,hip.Center_y,hip.Center_z
0,-0.08236498,-0.5775776,-0.31985587,-0.10161485,-0.17842364,-0.06093786,-0.12937582,0.28106773,-0.024874693,0.12151665,0.27126065,-0.0006616503,0.07508727,-0.17763233,-0.06520116,0.06563927,-0.5845004,-0.31593046,-0.24179272,0.23726244,0.0423901,-0.23476128,0.45345935,-0.12460244,-0.1607685,0.7275836,-0.031434923,0.14970057,0.7444448,0.010736449,0.27278656,0.47581002,-0.0066248807,0.13822217,0.48199058,0.22211757,-0.008947745,0.8103658,0.015240315,-0.020650819,1.0352545,0.048237137,-0.025010966,0.93722284,0.17364317,0.009387371,0.98073447,0.13943258,-0.057927433,0.97649264,0.13291764,0.06047792,0.9640713,0.04931938,-0.09056293,0.9568903,0.032902688,-0.003929581493139267,0.276164174079895,-0.012768171727657318
