frame,Ankle.R_x,Ankle.R_y,Ankle.R_z,Knee.R_x,Knee.R_y,Knee.R_z,Hip.R_x,Hip.R_y,Hip.R_z,Hip.L_x,Hip.L_y,Hip.L_z,Knee.L_x,Knee.L_y,Knee.L_z,Ankle.L_x,Ankle.L_y,Ankle.L_z,Wrist.R_x,Wrist.R_y,Wrist.R_z,Elbow.R_x,Elbow.R_y,Elbow.R_z,Shoulder.R_x,Shoulder.R_y,Shoulder.R_z,Shoulder.L_x,Shoulder.L_y,Shoulder.L_z,Elbow.L_x,Elbow.L_y,Elbow.L_z,Wrist.L_x,Wrist.L_y,Wrist.L_z,Neck_x,Neck_y,Neck_z,Head_x,Head_y,Head_z,Nose_x,Nose_y,Nose_z,Eye.L_x,Eye.L_y,Eye.L_z,Eye.R_x,Eye.R_y,Eye.R_z,Ear.L_x,Ear.L_y,Ear.L_z,Ear.R_x,Ear.R_y,Ear.R_z,hip.Center_x,hip.Center_y,hip.Center_z
0,-0.061946925,-0.49739546,-0.33046287,-0.080877006,-0.14076233,-0.070310265,-0.12747702,0.2952121,-0.013511568,0.11645202,0.29016796,-0.007113063,0.06309994,-0.13902815,-0.072283335,0.034152567,-0.49908626,-0.32923496,-0.26623756,0.8539658,0.17673634,-0.319418,0.61568975,0.12507603,-0.15238725,0.7939201,0.0041257814,0.1448953,0.7823943,0.021638393,0.21962471,0.5213791,-0.04414245,0.19223782,0.27613187,0.026285827,-0.006605899,0.8526428,0.029956935,-0.016048325,1.0761697,0.04114521,-0.06692895,0.99502397,0.16877715,-0.020261984,1.0326257,0.14350285,-0.082137704,1.0283554,0.11502868,0.060505603,1.0051218,0.07631896,-0.080054656,0.99568415,0.01130701,-0.005512498319149017,0.2926900386810303,-0.010312315076589584
