frame,Ankle.R_x,Ankle.R_y,Ankle.R_z,Knee.R_x,Knee.R_y,Knee.R_z,Hip.R_x,Hip.R_y,Hip.R_z,Hip.L_x,Hip.L_y,Hip.L_z,Knee.L_x,Knee.L_y,Knee.L_z,Ankle.L_x,Ankle.L_y,Ankle.L_z,Wrist.R_x,Wrist.R_y,Wrist.R_z,Elbow.R_x,Elbow.R_y,Elbow.R_z,Shoulder.R_x,Shoulder.R_y,Shoulder.R_z,Shoulder.L_x,Shoulder.L_y,Shoulder.L_z,Elbow.L_x,Elbow.L_y,Elbow.L_z,Wrist.L_x,Wrist.L_y,Wrist.L_z,Neck_x,Neck_y,Neck_z,Head_x,Head_y,Head_z,Nose_x,Nose_y,Nose_z,Eye.L_x,Eye.L_y,Eye.L_z,Eye.R_x,Eye.R_y,Eye.R_z,Ear.L_x,Ear.L_y,Ear.L_z,Ear.R_x,Ear.R_y,Ear.R_z,hip.Center_x,hip.Center_y,hip.Center_z
0,-0.2906765,-0.5900705,-0.26465636,-0.113592476,-0.18358105,-0.060749825,-0.084193364,0.2585637,0.08052931,0.08354664,0.27889955,-0.11457944,0.16963033,-0.16488719,-0.08255868,0.21602015,-0.64412796,-0.16087319,0.04285007,0.20111291,0.29813537,-0.107732765,0.43366855,0.23290843,-0.08908367,0.71428376,0.13230543,0.045229502,0.7195826,-0.14677025,0.03983096,0.44318482,-0.26191628,0.13015552,0.17808534,-0.28089416,-0.0055986624,0.79109436,0.0012583742,-0.008884806,1.0124868,0.01759955,0.092786804,0.930818,0.107628495,0.08584413,0.97199476,0.058232106,0.03594313,0.9620609,0.10323177,0.056341346,0.9488003,-0.040628176,-0.05509965,0.92857563,0.06068259,-0.00032336264848709106,0.26873162388801575,-0.017025064677000046
