frame,Ankle.R_x,Ankle.R_y,Ankle.R_z,Knee.R_x,Knee.R_y,Knee.R_z,Hip.R_x,Hip.R_y,Hip.R_z,Hip.L_x,Hip.L_y,Hip.L_z,Knee.L_x,Knee.L_y,Knee.L_z,Ankle.L_x,Ankle.L_y,Ankle.L_z,Wrist.R_x,Wrist.R_y,Wrist.R_z,Elbow.R_x,Elbow.R_y,Elbow.R_z,Shoulder.R_x,Shoulder.R_y,Shoulder.R_z,Shoulder.L_x,Shoulder.L_y,Shoulder.L_z,Elbow.L_x,Elbow.L_y,Elbow.L_z,Wrist.L_x,Wrist.L_y,Wrist.L_z,Neck_x,Neck_y,Neck_z,Head_x,Head_y,Head_z,Nose_x,Nose_y,Nose_z,Eye.L_x,Eye.L_y,Eye.L_z,Eye.R_x,Eye.R_y,Eye.R_z,Ear.L_x,Ear.L_y,Ear.L_z,Ear.R_x,Ear.R_y,Ear.R_z,hip.Center_x,hip.Center_y,hip.Center_z
0,-0.08176732,-0.5280536,-0.26450402,-0.0841357,-0.14245246,-0.046852976,-0.12489875,0.2951247,0.008622336,0.11756344,0.2903541,-0.027318623,0.06055203,-0.13940151,-0.07832451,0.0061053857,-0.52873194,-0.28512213,-0.17759544,0.7689679,0.20839716,-0.2852749,0.57215583,0.09663055,-0.13639286,0.79365593,0.017124139,0.16241665,0.77303344,-0.031816646,0.22067867,0.5124853,-0.123226784,0.16807914,0.36181983,0.07297915,0.020480048,0.8520445,0.010805522,0.034570448,1.0795131,0.020668875,0.035728168,0.99795496,0.15890785,0.07036409,1.032243,0.11536067,0.0022538332,1.0349768,0.11723439,0.10997606,1.0001366,0.020323839,-0.0444263,1.0069015,0.022533834,-0.0036676526069641113,0.2927393913269043,-0.009348142892122269
