frame,Ankle.R_x,Ankle.R_y,Ankle.R_z,Knee.R_x,Knee.R_y,Knee.R_z,Hip.R_x,Hip.R_y,Hip.R_z,Hip.L_x,Hip.L_y,Hip.L_z,Knee.L_x,Knee.L_y,Knee.L_z,Ankle.L_x,Ankle.L_y,Ankle.L_z,Wrist.R_x,Wrist.R_y,Wrist.R_z,Elbow.R_x,Elbow.R_y,Elbow.R_z,Shoulder.R_x,Shoulder.R_y,Shoulder.R_z,Shoulder.L_x,Shoulder.L_y,Shoulder.L_z,Elbow.L_x,Elbow.L_y,Elbow.L_z,Wrist.L_x,Wrist.L_y,Wrist.L_z,Neck_x,Neck_y,Neck_z,Head_x,Head_y,Head_z,Nose_x,Nose_y,Nose_z,Eye.L_x,Eye.L_y,Eye.L_z,Eye.R_x,Eye.R_y,Eye.R_z,Ear.L_x,Ear.L_y,Ear.L_z,Ear.R_x,Ear.R_y,Ear.R_z,hip.Center_x,hip.Center_y,hip.Center_z
0,-0.07106846,-0.514344,-0.29311457,-0.08198582,-0.14045066,-0.0636512,-0.12607154,0.29164875,-0.0025386973,0.11681626,0.28977934,-0.014881722,0.06421354,-0.13638283,-0.08077681,0.023742974,-0.5131448,-0.30459103,-0.22045535,0.80459696,0.1817913,-0.29516846,0.57592857,0.12100807,-0.15584266,0.78369,0.011848842,0.14173487,0.78001064,-0.0024834238,0.21951495,0.52689755,-0.0891636,0.17590672,0.33473292,0.066961065,-0.007747234,0.8479938,0.022982657,-0.014125018,1.073829,0.041437607,-0.039562847,0.98626894,0.17251027,0.0014385013,1.0250888,0.14039831,-0.06480131,1.0224092,0.12505503,0.066045105,1.0010201,0.05739297,-0.083825245,0.99561214,0.0215636,-0.004627641290426254,0.2907140254974365,-0.008710209280252457
