frame,Ankle.R_x,Ankle.R_y,Ankle.R_z,Knee.R_x,Knee.R_y,Knee.R_z,Hip.R_x,Hip.R_y,Hip.R_z,Hip.L_x,Hip.L_y,Hip.L_z,Knee.L_x,Knee.L_y,Knee.L_z,Ankle.L_x,Ankle.L_y,Ankle.L_z,Wrist.R_x,Wrist.R_y,Wrist.R_z,Elbow.R_x,Elbow.R_y,Elbow.R_z,Shoulder.R_x,Shoulder.R_y,Shoulder.R_z,Shoulder.L_x,Shoulder.L_y,Shoulder.L_z,Elbow.L_x,Elbow.L_y,Elbow.L_z,Wrist.L_x,Wrist.L_y,Wrist.L_z,Neck_x,Neck_y,Neck_z,Head_x,Head_y,Head_z,Nose_x,Nose_y,Nose_z,Eye.L_x,Eye.L_y,Eye.L_z,Eye.R_x,Eye.R_y,Eye.R_z,Ear.L_x,Ear.L_y,Ear.L_z,Ear.R_x,Ear.R_y,Ear.R_z,hip.Center_x,hip.Center_y,hip.Center_z
0,-0.12613682,-0.48388162,-0.041104406,0.11514073,-0.14312728,0.14529307,-0.08752002,0.26580942,0.07483825,0.076651484,0.2763102,-0.120034225,0.122415416,-0.16437595,-0.052886162,0.008809478,-0.58887434,-0.21375543,-0.11893775,0.23981036,0.2622082,-0.22650217,0.46583647,0.16130492,-0.11385842,0.72512776,0.08950958,0.08644011,0.71445096,-0.14982834,0.12443716,0.4397689,-0.22995676,0.2170441,0.35575426,0.0022573574,0.0014505349,0.7909038,-0.019422773,-0.002461919,1.008567,-0.015354077,0.057611674,0.93129575,0.10779908,0.069551885,0.97051895,0.058679037,0.0069742315,0.9616873,0.08209184,0.07926457,0.94357383,-0.042967837,-0.060768053,0.9264655,0.011092175,-0.005434267222881317,0.2710598111152649,-0.022597987204790115
