frame,Ankle.R_x,Ankle.R_y,Ankle.R_z,Knee.R_x,Knee.R_y,Knee.R_z,Hip.R_x,Hip.R_y,Hip.R_z,Hip.L_x,Hip.L_y,Hip.L_z,Knee.L_x,Knee.L_y,Knee.L_z,Ankle.L_x,Ankle.L_y,Ankle.L_z,Wrist.R_x,Wrist.R_y,Wrist.R_z,Elbow.R_x,Elbow.R_y,Elbow.R_z,Shoulder.R_x,Shoulder.R_y,Shoulder.R_z,Shoulder.L_x,Shoulder.L_y,Shoulder.L_z,Elbow.L_x,Elbow.L_y,Elbow.L_z,Wrist.L_x,Wrist.L_y,Wrist.L_z,Neck_x,Neck_y,Neck_z,Head_x,Head_y,Head_z,Nose_x,Nose_y,Nose_z,Eye.L_x,Eye.L_y,Eye.L_z,Eye.R_x,Eye.R_y,Eye.R_z,Ear.L_x,Ear.L_y,Ear.L_z,Ear.R_x,Ear.R_y,Ear.R_z,hip.Center_x,hip.Center_y,hip.Center_z
0,-0.028395174,-0.5773347,-0.09355681,0.04957298,-0.1592414,0.03997492,-0.058872662,0.26710403,0.09551928,0.030162767,0.29700693,-0.14017375,0.363786,0.09444443,-0.020552615,0.12824064,-0.25151777,-0.114874296,1.4988822e-05,0.29867467,0.41391185,-0.07096374,0.54044646,0.33583987,0.021226386,0.7402031,0.14594768,0.046157636,0.7578738,-0.15056972,-0.015809562,0.7526136,-0.4238835,0.22669633,0.77542746,-0.5084317,0.06315944,0.79694647,-0.0035203854,0.07863235,1.0057137,-0.018903807,0.18916368,0.9317398,0.06626198,0.17664981,0.9670409,0.014919274,0.13249671,0.9627056,0.065426454,0.13657503,0.9353892,-0.07823096,0.03585067,0.92778087,0.038634103,-0.014354947954416275,0.28205549716949463,-0.022327233105897903
