frame,Ankle.R_x,Ankle.R_y,Ankle.R_z,Knee.R_x,Knee.R_y,Knee.R_z,Hip.R_x,Hip.R_y,Hip.R_z,Hip.L_x,Hip.L_y,Hip.L_z,Knee.L_x,Knee.L_y,Knee.L_z,Ankle.L_x,Ankle.L_y,Ankle.L_z,Wrist.R_x,Wrist.R_y,Wrist.R_z,Elbow.R_x,Elbow.R_y,Elbow.R_z,Shoulder.R_x,Shoulder.R_y,Shoulder.R_z,Shoulder.L_x,Shoulder.L_y,Shoulder.L_z,Elbow.L_x,Elbow.L_y,Elbow.L_z,Wrist.L_x,Wrist.L_y,Wrist.L_z,Neck_x,Neck_y,Neck_z,Head_x,Head_y,Head_z,Nose_x,Nose_y,Nose_z,Eye.L_x,Eye.L_y,Eye.L_z,Eye.R_x,Eye.R_y,Eye.R_z,Ear.L_x,Ear.L_y,Ear.L_z,Ear.R_x,Ear.R_y,Ear.R_z,hip.Center_x,hip.Center_y,hip.Center_z
0,-0.072090805,-0.53762794,-0.2899378,-0.07325503,-0.21133877,0.066943385,-0.13281646,0.25513577,-0.011266443,0.12728898,0.2542673,-0.035991516,0.096648075,-0.19053063,0.112424836,0.030292027,-0.5721358,-0.1840265,-0.2632529,0.1460722,0.097399086,-0.2553042,0.39938328,-0.026251506,-0.15809278,0.6816106,-0.011510583,0.14941749,0.68628085,-0.042547848,0.22989297,0.40222418,-0.07945041,0.2340692,0.17570753,0.08165028,-0.0018281527,0.757568,-0.007827764,-0.00869765,0.9760797,0.006918573,-0.005259336,0.88919187,0.13677233,0.026870724,0.9296583,0.09924653,-0.040243,0.9253162,0.09672645,0.07111627,0.90730727,0.0090129785,-0.077398784,0.89871204,0.0028339773,-0.0027637407183647156,0.25470155477523804,-0.023628979921340942
