frame,Ankle.R_x,Ankle.R_y,Ankle.R_z,Knee.R_x,Knee.R_y,Knee.R_z,Hip.R_x,Hip.R_y,Hip.R_z,Hip.L_x,Hip.L_y,Hip.L_z,Knee.L_x,Knee.L_y,Knee.L_z,Ankle.L_x,Ankle.L_y,Ankle.L_z,Wrist.R_x,Wrist.R_y,Wrist.R_z,Elbow.R_x,Elbow.R_y,Elbow.R_z,Shoulder.R_x,Shoulder.R_y,Shoulder.R_z,Shoulder.L_x,Shoulder.L_y,Shoulder.L_z,Elbow.L_x,Elbow.L_y,Elbow.L_z,Wrist.L_x,Wrist.L_y,Wrist.L_z,Neck_x,Neck_y,Neck_z,Head_x,Head_y,Head_z,Nose_x,Nose_y,Nose_z,Eye.L_x,Eye.L_y,Eye.L_z,Eye.R_x,Eye.R_y,Eye.R_z,Ear.L_x,Ear.L_y,Ear.L_z,Ear.R_x,Ear.R_y,Ear.R_z,hip.Center_x,hip.Center_y,hip.Center_z
0,-0.017989073,-0.62991273,-0.27193215,-0.06530293,-0.21101287,-0.018480161,-0.13402101,0.25881436,-0.015536341,0.1268021,0.25434756,-0.028398708,0.107013196,-0.18165955,0.14579812,0.05112925,-0.5317225,-0.18950479,-0.19330862,0.25256583,0.18623246,-0.24376196,0.41297257,-0.037475914,-0.14264841,0.69277906,-0.01810965,0.16523367,0.6791449,-0.028424261,0.22241312,0.38834205,-0.07817183,0.21286562,0.13705306,0.043614984,0.01635475,0.7604228,-0.003700444,0.01256321,0.977766,-0.0017372811,0.006152764,0.90222335,0.13553378,0.04130289,0.93919575,0.09709619,-0.025684018,0.9347198,0.090083815,0.09214936,0.9088141,0.012333698,-0.056032427,0.90013754,-0.0041450644,-0.0036094561219215393,0.2565809488296509,-0.02196752466261387
