frame,Ankle.R_x,Ankle.R_y,Ankle.R_z,Knee.R_x,Knee.R_y,Knee.R_z,Hip.R_x,Hip.R_y,Hip.R_z,Hip.L_x,Hip.L_y,Hip.L_z,Knee.L_x,Knee.L_y,Knee.L_z,Ankle.L_x,Ankle.L_y,Ankle.L_z,Wrist.R_x,Wrist.R_y,Wrist.R_z,Elbow.R_x,Elbow.R_y,Elbow.R_z,Shoulder.R_x,Shoulder.R_y,Shoulder.R_z,Shoulder.L_x,Shoulder.L_y,Shoulder.L_z,Elbow.L_x,Elbow.L_y,Elbow.L_z,Wrist.L_x,Wrist.L_y,Wrist.L_z,Neck_x,Neck_y,Neck_z,Head_x,Head_y,Head_z,Nose_x,Nose_y,Nose_z,Eye.L_x,Eye.L_y,Eye.L_z,Eye.R_x,Eye.R_y,Eye.R_z,Ear.L_x,Ear.L_y,Ear.L_z,Ear.R_x,Ear.R_y,Ear.R_z,hip.Center_x,hip.Center_y,hip.Center_z
0,-0.08161643,-0.60083055,-0.3197976,-0.092402056,-0.19912437,-0.043161627,-0.13097842,0.26847684,-0.011439514,0.12576629,0.26248726,-0.018633608,0.075042814,-0.1974872,-0.052312702,0.04149472,-0.60882854,-0.316295,-0.23943557,0.1826185,0.07410668,-0.23755598,0.425791,-0.063400954,-0.15231547,0.7110621,-0.013794545,0.16073534,0.7100429,-0.018237794,0.24114698,0.42506814,0.012344857,0.15493129,0.44505,0.26884165,0.007784784,0.787263,0.002176731,0.010587519,1.010948,0.024802761,0.011181776,0.91761947,0.15267971,0.044893783,0.9583695,0.115352415,-0.022777019,0.95713866,0.11374989,0.08771172,0.937066,0.022679724,-0.062766284,0.93603164,0.017955631,-0.0026060640811920166,0.2654820680618286,-0.015036560595035553
