frame,Ankle.R_x,Ankle.R_y,Ankle.R_z,Knee.R_x,Knee.R_y,Knee.R_z,Hip.R_x,Hip.R_y,Hip.R_z,Hip.L_x,Hip.L_y,Hip.L_z,Knee.L_x,Knee.L_y,Knee.L_z,Ankle.L_x,Ankle.L_y,Ankle.L_z,Wrist.R_x,Wrist.R_y,Wrist.R_z,Elbow.R_x,Elbow.R_y,Elbow.R_z,Shoulder.R_x,Shoulder.R_y,Shoulder.R_z,Shoulder.L_x,Shoulder.L_y,Shoulder.L_z,Elbow.L_x,Elbow.L_y,Elbow.L_z,Wrist.L_x,Wrist.L_y,Wrist.L_z,Neck_x,Neck_y,Neck_z,Head_x,Head_y,Head_z,Nose_x,Nose_y,Nose_z,Eye.L_x,Eye.L_y,Eye.L_z,Eye.R_x,Eye.R_y,Eye.R_z,Ear.L_x,Ear.L_y,Ear.L_z,Ear.R_x,Ear.R_y,Ear.R_z,hip.Center_x,hip.Center_y,hip.Center_z
0,-0.07770652,-0.5319004,-0.27188176,-0.08148143,-0.14640109,-0.04603497,-0.1256355,0.29407474,0.0068540527,0.11793956,0.29031205,-0.027456583,0.063088685,-0.14329892,-0.07243801,0.0111392755,-0.53228307,-0.28907442,-0.20330802,0.7617417,0.20914833,-0.29737052,0.5678426,0.07833624,-0.14041734,0.7918573,0.01256984,0.16111359,0.7704953,-0.031014625,0.22001103,0.50380754,-0.10843442,0.18105997,0.34663162,0.088685066,0.017932877,0.85071975,0.008970413,0.03189032,1.0773584,0.015532221,0.030325217,0.999029,0.15556428,0.06579879,1.0324619,0.11191653,-0.0023885146,1.0350211,0.11219736,0.107599765,0.9982615,0.01860728,-0.04703952,1.004494,0.017315311,-0.003847971558570862,0.2921934127807617,-0.010301265865564346
