frame,Ankle.R_x,Ankle.R_y,Ankle.R_z,Knee.R_x,Knee.R_y,Knee.R_z,Hip.R_x,Hip.R_y,Hip.R_z,Hip.L_x,Hip.L_y,Hip.L_z,Knee.L_x,Knee.L_y,Knee.L_z,Ankle.L_x,Ankle.L_y,Ankle.L_z,Wrist.R_x,Wrist.R_y,Wrist.R_z,Elbow.R_x,Elbow.R_y,Elbow.R_z,Shoulder.R_x,Shoulder.R_y,Shoulder.R_z,Shoulder.L_x,Shoulder.L_y,Shoulder.L_z,Elbow.L_x,Elbow.L_y,Elbow.L_z,Wrist.L_x,Wrist.L_y,Wrist.L_z,Neck_x,Neck_y,Neck_z,Head_x,Head_y,Head_z,Nose_x,Nose_y,Nose_z,Eye.L_x,Eye.L_y,Eye.L_z,Eye.R_x,Eye.R_y,Eye.R_z,Ear.L_x,Ear.L_y,Ear.L_z,Ear.R_x,Ear.R_y,Ear.R_z,hip.Center_x,hip.Center_y,hip.Center_z
0,-0.0067827487,-0.59464836,-0.08497503,-0.01994993,-0.15638644,0.04819292,-0.12313177,0.28442007,0.02063173,0.11316142,0.2950915,-0.05326761,0.0866301,-0.14980087,-0.042657137,0.018674113,-0.5684306,-0.2239045,-0.18559198,0.33913448,0.19708693,-0.278345,0.47453508,-0.012304139,-0.19214067,0.75132644,-0.002012235,0.1123008,0.7722983,-0.08540793,0.21392655,0.5118739,-0.16077843,0.16603047,0.4684747,0.09172536,-0.035881333,0.8351163,-0.021127427,-0.038131017,1.0616184,0.009447075,-0.024893817,0.96609056,0.13692483,0.0044719875,1.008578,0.09683289,-0.06330404,1.0034401,0.09898302,0.045612067,0.9905292,-0.00046539307,-0.109260485,0.98115885,0.0040726364,-0.004985172301530838,0.28975579142570496,-0.01631793938577175
