frame,Ankle.R_x,Ankle.R_y,Ankle.R_z,Knee.R_x,Knee.R_y,Knee.R_z,Hip.R_x,Hip.R_y,Hip.R_z,Hip.L_x,Hip.L_y,Hip.L_z,Knee.L_x,Knee.L_y,Knee.L_z,Ankle.L_x,Ankle.L_y,Ankle.L_z,Wrist.R_x,Wrist.R_y,Wrist.R_z,Elbow.R_x,Elbow.R_y,Elbow.R_z,Shoulder.R_x,Shoulder.R_y,Shoulder.R_z,Shoulder.L_x,Shoulder.L_y,Shoulder.L_z,Elbow.L_x,Elbow.L_y,Elbow.L_z,Wrist.L_x,Wrist.L_y,Wrist.L_z,Neck_x,Neck_y,Neck_z,Head_x,Head_y,Head_z,Nose_x,Nose_y,Nose_z,Eye.L_x,Eye.L_y,Eye.L_z,Eye.R_x,Eye.R_y,Eye.R_z,Ear.L_x,Ear.L_y,Ear.L_z,Ear.R_x,Ear.R_y,Ear.R_z,hip.Center_x,hip.Center_y,hip.Center_z
0,-0.034630165,-0.6276271,-0.30975947,-0.06307875,-0.2079202,-0.052823573,-0.13347226,0.25876266,-0.007729118,0.12587702,0.25821263,-0.028720753,0.10027549,-0.203837,0.051360264,0.056929957,-0.58145726,-0.26206312,-0.1965673,0.33973807,0.21045378,-0.26489276,0.4347855,-0.040269874,-0.14563297,0.7051156,-0.0003024079,0.15976448,0.6900492,-0.02471187,0.21360937,0.40752247,-0.11402984,0.2257352,0.14949462,-0.011509612,0.013383871,0.76867443,0.013912696,0.012016717,0.98558563,0.042674873,0.001998702,0.89317596,0.16947865,0.03839825,0.93418276,0.13661559,-0.028588286,0.931417,0.12774809,0.09129439,0.9143058,0.049175475,-0.057170756,0.90936863,0.028956294,-0.0037976205348968506,0.25848764181137085,-0.018224935978651047
