frame,Ankle.R_x,Ankle.R_y,Ankle.R_z,Knee.R_x,Knee.R_y,Knee.R_z,Hip.R_x,Hip.R_y,Hip.R_z,Hip.L_x,Hip.L_y,Hip.L_z,Knee.L_x,Knee.L_y,Knee.L_z,Ankle.L_x,Ankle.L_y,Ankle.L_z,Wrist.R_x,Wrist.R_y,Wrist.R_z,Elbow.R_x,Elbow.R_y,Elbow.R_z,Shoulder.R_x,Shoulder.R_y,Shoulder.R_z,Shoulder.L_x,Shoulder.L_y,Shoulder.L_z,Elbow.L_x,Elbow.L_y,Elbow.L_z,Wrist.L_x,Wrist.L_y,Wrist.L_z,Neck_x,Neck_y,Neck_z,Head_x,Head_y,Head_z,Nose_x,Nose_y,Nose_z,Eye.L_x,Eye.L_y,Eye.L_z,Eye.R_x,Eye.R_y,Eye.R_z,Ear.L_x,Ear.L_y,Ear.L_z,Ear.R_x,Ear.R_y,Ear.R_z,hip.Center_x,hip.Center_y,hip.Center_z
0,-0.07924647,-0.5232982,-0.27778196,-0.08406597,-0.14230968,-0.05059439,-0.12530255,0.29592663,0.0070012263,0.11769226,0.2906688,-0.025851151,0.060266584,-0.13941075,-0.079580955,0.0064211246,-0.5246969,-0.29568613,-0.18526976,0.77286726,0.2084561,-0.28687423,0.57459325,0.09299708,-0.13504493,0.7959137,0.01682486,0.16506435,0.77248627,-0.02738554,0.22022265,0.50893295,-0.11266486,0.17373967,0.3588972,0.08602743,0.022748386,0.8533723,0.012965906,0.037857972,1.0810223,0.0226651,0.033916153,0.99992716,0.16117471,0.07017543,1.03399,0.11868281,0.0020117932,1.0369141,0.11809774,0.113154635,1.0013736,0.02514194,-0.04145287,1.0085484,0.021891166,-0.0038051456212997437,0.2932977080345154,-0.009424962103366852
