frame,Ankle.R_x,Ankle.R_y,Ankle.R_z,Knee.R_x,Knee.R_y,Knee.R_z,Hip.R_x,Hip.R_y,Hip.R_z,Hip.L_x,Hip.L_y,Hip.L_z,Knee.L_x,Knee.L_y,Knee.L_z,Ankle.L_x,Ankle.L_y,Ankle.L_z,Wrist.R_x,Wrist.R_y,Wrist.R_z,Elbow.R_x,Elbow.R_y,Elbow.R_z,Shoulder.R_x,Shoulder.R_y,Shoulder.R_z,Shoulder.L_x,Shoulder.L_y,Shoulder.L_z,Elbow.L_x,Elbow.L_y,Elbow.L_z,Wrist.L_x,Wrist.L_y,Wrist.L_z,Neck_x,Neck_y,Neck_z,Head_x,Head_y,Head_z,Nose_x,Nose_y,Nose_z,Eye.L_x,Eye.L_y,Eye.L_z,Eye.R_x,Eye.R_y,Eye.R_z,Ear.L_x,Ear.L_y,Ear.L_z,Ear.R_x,Ear.R_y,Ear.R_z,hip.Center_x,hip.Center_y,hip.Center_z
0,-0.005815786,-0.49610516,0.07075143,0.1082584,-0.08231605,0.22638193,-0.106466964,0.2797882,0.054771863,0.08769125,0.28078142,-0.11129892,0.16530436,-0.15381339,-0.000734019,-0.09095208,-0.44393462,-0.25056922,-0.17194216,0.35210568,0.1665724,-0.3238333,0.52363473,0.030578295,-0.1427936,0.7505495,0.043419104,0.14048554,0.7258178,-0.10675444,0.1983031,0.44593757,-0.15516472,0.13339211,0.4460742,0.10077614,0.012591034,0.80782896,-0.0171785,0.0029733605,1.0189904,-0.039936587,0.057319045,0.9677494,0.10026558,0.07126028,0.99687284,0.044616595,0.0073202364,0.9915227,0.06623206,0.08819784,0.95067513,-0.049404606,-0.057489734,0.94067836,-0.00096200034,-0.009387858211994171,0.2802848219871521,-0.028263527899980545
