frame,Ankle.R_x,Ankle.R_y,Ankle.R_z,Knee.R_x,Knee.R_y,Knee.R_z,Hip.R_x,Hip.R_y,Hip.R_z,Hip.L_x,Hip.L_y,Hip.L_z,Knee.L_x,Knee.L_y,Knee.L_z,Ankle.L_x,Ankle.L_y,Ankle.L_z,Wrist.R_x,Wrist.R_y,Wrist.R_z,Elbow.R_x,Elbow.R_y,Elbow.R_z,Shoulder.R_x,Shoulder.R_y,Shoulder.R_z,Shoulder.L_x,Shoulder.L_y,Shoulder.L_z,Elbow.L_x,Elbow.L_y,Elbow.L_z,Wrist.L_x,Wrist.L_y,Wrist.L_z,Neck_x,Neck_y,Neck_z,Head_x,Head_y,Head_z,Nose_x,Nose_y,Nose_z,Eye.L_x,Eye.L_y,Eye.L_z,Eye.R_x,Eye.R_y,Eye.R_z,Ear.L_x,Ear.L_y,Ear.L_z,Ear.R_x,Ear.R_y,Ear.R_z,hip.Center_x,hip.Center_y,hip.Center_z
0,-0.060434826,-0.5037877,-0.32360914,-0.07848295,-0.14119057,-0.07127958,-0.1272743,0.29467347,-0.012942785,0.11625407,0.28803825,-0.0062572197,0.06262574,-0.14064324,-0.07331661,0.031598967,-0.5030087,-0.3273647,-0.24372755,0.81039375,0.17221609,-0.3119906,0.58713245,0.082899734,-0.14910644,0.78877956,-0.0025594076,0.14804052,0.7759945,0.023765609,0.21475215,0.51218987,-0.0442434,0.185425,0.26421386,0.01530407,-0.0033317916,0.84864736,0.029145036,-0.020078553,1.0725032,0.04084492,-0.06541357,0.9889706,0.16897511,-0.020741362,1.0284398,0.14312203,-0.08286674,1.0219654,0.11585867,0.059322722,1.0043188,0.074502796,-0.0813403,0.99005866,0.012184946,-0.0055101178586483,0.29135584831237793,-0.009600002318620682
