frame,Ankle.R_x,Ankle.R_y,Ankle.R_z,Knee.R_x,Knee.R_y,Knee.R_z,Hip.R_x,Hip.R_y,Hip.R_z,Hip.L_x,Hip.L_y,Hip.L_z,Knee.L_x,Knee.L_y,Knee.L_z,Ankle.L_x,Ankle.L_y,Ankle.L_z,Wrist.R_x,Wrist.R_y,Wrist.R_z,Elbow.R_x,Elbow.R_y,Elbow.R_z,Shoulder.R_x,Shoulder.R_y,Shoulder.R_z,Shoulder.L_x,Shoulder.L_y,Shoulder.L_z,Elbow.L_x,Elbow.L_y,Elbow.L_z,Wrist.L_x,Wrist.L_y,Wrist.L_z,Neck_x,Neck_y,Neck_z,Head_x,Head_y,Head_z,Nose_x,Nose_y,Nose_z,Eye.L_x,Eye.L_y,Eye.L_z,Eye.R_x,Eye.R_y,Eye.R_z,Ear.L_x,Ear.L_y,Ear.L_z,Ear.R_x,Ear.R_y,Ear.R_z,hip.Center_x,hip.Center_y,hip.Center_z
0,0.18989846,-0.5569549,-0.02254585,0.146345,-0.12058577,0.02888925,-0.0044822316,0.28541836,0.10431011,-0.0011913729,0.29026735,-0.14142232,-0.023409413,-0.14032795,-0.116658635,-0.18889791,-0.5552921,-0.11549272,0.1628697,0.37539256,0.2657612,-0.048168197,0.53087574,0.27347803,-0.049896352,0.76989126,0.12295139,-0.004699629,0.7478839,-0.18522458,0.03000034,0.48704398,-0.29393476,0.2319197,0.3745182,-0.18024704,-0.014527861,0.82734954,-0.031631667,-0.023996567,1.046289,-0.03011134,0.08676553,0.97365665,0.05692012,0.07487954,1.0117335,0.0065935403,0.028227258,1.0003308,0.05425787,0.04251328,0.9835719,-0.092356674,-0.06275851,0.9607018,0.017715476,-0.002836802275851369,0.28784286975860596,-0.018556103110313416
