frame,Ankle.R_x,Ankle.R_y,Ankle.R_z,Knee.R_x,Knee.R_y,Knee.R_z,Hip.R_x,Hip.R_y,Hip.R_z,Hip.L_x,Hip.L_y,Hip.L_z,Knee.L_x,Knee.L_y,Knee.L_z,Ankle.L_x,Ankle.L_y,Ankle.L_z,Wrist.R_x,Wrist.R_y,Wrist.R_z,Elbow.R_x,Elbow.R_y,Elbow.R_z,Shoulder.R_x,Shoulder.R_y,Shoulder.R_z,Shoulder.L_x,Shoulder.L_y,Shoulder.L_z,Elbow.L_x,Elbow.L_y,Elbow.L_z,Wrist.L_x,Wrist.L_y,Wrist.L_z,Neck_x,Neck_y,Neck_z,Head_x,Head_y,Head_z,Nose_x,Nose_y,Nose_z,Eye.L_x,Eye.L_y,Eye.L_z,Eye.R_x,Eye.R_y,Eye.R_z,Ear.L_x,Ear.L_y,Ear.L_z,Ear.R_x,Ear.R_y,Ear.R_z,hip.Center_x,hip.Center_y,hip.Center_z
0,0.19175246,-0.5535203,-0.023935772,0.1486183,-0.11820067,0.025162078,-0.00053623563,0.28699154,0.1041815,-0.0052112103,0.2905949,-0.14130402,-0.024859698,-0.13919315,-0.11346147,-0.18593366,-0.55421156,-0.10475778,0.15902105,0.39043394,0.26412404,-0.053839885,0.5409801,0.27247334,-0.04550413,0.7762544,0.1199425,-0.011002421,0.752523,-0.18754902,0.0044054585,0.49539867,-0.30517548,0.21473648,0.38927874,-0.20463753,-0.013013572,0.8310429,-0.034610327,-0.024005719,1.0478835,-0.035072546,0.089507,0.9782423,0.051516928,0.0762126,1.0156031,0.0009178445,0.030308403,1.0036662,0.049233958,0.043297995,0.9858509,-0.09761972,-0.060304783,0.9618473,0.014123678,-0.002873722929507494,0.2887932062149048,-0.018561258912086487
