frame,Ankle.R_x,Ankle.R_y,Ankle.R_z,Knee.R_x,Knee.R_y,Knee.R_z,Hip.R_x,Hip.R_y,Hip.R_z,Hip.L_x,Hip.L_y,Hip.L_z,Knee.L_x,Knee.L_y,Knee.L_z,Ankle.L_x,Ankle.L_y,Ankle.L_z,Wrist.R_x,Wrist.R_y,Wrist.R_z,Elbow.R_x,Elbow.R_y,Elbow.R_z,Shoulder.R_x,Shoulder.R_y,Shoulder.R_z,Shoulder.L_x,Shoulder.L_y,Shoulder.L_z,Elbow.L_x,Elbow.L_y,Elbow.L_z,Wrist.L_x,Wrist.L_y,Wrist.L_z,Neck_x,Neck_y,Neck_z,Head_x,Head_y,Head_z,Nose_x,Nose_y,Nose_z,Eye.L_x,Eye.L_y,Eye.L_z,Eye.R_x,Eye.R_y,Eye.R_z,Ear.L_x,Ear.L_y,Ear.L_z,Ear.R_x,Ear.R_y,Ear.R_z,hip.Center_x,hip.Center_y,hip.Center_z
0,-0.06618489,-0.560722,-0.33107173,-0.085094705,-0.17880654,-0.053071167,-0.13045059,0.27947208,-0.017069705,0.121924676,0.27289382,-0.010372697,0.06383588,-0.17864583,-0.042994186,0.035166364,-0.56873524,-0.31209913,-0.2708948,0.42969134,0.19908917,-0.26473302,0.47891206,-0.06347811,-0.15181474,0.74223673,-0.005623782,0.15685236,0.7335722,0.006797706,0.22747184,0.45640233,-0.06564633,0.21704495,0.23877549,0.09079651,0.0053566117,0.8115299,0.027768083,0.0077071134,1.0353731,0.04965158,-0.016939567,0.94848824,0.18022008,0.024155835,0.9866101,0.14759162,-0.042360462,0.98605335,0.13364081,0.08436518,0.9602821,0.064780176,-0.064840354,0.9602015,0.032301083,-0.004262957721948624,0.27618294954299927,-0.013721201568841934
