frame,Ankle.R_x,Ankle.R_y,Ankle.R_z,Knee.R_x,Knee.R_y,Knee.R_z,Hip.R_x,Hip.R_y,Hip.R_z,Hip.L_x,Hip.L_y,Hip.L_z,Knee.L_x,Knee.L_y,Knee.L_z,Ankle.L_x,Ankle.L_y,Ankle.L_z,Wrist.R_x,Wrist.R_y,Wrist.R_z,Elbow.R_x,Elbow.R_y,Elbow.R_z,Shoulder.R_x,Shoulder.R_y,Shoulder.R_z,Shoulder.L_x,Shoulder.L_y,Shoulder.L_z,Elbow.L_x,Elbow.L_y,Elbow.L_z,Wrist.L_x,Wrist.L_y,Wrist.L_z,Neck_x,Neck_y,Neck_z,Head_x,Head_y,Head_z,Nose_x,Nose_y,Nose_z,Eye.L_x,Eye.L_y,Eye.L_z,Eye.R_x,Eye.R_y,Eye.R_z,Ear.L_x,Ear.L_y,Ear.L_z,Ear.R_x,Ear.R_y,Ear.R_z,hip.Center_x,hip.Center_y,hip.Center_z
0,-0.17727047,-0.5200098,-0.1221767,-0.0940899,-0.16317356,0.13354045,-0.10038985,0.2648715,0.058951214,0.07936773,0.28174886,-0.107118405,0.34807974,-0.011266913,-0.0010556667,0.23020378,-0.41574225,-0.15005471,0.38582146,0.8070617,0.22522366,0.12844709,0.8402022,0.28767753,-0.034710027,0.76963794,0.07439843,0.0695326,0.6881321,-0.1683788,0.04629609,0.45011634,-0.31101885,0.12220426,0.2986156,-0.11976382,0.03381155,0.76872516,-0.033355735,0.13664928,0.9374367,0.06109156,0.1260472,0.79342115,0.1128805,0.16325954,0.8357436,0.08979502,0.10429196,0.85258543,0.11566354,0.17082879,0.8672765,-0.009498671,0.039159797,0.9033377,0.05103086,-0.010511063039302826,0.27331018447875977,-0.024083595722913742
