frame,Ankle.R_x,Ankle.R_y,Ankle.R_z,Knee.R_x,Knee.R_y,Knee.R_z,Hip.R_x,Hip.R_y,Hip.R_z,Hip.L_x,Hip.L_y,Hip.L_z,Knee.L_x,Knee.L_y,Knee.L_z,Ankle.L_x,Ankle.L_y,Ankle.L_z,Wrist.R_x,Wrist.R_y,Wrist.R_z,Elbow.R_x,Elbow.R_y,Elbow.R_z,Shoulder.R_x,Shoulder.R_y,Shoulder.R_z,Shoulder.L_x,Shoulder.L_y,Shoulder.L_z,Elbow.L_x,Elbow.L_y,Elbow.L_z,Wrist.L_x,Wrist.L_y,Wrist.L_z,Neck_x,Neck_y,Neck_z,Head_x,Head_y,Head_z,Nose_x,Nose_y,Nose_z,Eye.L_x,Eye.L_y,Eye.L_z,Eye.R_x,Eye.R_y,Eye.R_z,Ear.L_x,Ear.L_y,Ear.L_z,Ear.R_x,Ear.R_y,Ear.R_z,hip.Center_x,hip.Center_y,hip.Center_z
0,-0.2987628,-0.5161663,-0.22494882,-0.23245117,-0.12376091,0.00028162892,-0.12919116,0.2874522,-0.032998905,0.11847625,0.29269883,-0.017189378,0.25896505,-0.09574331,0.055628475,0.3206026,-0.5047386,-0.1474073,-0.19729061,0.59907115,0.08624917,-0.23433277,0.5007446,-0.14993194,-0.17288074,0.74037045,-0.009583878,0.12615925,0.74362755,0.06175472,0.21413592,0.49800703,-0.057523638,0.12854898,0.26788723,0.03807939,-0.03033854,0.8053635,0.065323755,-0.052581344,1.0160497,0.12813066,-0.048383314,0.9048008,0.24122262,-0.01697015,0.9518627,0.21133322,-0.08422667,0.94638336,0.20696361,0.03213177,0.9494091,0.11853877,-0.12166753,0.93682504,0.10550208,-0.005357455462217331,0.29007551074028015,-0.02509414032101631
