frame,Ankle.R_x,Ankle.R_y,Ankle.R_z,Knee.R_x,Knee.R_y,Knee.R_z,Hip.R_x,Hip.R_y,Hip.R_z,Hip.L_x,Hip.L_y,Hip.L_z,Knee.L_x,Knee.L_y,Knee.L_z,Ankle.L_x,Ankle.L_y,Ankle.L_z,Wrist.R_x,Wrist.R_y,Wrist.R_z,Elbow.R_x,Elbow.R_y,Elbow.R_z,Shoulder.R_x,Shoulder.R_y,Shoulder.R_z,Shoulder.L_x,Shoulder.L_y,Shoulder.L_z,Elbow.L_x,Elbow.L_y,Elbow.L_z,Wrist.L_x,Wrist.L_y,Wrist.L_z,Neck_x,Neck_y,Neck_z,Head_x,Head_y,Head_z,Nose_x,Nose_y,Nose_z,Eye.L_x,Eye.L_y,Eye.L_z,Eye.R_x,Eye.R_y,Eye.R_z,Ear.L_x,Ear.L_y,Ear.L_z,Ear.R_x,Ear.R_y,Ear.R_z,hip.Center_x,hip.Center_y,hip.Center_z
0,-0.3570499,-0.48491123,-0.24005353,-0.23720163,-0.12030296,-0.0042602066,-0.1269319,0.28200805,-0.023872565,0.11572265,0.28818944,-0.0153990695,0.25129035,-0.10271966,0.0034200673,0.42175847,-0.4952448,-0.14986084,-0.123519555,0.28138462,0.20893309,-0.21583213,0.45510736,0.025666734,-0.18086301,0.72291774,-0.009799767,0.11382434,0.76742154,0.017050913,0.22022371,0.6182207,0.21943226,0.11400606,0.69132835,0.44955876,-0.03474212,0.8034672,0.015306108,-0.019632116,0.9963108,0.13085008,0.010734074,0.8527721,0.18587092,0.034155533,0.90774196,0.1661536,-0.03000328,0.9020384,0.18391031,0.045779303,0.9418465,0.06840514,-0.101896115,0.92958975,0.10726228,-0.005604628473520279,0.28509873151779175,-0.019635817036032677
