frame,Ankle.R_x,Ankle.R_y,Ankle.R_z,Knee.R_x,Knee.R_y,Knee.R_z,Hip.R_x,Hip.R_y,Hip.R_z,Hip.L_x,Hip.L_y,Hip.L_z,Knee.L_x,Knee.L_y,Knee.L_z,Ankle.L_x,Ankle.L_y,Ankle.L_z,Wrist.R_x,Wrist.R_y,Wrist.R_z,Elbow.R_x,Elbow.R_y,Elbow.R_z,Shoulder.R_x,Shoulder.R_y,Shoulder.R_z,Shoulder.L_x,Shoulder.L_y,Shoulder.L_z,Elbow.L_x,Elbow.L_y,Elbow.L_z,Wrist.L_x,Wrist.L_y,Wrist.L_z,Neck_x,Neck_y,Neck_z,Head_x,Head_y,Head_z,Nose_x,Nose_y,Nose_z,Eye.L_x,Eye.L_y,Eye.L_z,Eye.R_x,Eye.R_y,Eye.R_z,Ear.L_x,Ear.L_y,Ear.L_z,Ear.R_x,Ear.R_y,Ear.R_z,hip.Center_x,hip.Center_y,hip.Center_z
0,-0.27227277,-0.50941324,-0.20449243,-0.11055346,-0.16519547,0.042823873,-0.106238425,0.2830962,0.05468602,0.09328492,0.28207943,-0.100883625,0.27292985,-0.072160944,0.05049128,0.15160674,-0.47910923,-0.10196895,0.075420864,0.30689543,0.31948328,-0.08743085,0.5111075,0.25248748,-0.030106805,0.7511224,0.11072407,0.15936506,0.72697604,-0.12385337,0.17772508,0.49939138,-0.2937855,0.21025188,0.2945976,-0.13217501,0.08351901,0.79765534,0.0063406434,0.10045718,1.0090972,0.020457203,0.15196636,0.9225068,0.14338508,0.1679607,0.96228087,0.09617747,0.103810474,0.9569744,0.11669513,0.17958479,0.9391272,-0.0077979304,0.034298606,0.9294456,0.04119604,-0.006476752460002899,0.28258782625198364,-0.02309880219399929
