frame,Ankle.R_x,Ankle.R_y,Ankle.R_z,Knee.R_x,Knee.R_y,Knee.R_z,Hip.R_x,Hip.R_y,Hip.R_z,Hip.L_x,Hip.L_y,Hip.L_z,Knee.L_x,Knee.L_y,Knee.L_z,Ankle.L_x,Ankle.L_y,Ankle.L_z,Wrist.R_x,Wrist.R_y,Wrist.R_z,Elbow.R_x,Elbow.R_y,Elbow.R_z,Shoulder.R_x,Shoulder.R_y,Shoulder.R_z,Shoulder.L_x,Shoulder.L_y,Shoulder.L_z,Elbow.L_x,Elbow.L_y,Elbow.L_z,Wrist.L_x,Wrist.L_y,Wrist.L_z,Neck_x,Neck_y,Neck_z,Head_x,Head_y,Head_z,Nose_x,Nose_y,Nose_z,Eye.L_x,Eye.L_y,Eye.L_z,Eye.R_x,Eye.R_y,Eye.R_z,Ear.L_x,Ear.L_y,Ear.L_z,Ear.R_x,Ear.R_y,Ear.R_z,hip.Center_x,hip.Center_y,hip.Center_z
0,-0.2263547,-0.52912045,-0.060826164,-0.23758614,-0.09898021,0.039650396,-0.10544729,0.2681877,-0.09568918,0.097889364,0.2877874,0.048372425,0.1329647,-0.14187655,0.07382859,0.26237872,-0.51935995,-0.1319024,-0.18074353,0.35620266,-0.18056458,-0.1211314,0.5118266,-0.36962947,-0.19656304,0.68240535,-0.15742543,-0.023434248,0.7923815,0.045894768,0.13918474,0.90372247,0.23950444,-0.1101904,0.89813155,0.23348004,-0.14339152,0.7741178,-0.031676304,-0.24684516,0.95418733,0.05302602,-0.24885663,0.81462663,0.12647328,-0.22567603,0.8729025,0.12532476,-0.28159788,0.8573113,0.092740506,-0.15188791,0.9101302,0.06388153,-0.2780565,0.87784576,-0.013154894,-0.0037789642810821533,0.277987539768219,-0.023658376187086105
