frame,Ankle.R_x,Ankle.R_y,Ankle.R_z,Knee.R_x,Knee.R_y,Knee.R_z,Hip.R_x,Hip.R_y,Hip.R_z,Hip.L_x,Hip.L_y,Hip.L_z,Knee.L_x,Knee.L_y,Knee.L_z,Ankle.L_x,Ankle.L_y,Ankle.L_z,Wrist.R_x,Wrist.R_y,Wrist.R_z,Elbow.R_x,Elbow.R_y,Elbow.R_z,Shoulder.R_x,Shoulder.R_y,Shoulder.R_z,Shoulder.L_x,Shoulder.L_y,Shoulder.L_z,Elbow.L_x,Elbow.L_y,Elbow.L_z,Wrist.L_x,Wrist.L_y,Wrist.L_z,Neck_x,Neck_y,Neck_z,Head_x,Head_y,Head_z,Nose_x,Nose_y,Nose_z,Eye.L_x,Eye.L_y,Eye.L_z,Eye.R_x,Eye.R_y,Eye.R_z,Ear.L_x,Ear.L_y,Ear.L_z,Ear.R_x,Ear.R_y,Ear.R_z,hip.Center_x,hip.Center_y,hip.Center_z
0,-0.3471108,-0.47945714,-0.10694027,-0.10042316,-0.147788,0.054182112,-0.06548317,0.29242662,0.089180976,0.054601274,0.28769344,-0.12769233,0.26835275,-0.061596178,-0.04935711,0.12862405,-0.47168177,-0.128616,0.08595475,0.42905936,0.33130765,-0.036876645,0.6598176,0.29301035,0.011059952,0.8002573,0.048037738,0.08664011,0.7088951,-0.23463227,0.08684807,0.45967227,-0.37615633,0.25395212,0.32805222,-0.23042627,0.0753929,0.8092462,-0.1017713,0.12814732,1.0202401,-0.12893572,0.23671637,0.92348975,-0.063730076,0.21994159,0.95856667,-0.11461963,0.19043465,0.9682163,-0.054683134,0.15020981,0.9343455,-0.19078405,0.08281622,0.95763755,-0.05425546,-0.005440946668386459,0.29006004333496094,-0.01925567537546158
