frame,Ankle.R_x,Ankle.R_y,Ankle.R_z,Knee.R_x,Knee.R_y,Knee.R_z,Hip.R_x,Hip.R_y,Hip.R_z,Hip.L_x,Hip.L_y,Hip.L_z,Knee.L_x,Knee.L_y,Knee.L_z,Ankle.L_x,Ankle.L_y,Ankle.L_z,Wrist.R_x,Wrist.R_y,Wrist.R_z,Elbow.R_x,Elbow.R_y,Elbow.R_z,Shoulder.R_x,Shoulder.R_y,Shoulder.R_z,Shoulder.L_x,Shoulder.L_y,Shoulder.L_z,Elbow.L_x,Elbow.L_y,Elbow.L_z,Wrist.L_x,Wrist.L_y,Wrist.L_z,Neck_x,Neck_y,Neck_z,Head_x,Head_y,Head_z,Nose_x,Nose_y,Nose_z,Eye.L_x,Eye.L_y,Eye.L_z,Eye.R_x,Eye.R_y,Eye.R_z,Ear.L_x,Ear.L_y,Ear.L_z,Ear.R_x,Ear.R_y,Ear.R_z,hip.Center_x,hip.Center_y,hip.Center_z
0,0.043241058,-0.53350264,-0.14302976,-0.15081713,-0.14520948,-0.092139944,-0.043910366,0.27300578,-0.13668993,0.03953645,0.27491158,0.09509928,-0.118288584,-0.12830527,0.10882469,0.03584594,-0.5394772,0.06101699,-0.46075338,0.7239868,-0.17876966,-0.27944684,0.5919335,-0.2963245,-0.08758993,0.7323843,-0.16054387,0.028355397,0.7229842,0.10811864,0.04523398,0.46361694,0.20589885,-0.08291221,0.24269862,0.2386581,-0.04306389,0.7862365,-0.019948002,-0.08371495,0.9973822,-0.0065222406,-0.15429772,0.898558,0.09232053,-0.10799114,0.9396825,0.08503756,-0.16098431,0.9374094,0.04389301,-0.018859014,0.92721987,0.034424424,-0.13572685,0.92087007,-0.059610043,-0.002186957746744156,0.273958683013916,-0.020795326679944992
