frame,Ankle.R_x,Ankle.R_y,Ankle.R_z,Knee.R_x,Knee.R_y,Knee.R_z,Hip.R_x,Hip.R_y,Hip.R_z,Hip.L_x,Hip.L_y,Hip.L_z,Knee.L_x,Knee.L_y,Knee.L_z,Ankle.L_x,Ankle.L_y,Ankle.L_z,Wrist.R_x,Wrist.R_y,Wrist.R_z,Elbow.R_x,Elbow.R_y,Elbow.R_z,Shoulder.R_x,Shoulder.R_y,Shoulder.R_z,Shoulder.L_x,Shoulder.L_y,Shoulder.L_z,Elbow.L_x,Elbow.L_y,Elbow.L_z,Wrist.L_x,Wrist.L_y,Wrist.L_z,Neck_x,Neck_y,Neck_z,Head_x,Head_y,Head_z,Nose_x,Nose_y,Nose_z,Eye.L_x,Eye.L_y,Eye.L_z,Eye.R_x,Eye.R_y,Eye.R_z,Ear.L_x,Ear.L_y,Ear.L_z,Ear.R_x,Ear.R_y,Ear.R_z,hip.Center_x,hip.Center_y,hip.Center_z
0,-0.30909327,-0.45545718,-0.15257427,-0.29742876,-0.06388248,0.04366934,-0.111659944,0.2669403,-0.080759965,0.10397429,0.27852768,0.033585176,0.2376356,-0.11194644,0.046271395,0.4101171,-0.47757414,-0.14790466,-0.29397207,0.31503862,-0.05618246,-0.1880185,0.42089927,-0.26362813,-0.14354116,0.6750622,-0.15912502,0.017994782,0.78365684,0.039579973,-0.058660023,0.9314022,0.24968265,-0.31440118,0.93813294,0.20500429,-0.07428927,0.770239,-0.05064264,-0.13834967,0.9723328,0.0017091556,-0.2147756,0.846393,0.051301643,-0.17887625,0.89429826,0.0673541,-0.21363583,0.8943238,0.010387577,-0.07632073,0.9042974,0.051432997,-0.15450844,0.9054579,-0.07681942,-0.003842826932668686,0.27273398637771606,-0.023587394505739212
