frame,Ankle.R_x,Ankle.R_y,Ankle.R_z,Knee.R_x,Knee.R_y,Knee.R_z,Hip.R_x,Hip.R_y,Hip.R_z,Hip.L_x,Hip.L_y,Hip.L_z,Knee.L_x,Knee.L_y,Knee.L_z,Ankle.L_x,Ankle.L_y,Ankle.L_z,Wrist.R_x,Wrist.R_y,Wrist.R_z,Elbow.R_x,Elbow.R_y,Elbow.R_z,Shoulder.R_x,Shoulder.R_y,Shoulder.R_z,Shoulder.L_x,Shoulder.L_y,Shoulder.L_z,Elbow.L_x,Elbow.L_y,Elbow.L_z,Wrist.L_x,Wrist.L_y,Wrist.L_z,Neck_x,Neck_y,Neck_z,Head_x,Head_y,Head_z,Nose_x,Nose_y,Nose_z,Eye.L_x,Eye.L_y,Eye.L_z,Eye.R_x,Eye.R_y,Eye.R_z,Ear.L_x,Ear.L_y,Ear.L_z,Ear.R_x,Ear.R_y,Ear.R_z,hip.Center_x,hip.Center_y,hip.Center_z
0,-0.40636912,-0.48404354,-0.23232391,-0.25272945,-0.108414486,-0.026570825,-0.12449471,0.29220316,0.0006030882,0.114686735,0.29073125,-0.039486416,0.2634956,-0.09286904,-0.019539146,0.40716332,-0.49994016,-0.17620653,-0.12977535,0.3525214,0.36826995,-0.21850988,0.5147101,0.17010498,-0.14155881,0.75944346,0.058897175,0.12568393,0.7618009,-0.07406771,0.13964671,0.51226574,-0.19322142,0.20562313,0.29516682,-0.059642017,0.0020503923,0.8229635,0.017877106,-0.0069659706,1.0323684,0.09392391,0.002050262,0.9080314,0.191446,0.03153518,0.95958096,0.16791412,-0.035224225,0.95244193,0.1611008,0.08123692,0.9703047,0.074107885,-0.07235201,0.9548104,0.061158463,-0.0049039870500564575,0.29146718978881836,-0.019441664218902588
