frame,Ankle.R_x,Ankle.R_y,Ankle.R_z,Knee.R_x,Knee.R_y,Knee.R_z,Hip.R_x,Hip.R_y,Hip.R_z,Hip.L_x,Hip.L_y,Hip.L_z,Knee.L_x,Knee.L_y,Knee.L_z,Ankle.L_x,Ankle.L_y,Ankle.L_z,Wrist.R_x,Wrist.R_y,Wrist.R_z,Elbow.R_x,Elbow.R_y,Elbow.R_z,Shoulder.R_x,Shoulder.R_y,Shoulder.R_z,Shoulder.L_x,Shoulder.L_y,Shoulder.L_z,Elbow.L_x,Elbow.L_y,Elbow.L_z,Wrist.L_x,Wrist.L_y,Wrist.L_z,Neck_x,Neck_y,Neck_z,Head_x,Head_y,Head_z,Nose_x,Nose_y,Nose_z,Eye.L_x,Eye.L_y,Eye.L_z,Eye.R_x,Eye.R_y,Eye.R_z,Ear.L_x,Ear.L_y,Ear.L_z,Ear.R_x,Ear.R_y,Ear.R_z,hip.Center_x,hip.Center_y,hip.Center_z
0,-0.002270817,-0.5158286,-0.13121572,-0.18122414,-0.12225694,-0.12769169,-0.017872684,0.27478155,-0.14066084,0.018910047,0.27613908,0.100848205,-0.16654244,-0.113186516,0.09209751,-0.016491594,-0.5236424,0.069785625,-0.464047,0.8432641,-0.09316668,-0.31264699,0.6970929,-0.2422927,-0.05886752,0.7406095,-0.17355701,0.012668006,0.7372299,0.09858338,-0.017726596,0.49546364,0.22269148,-0.15157928,0.27588937,0.20879099,-0.032814477,0.78932947,-0.04161416,-0.10486708,0.99374497,-0.045528468,-0.17333272,0.8836129,0.04072866,-0.13455959,0.93227357,0.04090005,-0.1771844,0.92061794,-0.009489678,-0.03651278,0.93646705,0.008503817,-0.13040538,0.90957475,-0.10596825,0.0005186814814805984,0.27546030282974243,-0.019906315952539444
