frame,Ankle.R_x,Ankle.R_y,Ankle.R_z,Knee.R_x,Knee.R_y,Knee.R_z,Hip.R_x,Hip.R_y,Hip.R_z,Hip.L_x,Hip.L_y,Hip.L_z,Knee.L_x,Knee.L_y,Knee.L_z,Ankle.L_x,Ankle.L_y,Ankle.L_z,Wrist.R_x,Wrist.R_y,Wrist.R_z,Elbow.R_x,Elbow.R_y,Elbow.R_z,Shoulder.R_x,Shoulder.R_y,Shoulder.R_z,Shoulder.L_x,Shoulder.L_y,Shoulder.L_z,Elbow.L_x,Elbow.L_y,Elbow.L_z,Wrist.L_x,Wrist.L_y,Wrist.L_z,Neck_x,Neck_y,Neck_z,Head_x,Head_y,Head_z,Nose_x,Nose_y,Nose_z,Eye.L_x,Eye.L_y,Eye.L_z,Eye.R_x,Eye.R_y,Eye.R_z,Ear.L_x,Ear.L_y,Ear.L_z,Ear.R_x,Ear.R_y,Ear.R_z,hip.Center_x,hip.Center_y,hip.Center_z
0,-0.2774026,-0.51578134,-0.18839213,-0.23123793,-0.12541465,0.041407175,-0.13025656,0.28176904,-0.03173754,0.118834764,0.2887149,-0.022334363,0.263584,-0.09035052,0.07959059,0.32910895,-0.5047114,-0.11110016,-0.12035749,0.64293486,0.1884862,-0.2581727,0.46311066,0.059250332,-0.17651725,0.7246462,0.01468088,0.12834017,0.7381625,0.029796543,0.22660479,0.49004954,-0.074276365,0.15788247,0.265288,0.043815065,-0.028642084,0.79576045,0.047464088,-0.060395222,1.0070977,0.101224,-0.04738965,0.8997061,0.21572447,-0.019551104,0.94793904,0.18524076,-0.08612601,0.9375335,0.18104643,0.029010195,0.94695866,0.09188924,-0.12311026,0.9232092,0.08099931,-0.005710899829864502,0.285241961479187,-0.027035951614379883
