frame,Ankle.R_x,Ankle.R_y,Ankle.R_z,Knee.R_x,Knee.R_y,Knee.R_z,Hip.R_x,Hip.R_y,Hip.R_z,Hip.L_x,Hip.L_y,Hip.L_z,Knee.L_x,Knee.L_y,Knee.L_z,Ankle.L_x,Ankle.L_y,Ankle.L_z,Wrist.R_x,Wrist.R_y,Wrist.R_z,Elbow.R_x,Elbow.R_y,Elbow.R_z,Shoulder.R_x,Shoulder.R_y,Shoulder.R_z,Shoulder.L_x,Shoulder.L_y,Shoulder.L_z,Elbow.L_x,Elbow.L_y,Elbow.L_z,Wrist.L_x,Wrist.L_y,Wrist.L_z,Neck_x,Neck_y,Neck_z,Head_x,Head_y,Head_z,Nose_x,Nose_y,Nose_z,Eye.L_x,Eye.L_y,Eye.L_z,Eye.R_x,Eye.R_y,Eye.R_z,Ear.L_x,Ear.L_y,Ear.L_z,Ear.R_x,Ear.R_y,Ear.R_z,hip.Center_x,hip.Center_y,hip.Center_z
0,-0.32348472,-0.48651534,-0.14172441,-0.2747292,-0.08288018,0.04241048,-0.11801464,0.2791956,-0.07099363,0.11153347,0.28152445,0.02271036,0.21945514,-0.123069435,0.0010345707,0.36658502,-0.504245,-0.19657226,-0.2038088,0.5654963,-0.08585831,-0.148238,0.62278503,-0.32811072,-0.1481302,0.7527222,-0.08654344,0.03366925,0.7611227,0.13057831,-0.05696491,0.62967753,0.35336894,-0.29721156,0.6622277,0.257831,-0.06281049,0.7940682,0.040445127,-0.10363583,0.9726209,0.14939559,-0.07545383,0.83546746,0.22322077,-0.053045392,0.8915151,0.20561449,-0.118724,0.8791756,0.20842662,-0.02035687,0.9217634,0.11316316,-0.17053781,0.89491,0.11212814,-0.0032405853271484375,0.28036004304885864,-0.02414163574576378
