frame,Ankle.R_x,Ankle.R_y,Ankle.R_z,Knee.R_x,Knee.R_y,Knee.R_z,Hip.R_x,Hip.R_y,Hip.R_z,Hip.L_x,Hip.L_y,Hip.L_z,Knee.L_x,Knee.L_y,Knee.L_z,Ankle.L_x,Ankle.L_y,Ankle.L_z,Wrist.R_x,Wrist.R_y,Wrist.R_z,Elbow.R_x,Elbow.R_y,Elbow.R_z,Shoulder.R_x,Shoulder.R_y,Shoulder.R_z,Shoulder.L_x,Shoulder.L_y,Shoulder.L_z,Elbow.L_x,Elbow.L_y,Elbow.L_z,Wrist.L_x,Wrist.L_y,Wrist.L_z,Neck_x,Neck_y,Neck_z,Head_x,Head_y,Head_z,Nose_x,Nose_y,Nose_z,Eye.L_x,Eye.L_y,Eye.L_z,Eye.R_x,Eye.R_y,Eye.R_z,Ear.L_x,Ear.L_y,Ear.L_z,Ear.R_x,Ear.R_y,Ear.R_z,hip.Center_x,hip.Center_y,hip.Center_z
0,0.040509533,-0.5579657,-0.16951214,-0.09060936,-0.14533748,-0.107413016,-0.048686944,0.28484422,-0.13372907,0.035831127,0.27612555,0.09641274,-0.06844749,-0.13864169,0.101090446,0.04686402,-0.5554061,0.020869873,-0.20045246,0.7725029,-0.049892344,-0.28484312,0.6533346,-0.25377294,-0.07339807,0.7644013,-0.13616717,0.03328082,0.73841596,0.12715772,0.16690186,0.49967277,0.17286918,0.061147247,0.2732984,0.16868767,-0.04411837,0.8040843,0.004400309,-0.13456443,1.0064747,0.03593635,-0.20964414,0.8754873,0.07817705,-0.17618842,0.9249164,0.097917825,-0.20628698,0.92372197,0.037789136,-0.07299566,0.94085467,0.091304205,-0.1388366,0.9375794,-0.04452335,-0.006427908316254616,0.2804848849773407,-0.018658164888620377
