frame,Ankle.R_x,Ankle.R_y,Ankle.R_z,Knee.R_x,Knee.R_y,Knee.R_z,Hip.R_x,Hip.R_y,Hip.R_z,Hip.L_x,Hip.L_y,Hip.L_z,Knee.L_x,Knee.L_y,Knee.L_z,Ankle.L_x,Ankle.L_y,Ankle.L_z,Wrist.R_x,Wrist.R_y,Wrist.R_z,Elbow.R_x,Elbow.R_y,Elbow.R_z,Shoulder.R_x,Shoulder.R_y,Shoulder.R_z,Shoulder.L_x,Shoulder.L_y,Shoulder.L_z,Elbow.L_x,Elbow.L_y,Elbow.L_z,Wrist.L_x,Wrist.L_y,Wrist.L_z,Neck_x,Neck_y,Neck_z,Head_x,Head_y,Head_z,Nose_x,Nose_y,Nose_z,Eye.L_x,Eye.L_y,Eye.L_z,Eye.R_x,Eye.R_y,Eye.R_z,Ear.L_x,Ear.L_y,Ear.L_z,Ear.R_x,Ear.R_y,Ear.R_z,hip.Center_x,hip.Center_y,hip.Center_z
0,-0.35552362,-0.4926211,-0.15756385,-0.27695096,-0.09085798,0.028661853,-0.1253066,0.28500453,-0.042159107,0.11599549,0.289296,-0.0023091135,0.2471434,-0.1046005,0.012197911,0.41915748,-0.5073532,-0.122764304,-0.012950667,0.8174878,0.22555602,-0.22592553,0.663334,0.25769448,-0.18012765,0.75359285,0.010941347,0.1089302,0.75724757,-0.035301253,0.20073423,0.5138168,-0.14012307,0.22577912,0.30518517,0.01318369,-0.038227376,0.81051785,0.0065173535,-0.04142261,1.0178111,0.09246352,0.0066090226,0.8923842,0.17410704,0.023663454,0.943817,0.14085451,-0.038857266,0.9367467,0.16488823,0.027240902,0.95698017,0.037231453,-0.11765971,0.9404126,0.08926556,-0.004655558615922928,0.2871502637863159,-0.022234110161662102
