frame,Ankle.R_x,Ankle.R_y,Ankle.R_z,Knee.R_x,Knee.R_y,Knee.R_z,Hip.R_x,Hip.R_y,Hip.R_z,Hip.L_x,Hip.L_y,Hip.L_z,Knee.L_x,Knee.L_y,Knee.L_z,Ankle.L_x,Ankle.L_y,Ankle.L_z,Wrist.R_x,Wrist.R_y,Wrist.R_z,Elbow.R_x,Elbow.R_y,Elbow.R_z,Shoulder.R_x,Shoulder.R_y,Shoulder.R_z,Shoulder.L_x,Shoulder.L_y,Shoulder.L_z,Elbow.L_x,Elbow.L_y,Elbow.L_z,Wrist.L_x,Wrist.L_y,Wrist.L_z,Neck_x,Neck_y,Neck_z,Head_x,Head_y,Head_z,Nose_x,Nose_y,Nose_z,Eye.L_x,Eye.L_y,Eye.L_z,Eye.R_x,Eye.R_y,Eye.R_z,Ear.L_x,Ear.L_y,Ear.L_z,Ear.R_x,Ear.R_y,Ear.R_z,hip.Center_x,hip.Center_y,hip.Center_z
0,-0.021397807,-0.5472611,-0.21161284,-0.108522795,-0.1593954,-0.028590381,-0.11766429,0.2734319,-0.06225557,0.10498022,0.26984152,0.033863198,0.05534453,-0.15909307,0.035023455,0.09743515,-0.5658605,-0.1288044,-0.6098391,0.8397793,-0.06507517,-0.39054275,0.7475318,-0.16894895,-0.1279382,0.75673616,-0.08788992,0.10598305,0.7740169,0.025768803,0.3371178,0.8013767,0.16503608,0.38073865,0.9065817,0.3952017,-0.025896588,0.79805785,-0.011576334,-0.09159207,0.99391675,0.04758284,-0.1439363,0.8678708,0.1251815,-0.10868851,0.9190238,0.12796164,-0.1552661,0.9117042,0.08093311,-0.013323933,0.93423617,0.086101666,-0.11925775,0.91838324,-0.018922854,-0.006342034786939621,0.2716367244720459,-0.014196185395121574
