frame,Ankle.R_x,Ankle.R_y,Ankle.R_z,Knee.R_x,Knee.R_y,Knee.R_z,Hip.R_x,Hip.R_y,Hip.R_z,Hip.L_x,Hip.L_y,Hip.L_z,Knee.L_x,Knee.L_y,Knee.L_z,Ankle.L_x,Ankle.L_y,Ankle.L_z,Wrist.R_x,Wrist.R_y,Wrist.R_z,Elbow.R_x,Elbow.R_y,Elbow.R_z,Shoulder.R_x,Shoulder.R_y,Shoulder.R_z,Shoulder.L_x,Shoulder.L_y,Shoulder.L_z,Elbow.L_x,Elbow.L_y,Elbow.L_z,Wrist.L_x,Wrist.L_y,Wrist.L_z,Neck_x,Neck_y,Neck_z,Head_x,Head_y,Head_z,Nose_x,Nose_y,Nose_z,Eye.L_x,Eye.L_y,Eye.L_z,Eye.R_x,Eye.R_y,Eye.R_z,Ear.L_x,Ear.L_y,Ear.L_z,Ear.R_x,Ear.R_y,Ear.R_z,hip.Center_x,hip.Center_y,hip.Center_z
0,-0.17158002,-0.5556401,-0.18570419,-0.13042353,-0.16734625,0.03696315,-0.11199655,0.2661758,0.04610677,0.08919611,0.2929637,-0.090689816,0.3582883,0.010748741,0.009784734,0.31051046,-0.41676486,-0.11590416,0.25997007,0.8674114,0.34664452,-0.0016674926,0.8281842,0.38105553,-0.046525262,0.7717711,0.11294304,0.13538486,0.69849926,-0.09321755,0.18148877,0.46358392,-0.24606046,0.21623082,0.25402063,-0.095899835,0.0642596,0.7736839,0.026316002,0.19899361,0.92260826,0.121857814,0.1943455,0.7712273,0.1485545,0.22449031,0.8173602,0.12085946,0.17979297,0.82899296,0.16924037,0.2009908,0.86740804,0.033159383,0.098174974,0.8931813,0.1414072,-0.011400219053030014,0.27956974506378174,-0.022291522473096848
