frame,Ankle.R_x,Ankle.R_y,Ankle.R_z,Knee.R_x,Knee.R_y,Knee.R_z,Hip.R_x,Hip.R_y,Hip.R_z,Hip.L_x,Hip.L_y,Hip.L_z,Knee.L_x,Knee.L_y,Knee.L_z,Ankle.L_x,Ankle.L_y,Ankle.L_z,Wrist.R_x,Wrist.R_y,Wrist.R_z,Elbow.R_x,Elbow.R_y,Elbow.R_z,Shoulder.R_x,Shoulder.R_y,Shoulder.R_z,Shoulder.L_x,Shoulder.L_y,Shoulder.L_z,Elbow.L_x,Elbow.L_y,Elbow.L_z,Wrist.L_x,Wrist.L_y,Wrist.L_z,Neck_x,Neck_y,Neck_z,Head_x,Head_y,Head_z,Nose_x,Nose_y,Nose_z,Eye.L_x,Eye.L_y,Eye.L_z,Eye.R_x,Eye.R_y,Eye.R_z,Ear.L_x,Ear.L_y,Ear.L_z,Ear.R_x,Ear.R_y,Ear.R_z,hip.Center_x,hip.Center_y,hip.Center_z
0,-0.31414604,-0.49895254,-0.10046977,-0.2735648,-0.08300373,0.05299448,-0.11868927,0.27233133,-0.07027169,0.110644564,0.27793992,0.02384732,0.22607279,-0.1224048,0.0010852003,0.3898514,-0.50311816,-0.18263832,-0.2064417,0.5166619,-0.021749068,-0.16722456,0.5199806,-0.27156064,-0.15790305,0.72450715,-0.09268984,0.046752043,0.76141065,0.09763561,0.0055255536,0.6578621,0.34865123,-0.24240382,0.6619728,0.27394432,-0.05776759,0.78461385,0.017703498,-0.07425007,0.9735598,0.11566455,-0.046586182,0.8402512,0.19510914,-0.022779845,0.8932748,0.17178833,-0.08823174,0.8857262,0.1826755,0.00016926974,0.9154788,0.0747153,-0.14913248,0.89890265,0.09223294,-0.004022352397441864,0.2751356363296509,-0.023212186992168427
