frame,Ankle.R_x,Ankle.R_y,Ankle.R_z,Knee.R_x,Knee.R_y,Knee.R_z,Hip.R_x,Hip.R_y,Hip.R_z,Hip.L_x,Hip.L_y,Hip.L_z,Knee.L_x,Knee.L_y,Knee.L_z,Ankle.L_x,Ankle.L_y,Ankle.L_z,Wrist.R_x,Wrist.R_y,Wrist.R_z,Elbow.R_x,Elbow.R_y,Elbow.R_z,Shoulder.R_x,Shoulder.R_y,Shoulder.R_z,Shoulder.L_x,Shoulder.L_y,Shoulder.L_z,Elbow.L_x,Elbow.L_y,Elbow.L_z,Wrist.L_x,Wrist.L_y,Wrist.L_z,Neck_x,Neck_y,Neck_z,Head_x,Head_y,Head_z,Nose_x,Nose_y,Nose_z,Eye.L_x,Eye.L_y,Eye.L_z,Eye.R_x,Eye.R_y,Eye.R_z,Ear.L_x,Ear.L_y,Ear.L_z,Ear.R_x,Ear.R_y,Ear.R_z,hip.Center_x,hip.Center_y,hip.Center_z
0,-0.34594968,-0.5001935,-0.17916061,-0.23524448,-0.111363895,-0.0033218134,-0.11751072,0.27408522,-0.06918105,0.10804965,0.27593613,0.02963726,0.18562719,-0.13439225,0.018008895,0.3355783,-0.5261776,-0.13218576,-0.24880354,0.6155911,0.06695352,-0.3725358,0.6144123,-0.15460837,-0.17836058,0.7495805,-0.052770913,0.012035353,0.78697175,0.08790229,0.049424976,0.7435819,0.34195763,-0.17255643,0.7081221,0.22936645,-0.090847425,0.78891546,0.033128455,-0.1585786,0.9521082,0.14600939,-0.13941853,0.81037045,0.21402115,-0.11728443,0.8681617,0.20689698,-0.1805414,0.85331404,0.19224055,-0.06566402,0.90824187,0.12668917,-0.20897555,0.8754545,0.08951697,-0.004730533808469772,0.2750106751918793,-0.019771892577409744
