frame,Ankle.R_x,Ankle.R_y,Ankle.R_z,Knee.R_x,Knee.R_y,Knee.R_z,Hip.R_x,Hip.R_y,Hip.R_z,Hip.L_x,Hip.L_y,Hip.L_z,Knee.L_x,Knee.L_y,Knee.L_z,Ankle.L_x,Ankle.L_y,Ankle.L_z,Wrist.R_x,Wrist.R_y,Wrist.R_z,Elbow.R_x,Elbow.R_y,Elbow.R_z,Shoulder.R_x,Shoulder.R_y,Shoulder.R_z,Shoulder.L_x,Shoulder.L_y,Shoulder.L_z,Elbow.L_x,Elbow.L_y,Elbow.L_z,Wrist.L_x,Wrist.L_y,Wrist.L_z,Neck_x,Neck_y,Neck_z,Head_x,Head_y,Head_z,Nose_x,Nose_y,Nose_z,Eye.L_x,Eye.L_y,Eye.L_z,Eye.R_x,Eye.R_y,Eye.R_z,Ear.L_x,Ear.L_y,Ear.L_z,Ear.R_x,Ear.R_y,Ear.R_z,hip.Center_x,hip.Center_y,hip.Center_z
0,-0.26964712,-0.54006547,-0.19330245,-0.1948076,-0.14431782,0.0009756959,-0.12123172,0.27417365,0.01903321,0.11054781,0.2804532,-0.04844991,0.23608652,-0.11100511,-0.06522148,0.36308077,-0.5153107,-0.22194842,0.095590815,0.75858223,0.2060926,-0.09247315,0.6485305,0.34339964,-0.089685746,0.7577106,0.104097724,0.11176448,0.76016533,-0.06540123,0.25660434,0.6703501,-0.28435954,0.26206443,0.6949889,-0.037623834,0.023863915,0.7923247,0.04347716,0.086173594,0.9602634,0.16941772,0.0763094,0.81309927,0.2205021,0.11444047,0.86080813,0.20638442,0.049205057,0.8707974,0.21627775,0.14499602,0.89324164,0.11121903,-0.0016771443,0.91612494,0.13546233,-0.005341954529285431,0.2773134112358093,-0.014708350412547588
