frame,Ankle.R_x,Ankle.R_y,Ankle.R_z,Knee.R_x,Knee.R_y,Knee.R_z,Hip.R_x,Hip.R_y,Hip.R_z,Hip.L_x,Hip.L_y,Hip.L_z,Knee.L_x,Knee.L_y,Knee.L_z,Ankle.L_x,Ankle.L_y,Ankle.L_z,Wrist.R_x,Wrist.R_y,Wrist.R_z,Elbow.R_x,Elbow.R_y,Elbow.R_z,Shoulder.R_x,Shoulder.R_y,Shoulder.R_z,Shoulder.L_x,Shoulder.L_y,Shoulder.L_z,Elbow.L_x,Elbow.L_y,Elbow.L_z,Wrist.L_x,Wrist.L_y,Wrist.L_z,Neck_x,Neck_y,Neck_z,Head_x,Head_y,Head_z,Nose_x,Nose_y,Nose_z,Eye.L_x,Eye.L_y,Eye.L_z,Eye.R_x,Eye.R_y,Eye.R_z,Ear.L_x,Ear.L_y,Ear.L_z,Ear.R_x,Ear.R_y,Ear.R_z,hip.Center_x,hip.Center_y,hip.Center_z
0,0.04720674,-0.549407,-0.18980859,-0.09038819,-0.14273235,-0.10469409,-0.059053555,0.28856754,-0.12915373,0.04596301,0.27988636,0.093759194,-0.044427134,-0.14084245,0.08264395,0.046088725,-0.5579626,-0.021669595,-0.2309208,0.744921,-0.009388853,-0.30772167,0.5728913,-0.17705831,-0.114718266,0.75281745,-0.1371057,0.026841212,0.75826037,0.11801346,0.17782484,0.5304723,0.17161009,0.086832985,0.2951657,0.15193406,-0.06422281,0.81276995,0.0006225258,-0.12060254,1.023724,0.04811178,-0.18255895,0.90303665,0.12815681,-0.13847414,0.9489503,0.12731951,-0.19268951,0.9500003,0.08692613,-0.047854472,0.95217085,0.07537428,-0.16764328,0.95356274,-0.018940486,-0.006545271724462509,0.2842269539833069,-0.01769726723432541
