frame,Ankle.R_x,Ankle.R_y,Ankle.R_z,Knee.R_x,Knee.R_y,Knee.R_z,Hip.R_x,Hip.R_y,Hip.R_z,Hip.L_x,Hip.L_y,Hip.L_z,Knee.L_x,Knee.L_y,Knee.L_z,Ankle.L_x,Ankle.L_y,Ankle.L_z,Wrist.R_x,Wrist.R_y,Wrist.R_z,Elbow.R_x,Elbow.R_y,Elbow.R_z,Shoulder.R_x,Shoulder.R_y,Shoulder.R_z,Shoulder.L_x,Shoulder.L_y,Shoulder.L_z,Elbow.L_x,Elbow.L_y,Elbow.L_z,Wrist.L_x,Wrist.L_y,Wrist.L_z,Neck_x,Neck_y,Neck_z,Head_x,Head_y,Head_z,Nose_x,Nose_y,Nose_z,Eye.L_x,Eye.L_y,Eye.L_z,Eye.R_x,Eye.R_y,Eye.R_z,Ear.L_x,Ear.L_y,Ear.L_z,Ear.R_x,Ear.R_y,Ear.R_z,hip.Center_x,hip.Center_y,hip.Center_z
0,-0.21012948,-0.5377729,-0.1466296,-0.22129218,-0.1358629,0.05384008,-0.12963617,0.26995128,-0.026119662,0.11561053,0.27987817,-0.020339802,0.27946657,-0.09233965,0.031569447,0.42152637,-0.4937037,-0.13672422,0.023624798,0.73430634,0.17614071,-0.18426932,0.59282756,0.24625969,-0.14769074,0.7285674,0.022422306,0.12549148,0.7479482,0.0122145135,0.30957913,0.69394684,0.21271886,0.057305895,0.7390321,0.23276566,-0.012123298,0.7791805,0.020711407,-0.0012301558,0.9620947,0.14274584,0.020388708,0.8175517,0.1939721,0.047287825,0.8718935,0.17957197,-0.01831653,0.86729956,0.19052039,0.06907112,0.90968287,0.08550866,-0.07943603,0.8998746,0.108507946,-0.00701281800866127,0.2749147415161133,-0.023229733109474182
