frame,Ankle.R_x,Ankle.R_y,Ankle.R_z,Knee.R_x,Knee.R_y,Knee.R_z,Hip.R_x,Hip.R_y,Hip.R_z,Hip.L_x,Hip.L_y,Hip.L_z,Knee.L_x,Knee.L_y,Knee.L_z,Ankle.L_x,Ankle.L_y,Ankle.L_z,Wrist.R_x,Wrist.R_y,Wrist.R_z,Elbow.R_x,Elbow.R_y,Elbow.R_z,Shoulder.R_x,Shoulder.R_y,Shoulder.R_z,Shoulder.L_x,Shoulder.L_y,Shoulder.L_z,Elbow.L_x,Elbow.L_y,Elbow.L_z,Wrist.L_x,Wrist.L_y,Wrist.L_z,Neck_x,Neck_y,Neck_z,Head_x,Head_y,Head_z,Nose_x,Nose_y,Nose_z,Eye.L_x,Eye.L_y,Eye.L_z,Eye.R_x,Eye.R_y,Eye.R_z,Ear.L_x,Ear.L_y,Ear.L_z,Ear.R_x,Ear.R_y,Ear.R_z,hip.Center_x,hip.Center_y,hip.Center_z
0,-0.3857782,-0.47877526,-0.22147818,-0.23800313,-0.11229165,-0.0076130694,-0.12477581,0.2860868,-0.0064337244,0.11492574,0.2936562,-0.029164443,0.24727419,-0.096739076,-0.010094527,0.40620762,-0.49801177,-0.1462417,-0.14975917,0.2653216,0.17295763,-0.24526696,0.4618724,0.025915144,-0.1878163,0.733226,0.021355148,0.10060873,0.7698758,-0.05768816,0.21909386,0.52485675,-0.06428779,0.12840833,0.6978554,0.09424073,-0.03903817,0.81326604,0.009213906,-0.007161201,0.9992208,0.13761997,0.017509654,0.8498291,0.17989987,0.042976126,0.9055681,0.16377957,-0.020944603,0.9019275,0.18267652,0.05359021,0.9457495,0.06829952,-0.09196841,0.93943167,0.11187534,-0.004925034940242767,0.2898715138435364,-0.01779908314347267
