frame,Ankle.R_x,Ankle.R_y,Ankle.R_z,Knee.R_x,Knee.R_y,Knee.R_z,Hip.R_x,Hip.R_y,Hip.R_z,Hip.L_x,Hip.L_y,Hip.L_z,Knee.L_x,Knee.L_y,Knee.L_z,Ankle.L_x,Ankle.L_y,Ankle.L_z,Wrist.R_x,Wrist.R_y,Wrist.R_z,Elbow.R_x,Elbow.R_y,Elbow.R_z,Shoulder.R_x,Shoulder.R_y,Shoulder.R_z,Shoulder.L_x,Shoulder.L_y,Shoulder.L_z,Elbow.L_x,Elbow.L_y,Elbow.L_z,Wrist.L_x,Wrist.L_y,Wrist.L_z,Neck_x,Neck_y,Neck_z,Head_x,Head_y,Head_z,Nose_x,Nose_y,Nose_z,Eye.L_x,Eye.L_y,Eye.L_z,Eye.R_x,Eye.R_y,Eye.R_z,Ear.L_x,Ear.L_y,Ear.L_z,Ear.R_x,Ear.R_y,Ear.R_z,hip.Center_x,hip.Center_y,hip.Center_z
0,-0.009028975,-0.54304165,-0.18884839,-0.15570727,-0.13667542,-0.09878115,-0.038827207,0.28080338,-0.13774559,0.029335724,0.2728682,0.09860655,-0.05063668,-0.15111674,0.07809552,0.057137962,-0.57499456,-0.008221971,-0.34933645,0.73427534,-0.119220406,-0.23710176,0.8283537,-0.3316853,-0.06890489,0.7831644,-0.12515737,-0.031784505,0.72163016,0.1441747,-0.008494642,0.4631207,0.2514863,-0.13627845,0.26538628,0.1529829,-0.07512483,0.7915067,0.0130531015,-0.19562696,0.97077537,0.045034464,-0.23851809,0.8296922,0.09955013,-0.21251489,0.88465154,0.11295134,-0.2502024,0.8757708,0.05818163,-0.11739879,0.9182993,0.0901759,-0.19948587,0.89872754,-0.03512225,-0.0047457413747906685,0.2768357992172241,-0.0195695199072361
