frame,Ankle.R_x,Ankle.R_y,Ankle.R_z,Knee.R_x,Knee.R_y,Knee.R_z,Hip.R_x,Hip.R_y,Hip.R_z,Hip.L_x,Hip.L_y,Hip.L_z,Knee.L_x,Knee.L_y,Knee.L_z,Ankle.L_x,Ankle.L_y,Ankle.L_z,Wrist.R_x,Wrist.R_y,Wrist.R_z,Elbow.R_x,Elbow.R_y,Elbow.R_z,Shoulder.R_x,Shoulder.R_y,Shoulder.R_z,Shoulder.L_x,Shoulder.L_y,Shoulder.L_z,Elbow.L_x,Elbow.L_y,Elbow.L_z,Wrist.L_x,Wrist.L_y,Wrist.L_z,Neck_x,Neck_y,Neck_z,Head_x,Head_y,Head_z,Nose_x,Nose_y,Nose_z,Eye.L_x,Eye.L_y,Eye.L_z,Eye.R_x,Eye.R_y,Eye.R_z,Ear.L_x,Ear.L_y,Ear.L_z,Ear.R_x,Ear.R_y,Ear.R_z,hip.Center_x,hip.Center_y,hip.Center_z
0,-0.35738355,-0.48495787,-0.20299917,-0.26313213,-0.10021982,-0.0060963253,-0.11851596,0.27679926,-0.06623487,0.111024715,0.27511662,0.023256663,0.21246368,-0.12584844,0.023295373,0.3722089,-0.5127541,-0.1384405,-0.26275516,0.63803166,0.07392049,-0.38736933,0.6409997,-0.14799275,-0.16147892,0.7484362,-0.053685203,0.0465122,0.76407945,0.106722966,0.02944309,0.6660544,0.35850835,-0.22471488,0.6928661,0.35089946,-0.062300146,0.7865733,0.036940612,-0.1322658,0.9605944,0.12914535,-0.098452315,0.83227646,0.21545978,-0.080388084,0.8890625,0.19798176,-0.14370885,0.86899245,0.19170028,-0.038499888,0.91907,0.10810983,-0.18234731,0.8737092,0.08935003,-0.003745622932910919,0.27595794200897217,-0.021489104256033897
