frame,Ankle.R_x,Ankle.R_y,Ankle.R_z,Knee.R_x,Knee.R_y,Knee.R_z,Hip.R_x,Hip.R_y,Hip.R_z,Hip.L_x,Hip.L_y,Hip.L_z,Knee.L_x,Knee.L_y,Knee.L_z,Ankle.L_x,Ankle.L_y,Ankle.L_z,Wrist.R_x,Wrist.R_y,Wrist.R_z,Elbow.R_x,Elbow.R_y,Elbow.R_z,Shoulder.R_x,Shoulder.R_y,Shoulder.R_z,Shoulder.L_x,Shoulder.L_y,Shoulder.L_z,Elbow.L_x,Elbow.L_y,Elbow.L_z,Wrist.L_x,Wrist.L_y,Wrist.L_z,Neck_x,Neck_y,Neck_z,Head_x,Head_y,Head_z,Nose_x,Nose_y,Nose_z,Eye.L_x,Eye.L_y,Eye.L_z,Eye.R_x,Eye.R_y,Eye.R_z,Ear.L_x,Ear.L_y,Ear.L_z,Ear.R_x,Ear.R_y,Ear.R_z,hip.Center_x,hip.Center_y,hip.Center_z
0,-0.028713228,-0.59246147,-0.23365514,-0.08503658,-0.17914397,-0.026829982,-0.1281797,0.27169007,-0.04442788,0.1170929,0.2735947,0.012724918,0.07053833,-0.17425267,-0.01615502,0.06194844,-0.5961782,-0.2178429,-0.1881163,0.28190506,0.11061072,-0.3007844,0.44651595,-0.07144204,-0.20723045,0.7076999,0.012100603,0.08732377,0.74873567,0.07901812,0.26886904,0.5345864,0.0025899895,0.22272258,0.2909119,0.09780801,-0.0756303,0.78607476,0.07578759,-0.12913203,0.9898409,0.1298989,-0.18029682,0.8711416,0.22083269,-0.1415172,0.92197657,0.21664532,-0.19341378,0.9134664,0.17403385,-0.048011914,0.9277017,0.16727678,-0.16549484,0.91058815,0.072552755,-0.005543399602174759,0.2726423740386963,-0.01585148088634014
