frame,Ankle.R_x,Ankle.R_y,Ankle.R_z,Knee.R_x,Knee.R_y,Knee.R_z,Hip.R_x,Hip.R_y,Hip.R_z,Hip.L_x,Hip.L_y,Hip.L_z,Knee.L_x,Knee.L_y,Knee.L_z,Ankle.L_x,Ankle.L_y,Ankle.L_z,Wrist.R_x,Wrist.R_y,Wrist.R_z,Elbow.R_x,Elbow.R_y,Elbow.R_z,Shoulder.R_x,Shoulder.R_y,Shoulder.R_z,Shoulder.L_x,Shoulder.L_y,Shoulder.L_z,Elbow.L_x,Elbow.L_y,Elbow.L_z,Wrist.L_x,Wrist.L_y,Wrist.L_z,Neck_x,Neck_y,Neck_z,Head_x,Head_y,Head_z,Nose_x,Nose_y,Nose_z,Eye.L_x,Eye.L_y,Eye.L_z,Eye.R_x,Eye.R_y,Eye.R_z,Ear.L_x,Ear.L_y,Ear.L_z,Ear.R_x,Ear.R_y,Ear.R_z,hip.Center_x,hip.Center_y,hip.Center_z
0,-0.011330603,-0.53481126,-0.13154249,-0.18552707,-0.13132887,-0.12243496,-0.020665841,0.26971358,-0.14096318,0.020361606,0.27346718,0.100512005,-0.16166103,-0.1216182,0.09888372,-0.02972278,-0.54615265,0.09291966,-0.5399942,0.81833076,-0.12633678,-0.3166287,0.7485863,-0.24848954,-0.062237233,0.7486338,-0.15843406,0.011571757,0.7261238,0.103872925,-0.049629092,0.4936709,0.22897011,-0.22375321,0.30497262,0.18785298,-0.040090583,0.77773386,-0.02746519,-0.17106107,0.94647455,0.008725715,-0.19152738,0.8032675,0.06404349,-0.17269166,0.86052734,0.07673049,-0.21060747,0.8467613,0.023601234,-0.08507158,0.9066104,0.049344406,-0.16832641,0.8753918,-0.07067123,-0.00015211757272481918,0.27159038186073303,-0.020225588232278824
