frame,Ankle.R_x,Ankle.R_y,Ankle.R_z,Knee.R_x,Knee.R_y,Knee.R_z,Hip.R_x,Hip.R_y,Hip.R_z,Hip.L_x,Hip.L_y,Hip.L_z,Knee.L_x,Knee.L_y,Knee.L_z,Ankle.L_x,Ankle.L_y,Ankle.L_z,Wrist.R_x,Wrist.R_y,Wrist.R_z,Elbow.R_x,Elbow.R_y,Elbow.R_z,Shoulder.R_x,Shoulder.R_y,Shoulder.R_z,Shoulder.L_x,Shoulder.L_y,Shoulder.L_z,Elbow.L_x,Elbow.L_y,Elbow.L_z,Wrist.L_x,Wrist.L_y,Wrist.L_z,Neck_x,Neck_y,Neck_z,Head_x,Head_y,Head_z,Nose_x,Nose_y,Nose_z,Eye.L_x,Eye.L_y,Eye.L_z,Eye.R_x,Eye.R_y,Eye.R_z,Ear.L_x,Ear.L_y,Ear.L_z,Ear.R_x,Ear.R_y,Ear.R_z,hip.Center_x,hip.Center_y,hip.Center_z
0,0.06624548,-0.5614668,-0.22197457,-0.072054945,-0.15540649,-0.09018333,-0.089836486,0.28700617,-0.11086279,0.07519024,0.27761632,0.07694905,-0.02505796,-0.15004754,0.083350375,0.10742447,-0.54952645,-0.07551256,-0.23085076,0.6456155,0.0039024209,-0.2621341,0.5466193,-0.22887921,-0.1288692,0.7573503,-0.09686136,0.08537621,0.7363862,0.11493213,0.21598446,0.48353684,0.08395236,0.073909,0.26915574,0.09548605,-0.039788708,0.809044,0.033985503,-0.09162314,1.0208577,0.09261206,-0.134613,0.8999907,0.18547417,-0.09342967,0.94797504,0.17653945,-0.15313414,0.94530505,0.14484987,-0.012117217,0.9528258,0.11083782,-0.14449777,0.94654715,0.03665019,-0.007323123514652252,0.28231126070022583,-0.016956869512796402
