frame,Ankle.R_x,Ankle.R_y,Ankle.R_z,Knee.R_x,Knee.R_y,Knee.R_z,Hip.R_x,Hip.R_y,Hip.R_z,Hip.L_x,Hip.L_y,Hip.L_z,Knee.L_x,Knee.L_y,Knee.L_z,Ankle.L_x,Ankle.L_y,Ankle.L_z,Wrist.R_x,Wrist.R_y,Wrist.R_z,Elbow.R_x,Elbow.R_y,Elbow.R_z,Shoulder.R_x,Shoulder.R_y,Shoulder.R_z,Shoulder.L_x,Shoulder.L_y,Shoulder.L_z,Elbow.L_x,Elbow.L_y,Elbow.L_z,Wrist.L_x,Wrist.L_y,Wrist.L_z,Neck_x,Neck_y,Neck_z,Head_x,Head_y,Head_z,Nose_x,Nose_y,Nose_z,Eye.L_x,Eye.L_y,Eye.L_z,Eye.R_x,Eye.R_y,Eye.R_z,Ear.L_x,Ear.L_y,Ear.L_z,Ear.R_x,Ear.R_y,Ear.R_z,hip.Center_x,hip.Center_y,hip.Center_z
0,-0.25443807,-0.52116525,-0.16044061,-0.2295991,-0.12576367,0.03975381,-0.1263012,0.28049892,-0.014597801,0.1151048,0.2769409,-0.026378337,0.2447852,-0.109568365,0.0022880484,0.3952261,-0.50759345,-0.14882608,0.21900223,0.6588169,0.36350802,-0.043780986,0.66600454,0.31988484,-0.09148031,0.75789934,0.07402231,0.1626936,0.7325704,-0.026241165,0.37808618,0.5702243,0.024629947,0.3069232,0.5913089,0.26959896,0.036616277,0.787864,0.032488495,0.087202206,0.9695316,0.1431309,0.09496193,0.8255391,0.20091483,0.12701945,0.8748288,0.1800046,0.06294373,0.8803139,0.19787069,0.14275579,0.9048853,0.08136843,-0.0027358085,0.9168569,0.12182371,-0.005598198622465134,0.2787199020385742,-0.020488068461418152
