frame,Ankle.R_x,Ankle.R_y,Ankle.R_z,Knee.R_x,Knee.R_y,Knee.R_z,Hip.R_x,Hip.R_y,Hip.R_z,Hip.L_x,Hip.L_y,Hip.L_z,Knee.L_x,Knee.L_y,Knee.L_z,Ankle.L_x,Ankle.L_y,Ankle.L_z,Wrist.R_x,Wrist.R_y,Wrist.R_z,Elbow.R_x,Elbow.R_y,Elbow.R_z,Shoulder.R_x,Shoulder.R_y,Shoulder.R_z,Shoulder.L_x,Shoulder.L_y,Shoulder.L_z,Elbow.L_x,Elbow.L_y,Elbow.L_z,Wrist.L_x,Wrist.L_y,Wrist.L_z,Neck_x,Neck_y,Neck_z,Head_x,Head_y,Head_z,Nose_x,Nose_y,Nose_z,Eye.L_x,Eye.L_y,Eye.L_z,Eye.R_x,Eye.R_y,Eye.R_z,Ear.L_x,Ear.L_y,Ear.L_z,Ear.R_x,Ear.R_y,Ear.R_z,hip.Center_x,hip.Center_y,hip.Center_z
0,-0.32519957,-0.5069389,-0.12635577,-0.2665128,-0.10382971,0.04827156,-0.12574984,0.2718818,-0.03447339,0.1198442,0.27195084,-0.019973215,0.21194972,-0.11505857,0.10821089,0.23496115,-0.5238071,-0.073502235,0.03581219,0.7577323,0.37590295,-0.1799394,0.627791,0.29491866,-0.16812664,0.7014628,0.03773141,0.09107198,0.75646746,0.042857256,0.17100886,0.7781668,0.30076498,-0.06297801,0.7812759,0.41842717,-0.044865042,0.7660353,0.03615301,-0.07939165,0.9493278,0.14670852,-0.07218926,0.8078816,0.20529068,-0.044099856,0.8622463,0.20057924,-0.108728334,0.85545045,0.186731,0.0097570475,0.8997444,0.11939125,-0.13747449,0.8845484,0.08893883,-0.0029528215527534485,0.27191632986068726,-0.02722330205142498
