frame,Ankle.R_x,Ankle.R_y,Ankle.R_z,Knee.R_x,Knee.R_y,Knee.R_z,Hip.R_x,Hip.R_y,Hip.R_z,Hip.L_x,Hip.L_y,Hip.L_z,Knee.L_x,Knee.L_y,Knee.L_z,Ankle.L_x,Ankle.L_y,Ankle.L_z,Wrist.R_x,Wrist.R_y,Wrist.R_z,Elbow.R_x,Elbow.R_y,Elbow.R_z,Shoulder.R_x,Shoulder.R_y,Shoulder.R_z,Shoulder.L_x,Shoulder.L_y,Shoulder.L_z,Elbow.L_x,Elbow.L_y,Elbow.L_z,Wrist.L_x,Wrist.L_y,Wrist.L_z,Neck_x,Neck_y,Neck_z,Head_x,Head_y,Head_z,Nose_x,Nose_y,Nose_z,Eye.L_x,Eye.L_y,Eye.L_z,Eye.R_x,Eye.R_y,Eye.R_z,Ear.L_x,Ear.L_y,Ear.L_z,Ear.R_x,Ear.R_y,Ear.R_z,hip.Center_x,hip.Center_y,hip.Center_z
0,0.07708181,-0.53911453,-0.22269048,-0.08083584,-0.14871764,-0.08735359,-0.08412036,0.2900261,-0.11390737,0.06923671,0.2790069,0.08052097,-0.021471534,-0.14630498,0.075671904,0.098911546,-0.5423348,-0.08412787,-0.21769954,0.5403733,-0.05051265,-0.15144078,0.5465739,-0.29473555,-0.10729219,0.7597719,-0.11815447,0.085303165,0.7483138,0.11430064,0.23589872,0.5067451,0.11013785,0.11133946,0.28490883,0.12210526,-0.031928793,0.81745434,0.022263885,-0.065742806,1.0348238,0.061039265,-0.12312129,0.9297122,0.16583814,-0.076975316,0.97207165,0.15270479,-0.1362066,0.9720836,0.120143965,0.0051281303,0.9607754,0.08919793,-0.1259934,0.96065843,0.012545325,-0.007441826164722443,0.28451651334762573,-0.016693197190761566
