frame,Ankle.R_x,Ankle.R_y,Ankle.R_z,Knee.R_x,Knee.R_y,Knee.R_z,Hip.R_x,Hip.R_y,Hip.R_z,Hip.L_x,Hip.L_y,Hip.L_z,Knee.L_x,Knee.L_y,Knee.L_z,Ankle.L_x,Ankle.L_y,Ankle.L_z,Wrist.R_x,Wrist.R_y,Wrist.R_z,Elbow.R_x,Elbow.R_y,Elbow.R_z,Shoulder.R_x,Shoulder.R_y,Shoulder.R_z,Shoulder.L_x,Shoulder.L_y,Shoulder.L_z,Elbow.L_x,Elbow.L_y,Elbow.L_z,Wrist.L_x,Wrist.L_y,Wrist.L_z,Neck_x,Neck_y,Neck_z,Head_x,Head_y,Head_z,Nose_x,Nose_y,Nose_z,Eye.L_x,Eye.L_y,Eye.L_z,Eye.R_x,Eye.R_y,Eye.R_z,Ear.L_x,Ear.L_y,Ear.L_z,Ear.R_x,Ear.R_y,Ear.R_z,hip.Center_x,hip.Center_y,hip.Center_z
0,-0.24705513,-0.51569027,-0.1791361,-0.22392596,-0.116390996,0.014830134,-0.12659365,0.29361054,-0.023273926,0.11700322,0.29310432,-0.022407318,0.21308404,-0.11491434,0.004796464,0.2531747,-0.5105128,-0.20670107,-0.44951203,0.58557856,0.0948204,-0.4090494,0.71030974,-0.12975532,-0.15758893,0.7870968,-0.020032182,0.13259238,0.79074454,-0.012411532,0.3624844,0.6878718,-0.14274535,0.43915606,0.4991605,0.013860923,-0.011658329,0.8287603,0.024171444,-0.012626671,1.0221926,0.1304869,0.019344814,0.8891396,0.21123599,0.04210376,0.94234604,0.18425946,-0.023534304,0.93586886,0.19714858,0.06308445,0.9617564,0.083531685,-0.089472726,0.9476117,0.11022872,-0.0047952160239219666,0.2933574318885803,-0.022840622812509537
