frame,Ankle.R_x,Ankle.R_y,Ankle.R_z,Knee.R_x,Knee.R_y,Knee.R_z,Hip.R_x,Hip.R_y,Hip.R_z,Hip.L_x,Hip.L_y,Hip.L_z,Knee.L_x,Knee.L_y,Knee.L_z,Ankle.L_x,Ankle.L_y,Ankle.L_z,Wrist.R_x,Wrist.R_y,Wrist.R_z,Elbow.R_x,Elbow.R_y,Elbow.R_z,Shoulder.R_x,Shoulder.R_y,Shoulder.R_z,Shoulder.L_x,Shoulder.L_y,Shoulder.L_z,Elbow.L_x,Elbow.L_y,Elbow.L_z,Wrist.L_x,Wrist.L_y,Wrist.L_z,Neck_x,Neck_y,Neck_z,Head_x,Head_y,Head_z,Nose_x,Nose_y,Nose_z,Eye.L_x,Eye.L_y,Eye.L_z,Eye.R_x,Eye.R_y,Eye.R_z,Ear.L_x,Ear.L_y,Ear.L_z,Ear.R_x,Ear.R_y,Ear.R_z,hip.Center_x,hip.Center_y,hip.Center_z
0,-0.051568657,-0.5502455,-0.20829415,-0.06848909,-0.1536015,-0.026994716,-0.124570295,0.2764854,0.0016660639,0.1154869,0.2853624,-0.022211215,0.08386406,-0.1420952,-0.059435003,0.054523848,-0.54256237,-0.23608045,-0.54542637,0.79351956,0.19042167,-0.43392316,0.6619405,0.008534004,-0.17849128,0.76809144,0.008597089,0.102419145,0.78450793,-0.0045747804,0.3510403,0.6663591,-0.04135284,0.47398236,0.77058,0.1462105,-0.039285757,0.8195188,0.03639929,-0.04763083,1.0089853,0.15751903,0.0010703914,0.87276363,0.2214347,0.01757994,0.9295733,0.1990422,-0.045685895,0.9160147,0.21640345,0.026018582,0.9605795,0.09927039,-0.11849451,0.93071485,0.136999,-0.004541698843240738,0.28092390298843384,-0.010272575542330742
