frame,Ankle.R_x,Ankle.R_y,Ankle.R_z,Knee.R_x,Knee.R_y,Knee.R_z,Hip.R_x,Hip.R_y,Hip.R_z,Hip.L_x,Hip.L_y,Hip.L_z,Knee.L_x,Knee.L_y,Knee.L_z,Ankle.L_x,Ankle.L_y,Ankle.L_z,Wrist.R_x,Wrist.R_y,Wrist.R_z,Elbow.R_x,Elbow.R_y,Elbow.R_z,Shoulder.R_x,Shoulder.R_y,Shoulder.R_z,Shoulder.L_x,Shoulder.L_y,Shoulder.L_z,Elbow.L_x,Elbow.L_y,Elbow.L_z,Wrist.L_x,Wrist.L_y,Wrist.L_z,Neck_x,Neck_y,Neck_z,Head_x,Head_y,Head_z,Nose_x,Nose_y,Nose_z,Eye.L_x,Eye.L_y,Eye.L_z,Eye.R_x,Eye.R_y,Eye.R_z,Ear.L_x,Ear.L_y,Ear.L_z,Ear.R_x,Ear.R_y,Ear.R_z,hip.Center_x,hip.Center_y,hip.Center_z
0,-0.26109797,-0.5041661,-0.15629873,-0.26087588,-0.1014425,0.042533845,-0.12654218,0.28486097,-0.046037324,0.11651926,0.29105723,-0.004859406,0.26140854,-0.09507511,0.014470132,0.4048499,-0.4959783,-0.15410158,-0.29077193,0.58226687,0.20745811,-0.4255391,0.64199984,-0.011126395,-0.17059773,0.7661822,-0.014290394,0.123395786,0.7651051,0.020959469,0.32463026,0.6054057,-0.09595564,0.18340884,0.43259814,0.033349276,-0.028221376,0.80897033,0.034973968,-0.057904705,0.99970573,0.1400604,-0.05816045,0.86297214,0.21901992,-0.026524194,0.9163338,0.2055791,-0.092518926,0.9113368,0.1936183,0.029392071,0.93949693,0.11958584,-0.121475466,0.92920405,0.09121569,-0.005011461675167084,0.28795909881591797,-0.02544836513698101
