frame,Ankle.R_x,Ankle.R_y,Ankle.R_z,Knee.R_x,Knee.R_y,Knee.R_z,Hip.R_x,Hip.R_y,Hip.R_z,Hip.L_x,Hip.L_y,Hip.L_z,Knee.L_x,Knee.L_y,Knee.L_z,Ankle.L_x,Ankle.L_y,Ankle.L_z,Wrist.R_x,Wrist.R_y,Wrist.R_z,Elbow.R_x,Elbow.R_y,Elbow.R_z,Shoulder.R_x,Shoulder.R_y,Shoulder.R_z,Shoulder.L_x,Shoulder.L_y,Shoulder.L_z,Elbow.L_x,Elbow.L_y,Elbow.L_z,Wrist.L_x,Wrist.L_y,Wrist.L_z,Neck_x,Neck_y,Neck_z,Head_x,Head_y,Head_z,Nose_x,Nose_y,Nose_z,Eye.L_x,Eye.L_y,Eye.L_z,Eye.R_x,Eye.R_y,Eye.R_z,Ear.L_x,Ear.L_y,Ear.L_z,Ear.R_x,Ear.R_y,Ear.R_z,hip.Center_x,hip.Center_y,hip.Center_z
0,-0.361222,-0.45123258,-0.1544704,-0.2802056,-0.07624455,0.07126522,-0.12625521,0.27498832,-0.048861656,0.11702159,0.2873319,-0.0025254937,0.25299495,-0.103632726,0.0269466,0.38830727,-0.47989935,-0.18821144,-0.27309668,0.38701752,0.1673688,-0.27239603,0.42049736,-0.089076,-0.20226203,0.68799996,-0.04513465,0.045327395,0.7790339,0.08459133,0.022149133,0.7926588,0.3573941,-0.23737787,0.8407795,0.35042918,-0.082841784,0.7829414,0.026760764,-0.11867108,0.9878808,0.099736884,-0.104848206,0.8663365,0.19888854,-0.07791355,0.9179684,0.17526427,-0.14412779,0.90775704,0.17069691,-0.031955235,0.93032724,0.08218722,-0.18316233,0.9074154,0.0686696,-0.0046168118715286255,0.2811601161956787,-0.02569357492029667
