frame,Ankle.R_x,Ankle.R_y,Ankle.R_z,Knee.R_x,Knee.R_y,Knee.R_z,Hip.R_x,Hip.R_y,Hip.R_z,Hip.L_x,Hip.L_y,Hip.L_z,Knee.L_x,Knee.L_y,Knee.L_z,Ankle.L_x,Ankle.L_y,Ankle.L_z,Wrist.R_x,Wrist.R_y,Wrist.R_z,Elbow.R_x,Elbow.R_y,Elbow.R_z,Shoulder.R_x,Shoulder.R_y,Shoulder.R_z,Shoulder.L_x,Shoulder.L_y,Shoulder.L_z,Elbow.L_x,Elbow.L_y,Elbow.L_z,Wrist.L_x,Wrist.L_y,Wrist.L_z,Neck_x,Neck_y,Neck_z,Head_x,Head_y,Head_z,Nose_x,Nose_y,Nose_z,Eye.L_x,Eye.L_y,Eye.L_z,Eye.R_x,Eye.R_y,Eye.R_z,Ear.L_x,Ear.L_y,Ear.L_z,Ear.R_x,Ear.R_y,Ear.R_z,hip.Center_x,hip.Center_y,hip.Center_z
0,0.011676241,-0.5687458,-0.14782253,-0.13408448,-0.14759155,-0.09840363,-0.04019835,0.2837024,-0.13963392,0.033439115,0.27385476,0.09853403,-0.075385444,-0.14883636,0.102922246,0.017375188,-0.5810901,0.0069758175,-0.21004184,0.77405804,-0.090179056,-0.20812985,0.78481984,-0.34781227,-0.03112875,0.7805869,-0.13847671,0.0129067805,0.7233018,0.13998853,0.05892386,0.45126373,0.22400165,-0.004038886,0.20040223,0.1861163,-0.028286686,0.802603,0.005521388,-0.0942424,1.0123459,0.016976256,-0.1837335,0.8987148,0.08022792,-0.14170465,0.9441961,0.091275275,-0.17763829,0.9415675,0.034216415,-0.038638346,0.94357497,0.074266985,-0.11611812,0.93626404,-0.055558078,-0.0033796168863773346,0.2787785828113556,-0.020549945533275604
