frame,Ankle.R_x,Ankle.R_y,Ankle.R_z,Knee.R_x,Knee.R_y,Knee.R_z,Hip.R_x,Hip.R_y,Hip.R_z,Hip.L_x,Hip.L_y,Hip.L_z,Knee.L_x,Knee.L_y,Knee.L_z,Ankle.L_x,Ankle.L_y,Ankle.L_z,Wrist.R_x,Wrist.R_y,Wrist.R_z,Elbow.R_x,Elbow.R_y,Elbow.R_z,Shoulder.R_x,Shoulder.R_y,Shoulder.R_z,Shoulder.L_x,Shoulder.L_y,Shoulder.L_z,Elbow.L_x,Elbow.L_y,Elbow.L_z,Wrist.L_x,Wrist.L_y,Wrist.L_z,Neck_x,Neck_y,Neck_z,Head_x,Head_y,Head_z,Nose_x,Nose_y,Nose_z,Eye.L_x,Eye.L_y,Eye.L_z,Eye.R_x,Eye.R_y,Eye.R_z,Ear.L_x,Ear.L_y,Ear.L_z,Ear.R_x,Ear.R_y,Ear.R_z,hip.Center_x,hip.Center_y,hip.Center_z
0,-0.053042192,-0.5413628,-0.23363648,-0.08185814,-0.15511514,-0.03535077,-0.12485239,0.2756347,-0.010999019,0.11531294,0.27828762,-0.008775645,0.079671234,-0.14875965,-0.04463735,0.06350535,-0.5419359,-0.23596767,-0.5977295,0.68431526,0.16097091,-0.4250467,0.6563311,-0.024169076,-0.1675707,0.7570476,-0.0015819287,0.11279699,0.77106845,0.0093570715,0.36729512,0.66895247,-0.03214621,0.5179369,0.67500085,0.1676707,-0.031552557,0.8068331,0.037683256,-0.0540031,0.9957725,0.15421341,-0.035406437,0.8569108,0.22525029,-0.009093123,0.91200984,0.21016613,-0.07522556,0.9035312,0.20846017,0.029239487,0.9423704,0.11796309,-0.12050781,0.9239111,0.11345288,-0.004769723862409592,0.27696114778518677,-0.0098873320966959
