frame,Ankle.R_x,Ankle.R_y,Ankle.R_z,Knee.R_x,Knee.R_y,Knee.R_z,Hip.R_x,Hip.R_y,Hip.R_z,Hip.L_x,Hip.L_y,Hip.L_z,Knee.L_x,Knee.L_y,Knee.L_z,Ankle.L_x,Ankle.L_y,Ankle.L_z,Wrist.R_x,Wrist.R_y,Wrist.R_z,Elbow.R_x,Elbow.R_y,Elbow.R_z,Shoulder.R_x,Shoulder.R_y,Shoulder.R_z,Shoulder.L_x,Shoulder.L_y,Shoulder.L_z,Elbow.L_x,Elbow.L_y,Elbow.L_z,Wrist.L_x,Wrist.L_y,Wrist.L_z,Neck_x,Neck_y,Neck_z,Head_x,Head_y,Head_z,Nose_x,Nose_y,Nose_z,Eye.L_x,Eye.L_y,Eye.L_z,Eye.R_x,Eye.R_y,Eye.R_z,Ear.L_x,Ear.L_y,Ear.L_z,Ear.R_x,Ear.R_y,Ear.R_z,hip.Center_x,hip.Center_y,hip.Center_z
0,-0.042625483,-0.54206854,-0.27394134,-0.083734706,-0.15680027,-0.07219473,-0.120416224,0.26901865,-0.051174764,0.106577024,0.28173003,0.03301301,0.068503834,-0.14698659,-0.028715545,0.06757961,-0.5440953,-0.2118808,-0.6903199,0.49558845,-0.08769119,-0.4881057,0.6395699,-0.16017751,-0.24321803,0.72164375,-0.050594755,0.008915061,0.7853857,0.041060112,0.27269316,0.70956075,-0.0048254384,0.37246144,0.50520587,0.09938358,-0.14411446,0.78896016,0.023455994,-0.25108314,0.9673744,0.08908286,-0.2790744,0.8287977,0.15981194,-0.2539057,0.8865311,0.16555104,-0.29846615,0.87270975,0.11745578,-0.16240689,0.92061377,0.12606144,-0.26357508,0.8915367,0.019469194,-0.006919600069522858,0.2753743529319763,-0.009080877527594566
