frame,Ankle.R_x,Ankle.R_y,Ankle.R_z,Knee.R_x,Knee.R_y,Knee.R_z,Hip.R_x,Hip.R_y,Hip.R_z,Hip.L_x,Hip.L_y,Hip.L_z,Knee.L_x,Knee.L_y,Knee.L_z,Ankle.L_x,Ankle.L_y,Ankle.L_z,Wrist.R_x,Wrist.R_y,Wrist.R_z,Elbow.R_x,Elbow.R_y,Elbow.R_z,Shoulder.R_x,Shoulder.R_y,Shoulder.R_z,Shoulder.L_x,Shoulder.L_y,Shoulder.L_z,Elbow.L_x,Elbow.L_y,Elbow.L_z,Wrist.L_x,Wrist.L_y,Wrist.L_z,Neck_x,Neck_y,Neck_z,Head_x,Head_y,Head_z,Nose_x,Nose_y,Nose_z,Eye.L_x,Eye.L_y,Eye.L_z,Eye.R_x,Eye.R_y,Eye.R_z,Ear.L_x,Ear.L_y,Ear.L_z,Ear.R_x,Ear.R_y,Ear.R_z,hip.Center_x,hip.Center_y,hip.Center_z
0,-0.30617386,-0.49765456,-0.17654152,-0.24828474,-0.10120267,0.016263943,-0.12553065,0.2977363,-0.024181878,0.11809477,0.29003137,-0.01876306,0.20214373,-0.11999864,-0.035570867,0.25290418,-0.51933706,-0.23830935,-0.39496025,0.5728492,0.08255451,-0.38434416,0.7059778,-0.14034495,-0.14487436,0.79228956,-0.016126284,0.14082712,0.79617906,0.0006012935,0.380885,0.71141493,-0.1204157,0.44135508,0.5257265,0.046635725,-0.0002671713,0.83164746,0.033528015,0.009056499,1.0212092,0.14642699,0.045468785,0.88445246,0.21946976,0.06674145,0.9383687,0.19224438,0.002460923,0.93248653,0.2111848,0.07857439,0.9611777,0.09090874,-0.07121481,0.9486561,0.13090417,-0.0037179365754127502,0.2938838303089142,-0.021472468972206116
