frame,Ankle.R_x,Ankle.R_y,Ankle.R_z,Knee.R_x,Knee.R_y,Knee.R_z,Hip.R_x,Hip.R_y,Hip.R_z,Hip.L_x,Hip.L_y,Hip.L_z,Knee.L_x,Knee.L_y,Knee.L_z,Ankle.L_x,Ankle.L_y,Ankle.L_z,Wrist.R_x,Wrist.R_y,Wrist.R_z,Elbow.R_x,Elbow.R_y,Elbow.R_z,Shoulder.R_x,Shoulder.R_y,Shoulder.R_z,Shoulder.L_x,Shoulder.L_y,Shoulder.L_z,Elbow.L_x,Elbow.L_y,Elbow.L_z,Wrist.L_x,Wrist.L_y,Wrist.L_z,Neck_x,Neck_y,Neck_z,Head_x,Head_y,Head_z,Nose_x,Nose_y,Nose_z,Eye.L_x,Eye.L_y,Eye.L_z,Eye.R_x,Eye.R_y,Eye.R_z,Ear.L_x,Ear.L_y,Ear.L_z,Ear.R_x,Ear.R_y,Ear.R_z,hip.Center_x,hip.Center_y,hip.Center_z
0,-0.350889,-0.5048928,-0.066225655,-0.25325134,-0.085680604,0.028563406,-0.10948169,0.28593686,-0.07865392,0.09810881,0.2862998,0.044425543,0.20625673,-0.11232273,-0.013545314,0.40585375,-0.490907,-0.13760422,-0.15834041,0.265649,-0.09535168,-0.14710402,0.4976882,-0.21960199,-0.14419273,0.74841034,-0.15304555,0.07030148,0.7991605,0.018037999,0.19353122,0.5805554,0.09740406,0.060834207,0.41836908,0.24751233,-0.05365779,0.8250949,-0.048508503,-0.0889487,1.0308276,-0.011706455,-0.07229458,0.93093246,0.1123832,-0.045790095,0.97535205,0.075490005,-0.1124437,0.96719754,0.07770227,-0.006558731,0.9655624,-0.020076096,-0.15824158,0.94605434,-0.019015923,-0.005686439573764801,0.2861183285713196,-0.0171141866594553
