frame,Ankle.R_x,Ankle.R_y,Ankle.R_z,Knee.R_x,Knee.R_y,Knee.R_z,Hip.R_x,Hip.R_y,Hip.R_z,Hip.L_x,Hip.L_y,Hip.L_z,Knee.L_x,Knee.L_y,Knee.L_z,Ankle.L_x,Ankle.L_y,Ankle.L_z,Wrist.R_x,Wrist.R_y,Wrist.R_z,Elbow.R_x,Elbow.R_y,Elbow.R_z,Shoulder.R_x,Shoulder.R_y,Shoulder.R_z,Shoulder.L_x,Shoulder.L_y,Shoulder.L_z,Elbow.L_x,Elbow.L_y,Elbow.L_z,Wrist.L_x,Wrist.L_y,Wrist.L_z,Neck_x,Neck_y,Neck_z,Head_x,Head_y,Head_z,Nose_x,Nose_y,Nose_z,Eye.L_x,Eye.L_y,Eye.L_z,Eye.R_x,Eye.R_y,Eye.R_z,Ear.L_x,Ear.L_y,Ear.L_z,Ear.R_x,Ear.R_y,Ear.R_z,hip.Center_x,hip.Center_y,hip.Center_z
0,0.068628415,-0.52731454,-0.25008613,-0.07661712,-0.14904144,-0.08053451,-0.09401072,0.28510892,-0.105005674,0.077792816,0.28443325,0.07276348,-0.0010577289,-0.14031887,0.0731787,0.08927836,-0.5489866,-0.063735075,-0.23255277,0.47376838,0.030966366,-0.20469578,0.49757916,-0.21942785,-0.16356696,0.7433664,-0.100165516,0.06343113,0.7636248,0.09602839,0.23086104,0.5387443,0.079567686,0.13901447,0.30287313,0.10237656,-0.06771679,0.81767344,0.021061238,-0.07439136,1.0351098,0.04393695,-0.11172961,0.94773257,0.1721159,-0.06680792,0.9823955,0.14219126,-0.13256525,0.9875608,0.12684995,-0.0073385388,0.95482147,0.061083097,-0.1543125,0.9658176,0.022273585,-0.008108951151371002,0.2847710847854614,-0.016121096909046173
