frame,Ankle.R_x,Ankle.R_y,Ankle.R_z,Knee.R_x,Knee.R_y,Knee.R_z,Hip.R_x,Hip.R_y,Hip.R_z,Hip.L_x,Hip.L_y,Hip.L_z,Knee.L_x,Knee.L_y,Knee.L_z,Ankle.L_x,Ankle.L_y,Ankle.L_z,Wrist.R_x,Wrist.R_y,Wrist.R_z,Elbow.R_x,Elbow.R_y,Elbow.R_z,Shoulder.R_x,Shoulder.R_y,Shoulder.R_z,Shoulder.L_x,Shoulder.L_y,Shoulder.L_z,Elbow.L_x,Elbow.L_y,Elbow.L_z,Wrist.L_x,Wrist.L_y,Wrist.L_z,Neck_x,Neck_y,Neck_z,Head_x,Head_y,Head_z,Nose_x,Nose_y,Nose_z,Eye.L_x,Eye.L_y,Eye.L_z,Eye.R_x,Eye.R_y,Eye.R_z,Ear.L_x,Ear.L_y,Ear.L_z,Ear.R_x,Ear.R_y,Ear.R_z,hip.Center_x,hip.Center_y,hip.Center_z
0,-0.28181753,-0.5005083,-0.17299747,-0.25255597,-0.09820996,0.014182087,-0.12411207,0.29028678,-0.05093784,0.11402797,0.29436597,0.005973183,0.24288231,-0.09609488,-0.010603056,0.40909472,-0.49010408,-0.15436763,-0.29274234,0.5991505,0.064018905,-0.38571835,0.6520891,-0.17153609,-0.16947989,0.77791727,-0.04705921,0.10772959,0.7919792,0.03952585,0.34612653,0.6641406,-0.026379623,0.16794899,0.49171364,0.036975518,-0.040037856,0.8238126,0.030689847,-0.07568967,1.0129813,0.13532151,-0.05231401,0.8792932,0.2180915,-0.027910195,0.934777,0.19768408,-0.09419203,0.9237961,0.19692186,0.011778272,0.95835453,0.10371974,-0.14080936,0.9351251,0.09875944,-0.0050420500338077545,0.2923263907432556,-0.02248232811689377
