frame,Ankle.R_x,Ankle.R_y,Ankle.R_z,Knee.R_x,Knee.R_y,Knee.R_z,Hip.R_x,Hip.R_y,Hip.R_z,Hip.L_x,Hip.L_y,Hip.L_z,Knee.L_x,Knee.L_y,Knee.L_z,Ankle.L_x,Ankle.L_y,Ankle.L_z,Wrist.R_x,Wrist.R_y,Wrist.R_z,Elbow.R_x,Elbow.R_y,Elbow.R_z,Shoulder.R_x,Shoulder.R_y,Shoulder.R_z,Shoulder.L_x,Shoulder.L_y,Shoulder.L_z,Elbow.L_x,Elbow.L_y,Elbow.L_z,Wrist.L_x,Wrist.L_y,Wrist.L_z,Neck_x,Neck_y,Neck_z,Head_x,Head_y,Head_z,Nose_x,Nose_y,Nose_z,Eye.L_x,Eye.L_y,Eye.L_z,Eye.R_x,Eye.R_y,Eye.R_z,Ear.L_x,Ear.L_y,Ear.L_z,Ear.R_x,Ear.R_y,Ear.R_z,hip.Center_x,hip.Center_y,hip.Center_z
0,0.081884414,-0.55933297,-0.2019861,-0.069532454,-0.1570403,-0.08651145,-0.08265191,0.28236791,-0.116798624,0.0679487,0.2766429,0.08068455,-0.05806955,-0.1394794,0.11084972,0.09604305,-0.5359421,-0.024187688,-0.24346119,0.7151444,0.046605885,-0.34856552,0.6122476,-0.16091225,-0.12294288,0.7607038,-0.101640165,0.09211493,0.72873044,0.09633073,0.20588256,0.4733599,0.06559229,0.06406754,0.26856217,0.11137359,-0.03213305,0.8029059,0.015355932,-0.09867339,1.0118347,0.059278425,-0.17222902,0.8892056,0.12514187,-0.13238409,0.93729985,0.13451171,-0.1735247,0.9348573,0.08117017,-0.031007692,0.9446645,0.10696992,-0.12275347,0.93881327,-0.012954939,-0.007351607084274292,0.2795054018497467,-0.01805703714489937
