frame,Ankle.R_x,Ankle.R_y,Ankle.R_z,Knee.R_x,Knee.R_y,Knee.R_z,Hip.R_x,Hip.R_y,Hip.R_z,Hip.L_x,Hip.L_y,Hip.L_z,Knee.L_x,Knee.L_y,Knee.L_z,Ankle.L_x,Ankle.L_y,Ankle.L_z,Wrist.R_x,Wrist.R_y,Wrist.R_z,Elbow.R_x,Elbow.R_y,Elbow.R_z,Shoulder.R_x,Shoulder.R_y,Shoulder.R_z,Shoulder.L_x,Shoulder.L_y,Shoulder.L_z,Elbow.L_x,Elbow.L_y,Elbow.L_z,Wrist.L_x,Wrist.L_y,Wrist.L_z,Neck_x,Neck_y,Neck_z,Head_x,Head_y,Head_z,Nose_x,Nose_y,Nose_z,Eye.L_x,Eye.L_y,Eye.L_z,Eye.R_x,Eye.R_y,Eye.R_z,Ear.L_x,Ear.L_y,Ear.L_z,Ear.R_x,Ear.R_y,Ear.R_z,hip.Center_x,hip.Center_y,hip.Center_z
0,-0.32677358,-0.5205486,-0.18416157,-0.24118225,-0.124210045,0.001302306,-0.12441483,0.2759881,0.0013966251,0.115687616,0.27796844,-0.04464273,0.25220165,-0.106673665,0.009021469,0.3151776,-0.5281271,-0.13651957,0.16985191,0.7154104,0.33345324,-0.09463523,0.7009696,0.3161184,-0.12494472,0.7490919,0.05270969,0.13051166,0.7510139,-0.032844365,0.30283177,0.6579971,0.15382218,0.08756561,0.6329015,0.2961754,-0.0008232016,0.78909457,0.008887116,0.027487027,0.97496736,0.119006716,0.06435031,0.8324877,0.16778763,0.08570404,0.8868466,0.14715251,0.023726244,0.8808688,0.17078568,0.08691746,0.9225069,0.049453393,-0.053946793,0.9095243,0.10254042,-0.004363607615232468,0.2769782543182373,-0.021623052656650543
