frame,Ankle.R_x,Ankle.R_y,Ankle.R_z,Knee.R_x,Knee.R_y,Knee.R_z,Hip.R_x,Hip.R_y,Hip.R_z,Hip.L_x,Hip.L_y,Hip.L_z,Knee.L_x,Knee.L_y,Knee.L_z,Ankle.L_x,Ankle.L_y,Ankle.L_z,Wrist.R_x,Wrist.R_y,Wrist.R_z,Elbow.R_x,Elbow.R_y,Elbow.R_z,Shoulder.R_x,Shoulder.R_y,Shoulder.R_z,Shoulder.L_x,Shoulder.L_y,Shoulder.L_z,Elbow.L_x,Elbow.L_y,Elbow.L_z,Wrist.L_x,Wrist.L_y,Wrist.L_z,Neck_x,Neck_y,Neck_z,Head_x,Head_y,Head_z,Nose_x,Nose_y,Nose_z,Eye.L_x,Eye.L_y,Eye.L_z,Eye.R_x,Eye.R_y,Eye.R_z,Ear.L_x,Ear.L_y,Ear.L_z,Ear.R_x,Ear.R_y,Ear.R_z,hip.Center_x,hip.Center_y,hip.Center_z
0,-0.37930483,-0.4732834,-0.25857025,-0.26824883,-0.09655739,-0.03402779,-0.122970074,0.29133904,-0.047231853,0.11399263,0.2874804,0.010166296,0.24897297,-0.10285197,0.006620751,0.43682563,-0.48884314,-0.1520131,-0.23366226,0.27630574,0.08404843,-0.22387409,0.467881,-0.098689124,-0.17936039,0.7345229,-0.028309787,0.111114025,0.7678263,0.048477117,0.23368472,0.5225342,0.082007185,0.08296867,0.6537334,0.23975596,-0.042978138,0.8137393,0.036700007,-0.06465292,1.0257996,0.10109197,-0.08055074,0.90767086,0.20668378,-0.044767007,0.9560729,0.18520188,-0.10984494,0.95204574,0.1688536,0.018180024,0.95689636,0.100944795,-0.13017902,0.94980955,0.063317716,-0.004488721489906311,0.28940972685813904,-0.018532779067754745
