frame,Ankle.R_x,Ankle.R_y,Ankle.R_z,Knee.R_x,Knee.R_y,Knee.R_z,Hip.R_x,Hip.R_y,Hip.R_z,Hip.L_x,Hip.L_y,Hip.L_z,Knee.L_x,Knee.L_y,Knee.L_z,Ankle.L_x,Ankle.L_y,Ankle.L_z,Wrist.R_x,Wrist.R_y,Wrist.R_z,Elbow.R_x,Elbow.R_y,Elbow.R_z,Shoulder.R_x,Shoulder.R_y,Shoulder.R_z,Shoulder.L_x,Shoulder.L_y,Shoulder.L_z,Elbow.L_x,Elbow.L_y,Elbow.L_z,Wrist.L_x,Wrist.L_y,Wrist.L_z,Neck_x,Neck_y,Neck_z,Head_x,Head_y,Head_z,Nose_x,Nose_y,Nose_z,Eye.L_x,Eye.L_y,Eye.L_z,Eye.R_x,Eye.R_y,Eye.R_z,Ear.L_x,Ear.L_y,Ear.L_z,Ear.R_x,Ear.R_y,Ear.R_z,hip.Center_x,hip.Center_y,hip.Center_z
0,-0.36754227,-0.4914835,-0.1827096,-0.27076328,-0.09732562,0.0016589905,-0.1173846,0.27694038,-0.07034862,0.11152098,0.27421853,0.025505772,0.205628,-0.13142417,0.03436415,0.36157906,-0.5279321,-0.116408154,-0.23870051,0.64710265,0.07335647,-0.39332217,0.63511467,-0.13108303,-0.15853688,0.74610263,-0.058826454,0.053171158,0.7611134,0.10333404,0.042932265,0.6660821,0.35833454,-0.20530644,0.6910737,0.30108607,-0.055947173,0.78534055,0.032732517,-0.11737536,0.9613936,0.13031814,-0.078977846,0.83191407,0.21249625,-0.061272454,0.8886279,0.19366546,-0.12536661,0.8698243,0.19294572,-0.026880465,0.9184368,0.10084545,-0.17252453,0.8758968,0.094200075,-0.002931807190179825,0.27557945251464844,-0.022421423345804214
