frame,Ankle.R_x,Ankle.R_y,Ankle.R_z,Knee.R_x,Knee.R_y,Knee.R_z,Hip.R_x,Hip.R_y,Hip.R_z,Hip.L_x,Hip.L_y,Hip.L_z,Knee.L_x,Knee.L_y,Knee.L_z,Ankle.L_x,Ankle.L_y,Ankle.L_z,Wrist.R_x,Wrist.R_y,Wrist.R_z,Elbow.R_x,Elbow.R_y,Elbow.R_z,Shoulder.R_x,Shoulder.R_y,Shoulder.R_z,Shoulder.L_x,Shoulder.L_y,Shoulder.L_z,Elbow.L_x,Elbow.L_y,Elbow.L_z,Wrist.L_x,Wrist.L_y,Wrist.L_z,Neck_x,Neck_y,Neck_z,Head_x,Head_y,Head_z,Nose_x,Nose_y,Nose_z,Eye.L_x,Eye.L_y,Eye.L_z,Eye.R_x,Eye.R_y,Eye.R_z,Ear.L_x,Ear.L_y,Ear.L_z,Ear.R_x,Ear.R_y,Ear.R_z,hip.Center_x,hip.Center_y,hip.Center_z
0,-0.17963257,-0.54017055,-0.11656453,-0.06680463,-0.16831392,0.09820022,-0.09044024,0.26738772,0.06852998,0.07632295,0.27637458,-0.110979445,0.2910734,-0.054558612,0.031574886,0.17759386,-0.46438405,-0.093107775,0.48131546,0.8976253,0.12534188,0.23879644,0.85102105,0.22502811,0.010528522,0.7611977,0.101881966,0.044905245,0.6936079,-0.15977792,-0.03527927,0.46242028,-0.2889806,0.09289221,0.25856018,-0.20766379,0.042420756,0.7714244,-0.015024734,0.101180844,0.96528226,0.06091711,0.12227164,0.83180296,0.13503474,0.15013495,0.8797684,0.10800488,0.086175196,0.88319695,0.12619402,0.16127065,0.8976241,0.004825324,0.019613717,0.9049808,0.049675226,-0.007058646529912949,0.2718811631202698,-0.0212247334420681
