frame,Ankle.R_x,Ankle.R_y,Ankle.R_z,Knee.R_x,Knee.R_y,Knee.R_z,Hip.R_x,Hip.R_y,Hip.R_z,Hip.L_x,Hip.L_y,Hip.L_z,Knee.L_x,Knee.L_y,Knee.L_z,Ankle.L_x,Ankle.L_y,Ankle.L_z,Wrist.R_x,Wrist.R_y,Wrist.R_z,Elbow.R_x,Elbow.R_y,Elbow.R_z,Shoulder.R_x,Shoulder.R_y,Shoulder.R_z,Shoulder.L_x,Shoulder.L_y,Shoulder.L_z,Elbow.L_x,Elbow.L_y,Elbow.L_z,Wrist.L_x,Wrist.L_y,Wrist.L_z,Neck_x,Neck_y,Neck_z,Head_x,Head_y,Head_z,Nose_x,Nose_y,Nose_z,Eye.L_x,Eye.L_y,Eye.L_z,Eye.R_x,Eye.R_y,Eye.R_z,Ear.L_x,Ear.L_y,Ear.L_z,Ear.R_x,Ear.R_y,Ear.R_z,hip.Center_x,hip.Center_y,hip.Center_z
0,-0.17711021,-0.49157485,-0.0053872704,-0.28021222,-0.07292008,0.08688121,-0.11433271,0.2880183,-0.07413528,0.11483678,0.26749974,0.018048074,0.0721635,-0.14888011,0.121356264,0.093321234,-0.558778,-0.059846245,-0.12906082,0.37783682,0.08227323,-0.21058904,0.5207228,-0.11880344,-0.11356853,0.75262415,-0.038689747,0.14991781,0.7444616,0.069294736,0.118787214,0.6001791,0.28336775,-0.015899163,0.812901,0.24512947,0.016318887,0.7953454,0.027707798,-0.041242436,0.985503,0.09855198,-0.067537665,0.8542911,0.1819666,-0.036041528,0.9081907,0.17887029,-0.09078193,0.8975685,0.14154431,0.04875794,0.9303676,0.12038134,-0.07614723,0.9074516,0.036884576,0.0002520345151424408,0.27775901556015015,-0.028043603524565697
