frame,Ankle.R_x,Ankle.R_y,Ankle.R_z,Knee.R_x,Knee.R_y,Knee.R_z,Hip.R_x,Hip.R_y,Hip.R_z,Hip.L_x,Hip.L_y,Hip.L_z,Knee.L_x,Knee.L_y,Knee.L_z,Ankle.L_x,Ankle.L_y,Ankle.L_z,Wrist.R_x,Wrist.R_y,Wrist.R_z,Elbow.R_x,Elbow.R_y,Elbow.R_z,Shoulder.R_x,Shoulder.R_y,Shoulder.R_z,Shoulder.L_x,Shoulder.L_y,Shoulder.L_z,Elbow.L_x,Elbow.L_y,Elbow.L_z,Wrist.L_x,Wrist.L_y,Wrist.L_z,Neck_x,Neck_y,Neck_z,Head_x,Head_y,Head_z,Nose_x,Nose_y,Nose_z,Eye.L_x,Eye.L_y,Eye.L_z,Eye.R_x,Eye.R_y,Eye.R_z,Ear.L_x,Ear.L_y,Ear.L_z,Ear.R_x,Ear.R_y,Ear.R_z,hip.Center_x,hip.Center_y,hip.Center_z
0,-0.2459972,-0.51181066,-0.09986585,-0.26182944,-0.09387584,0.06825374,-0.12638026,0.2881651,-0.050486024,0.116763584,0.29089758,-0.0066623483,0.26376128,-0.092075154,0.03472477,0.40512544,-0.49340603,-0.1397829,-0.25811657,0.60684955,0.11159714,-0.35881722,0.6236366,-0.129448,-0.15158781,0.77500194,-0.01619618,0.13576093,0.7623518,0.03606832,0.29388756,0.60267085,-0.12855405,0.17303419,0.42861968,0.020290151,-0.011145333,0.8094635,0.05169554,-0.029400036,0.9936467,0.16494954,-0.031547323,0.8548105,0.24173763,0.0017751171,0.90726864,0.22712427,-0.06516721,0.9052096,0.21903072,0.054066446,0.93034196,0.13905796,-0.09907725,0.92620176,0.118100554,-0.004808340221643448,0.2895313501358032,-0.02857418730854988
