frame,Ankle.R_x,Ankle.R_y,Ankle.R_z,Knee.R_x,Knee.R_y,Knee.R_z,Hip.R_x,Hip.R_y,Hip.R_z,Hip.L_x,Hip.L_y,Hip.L_z,Knee.L_x,Knee.L_y,Knee.L_z,Ankle.L_x,Ankle.L_y,Ankle.L_z,Wrist.R_x,Wrist.R_y,Wrist.R_z,Elbow.R_x,Elbow.R_y,Elbow.R_z,Shoulder.R_x,Shoulder.R_y,Shoulder.R_z,Shoulder.L_x,Shoulder.L_y,Shoulder.L_z,Elbow.L_x,Elbow.L_y,Elbow.L_z,Wrist.L_x,Wrist.L_y,Wrist.L_z,Neck_x,Neck_y,Neck_z,Head_x,Head_y,Head_z,Nose_x,Nose_y,Nose_z,Eye.L_x,Eye.L_y,Eye.L_z,Eye.R_x,Eye.R_y,Eye.R_z,Ear.L_x,Ear.L_y,Ear.L_z,Ear.R_x,Ear.R_y,Ear.R_z,hip.Center_x,hip.Center_y,hip.Center_z
0,-0.20080163,-0.4735328,-0.17787212,-0.26473892,-0.0770956,-0.014500037,-0.08508153,0.26600444,-0.11703892,0.071539335,0.28393364,0.07254972,0.24518931,-0.08937192,0.06002013,0.51937497,-0.41751993,-0.062387057,-0.25425753,0.53994006,-0.4026129,-0.023831356,0.637421,-0.41481006,-0.102521814,0.7313067,-0.16163062,-0.018244935,0.7745455,0.08787299,0.111054674,0.8585892,0.31682253,-0.08380401,0.94564664,0.4498574,-0.091616854,0.78842545,-0.0240502,-0.1310531,0.9939732,0.0015639648,-0.2370018,0.89616024,0.06650077,-0.19007692,0.9359412,0.076564535,-0.22538693,0.9373364,0.019947551,-0.08909549,0.9193362,0.060808413,-0.16562301,0.92251694,-0.06892371,-0.00677109882235527,0.27496904134750366,-0.02224459871649742
