frame,Ankle.R_x,Ankle.R_y,Ankle.R_z,Knee.R_x,Knee.R_y,Knee.R_z,Hip.R_x,Hip.R_y,Hip.R_z,Hip.L_x,Hip.L_y,Hip.L_z,Knee.L_x,Knee.L_y,Knee.L_z,Ankle.L_x,Ankle.L_y,Ankle.L_z,Wrist.R_x,Wrist.R_y,Wrist.R_z,Elbow.R_x,Elbow.R_y,Elbow.R_z,Shoulder.R_x,Shoulder.R_y,Shoulder.R_z,Shoulder.L_x,Shoulder.L_y,Shoulder.L_z,Elbow.L_x,Elbow.L_y,Elbow.L_z,Wrist.L_x,Wrist.L_y,Wrist.L_z,Neck_x,Neck_y,Neck_z,Head_x,Head_y,Head_z,Nose_x,Nose_y,Nose_z,Eye.L_x,Eye.L_y,Eye.L_z,Eye.R_x,Eye.R_y,Eye.R_z,Ear.L_x,Ear.L_y,Ear.L_z,Ear.R_x,Ear.R_y,Ear.R_z,hip.Center_x,hip.Center_y,hip.Center_z
0,0.0034656364,-0.55381435,-0.16857615,-0.13621895,-0.1426284,-0.079280496,-0.05350574,0.2844501,-0.134504,0.045794614,0.2783212,0.094461985,-0.07519133,-0.14013556,0.09744929,0.063631654,-0.5507237,-0.003412914,-0.21611878,0.6200135,-0.12680049,-0.08232227,0.520525,-0.3144074,-0.075335294,0.7455753,-0.14991075,0.031016983,0.7330723,0.13140398,0.14727354,0.4777539,0.17593473,0.013152526,0.26081175,0.17805092,-0.047979765,0.80292845,0.007994553,-0.08508608,1.0169165,0.041753504,-0.15433714,0.91214406,0.13854405,-0.10609062,0.9527625,0.13048539,-0.16251913,0.95562017,0.093439855,-0.0202028,0.94067967,0.073631145,-0.14433661,0.9457859,-0.013544217,-0.003855563700199127,0.2813856601715088,-0.02002101019024849
