frame,Ankle.R_x,Ankle.R_y,Ankle.R_z,Knee.R_x,Knee.R_y,Knee.R_z,Hip.R_x,Hip.R_y,Hip.R_z,Hip.L_x,Hip.L_y,Hip.L_z,Knee.L_x,Knee.L_y,Knee.L_z,Ankle.L_x,Ankle.L_y,Ankle.L_z,Wrist.R_x,Wrist.R_y,Wrist.R_z,Elbow.R_x,Elbow.R_y,Elbow.R_z,Shoulder.R_x,Shoulder.R_y,Shoulder.R_z,Shoulder.L_x,Shoulder.L_y,Shoulder.L_z,Elbow.L_x,Elbow.L_y,Elbow.L_z,Wrist.L_x,Wrist.L_y,Wrist.L_z,Neck_x,Neck_y,Neck_z,Head_x,Head_y,Head_z,Nose_x,Nose_y,Nose_z,Eye.L_x,Eye.L_y,Eye.L_z,Eye.R_x,Eye.R_y,Eye.R_z,Ear.L_x,Ear.L_y,Ear.L_z,Ear.R_x,Ear.R_y,Ear.R_z,hip.Center_x,hip.Center_y,hip.Center_z
0,-0.05401535,-0.54544526,-0.21898864,-0.088144615,-0.15574922,-0.023956755,-0.12585247,0.27622736,-0.019422,0.11465846,0.2847793,-0.004811723,0.09697059,-0.14624982,-0.013895972,0.09821587,-0.54809666,-0.19234385,-0.62540364,0.63393515,0.13417688,-0.44080833,0.64656353,-0.04562107,-0.18690231,0.75770247,-0.015146578,0.09451551,0.77858514,-0.0010800054,0.34003887,0.66179204,-0.064048156,0.539734,0.6212238,0.08791705,-0.050915577,0.81184363,0.02740471,-0.0687572,1.003481,0.14056724,-0.045011744,0.8667314,0.21559423,-0.019887531,0.9211696,0.19610274,-0.08611019,0.9130355,0.19995774,0.0112561695,0.94790566,0.10001987,-0.13946426,0.92993784,0.107491136,-0.005597002804279327,0.2805033326148987,-0.012116861529648304
