frame,Ankle.R_x,Ankle.R_y,Ankle.R_z,Knee.R_x,Knee.R_y,Knee.R_z,Hip.R_x,Hip.R_y,Hip.R_z,Hip.L_x,Hip.L_y,Hip.L_z,Knee.L_x,Knee.L_y,Knee.L_z,Ankle.L_x,Ankle.L_y,Ankle.L_z,Wrist.R_x,Wrist.R_y,Wrist.R_z,Elbow.R_x,Elbow.R_y,Elbow.R_z,Shoulder.R_x,Shoulder.R_y,Shoulder.R_z,Shoulder.L_x,Shoulder.L_y,Shoulder.L_z,Elbow.L_x,Elbow.L_y,Elbow.L_z,Wrist.L_x,Wrist.L_y,Wrist.L_z,Neck_x,Neck_y,Neck_z,Head_x,Head_y,Head_z,Nose_x,Nose_y,Nose_z,Eye.L_x,Eye.L_y,Eye.L_z,Eye.R_x,Eye.R_y,Eye.R_z,Ear.L_x,Ear.L_y,Ear.L_z,Ear.R_x,Ear.R_y,Ear.R_z,hip.Center_x,hip.Center_y,hip.Center_z
0,-0.46874613,-0.47692668,-0.08297385,-0.24960615,-0.104419746,0.045496434,-0.111023344,0.29210573,0.03485239,0.10572537,0.27822867,-0.0852052,0.28275207,-0.07498946,0.035456162,0.1665559,-0.47434348,-0.13323136,-0.28800422,0.9106093,0.31362206,-0.34337193,0.70914614,0.16613305,-0.09366819,0.76997256,0.029479869,0.1458467,0.7181989,-0.14312899,0.1648262,0.47291154,-0.29132324,0.2805307,0.33626398,-0.10862944,0.04953648,0.8024696,-0.037011214,0.07660528,1.0182956,0.00042980234,0.16263083,0.91609955,0.08536389,0.16258155,0.95874107,0.03848783,0.1127332,0.95677245,0.0838284,0.12827943,0.9468214,-0.05949195,0.013933439,0.94294775,0.041535556,-0.0026489868760108948,0.28516721725463867,-0.025176404044032097
