frame,Ankle.R_x,Ankle.R_y,Ankle.R_z,Knee.R_x,Knee.R_y,Knee.R_z,Hip.R_x,Hip.R_y,Hip.R_z,Hip.L_x,Hip.L_y,Hip.L_z,Knee.L_x,Knee.L_y,Knee.L_z,Ankle.L_x,Ankle.L_y,Ankle.L_z,Wrist.R_x,Wrist.R_y,Wrist.R_z,Elbow.R_x,Elbow.R_y,Elbow.R_z,Shoulder.R_x,Shoulder.R_y,Shoulder.R_z,Shoulder.L_x,Shoulder.L_y,Shoulder.L_z,Elbow.L_x,Elbow.L_y,Elbow.L_z,Wrist.L_x,Wrist.L_y,Wrist.L_z,Neck_x,Neck_y,Neck_z,Head_x,Head_y,Head_z,Nose_x,Nose_y,Nose_z,Eye.L_x,Eye.L_y,Eye.L_z,Eye.R_x,Eye.R_y,Eye.R_z,Ear.L_x,Ear.L_y,Ear.L_z,Ear.R_x,Ear.R_y,Ear.R_z,hip.Center_x,hip.Center_y,hip.Center_z
0,-0.051959667,-0.57793134,-0.19073291,-0.105192944,-0.16314335,-0.052308057,-0.11577912,0.26894712,-0.070174694,0.10226729,0.26801014,0.041901533,0.06019102,-0.16254926,0.030222034,0.09011223,-0.5824579,-0.107290424,-0.61110085,0.75715744,-0.093687095,-0.38537002,0.74974614,-0.22111653,-0.15025981,0.74873173,-0.07480155,0.06631915,0.7691551,0.06469268,0.286947,0.7893263,0.22583966,0.26012802,0.8407396,0.47444052,-0.06320792,0.7854093,0.017549297,-0.16100258,0.9561447,0.10753747,-0.18627477,0.8107113,0.16073897,-0.16048728,0.8657112,0.17246245,-0.2077778,0.85875404,0.12615678,-0.072537854,0.9051733,0.13223195,-0.17941675,0.8902774,0.028535508,-0.00675591453909874,0.2684786319732666,-0.014136580750346184
