frame,Ankle.R_x,Ankle.R_y,Ankle.R_z,Knee.R_x,Knee.R_y,Knee.R_z,Hip.R_x,Hip.R_y,Hip.R_z,Hip.L_x,Hip.L_y,Hip.L_z,Knee.L_x,Knee.L_y,Knee.L_z,Ankle.L_x,Ankle.L_y,Ankle.L_z,Wrist.R_x,Wrist.R_y,Wrist.R_z,Elbow.R_x,Elbow.R_y,Elbow.R_z,Shoulder.R_x,Shoulder.R_y,Shoulder.R_z,Shoulder.L_x,Shoulder.L_y,Shoulder.L_z,Elbow.L_x,Elbow.L_y,Elbow.L_z,Wrist.L_x,Wrist.L_y,Wrist.L_z,Neck_x,Neck_y,Neck_z,Head_x,Head_y,Head_z,Nose_x,Nose_y,Nose_z,Eye.L_x,Eye.L_y,Eye.L_z,Eye.R_x,Eye.R_y,Eye.R_z,Ear.L_x,Ear.L_y,Ear.L_z,Ear.R_x,Ear.R_y,Ear.R_z,hip.Center_x,hip.Center_y,hip.Center_z
0,-0.041361235,-0.5381676,-0.2392352,-0.11494662,-0.14766458,-0.03881289,-0.12110222,0.29215682,-0.059711307,0.10897765,0.28738558,0.03189784,0.06861355,-0.14831369,0.0034367084,0.07566202,-0.558162,-0.17571096,-0.18313819,0.48658907,0.12109223,-0.3275392,0.5308084,-0.090727024,-0.19508712,0.760888,-0.0073029306,0.088966005,0.7702861,0.09860108,0.22391215,0.5281955,0.03235218,0.115631424,0.30483693,0.10108508,-0.068707466,0.82367027,0.07452197,-0.14025897,1.0282543,0.13561626,-0.14086473,0.9107171,0.24472047,-0.11229676,0.9646856,0.22410242,-0.17504314,0.9474349,0.20422421,-0.043922238,0.9771188,0.14311679,-0.18603481,0.93923575,0.095987394,-0.0060622841119766235,0.2897711992263794,-0.013906734064221382
