frame,Ankle.R_x,Ankle.R_y,Ankle.R_z,Knee.R_x,Knee.R_y,Knee.R_z,Hip.R_x,Hip.R_y,Hip.R_z,Hip.L_x,Hip.L_y,Hip.L_z,Knee.L_x,Knee.L_y,Knee.L_z,Ankle.L_x,Ankle.L_y,Ankle.L_z,Wrist.R_x,Wrist.R_y,Wrist.R_z,Elbow.R_x,Elbow.R_y,Elbow.R_z,Shoulder.R_x,Shoulder.R_y,Shoulder.R_z,Shoulder.L_x,Shoulder.L_y,Shoulder.L_z,Elbow.L_x,Elbow.L_y,Elbow.L_z,Wrist.L_x,Wrist.L_y,Wrist.L_z,Neck_x,Neck_y,Neck_z,Head_x,Head_y,Head_z,Nose_x,Nose_y,Nose_z,Eye.L_x,Eye.L_y,Eye.L_z,Eye.R_x,Eye.R_y,Eye.R_z,Ear.L_x,Ear.L_y,Ear.L_z,Ear.R_x,Ear.R_y,Ear.R_z,hip.Center_x,hip.Center_y,hip.Center_z
0,-0.39236465,-0.49910593,-0.18407564,-0.2326683,-0.11652639,-0.008312569,-0.12496014,0.2842492,-0.0075682336,0.11526281,0.2913158,-0.025094647,0.24403548,-0.10125322,-0.044665173,0.41848442,-0.4849239,-0.21410014,-0.141592,0.2802014,0.15781264,-0.23901716,0.45828035,-0.008947368,-0.19359699,0.7288314,0.0063042697,0.095781595,0.7719569,-0.051592182,0.21082045,0.5272862,-0.073950484,0.11240305,0.66050756,0.116773695,-0.04683374,0.81039083,0.007289917,-0.02360786,0.9926839,0.13995484,0.002834119,0.84317255,0.18081574,0.02767361,0.8994906,0.16630669,-0.036641084,0.89421177,0.18335353,0.040167764,0.9415303,0.07195178,-0.106155574,0.9312312,0.1110266,-0.004848666489124298,0.2877824902534485,-0.016331439837813377
