frame,Ankle.R_x,Ankle.R_y,Ankle.R_z,Knee.R_x,Knee.R_y,Knee.R_z,Hip.R_x,Hip.R_y,Hip.R_z,Hip.L_x,Hip.L_y,Hip.L_z,Knee.L_x,Knee.L_y,Knee.L_z,Ankle.L_x,Ankle.L_y,Ankle.L_z,Wrist.R_x,Wrist.R_y,Wrist.R_z,Elbow.R_x,Elbow.R_y,Elbow.R_z,Shoulder.R_x,Shoulder.R_y,Shoulder.R_z,Shoulder.L_x,Shoulder.L_y,Shoulder.L_z,Elbow.L_x,Elbow.L_y,Elbow.L_z,Wrist.L_x,Wrist.L_y,Wrist.L_z,Neck_x,Neck_y,Neck_z,Head_x,Head_y,Head_z,Nose_x,Nose_y,Nose_z,Eye.L_x,Eye.L_y,Eye.L_z,Eye.R_x,Eye.R_y,Eye.R_z,Ear.L_x,Ear.L_y,Ear.L_z,Ear.R_x,Ear.R_y,Ear.R_z,hip.Center_x,hip.Center_y,hip.Center_z
0,0.09225643,-0.5324733,-0.24172835,-0.0624944,-0.14682023,-0.09429984,-0.09142256,0.28929833,-0.1071264,0.0751818,0.2836876,0.076379776,-0.008414447,-0.14224741,0.060631968,0.07304507,-0.5482049,-0.09260692,-0.25577453,0.57397497,0.024487521,-0.23471512,0.50491637,-0.21740866,-0.15457469,0.74837756,-0.10539642,0.068768784,0.76585984,0.098832086,0.23239979,0.5344603,0.085846335,0.12227047,0.30642042,0.10882825,-0.06190448,0.8226149,0.01761189,-0.091415934,1.0433677,0.04088045,-0.124381706,0.9498499,0.16577405,-0.08211626,0.9900205,0.13844076,-0.14733838,0.98794484,0.11990546,-0.0155536905,0.97079086,0.059841014,-0.16117036,0.9658364,0.01376858,-0.008120380342006683,0.2864929437637329,-0.015373311936855316
