frame,Ankle.R_x,Ankle.R_y,Ankle.R_z,Knee.R_x,Knee.R_y,Knee.R_z,Hip.R_x,Hip.R_y,Hip.R_z,Hip.L_x,Hip.L_y,Hip.L_z,Knee.L_x,Knee.L_y,Knee.L_z,Ankle.L_x,Ankle.L_y,Ankle.L_z,Wrist.R_x,Wrist.R_y,Wrist.R_z,Elbow.R_x,Elbow.R_y,Elbow.R_z,Shoulder.R_x,Shoulder.R_y,Shoulder.R_z,Shoulder.L_x,Shoulder.L_y,Shoulder.L_z,Elbow.L_x,Elbow.L_y,Elbow.L_z,Wrist.L_x,Wrist.L_y,Wrist.L_z,Neck_x,Neck_y,Neck_z,Head_x,Head_y,Head_z,Nose_x,Nose_y,Nose_z,Eye.L_x,Eye.L_y,Eye.L_z,Eye.R_x,Eye.R_y,Eye.R_z,Ear.L_x,Ear.L_y,Ear.L_z,Ear.R_x,Ear.R_y,Ear.R_z,hip.Center_x,hip.Center_y,hip.Center_z
0,-0.29592577,-0.5340382,-0.15838617,-0.209315,-0.13938895,0.030918362,-0.12230481,0.27477977,0.014399115,0.10995782,0.27643523,-0.059716396,0.27330598,-0.08214768,0.0371855,0.36283335,-0.5046273,-0.09139732,0.24844474,0.75091016,0.38725546,-0.013621944,0.7611446,0.34372705,-0.06616539,0.7597542,0.07507388,0.16909945,0.7180862,-0.05238796,0.37050697,0.63666475,0.108037785,0.2398455,0.725424,0.31281555,0.050339915,0.7780475,0.012605444,0.08924736,0.96598834,0.11341603,0.09250412,0.8259969,0.17957102,0.12597004,0.8744598,0.16140407,0.059977315,0.8791647,0.1688089,0.15549082,0.8997435,0.06396313,0.0063201915,0.91030264,0.08261572,-0.006173495203256607,0.27560749650001526,-0.022658640518784523
