frame,Ankle.R_x,Ankle.R_y,Ankle.R_z,Knee.R_x,Knee.R_y,Knee.R_z,Hip.R_x,Hip.R_y,Hip.R_z,Hip.L_x,Hip.L_y,Hip.L_z,Knee.L_x,Knee.L_y,Knee.L_z,Ankle.L_x,Ankle.L_y,Ankle.L_z,Wrist.R_x,Wrist.R_y,Wrist.R_z,Elbow.R_x,Elbow.R_y,Elbow.R_z,Shoulder.R_x,Shoulder.R_y,Shoulder.R_z,Shoulder.L_x,Shoulder.L_y,Shoulder.L_z,Elbow.L_x,Elbow.L_y,Elbow.L_z,Wrist.L_x,Wrist.L_y,Wrist.L_z,Neck_x,Neck_y,Neck_z,Head_x,Head_y,Head_z,Nose_x,Nose_y,Nose_z,Eye.L_x,Eye.L_y,Eye.L_z,Eye.R_x,Eye.R_y,Eye.R_z,Ear.L_x,Ear.L_y,Ear.L_z,Ear.R_x,Ear.R_y,Ear.R_z,hip.Center_x,hip.Center_y,hip.Center_z
0,-0.32875487,-0.49547392,-0.19732268,-0.24742241,-0.10295101,-0.01438928,-0.11415797,0.27815112,-0.07519659,0.105848946,0.27804065,0.032890767,0.2053102,-0.12560259,0.012692209,0.33589128,-0.5215679,-0.14458047,-0.17137958,0.49619323,-0.16017582,-0.076904565,0.6513779,-0.3362038,-0.14334571,0.74809515,-0.09224758,0.0066186767,0.769571,0.13462953,-0.026183568,0.7096981,0.39751196,-0.27157396,0.70614195,0.3260215,-0.08661903,0.78987306,0.038260892,-0.15550749,0.9740086,0.11033419,-0.19683048,0.8419633,0.18691756,-0.16189434,0.8938225,0.18732435,-0.21544068,0.8882469,0.14799786,-0.07422339,0.9119427,0.13561022,-0.1936878,0.9007894,0.042783797,-0.004154510796070099,0.27809590101242065,-0.021152909845113754
