frame,Ankle.R_x,Ankle.R_y,Ankle.R_z,Knee.R_x,Knee.R_y,Knee.R_z,Hip.R_x,Hip.R_y,Hip.R_z,Hip.L_x,Hip.L_y,Hip.L_z,Knee.L_x,Knee.L_y,Knee.L_z,Ankle.L_x,Ankle.L_y,Ankle.L_z,Wrist.R_x,Wrist.R_y,Wrist.R_z,Elbow.R_x,Elbow.R_y,Elbow.R_z,Shoulder.R_x,Shoulder.R_y,Shoulder.R_z,Shoulder.L_x,Shoulder.L_y,Shoulder.L_z,Elbow.L_x,Elbow.L_y,Elbow.L_z,Wrist.L_x,Wrist.L_y,Wrist.L_z,Neck_x,Neck_y,Neck_z,Head_x,Head_y,Head_z,Nose_x,Nose_y,Nose_z,Eye.L_x,Eye.L_y,Eye.L_z,Eye.R_x,Eye.R_y,Eye.R_z,Ear.L_x,Ear.L_y,Ear.L_z,Ear.R_x,Ear.R_y,Ear.R_z,hip.Center_x,hip.Center_y,hip.Center_z
0,-0.014837816,-0.5155381,-0.2179738,-0.15840982,-0.14206602,-0.0348726,-0.10083664,0.2889151,-0.09173949,0.09114388,0.27846077,0.059584264,0.028316675,-0.15248965,0.050291676,0.079449415,-0.56680816,-0.10070725,-0.4546438,0.78526264,-0.050296504,-0.33204335,0.6202868,-0.19857356,-0.10741472,0.7649733,-0.12338082,0.115975425,0.7510919,0.07178419,0.18735081,0.4839067,0.109397024,0.026235575,0.31319118,0.20891416,-0.009429263,0.81932056,-0.010178931,-0.07103096,1.0336733,0.02979996,-0.097613364,0.91943145,0.1354209,-0.061592683,0.96936536,0.11949534,-0.12224355,0.95884657,0.09180497,0.015506234,0.97408485,0.048106946,-0.12053028,0.9507015,-0.016140573,-0.004846382886171341,0.283687949180603,-0.016077613458037376
