frame,Ankle.R_x,Ankle.R_y,Ankle.R_z,Knee.R_x,Knee.R_y,Knee.R_z,Hip.R_x,Hip.R_y,Hip.R_z,Hip.L_x,Hip.L_y,Hip.L_z,Knee.L_x,Knee.L_y,Knee.L_z,Ankle.L_x,Ankle.L_y,Ankle.L_z,Wrist.R_x,Wrist.R_y,Wrist.R_z,Elbow.R_x,Elbow.R_y,Elbow.R_z,Shoulder.R_x,Shoulder.R_y,Shoulder.R_z,Shoulder.L_x,Shoulder.L_y,Shoulder.L_z,Elbow.L_x,Elbow.L_y,Elbow.L_z,Wrist.L_x,Wrist.L_y,Wrist.L_z,Neck_x,Neck_y,Neck_z,Head_x,Head_y,Head_z,Nose_x,Nose_y,Nose_z,Eye.L_x,Eye.L_y,Eye.L_z,Eye.R_x,Eye.R_y,Eye.R_z,Ear.L_x,Ear.L_y,Ear.L_z,Ear.R_x,Ear.R_y,Ear.R_z,hip.Center_x,hip.Center_y,hip.Center_z
0,-0.026510332,-0.51696384,-0.14499927,-0.20734982,-0.11508124,-0.11725627,-0.013056994,0.27756387,-0.14519589,0.0156001,0.2710606,0.10238889,-0.13710709,-0.13517977,0.08676086,-0.023890352,-0.561494,0.008270359,-0.32530335,0.8580019,-0.1524138,-0.21191542,0.76544136,-0.3619383,-0.05412039,0.7632106,-0.14054117,-0.07832832,0.7136785,0.1351095,-0.16357107,0.47590804,0.25107056,-0.3315456,0.39333355,0.07868824,-0.08545792,0.77835906,-0.0009725038,-0.20383002,0.9568794,0.028195376,-0.26076573,0.8139366,0.05822351,-0.23572591,0.86559653,0.082168415,-0.2630573,0.864408,0.02086889,-0.13682248,0.89663756,0.08063107,-0.19562784,0.8937566,-0.059064057,0.0012715528719127178,0.27431222796440125,-0.021403498947620392
