frame,Ankle.R_x,Ankle.R_y,Ankle.R_z,Knee.R_x,Knee.R_y,Knee.R_z,Hip.R_x,Hip.R_y,Hip.R_z,Hip.L_x,Hip.L_y,Hip.L_z,Knee.L_x,Knee.L_y,Knee.L_z,Ankle.L_x,Ankle.L_y,Ankle.L_z,Wrist.R_x,Wrist.R_y,Wrist.R_z,Elbow.R_x,Elbow.R_y,Elbow.R_z,Shoulder.R_x,Shoulder.R_y,Shoulder.R_z,Shoulder.L_x,Shoulder.L_y,Shoulder.L_z,Elbow.L_x,Elbow.L_y,Elbow.L_z,Wrist.L_x,Wrist.L_y,Wrist.L_z,Neck_x,Neck_y,Neck_z,Head_x,Head_y,Head_z,Nose_x,Nose_y,Nose_z,Eye.L_x,Eye.L_y,Eye.L_z,Eye.R_x,Eye.R_y,Eye.R_z,Ear.L_x,Ear.L_y,Ear.L_z,Ear.R_x,Ear.R_y,Ear.R_z,hip.Center_x,hip.Center_y,hip.Center_z
0,-0.14223213,-0.43649697,-0.1490889,-0.24019973,-0.07183797,0.046314057,-0.09117146,0.26430154,-0.11115585,0.073916964,0.2967393,0.06776181,0.22072549,-0.08982152,0.07326067,0.5352812,-0.35124516,-0.08619172,-0.26180246,0.47870973,-0.17297456,-0.10096854,0.49706066,-0.35701066,-0.15835305,0.7082218,-0.189263,-0.021543585,0.79032314,0.049519822,0.14628789,0.7864506,0.27313775,0.031908665,0.87852216,0.47272044,-0.12135776,0.7963237,-0.057275362,-0.18251908,1.0067534,-0.019827215,-0.19723886,0.8965007,0.09257403,-0.16382736,0.94455135,0.070252046,-0.22763237,0.9358162,0.053859875,-0.10103704,0.944625,-0.010440573,-0.24410176,0.9247223,-0.054615624,-0.00862724706530571,0.2805204391479492,-0.021697022020816803
