frame,Ankle.R_x,Ankle.R_y,Ankle.R_z,Knee.R_x,Knee.R_y,Knee.R_z,Hip.R_x,Hip.R_y,Hip.R_z,Hip.L_x,Hip.L_y,Hip.L_z,Knee.L_x,Knee.L_y,Knee.L_z,Ankle.L_x,Ankle.L_y,Ankle.L_z,Wrist.R_x,Wrist.R_y,Wrist.R_z,Elbow.R_x,Elbow.R_y,Elbow.R_z,Shoulder.R_x,Shoulder.R_y,Shoulder.R_z,Shoulder.L_x,Shoulder.L_y,Shoulder.L_z,Elbow.L_x,Elbow.L_y,Elbow.L_z,Wrist.L_x,Wrist.L_y,Wrist.L_z,Neck_x,Neck_y,Neck_z,Head_x,Head_y,Head_z,Nose_x,Nose_y,Nose_z,Eye.L_x,Eye.L_y,Eye.L_z,Eye.R_x,Eye.R_y,Eye.R_z,Ear.L_x,Ear.L_y,Ear.L_z,Ear.R_x,Ear.R_y,Ear.R_z,hip.Center_x,hip.Center_y,hip.Center_z
0,-0.1707422,-0.49181575,-0.08284258,-0.23305556,-0.090231664,0.054176237,-0.10118584,0.25600037,-0.09861937,0.08726451,0.29142803,0.05366682,0.20806053,-0.10451077,0.083319664,0.47868222,-0.40626687,-0.084837794,-0.2955881,0.52619016,-0.11558693,-0.16377094,0.40746397,-0.28105676,-0.20122732,0.6564671,-0.1799644,-0.035443887,0.78923875,-0.00066839403,0.11224784,0.9008117,0.19860247,-0.11180966,0.9909495,0.17689489,-0.146349,0.7639942,-0.07913688,-0.23001496,0.96212965,-0.06072412,-0.27026093,0.85231143,0.04460957,-0.23807739,0.9048947,0.03391836,-0.28817725,0.886285,-0.0053641796,-0.14846744,0.91435635,-0.016598187,-0.26008376,0.8735682,-0.1078105,-0.006960667669773102,0.27371418476104736,-0.022476276382803917
