frame,Ankle.R_x,Ankle.R_y,Ankle.R_z,Knee.R_x,Knee.R_y,Knee.R_z,Hip.R_x,Hip.R_y,Hip.R_z,Hip.L_x,Hip.L_y,Hip.L_z,Knee.L_x,Knee.L_y,Knee.L_z,Ankle.L_x,Ankle.L_y,Ankle.L_z,Wrist.R_x,Wrist.R_y,Wrist.R_z,Elbow.R_x,Elbow.R_y,Elbow.R_z,Shoulder.R_x,Shoulder.R_y,Shoulder.R_z,Shoulder.L_x,Shoulder.L_y,Shoulder.L_z,Elbow.L_x,Elbow.L_y,Elbow.L_z,Wrist.L_x,Wrist.L_y,Wrist.L_z,Neck_x,Neck_y,Neck_z,Head_x,Head_y,Head_z,Nose_x,Nose_y,Nose_z,Eye.L_x,Eye.L_y,Eye.L_z,Eye.R_x,Eye.R_y,Eye.R_z,Ear.L_x,Ear.L_y,Ear.L_z,Ear.R_x,Ear.R_y,Ear.R_z,hip.Center_x,hip.Center_y,hip.Center_z
0,-0.037474517,-0.5623692,-0.19844986,-0.07217462,-0.16127566,-0.020320185,-0.12627593,0.2719963,-0.009135037,0.11623097,0.28052595,-0.015528331,0.093798116,-0.15072122,-0.030112049,0.07966148,-0.56131905,-0.19518496,-0.55897725,0.71757585,0.17797391,-0.43518996,0.6544583,-0.033937804,-0.17846662,0.7518774,0.017806254,0.101046175,0.7702522,0.023144614,0.35814416,0.67537117,-0.031732824,0.4918164,0.7270925,0.17324746,-0.04313822,0.7959385,0.061100867,-0.069050446,0.9461532,0.22535208,-0.03915727,0.7944677,0.2513449,-0.01662991,0.8528551,0.25210345,-0.08229417,0.8408934,0.25047976,0.014926689,0.91159445,0.1716837,-0.1342953,0.885137,0.1674694,-0.005022477358579636,0.2762611210346222,-0.012331683188676834
