frame,Ankle.R_x,Ankle.R_y,Ankle.R_z,Knee.R_x,Knee.R_y,Knee.R_z,Hip.R_x,Hip.R_y,Hip.R_z,Hip.L_x,Hip.L_y,Hip.L_z,Knee.L_x,Knee.L_y,Knee.L_z,Ankle.L_x,Ankle.L_y,Ankle.L_z,Wrist.R_x,Wrist.R_y,Wrist.R_z,Elbow.R_x,Elbow.R_y,Elbow.R_z,Shoulder.R_x,Shoulder.R_y,Shoulder.R_z,Shoulder.L_x,Shoulder.L_y,Shoulder.L_z,Elbow.L_x,Elbow.L_y,Elbow.L_z,Wrist.L_x,Wrist.L_y,Wrist.L_z,Neck_x,Neck_y,Neck_z,Head_x,Head_y,Head_z,Nose_x,Nose_y,Nose_z,Eye.L_x,Eye.L_y,Eye.L_z,Eye.R_x,Eye.R_y,Eye.R_z,Ear.L_x,Ear.L_y,Ear.L_z,Ear.R_x,Ear.R_y,Ear.R_z,hip.Center_x,hip.Center_y,hip.Center_z
0,-0.33414486,-0.49324268,-0.17898461,-0.26495305,-0.09413873,0.03867861,-0.12394256,0.29244357,-0.057753526,0.11337829,0.29418054,0.013878119,0.24816822,-0.104305625,-0.019129997,0.45686013,-0.4827917,-0.19897763,-0.19773158,0.56972563,0.10124426,-0.21979827,0.4888328,-0.14811043,-0.17842902,0.74618644,-0.03214776,0.115605965,0.75917625,0.061467208,0.22971895,0.5280212,-0.06813843,0.15815003,0.33068877,0.09053672,-0.039303157,0.81486446,0.059262812,-0.04410005,1.0140461,0.17282909,0.0027984679,0.87855464,0.2417891,0.019959196,0.93394816,0.21306746,-0.042485178,0.924893,0.23769388,0.022861496,0.9575097,0.1115808,-0.123173825,0.9374575,0.16270599,-0.005282137542963028,0.29331207275390625,-0.02193770371377468
