frame,Ankle.R_x,Ankle.R_y,Ankle.R_z,Knee.R_x,Knee.R_y,Knee.R_z,Hip.R_x,Hip.R_y,Hip.R_z,Hip.L_x,Hip.L_y,Hip.L_z,Knee.L_x,Knee.L_y,Knee.L_z,Ankle.L_x,Ankle.L_y,Ankle.L_z,Wrist.R_x,Wrist.R_y,Wrist.R_z,Elbow.R_x,Elbow.R_y,Elbow.R_z,Shoulder.R_x,Shoulder.R_y,Shoulder.R_z,Shoulder.L_x,Shoulder.L_y,Shoulder.L_z,Elbow.L_x,Elbow.L_y,Elbow.L_z,Wrist.L_x,Wrist.L_y,Wrist.L_z,Neck_x,Neck_y,Neck_z,Head_x,Head_y,Head_z,Nose_x,Nose_y,Nose_z,Eye.L_x,Eye.L_y,Eye.L_z,Eye.R_x,Eye.R_y,Eye.R_z,Ear.L_x,Ear.L_y,Ear.L_z,Ear.R_x,Ear.R_y,Ear.R_z,hip.Center_x,hip.Center_y,hip.Center_z
0,-0.3067538,-0.5024642,-0.20498085,-0.25479874,-0.10930483,0.034119032,-0.12804553,0.28699297,-0.04983158,0.11668551,0.2978295,0.0010258204,0.25526252,-0.10578987,0.0137934275,0.43218592,-0.4846586,-0.2039127,-0.17460525,0.48797467,0.118167035,-0.25504112,0.4744171,-0.13557707,-0.20664991,0.7304795,-0.009121269,0.09851665,0.7611481,0.06359596,0.23086359,0.5296367,-0.056532048,0.14994282,0.31119895,0.074055314,-0.06274125,0.81066775,0.066364676,-0.07920071,1.024471,0.13209726,-0.03325308,0.91485894,0.23909023,-0.015540093,0.9619305,0.19810605,-0.07993544,0.9557017,0.21892253,-0.0034287646,0.9576625,0.09420535,-0.15318461,0.9430276,0.13688616,-0.005680009722709656,0.2924112379550934,-0.024402879178524017
