frame,Ankle.R_x,Ankle.R_y,Ankle.R_z,Knee.R_x,Knee.R_y,Knee.R_z,Hip.R_x,Hip.R_y,Hip.R_z,Hip.L_x,Hip.L_y,Hip.L_z,Knee.L_x,Knee.L_y,Knee.L_z,Ankle.L_x,Ankle.L_y,Ankle.L_z,Wrist.R_x,Wrist.R_y,Wrist.R_z,Elbow.R_x,Elbow.R_y,Elbow.R_z,Shoulder.R_x,Shoulder.R_y,Shoulder.R_z,Shoulder.L_x,Shoulder.L_y,Shoulder.L_z,Elbow.L_x,Elbow.L_y,Elbow.L_z,Wrist.L_x,Wrist.L_y,Wrist.L_z,Neck_x,Neck_y,Neck_z,Head_x,Head_y,Head_z,Nose_x,Nose_y,Nose_z,Eye.L_x,Eye.L_y,Eye.L_z,Eye.R_x,Eye.R_y,Eye.R_z,Ear.L_x,Ear.L_y,Ear.L_z,Ear.R_x,Ear.R_y,Ear.R_z,hip.Center_x,hip.Center_y,hip.Center_z
0,-0.29325426,-0.5026797,-0.16202624,-0.24483314,-0.10305219,0.042484306,-0.12539914,0.28757286,-0.049256496,0.11328923,0.29649985,0.0076624244,0.24395712,-0.10122055,-0.019274207,0.43733406,-0.48498225,-0.18056664,-0.16694553,0.39009032,0.15983993,-0.2240293,0.45253387,-0.089850366,-0.20677422,0.7256731,-0.036491863,0.08984728,0.78125924,0.024096586,0.25766107,0.5516535,-0.0026274053,0.2578847,0.45580515,0.23824275,-0.06722512,0.8196147,0.023525529,-0.07370679,1.0367459,0.08650676,-0.00030644238,0.92705685,0.17627078,0.005091399,0.9739565,0.1325286,-0.050494157,0.9674758,0.17025462,-0.012817614,0.97009677,0.030085512,-0.14431794,0.9549557,0.11205552,-0.006054956465959549,0.29203635454177856,-0.020797036588191986
