frame,Ankle.R_x,Ankle.R_y,Ankle.R_z,Knee.R_x,Knee.R_y,Knee.R_z,Hip.R_x,Hip.R_y,Hip.R_z,Hip.L_x,Hip.L_y,Hip.L_z,Knee.L_x,Knee.L_y,Knee.L_z,Ankle.L_x,Ankle.L_y,Ankle.L_z,Wrist.R_x,Wrist.R_y,Wrist.R_z,Elbow.R_x,Elbow.R_y,Elbow.R_z,Shoulder.R_x,Shoulder.R_y,Shoulder.R_z,Shoulder.L_x,Shoulder.L_y,Shoulder.L_z,Elbow.L_x,Elbow.L_y,Elbow.L_z,Wrist.L_x,Wrist.L_y,Wrist.L_z,Neck_x,Neck_y,Neck_z,Head_x,Head_y,Head_z,Nose_x,Nose_y,Nose_z,Eye.L_x,Eye.L_y,Eye.L_z,Eye.R_x,Eye.R_y,Eye.R_z,Ear.L_x,Ear.L_y,Ear.L_z,Ear.R_x,Ear.R_y,Ear.R_z,hip.Center_x,hip.Center_y,hip.Center_z
0,-0.35398424,-0.5169904,-0.14976913,-0.24647893,-0.10990488,-0.0073711695,-0.117804974,0.27627957,-0.06823997,0.10997245,0.27324829,0.025813928,0.19467628,-0.13666262,0.017622704,0.3263153,-0.5400543,-0.12960812,-0.23328066,0.6034156,-0.0066910465,-0.24690875,0.59513956,-0.26028687,-0.15392624,0.74967515,-0.07215729,0.02022884,0.7837087,0.095055774,0.017586427,0.7201679,0.35081673,-0.2191895,0.68074936,0.26306948,-0.07509063,0.7879054,0.029700685,-0.1493989,0.9415025,0.14813088,-0.10249887,0.8047703,0.21372324,-0.08940282,0.86490655,0.20318529,-0.15159367,0.8412634,0.19785474,-0.055432968,0.90968823,0.11717339,-0.19682446,0.85710204,0.09915009,-0.003916263580322266,0.27476394176483154,-0.021213021129369736
