frame,Ankle.R_x,Ankle.R_y,Ankle.R_z,Knee.R_x,Knee.R_y,Knee.R_z,Hip.R_x,Hip.R_y,Hip.R_z,Hip.L_x,Hip.L_y,Hip.L_z,Knee.L_x,Knee.L_y,Knee.L_z,Ankle.L_x,Ankle.L_y,Ankle.L_z,Wrist.R_x,Wrist.R_y,Wrist.R_z,Elbow.R_x,Elbow.R_y,Elbow.R_z,Shoulder.R_x,Shoulder.R_y,Shoulder.R_z,Shoulder.L_x,Shoulder.L_y,Shoulder.L_z,Elbow.L_x,Elbow.L_y,Elbow.L_z,Wrist.L_x,Wrist.L_y,Wrist.L_z,Neck_x,Neck_y,Neck_z,Head_x,Head_y,Head_z,Nose_x,Nose_y,Nose_z,Eye.L_x,Eye.L_y,Eye.L_z,Eye.R_x,Eye.R_y,Eye.R_z,Ear.L_x,Ear.L_y,Ear.L_z,Ear.R_x,Ear.R_y,Ear.R_z,hip.Center_x,hip.Center_y,hip.Center_z
0,-0.3366666,-0.4940838,-0.17349283,-0.27158335,-0.09192352,0.04524274,-0.12110956,0.29142126,-0.06603263,0.11155229,0.29155278,0.021472743,0.23850402,-0.11359983,-0.00574321,0.45970792,-0.48359293,-0.19705687,-0.21632703,0.45932052,0.05257106,-0.20768765,0.50255877,-0.21044928,-0.16957141,0.7463091,-0.05936982,0.11642724,0.7524557,0.063320056,0.23859504,0.50569546,-0.0328227,0.14823899,0.3213665,0.13489829,-0.037188105,0.81286645,0.045851246,-0.051632773,1.0139579,0.15542178,0.004139662,0.88248193,0.22627285,0.01753375,0.9380446,0.19596149,-0.043635074,0.92624515,0.22239278,0.016264811,0.9591241,0.09424605,-0.12699012,0.93283415,0.14922112,-0.004778634756803513,0.29148703813552856,-0.022279944270849228
