frame,Ankle.R_x,Ankle.R_y,Ankle.R_z,Knee.R_x,Knee.R_y,Knee.R_z,Hip.R_x,Hip.R_y,Hip.R_z,Hip.L_x,Hip.L_y,Hip.L_z,Knee.L_x,Knee.L_y,Knee.L_z,Ankle.L_x,Ankle.L_y,Ankle.L_z,Wrist.R_x,Wrist.R_y,Wrist.R_z,Elbow.R_x,Elbow.R_y,Elbow.R_z,Shoulder.R_x,Shoulder.R_y,Shoulder.R_z,Shoulder.L_x,Shoulder.L_y,Shoulder.L_z,Elbow.L_x,Elbow.L_y,Elbow.L_z,Wrist.L_x,Wrist.L_y,Wrist.L_z,Neck_x,Neck_y,Neck_z,Head_x,Head_y,Head_z,Nose_x,Nose_y,Nose_z,Eye.L_x,Eye.L_y,Eye.L_z,Eye.R_x,Eye.R_y,Eye.R_z,Ear.L_x,Ear.L_y,Ear.L_z,Ear.R_x,Ear.R_y,Ear.R_z,hip.Center_x,hip.Center_y,hip.Center_z
0,-0.450679,-0.49324653,-0.23767605,-0.28178695,-0.1158617,-0.007817756,-0.12790903,0.27740437,-0.017894212,0.12056519,0.27976105,-0.026336726,0.27779004,-0.10984364,0.0244699,0.4262668,-0.51549983,-0.17877962,-0.16385394,0.21364479,0.20382316,-0.22693132,0.4158883,0.025197163,-0.17204674,0.7024477,0.00820775,0.1329211,0.72225285,-0.025264377,0.19634354,0.44191343,-0.056425862,0.15681992,0.274279,0.15314312,-0.019603617,0.7867062,0.012984401,-0.031803858,1.0058285,0.065588236,-0.013773197,0.89401066,0.17492646,0.013362635,0.9419328,0.14311552,-0.053650633,0.9358289,0.14539967,0.05015506,0.9401276,0.04556241,-0.101226754,0.92760885,0.050692677,-0.0036719217896461487,0.27858269214630127,-0.022115468978881836
