frame,Ankle.R_x,Ankle.R_y,Ankle.R_z,Knee.R_x,Knee.R_y,Knee.R_z,Hip.R_x,Hip.R_y,Hip.R_z,Hip.L_x,Hip.L_y,Hip.L_z,Knee.L_x,Knee.L_y,Knee.L_z,Ankle.L_x,Ankle.L_y,Ankle.L_z,Wrist.R_x,Wrist.R_y,Wrist.R_z,Elbow.R_x,Elbow.R_y,Elbow.R_z,Shoulder.R_x,Shoulder.R_y,Shoulder.R_z,Shoulder.L_x,Shoulder.L_y,Shoulder.L_z,Elbow.L_x,Elbow.L_y,Elbow.L_z,Wrist.L_x,Wrist.L_y,Wrist.L_z,Neck_x,Neck_y,Neck_z,Head_x,Head_y,Head_z,Nose_x,Nose_y,Nose_z,Eye.L_x,Eye.L_y,Eye.L_z,Eye.R_x,Eye.R_y,Eye.R_z,Ear.L_x,Ear.L_y,Ear.L_z,Ear.R_x,Ear.R_y,Ear.R_z,hip.Center_x,hip.Center_y,hip.Center_z
0,0.087201215,-0.54570335,-0.17780432,-0.0970568,-0.15812635,-0.06914644,-0.07794272,0.27899408,-0.120368585,0.06516082,0.27874693,0.08167773,-0.0627248,-0.13419262,0.11922027,0.08838756,-0.5377786,0.008950295,-0.23135272,0.7434088,0.1141087,-0.38733226,0.6770662,-0.078886464,-0.12974045,0.7650865,-0.09061781,0.085547656,0.71859443,0.10267183,0.17636843,0.45188618,0.103120804,0.020430917,0.2643039,0.17023742,-0.034126364,0.7998297,0.020248992,-0.08335488,1.0135227,0.05729115,-0.15636161,0.9010941,0.1392444,-0.11231366,0.9462943,0.14050767,-0.16001713,0.9442538,0.09301746,-0.015432594,0.9436735,0.10027664,-0.12198969,0.9390048,-0.006964583,-0.006390951573848724,0.27887052297592163,-0.01934542879462242
