frame,Ankle.R_x,Ankle.R_y,Ankle.R_z,Knee.R_x,Knee.R_y,Knee.R_z,Hip.R_x,Hip.R_y,Hip.R_z,Hip.L_x,Hip.L_y,Hip.L_z,Knee.L_x,Knee.L_y,Knee.L_z,Ankle.L_x,Ankle.L_y,Ankle.L_z,Wrist.R_x,Wrist.R_y,Wrist.R_z,Elbow.R_x,Elbow.R_y,Elbow.R_z,Shoulder.R_x,Shoulder.R_y,Shoulder.R_z,Shoulder.L_x,Shoulder.L_y,Shoulder.L_z,Elbow.L_x,Elbow.L_y,Elbow.L_z,Wrist.L_x,Wrist.L_y,Wrist.L_z,Neck_x,Neck_y,Neck_z,Head_x,Head_y,Head_z,Nose_x,Nose_y,Nose_z,Eye.L_x,Eye.L_y,Eye.L_z,Eye.R_x,Eye.R_y,Eye.R_z,Ear.L_x,Ear.L_y,Ear.L_z,Ear.R_x,Ear.R_y,Ear.R_z,hip.Center_x,hip.Center_y,hip.Center_z
0,-0.4143123,-0.38561678,-0.08444368,-0.36144775,0.039113086,-0.0064141587,-0.06304457,0.28517216,-0.12480454,0.07057313,0.2659955,0.07946145,0.08032765,-0.15903698,0.07919641,0.253771,-0.5177251,-0.12049686,-0.13589756,0.22882713,-0.3432729,-0.04361386,0.47568178,-0.32389066,-0.023924537,0.7106557,-0.17739858,0.023433581,0.7714442,0.09985843,-0.1384413,0.776968,0.3175167,-0.397824,0.82065654,0.32450816,-0.016325494,0.78323233,-0.03537576,-0.13764217,0.9648612,-0.0053699184,-0.18848382,0.818873,0.014650241,-0.17209838,0.8722582,0.042077236,-0.1878139,0.8697766,-0.022662163,-0.07581954,0.90888876,0.058287367,-0.111545905,0.9044563,-0.08803019,0.0037642791867256165,0.27558383345603943,-0.022671546787023544
