frame,Ankle.R_x,Ankle.R_y,Ankle.R_z,Knee.R_x,Knee.R_y,Knee.R_z,Hip.R_x,Hip.R_y,Hip.R_z,Hip.L_x,Hip.L_y,Hip.L_z,Knee.L_x,Knee.L_y,Knee.L_z,Ankle.L_x,Ankle.L_y,Ankle.L_z,Wrist.R_x,Wrist.R_y,Wrist.R_z,Elbow.R_x,Elbow.R_y,Elbow.R_z,Shoulder.R_x,Shoulder.R_y,Shoulder.R_z,Shoulder.L_x,Shoulder.L_y,Shoulder.L_z,Elbow.L_x,Elbow.L_y,Elbow.L_z,Wrist.L_x,Wrist.L_y,Wrist.L_z,Neck_x,Neck_y,Neck_z,Head_x,Head_y,Head_z,Nose_x,Nose_y,Nose_z,Eye.L_x,Eye.L_y,Eye.L_z,Eye.R_x,Eye.R_y,Eye.R_z,Ear.L_x,Ear.L_y,Ear.L_z,Ear.R_x,Ear.R_y,Ear.R_z,hip.Center_x,hip.Center_y,hip.Center_z
0,-0.33065304,-0.48681474,-0.20906131,-0.26561233,-0.09635423,-0.016130019,-0.11672615,0.2772386,-0.070018865,0.10939933,0.2766761,0.025473189,0.21850593,-0.12037407,0.023843274,0.37369156,-0.5125036,-0.12064479,-0.22916527,0.6116147,0.026161702,-0.33713514,0.61920184,-0.20332246,-0.15874988,0.75082743,-0.06144315,0.02851392,0.7699742,0.112831384,-0.056233488,0.665457,0.34266564,-0.29520026,0.6629503,0.24956344,-0.06684862,0.7897145,0.035940632,-0.13329269,0.9640462,0.1269343,-0.09880936,0.8363696,0.21376929,-0.080680594,0.89289707,0.1949749,-0.144321,0.8732461,0.1907663,-0.04062145,0.9215778,0.104244776,-0.18528593,0.8770343,0.08890572,-0.003663409501314163,0.27695733308792114,-0.022272838279604912
