frame,Ankle.R_x,Ankle.R_y,Ankle.R_z,Knee.R_x,Knee.R_y,Knee.R_z,Hip.R_x,Hip.R_y,Hip.R_z,Hip.L_x,Hip.L_y,Hip.L_z,Knee.L_x,Knee.L_y,Knee.L_z,Ankle.L_x,Ankle.L_y,Ankle.L_z,Wrist.R_x,Wrist.R_y,Wrist.R_z,Elbow.R_x,Elbow.R_y,Elbow.R_z,Shoulder.R_x,Shoulder.R_y,Shoulder.R_z,Shoulder.L_x,Shoulder.L_y,Shoulder.L_z,Elbow.L_x,Elbow.L_y,Elbow.L_z,Wrist.L_x,Wrist.L_y,Wrist.L_z,Neck_x,Neck_y,Neck_z,Head_x,Head_y,Head_z,Nose_x,Nose_y,Nose_z,Eye.L_x,Eye.L_y,Eye.L_z,Eye.R_x,Eye.R_y,Eye.R_z,Ear.L_x,Ear.L_y,Ear.L_z,Ear.R_x,Ear.R_y,Ear.R_z,hip.Center_x,hip.Center_y,hip.Center_z
0,-0.03682517,-0.5708456,-0.15637614,-0.08844653,-0.15902495,-0.0061590723,-0.12688242,0.27448118,-0.028785095,0.113459006,0.2899236,-0.004421871,0.13152276,-0.14120226,0.02736601,0.1668924,-0.55540025,-0.13100009,-0.59888595,0.5081017,0.0040046424,-0.38796884,0.5848892,-0.12592277,-0.1945528,0.7569569,-0.033838272,0.07970806,0.78325737,0.0033561122,0.2963495,0.6223028,-0.05379682,0.49477676,0.5053395,0.065038204,-0.064633295,0.81313753,0.023008922,-0.08963632,1.0016669,0.12892944,-0.064948894,0.8690748,0.2123238,-0.040582925,0.92304516,0.19048283,-0.106874466,0.91332275,0.19271316,-0.0065873563,0.94590604,0.09417154,-0.15793516,0.92358255,0.097468585,-0.006711706519126892,0.2822023928165436,-0.016603482887148857
