frame,Ankle.R_x,Ankle.R_y,Ankle.R_z,Knee.R_x,Knee.R_y,Knee.R_z,Hip.R_x,Hip.R_y,Hip.R_z,Hip.L_x,Hip.L_y,Hip.L_z,Knee.L_x,Knee.L_y,Knee.L_z,Ankle.L_x,Ankle.L_y,Ankle.L_z,Wrist.R_x,Wrist.R_y,Wrist.R_z,Elbow.R_x,Elbow.R_y,Elbow.R_z,Shoulder.R_x,Shoulder.R_y,Shoulder.R_z,Shoulder.L_x,Shoulder.L_y,Shoulder.L_z,Elbow.L_x,Elbow.L_y,Elbow.L_z,Wrist.L_x,Wrist.L_y,Wrist.L_z,Neck_x,Neck_y,Neck_z,Head_x,Head_y,Head_z,Nose_x,Nose_y,Nose_z,Eye.L_x,Eye.L_y,Eye.L_z,Eye.R_x,Eye.R_y,Eye.R_z,Ear.L_x,Ear.L_y,Ear.L_z,Ear.R_x,Ear.R_y,Ear.R_z,hip.Center_x,hip.Center_y,hip.Center_z
0,0.026548354,-0.5352034,-0.21389735,-0.12198583,-0.14371003,-0.07137977,-0.07248235,0.28947577,-0.1230537,0.061869413,0.27933547,0.086462565,-0.044178523,-0.14274399,0.076763414,0.07511925,-0.5473013,-0.06084578,-0.2142297,0.44368488,-0.08307598,-0.08996464,0.51624477,-0.29333234,-0.123582296,0.7405762,-0.12804243,0.038435668,0.74618655,0.13040698,0.19383085,0.5085401,0.14539956,0.060428713,0.29058874,0.14545856,-0.07076959,0.8083235,0.022992902,-0.1105475,1.0249622,0.05154351,-0.17424144,0.9242983,0.15688194,-0.12735686,0.9661783,0.14478117,-0.18458828,0.96466935,0.10871561,-0.041576043,0.95217943,0.08721636,-0.16826192,0.94863427,0.0026145838,-0.005306467413902283,0.2844056189060211,-0.018295567482709885
