frame,Ankle.R_x,Ankle.R_y,Ankle.R_z,Knee.R_x,Knee.R_y,Knee.R_z,Hip.R_x,Hip.R_y,Hip.R_z,Hip.L_x,Hip.L_y,Hip.L_z,Knee.L_x,Knee.L_y,Knee.L_z,Ankle.L_x,Ankle.L_y,Ankle.L_z,Wrist.R_x,Wrist.R_y,Wrist.R_z,Elbow.R_x,Elbow.R_y,Elbow.R_z,Shoulder.R_x,Shoulder.R_y,Shoulder.R_z,Shoulder.L_x,Shoulder.L_y,Shoulder.L_z,Elbow.L_x,Elbow.L_y,Elbow.L_z,Wrist.L_x,Wrist.L_y,Wrist.L_z,Neck_x,Neck_y,Neck_z,Head_x,Head_y,Head_z,Nose_x,Nose_y,Nose_z,Eye.L_x,Eye.L_y,Eye.L_z,Eye.R_x,Eye.R_y,Eye.R_z,Ear.L_x,Ear.L_y,Ear.L_z,Ear.R_x,Ear.R_y,Ear.R_z,hip.Center_x,hip.Center_y,hip.Center_z
0,-0.2396813,-0.54318535,-0.20961903,-0.19117923,-0.15208992,0.0022916142,-0.12697229,0.2716025,-0.0038635833,0.11419657,0.27044275,-0.027888482,0.23912808,-0.11897336,-0.029469464,0.39716458,-0.5127711,-0.19197926,0.17622848,0.725694,0.22510935,-0.07361814,0.71511185,0.30016527,-0.07106739,0.7655063,0.04332026,0.18024227,0.7106894,-0.006538706,0.29912227,0.58281004,0.19573304,0.1267906,0.73427385,0.3069314,0.054717556,0.7746947,0.021583412,0.08325194,0.94499284,0.15429918,0.04718698,0.80033624,0.19483723,0.0905806,0.84409887,0.1951616,0.026741438,0.8590094,0.18423171,0.15108997,0.87487555,0.115828186,0.006880317,0.9078739,0.09196359,-0.006387859582901001,0.27102261781692505,-0.015876032412052155
