frame,Ankle.R_x,Ankle.R_y,Ankle.R_z,Knee.R_x,Knee.R_y,Knee.R_z,Hip.R_x,Hip.R_y,Hip.R_z,Hip.L_x,Hip.L_y,Hip.L_z,Knee.L_x,Knee.L_y,Knee.L_z,Ankle.L_x,Ankle.L_y,Ankle.L_z,Wrist.R_x,Wrist.R_y,Wrist.R_z,Elbow.R_x,Elbow.R_y,Elbow.R_z,Shoulder.R_x,Shoulder.R_y,Shoulder.R_z,Shoulder.L_x,Shoulder.L_y,Shoulder.L_z,Elbow.L_x,Elbow.L_y,Elbow.L_z,Wrist.L_x,Wrist.L_y,Wrist.L_z,Neck_x,Neck_y,Neck_z,Head_x,Head_y,Head_z,Nose_x,Nose_y,Nose_z,Eye.L_x,Eye.L_y,Eye.L_z,Eye.R_x,Eye.R_y,Eye.R_z,Ear.L_x,Ear.L_y,Ear.L_z,Ear.R_x,Ear.R_y,Ear.R_z,hip.Center_x,hip.Center_y,hip.Center_z
0,-0.29985604,-0.5110615,-0.19403616,-0.25105682,-0.11845013,0.04792601,-0.13051581,0.28183264,-0.037456162,0.11948449,0.29079363,-0.015304025,0.2631817,-0.10667017,0.043691065,0.3817532,-0.48941708,-0.20479621,-0.10436076,0.42738628,0.18691447,-0.22493133,0.43098897,-0.052315757,-0.19255793,0.70951396,0.013558916,0.118615836,0.74097633,0.044891648,0.2243348,0.4890739,-0.06002379,0.14074789,0.27244404,0.07459813,-0.042779952,0.7957163,0.05985689,-0.06412487,1.012944,0.10027188,-0.031885248,0.9171802,0.22287461,-0.009361666,0.96076876,0.1814209,-0.075937405,0.95346475,0.1920442,0.019195251,0.9465717,0.08157664,-0.13363424,0.9302116,0.10274131,-0.0055156610906124115,0.28631311655044556,-0.02638009376823902
