frame,Ankle.R_x,Ankle.R_y,Ankle.R_z,Knee.R_x,Knee.R_y,Knee.R_z,Hip.R_x,Hip.R_y,Hip.R_z,Hip.L_x,Hip.L_y,Hip.L_z,Knee.L_x,Knee.L_y,Knee.L_z,Ankle.L_x,Ankle.L_y,Ankle.L_z,Wrist.R_x,Wrist.R_y,Wrist.R_z,Elbow.R_x,Elbow.R_y,Elbow.R_z,Shoulder.R_x,Shoulder.R_y,Shoulder.R_z,Shoulder.L_x,Shoulder.L_y,Shoulder.L_z,Elbow.L_x,Elbow.L_y,Elbow.L_z,Wrist.L_x,Wrist.L_y,Wrist.L_z,Neck_x,Neck_y,Neck_z,Head_x,Head_y,Head_z,Nose_x,Nose_y,Nose_z,Eye.L_x,Eye.L_y,Eye.L_z,Eye.R_x,Eye.R_y,Eye.R_z,Ear.L_x,Ear.L_y,Ear.L_z,Ear.R_x,Ear.R_y,Ear.R_z,hip.Center_x,hip.Center_y,hip.Center_z
0,-0.04847124,-0.5546596,-0.24051161,-0.089918844,-0.15645227,-0.06784114,-0.11985399,0.26842573,-0.052306354,0.10581918,0.2800215,0.03509133,0.064332,-0.14771055,-0.024149531,0.064928375,-0.55148226,-0.19111915,-0.67378134,0.47481823,-0.04194729,-0.48801467,0.62597144,-0.13701716,-0.23749606,0.72057223,-0.048540406,0.0216425,0.78353536,0.031725664,0.29129118,0.7153482,0.025407672,0.30419913,0.55225825,0.21067384,-0.13212645,0.7885932,0.019379556,-0.23942816,0.96259236,0.10605942,-0.2453892,0.8190981,0.17155553,-0.22409785,0.8782594,0.17677861,-0.2744822,0.863124,0.13547255,-0.14330986,0.92150843,0.12557796,-0.257473,0.88983047,0.034301743,-0.007017403841018677,0.2742236256599426,-0.008607512339949608
