frame,Ankle.R_x,Ankle.R_y,Ankle.R_z,Knee.R_x,Knee.R_y,Knee.R_z,Hip.R_x,Hip.R_y,Hip.R_z,Hip.L_x,Hip.L_y,Hip.L_z,Knee.L_x,Knee.L_y,Knee.L_z,Ankle.L_x,Ankle.L_y,Ankle.L_z,Wrist.R_x,Wrist.R_y,Wrist.R_z,Elbow.R_x,Elbow.R_y,Elbow.R_z,Shoulder.R_x,Shoulder.R_y,Shoulder.R_z,Shoulder.L_x,Shoulder.L_y,Shoulder.L_z,Elbow.L_x,Elbow.L_y,Elbow.L_z,Wrist.L_x,Wrist.L_y,Wrist.L_z,Neck_x,Neck_y,Neck_z,Head_x,Head_y,Head_z,Nose_x,Nose_y,Nose_z,Eye.L_x,Eye.L_y,Eye.L_z,Eye.R_x,Eye.R_y,Eye.R_z,Ear.L_x,Ear.L_y,Ear.L_z,Ear.R_x,Ear.R_y,Ear.R_z,hip.Center_x,hip.Center_y,hip.Center_z
0,-0.18488885,-0.45297426,-0.078053504,-0.28596777,-0.04854719,0.053256806,-0.078729354,0.27011883,-0.12303289,0.07322335,0.28006124,0.07570478,0.13557848,-0.14613928,0.07846664,0.38749924,-0.45934528,-0.12457218,-0.20306891,0.26991007,-0.31287888,-0.055676818,0.47787085,-0.35732988,-0.09082514,0.7028668,-0.18641594,-0.016079886,0.7838661,0.08112529,-0.077953,0.8968679,0.3208248,-0.30629212,0.9682523,0.22397685,-0.07306776,0.7886499,-0.04608086,-0.117457,1.0014044,-0.027967371,-0.22617283,0.8992546,0.023262791,-0.18256195,0.9418949,0.039048955,-0.20955004,0.94035196,-0.02233719,-0.07880436,0.92967194,0.03814073,-0.13758421,0.9271627,-0.100884974,-0.00275300070643425,0.2750900387763977,-0.02366405352950096
