frame,Ankle.R_x,Ankle.R_y,Ankle.R_z,Knee.R_x,Knee.R_y,Knee.R_z,Hip.R_x,Hip.R_y,Hip.R_z,Hip.L_x,Hip.L_y,Hip.L_z,Knee.L_x,Knee.L_y,Knee.L_z,Ankle.L_x,Ankle.L_y,Ankle.L_z,Wrist.R_x,Wrist.R_y,Wrist.R_z,Elbow.R_x,Elbow.R_y,Elbow.R_z,Shoulder.R_x,Shoulder.R_y,Shoulder.R_z,Shoulder.L_x,Shoulder.L_y,Shoulder.L_z,Elbow.L_x,Elbow.L_y,Elbow.L_z,Wrist.L_x,Wrist.L_y,Wrist.L_z,Neck_x,Neck_y,Neck_z,Head_x,Head_y,Head_z,Nose_x,Nose_y,Nose_z,Eye.L_x,Eye.L_y,Eye.L_z,Eye.R_x,Eye.R_y,Eye.R_z,Ear.L_x,Ear.L_y,Ear.L_z,Ear.R_x,Ear.R_y,Ear.R_z,hip.Center_x,hip.Center_y,hip.Center_z
0,-0.38771176,-0.46358526,-0.25378612,-0.25628772,-0.10301186,-0.015494883,-0.1264312,0.29287007,-0.020261744,0.1168371,0.29163113,-0.01712738,0.25677255,-0.09401398,-0.008958027,0.4208156,-0.4808632,-0.18993723,-0.20304182,0.26948485,0.15629633,-0.25790837,0.46529636,-0.013315004,-0.17359924,0.731465,0.04958256,0.12815194,0.7615577,0.014072888,0.19230285,0.53388566,-0.13645768,0.13088971,0.5441748,0.110121764,-0.023571104,0.81023264,0.07002404,-0.056694034,1.0203491,0.13949738,-0.08183499,0.89814436,0.23801923,-0.046277553,0.94966424,0.22456904,-0.1066508,0.941764,0.19586906,0.03231623,0.9567757,0.15301684,-0.10710393,0.94228256,0.08997372,-0.00479704886674881,0.2922506034374237,-0.01869456097483635
