frame,Ankle.R_x,Ankle.R_y,Ankle.R_z,Knee.R_x,Knee.R_y,Knee.R_z,Hip.R_x,Hip.R_y,Hip.R_z,Hip.L_x,Hip.L_y,Hip.L_z,Knee.L_x,Knee.L_y,Knee.L_z,Ankle.L_x,Ankle.L_y,Ankle.L_z,Wrist.R_x,Wrist.R_y,Wrist.R_z,Elbow.R_x,Elbow.R_y,Elbow.R_z,Shoulder.R_x,Shoulder.R_y,Shoulder.R_z,Shoulder.L_x,Shoulder.L_y,Shoulder.L_z,Elbow.L_x,Elbow.L_y,Elbow.L_z,Wrist.L_x,Wrist.L_y,Wrist.L_z,Neck_x,Neck_y,Neck_z,Head_x,Head_y,Head_z,Nose_x,Nose_y,Nose_z,Eye.L_x,Eye.L_y,Eye.L_z,Eye.R_x,Eye.R_y,Eye.R_z,Ear.L_x,Ear.L_y,Ear.L_z,Ear.R_x,Ear.R_y,Ear.R_z,hip.Center_x,hip.Center_y,hip.Center_z
0,-0.35583517,-0.493667,-0.13987616,-0.26798913,-0.083558545,-0.005023037,-0.11046916,0.2877261,-0.07444711,0.099963844,0.2842716,0.04038627,0.2196671,-0.10916493,0.012581186,0.42822424,-0.48768896,-0.0951731,-0.16728432,0.28604192,-0.018203001,-0.16639332,0.4847857,-0.18957347,-0.13822241,0.74259514,-0.14616072,0.09281679,0.7899827,0.010072622,0.21682078,0.5694922,0.08904146,0.022254916,0.48139057,0.22743975,-0.037377097,0.82086104,-0.05204602,-0.0755383,1.0299356,-0.014703925,-0.08660058,0.92338896,0.103317246,-0.053070303,0.9703177,0.076880336,-0.11785181,0.9614621,0.061911166,0.008712463,0.9660189,-0.0068414733,-0.1377341,0.94651896,-0.04300628,-0.005252659320831299,0.2859988510608673,-0.017030419781804085
