frame,Ankle.R_x,Ankle.R_y,Ankle.R_z,Knee.R_x,Knee.R_y,Knee.R_z,Hip.R_x,Hip.R_y,Hip.R_z,Hip.L_x,Hip.L_y,Hip.L_z,Knee.L_x,Knee.L_y,Knee.L_z,Ankle.L_x,Ankle.L_y,Ankle.L_z,Wrist.R_x,Wrist.R_y,Wrist.R_z,Elbow.R_x,Elbow.R_y,Elbow.R_z,Shoulder.R_x,Shoulder.R_y,Shoulder.R_z,Shoulder.L_x,Shoulder.L_y,Shoulder.L_z,Elbow.L_x,Elbow.L_y,Elbow.L_z,Wrist.L_x,Wrist.L_y,Wrist.L_z,Neck_x,Neck_y,Neck_z,Head_x,Head_y,Head_z,Nose_x,Nose_y,Nose_z,Eye.L_x,Eye.L_y,Eye.L_z,Eye.R_x,Eye.R_y,Eye.R_z,Ear.L_x,Ear.L_y,Ear.L_z,Ear.R_x,Ear.R_y,Ear.R_z,hip.Center_x,hip.Center_y,hip.Center_z
0,0.020320365,-0.5298901,-0.15358461,-0.1644042,-0.1343994,-0.099535026,-0.035331577,0.2800361,-0.14020929,0.03063846,0.27510157,0.09903213,-0.09645873,-0.1376078,0.100023694,-0.025175396,-0.56723535,0.008649352,-0.2607308,0.6113667,-0.1789297,-0.13792805,0.66041255,-0.397235,-0.037679452,0.76337606,-0.16409618,-0.007895616,0.7521684,0.1199415,-0.05177632,0.5573088,0.3197323,-0.25351837,0.40267056,0.29977235,-0.038386103,0.8038785,-0.019341435,-0.08900772,1.0108477,0.0054564136,-0.18812583,0.9007791,0.062243327,-0.14296982,0.9424304,0.07567187,-0.17873485,0.9455658,0.01865068,-0.0405112,0.9350821,0.058706097,-0.1176336,0.9409033,-0.07193628,-0.0023465584963560104,0.2775688171386719,-0.020588580518960953
