frame,Ankle.R_x,Ankle.R_y,Ankle.R_z,Knee.R_x,Knee.R_y,Knee.R_z,Hip.R_x,Hip.R_y,Hip.R_z,Hip.L_x,Hip.L_y,Hip.L_z,Knee.L_x,Knee.L_y,Knee.L_z,Ankle.L_x,Ankle.L_y,Ankle.L_z,Wrist.R_x,Wrist.R_y,Wrist.R_z,Elbow.R_x,Elbow.R_y,Elbow.R_z,Shoulder.R_x,Shoulder.R_y,Shoulder.R_z,Shoulder.L_x,Shoulder.L_y,Shoulder.L_z,Elbow.L_x,Elbow.L_y,Elbow.L_z,Wrist.L_x,Wrist.L_y,Wrist.L_z,Neck_x,Neck_y,Neck_z,Head_x,Head_y,Head_z,Nose_x,Nose_y,Nose_z,Eye.L_x,Eye.L_y,Eye.L_z,Eye.R_x,Eye.R_y,Eye.R_z,Ear.L_x,Ear.L_y,Ear.L_z,Ear.R_x,Ear.R_y,Ear.R_z,hip.Center_x,hip.Center_y,hip.Center_z
0,0.012118258,-0.5636424,-0.1589669,-0.096704565,-0.14108795,-0.11789371,-0.029568654,0.28708804,-0.13979733,0.01800442,0.2751196,0.10105845,-0.08025995,-0.14199317,0.08659071,0.04279011,-0.5620941,0.029710907,-0.17487496,0.7761821,-0.08723127,-0.20089297,0.701493,-0.32604665,-0.026178345,0.7777002,-0.14224613,0.021495475,0.74670684,0.13191657,0.13754523,0.50739616,0.20867592,0.06014327,0.26999134,0.17351285,-0.027549919,0.8105806,-0.0010044398,-0.11111642,1.0141267,0.009474614,-0.19188553,0.89168173,0.06751781,-0.15494278,0.94091165,0.08082925,-0.18764699,0.9353628,0.02219142,-0.051704824,0.9505142,0.06902547,-0.12238988,0.93713367,-0.06445441,-0.005782117135822773,0.28110381960868835,-0.01936943829059601
