frame,Ankle.R_x,Ankle.R_y,Ankle.R_z,Knee.R_x,Knee.R_y,Knee.R_z,Hip.R_x,Hip.R_y,Hip.R_z,Hip.L_x,Hip.L_y,Hip.L_z,Knee.L_x,Knee.L_y,Knee.L_z,Ankle.L_x,Ankle.L_y,Ankle.L_z,Wrist.R_x,Wrist.R_y,Wrist.R_z,Elbow.R_x,Elbow.R_y,Elbow.R_z,Shoulder.R_x,Shoulder.R_y,Shoulder.R_z,Shoulder.L_x,Shoulder.L_y,Shoulder.L_z,Elbow.L_x,Elbow.L_y,Elbow.L_z,Wrist.L_x,Wrist.L_y,Wrist.L_z,Neck_x,Neck_y,Neck_z,Head_x,Head_y,Head_z,Nose_x,Nose_y,Nose_z,Eye.L_x,Eye.L_y,Eye.L_z,Eye.R_x,Eye.R_y,Eye.R_z,Ear.L_x,Ear.L_y,Ear.L_z,Ear.R_x,Ear.R_y,Ear.R_z,hip.Center_x,hip.Center_y,hip.Center_z
0,-0.25600782,-0.50617015,-0.173249,-0.25279224,-0.103951685,0.021013925,-0.12515558,0.2876356,-0.049794506,0.114848636,0.2933233,0.002424537,0.25041875,-0.09643721,0.00841819,0.40814462,-0.49203205,-0.15024161,-0.26635903,0.6113848,0.18719913,-0.42540872,0.66563,-0.01459916,-0.1678285,0.7765257,-0.018922763,0.1204032,0.7763226,0.034346215,0.3445573,0.6319549,-0.052803818,0.17778888,0.45434436,0.030798022,-0.029120391,0.81658965,0.037602276,-0.05608594,1.0048144,0.14793667,-0.04783642,0.8665715,0.22425301,-0.018181877,0.92074835,0.2087695,-0.08489924,0.9148555,0.20273547,0.029752057,0.94620156,0.118745,-0.12325775,0.93401927,0.10287207,-0.00515347346663475,0.290479451417923,-0.02368498407304287
