frame,Ankle.R_x,Ankle.R_y,Ankle.R_z,Knee.R_x,Knee.R_y,Knee.R_z,Hip.R_x,Hip.R_y,Hip.R_z,Hip.L_x,Hip.L_y,Hip.L_z,Knee.L_x,Knee.L_y,Knee.L_z,Ankle.L_x,Ankle.L_y,Ankle.L_z,Wrist.R_x,Wrist.R_y,Wrist.R_z,Elbow.R_x,Elbow.R_y,Elbow.R_z,Shoulder.R_x,Shoulder.R_y,Shoulder.R_z,Shoulder.L_x,Shoulder.L_y,Shoulder.L_z,Elbow.L_x,Elbow.L_y,Elbow.L_z,Wrist.L_x,Wrist.L_y,Wrist.L_z,Neck_x,Neck_y,Neck_z,Head_x,Head_y,Head_z,Nose_x,Nose_y,Nose_z,Eye.L_x,Eye.L_y,Eye.L_z,Eye.R_x,Eye.R_y,Eye.R_z,Ear.L_x,Ear.L_y,Ear.L_z,Ear.R_x,Ear.R_y,Ear.R_z,hip.Center_x,hip.Center_y,hip.Center_z
0,-0.35683545,-0.47701472,-0.2018179,-0.2665131,-0.096068904,0.008389229,-0.12524939,0.28664348,-0.023526704,0.115789026,0.2927583,-0.016814489,0.2550134,-0.092246786,0.0011549225,0.41633672,-0.48171288,-0.16069502,0.001917253,0.83611584,0.49813148,-0.19325453,0.75755787,0.3330108,-0.15600842,0.77358156,0.058415007,0.10610518,0.74833703,-0.06869883,0.15787756,0.50336814,-0.18923706,0.22451958,0.3529012,0.0059691705,-0.023940045,0.81586295,0.0125603825,-0.039746366,1.0258601,0.0917644,-0.03598141,0.89949226,0.18478166,-0.0049343584,0.95074105,0.16380656,-0.07137124,0.9453079,0.1555764,0.046667468,0.9631321,0.07188478,-0.10582222,0.951522,0.054474115,-0.0047301799058914185,0.28970086574554443,-0.02017059549689293
