frame,Ankle.R_x,Ankle.R_y,Ankle.R_z,Knee.R_x,Knee.R_y,Knee.R_z,Hip.R_x,Hip.R_y,Hip.R_z,Hip.L_x,Hip.L_y,Hip.L_z,Knee.L_x,Knee.L_y,Knee.L_z,Ankle.L_x,Ankle.L_y,Ankle.L_z,Wrist.R_x,Wrist.R_y,Wrist.R_z,Elbow.R_x,Elbow.R_y,Elbow.R_z,Shoulder.R_x,Shoulder.R_y,Shoulder.R_z,Shoulder.L_x,Shoulder.L_y,Shoulder.L_z,Elbow.L_x,Elbow.L_y,Elbow.L_z,Wrist.L_x,Wrist.L_y,Wrist.L_z,Neck_x,Neck_y,Neck_z,Head_x,Head_y,Head_z,Nose_x,Nose_y,Nose_z,Eye.L_x,Eye.L_y,Eye.L_z,Eye.R_x,Eye.R_y,Eye.R_z,Ear.L_x,Ear.L_y,Ear.L_z,Ear.R_x,Ear.R_y,Ear.R_z,hip.Center_x,hip.Center_y,hip.Center_z
0,-0.053718545,-0.56384754,-0.1743931,-0.095017426,-0.1559698,-0.01811962,-0.1266493,0.2760905,-0.026004419,0.112550884,0.29158545,-0.0064592347,0.15066987,-0.13516244,0.024311135,0.19731762,-0.5339395,-0.1618496,-0.57645607,0.4324891,0.018094411,-0.39584848,0.5879345,-0.09148377,-0.19067627,0.758378,-0.021847878,0.09139326,0.7780547,0.0069319755,0.31258285,0.6179104,-0.039129674,0.50825244,0.47073537,0.05045214,-0.056882247,0.81263614,0.028483916,-0.09472299,0.9992377,0.13692626,-0.08938911,0.8618874,0.21470763,-0.06067513,0.9164777,0.20255968,-0.12551022,0.9080073,0.18879558,-0.005130415,0.94433933,0.117746145,-0.15329503,0.92520034,0.086399764,-0.007049210369586945,0.2838379740715027,-0.016231827437877655
