frame,Ankle.R_x,Ankle.R_y,Ankle.R_z,Knee.R_x,Knee.R_y,Knee.R_z,Hip.R_x,Hip.R_y,Hip.R_z,Hip.L_x,Hip.L_y,Hip.L_z,Knee.L_x,Knee.L_y,Knee.L_z,Ankle.L_x,Ankle.L_y,Ankle.L_z,Wrist.R_x,Wrist.R_y,Wrist.R_z,Elbow.R_x,Elbow.R_y,Elbow.R_z,Shoulder.R_x,Shoulder.R_y,Shoulder.R_z,Shoulder.L_x,Shoulder.L_y,Shoulder.L_z,Elbow.L_x,Elbow.L_y,Elbow.L_z,Wrist.L_x,Wrist.L_y,Wrist.L_z,Neck_x,Neck_y,Neck_z,Head_x,Head_y,Head_z,Nose_x,Nose_y,Nose_z,Eye.L_x,Eye.L_y,Eye.L_z,Eye.R_x,Eye.R_y,Eye.R_z,Ear.L_x,Ear.L_y,Ear.L_z,Ear.R_x,Ear.R_y,Ear.R_z,hip.Center_x,hip.Center_y,hip.Center_z
0,0.02768438,-0.5675696,-0.16814858,-0.08646745,-0.14633444,-0.115889035,-0.042696282,0.28622377,-0.13503066,0.028975042,0.2702931,0.09941885,-0.05987604,-0.1486997,0.089545354,0.044765543,-0.57183915,0.011875611,-0.23496449,0.7429787,-0.049041044,-0.24419469,0.6491591,-0.28314078,-0.057406377,0.7619796,-0.12423756,0.011301626,0.7174822,0.15345545,0.109374136,0.4585915,0.20791462,-0.013255432,0.24317273,0.16524929,-0.046081256,0.7952131,0.02261642,-0.14438735,0.99747866,0.043774832,-0.21692961,0.8639391,0.082128584,-0.18756881,0.9149214,0.10373223,-0.2126854,0.9115094,0.0414687,-0.08508788,0.93517005,0.10476668,-0.13934243,0.92759675,-0.03509437,-0.006860620342195034,0.27825844287872314,-0.017805904150009155
