frame,Ankle.R_x,Ankle.R_y,Ankle.R_z,Knee.R_x,Knee.R_y,Knee.R_z,Hip.R_x,Hip.R_y,Hip.R_z,Hip.L_x,Hip.L_y,Hip.L_z,Knee.L_x,Knee.L_y,Knee.L_z,Ankle.L_x,Ankle.L_y,Ankle.L_z,Wrist.R_x,Wrist.R_y,Wrist.R_z,Elbow.R_x,Elbow.R_y,Elbow.R_z,Shoulder.R_x,Shoulder.R_y,Shoulder.R_z,Shoulder.L_x,Shoulder.L_y,Shoulder.L_z,Elbow.L_x,Elbow.L_y,Elbow.L_z,Wrist.L_x,Wrist.L_y,Wrist.L_z,Neck_x,Neck_y,Neck_z,Head_x,Head_y,Head_z,Nose_x,Nose_y,Nose_z,Eye.L_x,Eye.L_y,Eye.L_z,Eye.R_x,Eye.R_y,Eye.R_z,Ear.L_x,Ear.L_y,Ear.L_z,Ear.R_x,Ear.R_y,Ear.R_z,hip.Center_x,hip.Center_y,hip.Center_z
0,-0.39373428,-0.47833312,-0.18949041,-0.23185569,-0.117835104,0.024587069,-0.12742704,0.28283814,-0.013185218,0.11657754,0.29217356,-0.024189007,0.24841855,-0.100608215,-0.010714415,0.4076544,-0.48463035,-0.19630036,0.017110515,0.6373744,0.37370583,-0.21252747,0.5742003,0.2585004,-0.18232441,0.7421566,0.04370766,0.09444289,0.7675369,-0.056822546,0.18008436,0.55036664,-0.20588261,0.11369661,0.48240203,0.028918806,-0.045005463,0.80791324,0.018026851,-0.05216946,0.994852,0.14512628,-0.028131172,0.84963834,0.19926016,-0.0026892982,0.9060365,0.18631357,-0.06913991,0.89878845,0.19084698,0.027251646,0.9437008,0.09259829,-0.12491096,0.92833865,0.10454877,-0.005424749106168747,0.2875058650970459,-0.018687112256884575
