frame,Ankle.R_x,Ankle.R_y,Ankle.R_z,Knee.R_x,Knee.R_y,Knee.R_z,Hip.R_x,Hip.R_y,Hip.R_z,Hip.L_x,Hip.L_y,Hip.L_z,Knee.L_x,Knee.L_y,Knee.L_z,Ankle.L_x,Ankle.L_y,Ankle.L_z,Wrist.R_x,Wrist.R_y,Wrist.R_z,Elbow.R_x,Elbow.R_y,Elbow.R_z,Shoulder.R_x,Shoulder.R_y,Shoulder.R_z,Shoulder.L_x,Shoulder.L_y,Shoulder.L_z,Elbow.L_x,Elbow.L_y,Elbow.L_z,Wrist.L_x,Wrist.L_y,Wrist.L_z,Neck_x,Neck_y,Neck_z,Head_x,Head_y,Head_z,Nose_x,Nose_y,Nose_z,Eye.L_x,Eye.L_y,Eye.L_z,Eye.R_x,Eye.R_y,Eye.R_z,Ear.L_x,Ear.L_y,Ear.L_z,Ear.R_x,Ear.R_y,Ear.R_z,hip.Center_x,hip.Center_y,hip.Center_z
0,-0.23569317,-0.468475,-0.16067317,-0.2895609,-0.07179735,0.015586394,-0.10762179,0.2732038,-0.08954936,0.09703051,0.277396,0.04603495,0.25445372,-0.09826615,0.0103011895,0.4698575,-0.45504862,-0.15614408,-0.2206366,0.34839776,-0.07687731,-0.20804486,0.49417585,-0.28953815,-0.1212217,0.7138312,-0.13664064,0.05318574,0.7738803,0.082092844,-0.001528021,0.8784483,0.32731798,-0.2255968,0.9604463,0.22840427,-0.041025467,0.78637826,-0.01821788,-0.08985677,0.99541736,0.02383238,-0.17479235,0.8775247,0.08203733,-0.13536516,0.924043,0.09479074,-0.17068024,0.9228407,0.038157083,-0.03229354,0.92549,0.077975646,-0.111027464,0.9247976,-0.05040314,-0.005295637995004654,0.27529990673065186,-0.021757205948233604
