frame,Ankle.R_x,Ankle.R_y,Ankle.R_z,Knee.R_x,Knee.R_y,Knee.R_z,Hip.R_x,Hip.R_y,Hip.R_z,Hip.L_x,Hip.L_y,Hip.L_z,Knee.L_x,Knee.L_y,Knee.L_z,Ankle.L_x,Ankle.L_y,Ankle.L_z,Wrist.R_x,Wrist.R_y,Wrist.R_z,Elbow.R_x,Elbow.R_y,Elbow.R_z,Shoulder.R_x,Shoulder.R_y,Shoulder.R_z,Shoulder.L_x,Shoulder.L_y,Shoulder.L_z,Elbow.L_x,Elbow.L_y,Elbow.L_z,Wrist.L_x,Wrist.L_y,Wrist.L_z,Neck_x,Neck_y,Neck_z,Head_x,Head_y,Head_z,Nose_x,Nose_y,Nose_z,Eye.L_x,Eye.L_y,Eye.L_z,Eye.R_x,Eye.R_y,Eye.R_z,Ear.L_x,Ear.L_y,Ear.L_z,Ear.R_x,Ear.R_y,Ear.R_z,hip.Center_x,hip.Center_y,hip.Center_z
0,-0.40364787,-0.4055388,-0.07127437,-0.35360354,0.023334537,-0.011446144,-0.064163394,0.27669057,-0.12644744,0.07069686,0.2753828,0.07909722,0.07981078,-0.14933063,0.11593779,0.24805568,-0.5248747,-0.056667328,-0.16566974,0.15966362,-0.22520202,-0.073842466,0.39570317,-0.29164797,-0.05821249,0.6678673,-0.21464396,0.015080616,0.7875151,0.039639305,-0.06979074,0.89943403,0.27145004,-0.3246192,0.9264989,0.23386349,-0.04111894,0.77331257,-0.08527877,-0.14407946,0.9659553,-0.03142503,-0.19477564,0.82346666,0.0060439557,-0.16729435,0.8759389,0.0258971,-0.20325902,0.87450397,-0.03031598,-0.06979324,0.9067353,0.00978452,-0.14966956,0.9045155,-0.11803149,0.0032667331397533417,0.27603667974472046,-0.023675110191106796
