frame,Ankle.R_x,Ankle.R_y,Ankle.R_z,Knee.R_x,Knee.R_y,Knee.R_z,Hip.R_x,Hip.R_y,Hip.R_z,Hip.L_x,Hip.L_y,Hip.L_z,Knee.L_x,Knee.L_y,Knee.L_z,Ankle.L_x,Ankle.L_y,Ankle.L_z,Wrist.R_x,Wrist.R_y,Wrist.R_z,Elbow.R_x,Elbow.R_y,Elbow.R_z,Shoulder.R_x,Shoulder.R_y,Shoulder.R_z,Shoulder.L_x,Shoulder.L_y,Shoulder.L_z,Elbow.L_x,Elbow.L_y,Elbow.L_z,Wrist.L_x,Wrist.L_y,Wrist.L_z,Neck_x,Neck_y,Neck_z,Head_x,Head_y,Head_z,Nose_x,Nose_y,Nose_z,Eye.L_x,Eye.L_y,Eye.L_z,Eye.R_x,Eye.R_y,Eye.R_z,Ear.L_x,Ear.L_y,Ear.L_z,Ear.R_x,Ear.R_y,Ear.R_z,hip.Center_x,hip.Center_y,hip.Center_z
0,-0.022308046,-0.6089844,-0.2752244,-0.0750755,-0.19646244,-0.04021269,-0.13142541,0.25980347,-0.038329817,0.12089675,0.26755133,0.005847644,0.08623651,-0.18870668,-0.026102863,0.091359764,-0.60971117,-0.25658396,-0.18985468,0.20267783,0.10970119,-0.2704764,0.39699137,-0.06678268,-0.21424371,0.67459387,0.01740213,0.0807526,0.7355205,0.06903706,0.26511616,0.5318486,-0.03706205,0.24838275,0.28195113,0.06259515,-0.08368985,0.7657686,0.07492045,-0.1359926,0.97114325,0.12487014,-0.18263425,0.8548584,0.21997972,-0.14465065,0.90587926,0.21339762,-0.19811772,0.8962468,0.17320123,-0.054133076,0.91049844,0.16031533,-0.17435527,0.89121604,0.07167519,-0.00526433065533638,0.2636774182319641,-0.016241086646914482
