frame,Ankle.R_x,Ankle.R_y,Ankle.R_z,Knee.R_x,Knee.R_y,Knee.R_z,Hip.R_x,Hip.R_y,Hip.R_z,Hip.L_x,Hip.L_y,Hip.L_z,Knee.L_x,Knee.L_y,Knee.L_z,Ankle.L_x,Ankle.L_y,Ankle.L_z,Wrist.R_x,Wrist.R_y,Wrist.R_z,Elbow.R_x,Elbow.R_y,Elbow.R_z,Shoulder.R_x,Shoulder.R_y,Shoulder.R_z,Shoulder.L_x,Shoulder.L_y,Shoulder.L_z,Elbow.L_x,Elbow.L_y,Elbow.L_z,Wrist.L_x,Wrist.L_y,Wrist.L_z,Neck_x,Neck_y,Neck_z,Head_x,Head_y,Head_z,Nose_x,Nose_y,Nose_z,Eye.L_x,Eye.L_y,Eye.L_z,Eye.R_x,Eye.R_y,Eye.R_z,Ear.L_x,Ear.L_y,Ear.L_z,Ear.R_x,Ear.R_y,Ear.R_z,hip.Center_x,hip.Center_y,hip.Center_z
0,-0.1485631,-0.5195462,-0.21414377,-0.16066092,-0.12786964,-0.024877826,-0.12703769,0.29607219,-0.016265793,0.11242569,0.30674183,-0.02052691,0.20711726,-0.100834824,0.0038372946,0.24521375,-0.48450342,-0.20739721,-0.4965461,0.50767946,0.0833339,-0.42238197,0.68779063,-0.08898245,-0.1778481,0.80548257,-0.014537321,0.1141833,0.8097867,-0.021026293,0.3256873,0.6555586,-0.124571346,0.4188775,0.46806377,0.023085129,-0.03189273,0.8522289,0.019552806,-0.045214538,1.0522001,0.12101552,-0.018201502,0.92037934,0.2071624,0.005558744,0.97422755,0.18195938,-0.060958177,0.96543884,0.18672739,0.038423754,0.99345326,0.08290574,-0.11691377,0.9739758,0.09201883,-0.007305998355150223,0.30140700936317444,-0.018396351486444473
