frame,Ankle.R_x,Ankle.R_y,Ankle.R_z,Knee.R_x,Knee.R_y,Knee.R_z,Hip.R_x,Hip.R_y,Hip.R_z,Hip.L_x,Hip.L_y,Hip.L_z,Knee.L_x,Knee.L_y,Knee.L_z,Ankle.L_x,Ankle.L_y,Ankle.L_z,Wrist.R_x,Wrist.R_y,Wrist.R_z,Elbow.R_x,Elbow.R_y,Elbow.R_z,Shoulder.R_x,Shoulder.R_y,Shoulder.R_z,Shoulder.L_x,Shoulder.L_y,Shoulder.L_z,Elbow.L_x,Elbow.L_y,Elbow.L_z,Wrist.L_x,Wrist.L_y,Wrist.L_z,Neck_x,Neck_y,Neck_z,Head_x,Head_y,Head_z,Nose_x,Nose_y,Nose_z,Eye.L_x,Eye.L_y,Eye.L_z,Eye.R_x,Eye.R_y,Eye.R_z,Ear.L_x,Ear.L_y,Ear.L_z,Ear.R_x,Ear.R_y,Ear.R_z,hip.Center_x,hip.Center_y,hip.Center_z
0,-0.32861257,-0.5276813,-0.08875705,-0.23990692,-0.11759904,0.043483507,-0.123229966,0.27335334,-0.003006501,0.11516879,0.27325276,-0.04264349,0.23252982,-0.11043197,0.057273764,0.26825008,-0.52020925,-0.112839945,0.16110913,0.83197206,0.2830087,-0.05833238,0.6916068,0.29996768,-0.1374951,0.7227531,0.04743801,0.10886797,0.7521661,-0.038313527,0.2535042,0.75496817,0.18358508,0.017230036,0.8114755,0.26474997,-0.02589286,0.77528155,-0.0009304001,-0.054900523,0.96338904,0.10258197,-0.050634157,0.8223423,0.16258834,-0.022070982,0.8764689,0.15886505,-0.085920006,0.87011635,0.1417708,0.03555447,0.9129678,0.07895109,-0.10936667,0.89866245,0.04360132,-0.004030589014291763,0.2733030319213867,-0.02282499521970749
