frame,Ankle.R_x,Ankle.R_y,Ankle.R_z,Knee.R_x,Knee.R_y,Knee.R_z,Hip.R_x,Hip.R_y,Hip.R_z,Hip.L_x,Hip.L_y,Hip.L_z,Knee.L_x,Knee.L_y,Knee.L_z,Ankle.L_x,Ankle.L_y,Ankle.L_z,Wrist.R_x,Wrist.R_y,Wrist.R_z,Elbow.R_x,Elbow.R_y,Elbow.R_z,Shoulder.R_x,Shoulder.R_y,Shoulder.R_z,Shoulder.L_x,Shoulder.L_y,Shoulder.L_z,Elbow.L_x,Elbow.L_y,Elbow.L_z,Wrist.L_x,Wrist.L_y,Wrist.L_z,Neck_x,Neck_y,Neck_z,Head_x,Head_y,Head_z,Nose_x,Nose_y,Nose_z,Eye.L_x,Eye.L_y,Eye.L_z,Eye.R_x,Eye.R_y,Eye.R_z,Ear.L_x,Ear.L_y,Ear.L_z,Ear.R_x,Ear.R_y,Ear.R_z,hip.Center_x,hip.Center_y,hip.Center_z
0,-0.4560105,-0.499568,-0.20285545,-0.26967967,-0.11876904,0.0008792052,-0.127065,0.27851164,-0.0065865023,0.11864847,0.28386372,-0.03541187,0.27558276,-0.10783334,-0.0038856203,0.42249012,-0.510508,-0.2079632,-0.11606446,0.26089948,0.2454121,-0.2309087,0.4372483,0.06701033,-0.1709239,0.7171031,0.025380027,0.12770857,0.73106766,-0.04662001,0.18433958,0.4514107,-0.079345,0.15487505,0.2715884,0.12134507,-0.018358715,0.7959993,0.00973833,-0.022829972,1.012547,0.07195293,0.011000728,0.89579594,0.172261,0.03318428,0.9452065,0.13881129,-0.03281781,0.9385718,0.15060359,0.055520985,0.9482222,0.03671377,-0.09412512,0.9343745,0.06335726,-0.004208266735076904,0.28118768334388733,-0.020999185740947723
