frame,Ankle.R_x,Ankle.R_y,Ankle.R_z,Knee.R_x,Knee.R_y,Knee.R_z,Hip.R_x,Hip.R_y,Hip.R_z,Hip.L_x,Hip.L_y,Hip.L_z,Knee.L_x,Knee.L_y,Knee.L_z,Ankle.L_x,Ankle.L_y,Ankle.L_z,Wrist.R_x,Wrist.R_y,Wrist.R_z,Elbow.R_x,Elbow.R_y,Elbow.R_z,Shoulder.R_x,Shoulder.R_y,Shoulder.R_z,Shoulder.L_x,Shoulder.L_y,Shoulder.L_z,Elbow.L_x,Elbow.L_y,Elbow.L_z,Wrist.L_x,Wrist.L_y,Wrist.L_z,Neck_x,Neck_y,Neck_z,Head_x,Head_y,Head_z,Nose_x,Nose_y,Nose_z,Eye.L_x,Eye.L_y,Eye.L_z,Eye.R_x,Eye.R_y,Eye.R_z,Ear.L_x,Ear.L_y,Ear.L_z,Ear.R_x,Ear.R_y,Ear.R_z,hip.Center_x,hip.Center_y,hip.Center_z
0,-0.28992358,-0.50931823,-0.24543507,-0.20982388,-0.12947735,-0.015657887,-0.12881422,0.28672847,-0.013820831,0.1165519,0.29584414,-0.028635312,0.25411564,-0.09663582,0.021793459,0.3033452,-0.49849254,-0.18448612,-0.16285849,0.66092825,0.20966177,-0.2686676,0.47601002,0.06611548,-0.18311977,0.73699427,0.025696341,0.12194349,0.7573066,0.017261855,0.19471668,0.5087234,-0.09667167,0.1267644,0.27433598,-0.0031466938,-0.03257839,0.8127434,0.049927678,-0.047503665,1.0250436,0.12545215,-0.020223547,0.9057374,0.22475362,0.0042789206,0.9556878,0.19353873,-0.062394496,0.9486674,0.20157637,0.03430706,0.9623216,0.092784904,-0.1188174,0.9463036,0.1089497,-0.006131161004304886,0.29128628969192505,-0.021228071302175522
