frame,Ankle.R_x,Ankle.R_y,Ankle.R_z,Knee.R_x,Knee.R_y,Knee.R_z,Hip.R_x,Hip.R_y,Hip.R_z,Hip.L_x,Hip.L_y,Hip.L_z,Knee.L_x,Knee.L_y,Knee.L_z,Ankle.L_x,Ankle.L_y,Ankle.L_z,Wrist.R_x,Wrist.R_y,Wrist.R_z,Elbow.R_x,Elbow.R_y,Elbow.R_z,Shoulder.R_x,Shoulder.R_y,Shoulder.R_z,Shoulder.L_x,Shoulder.L_y,Shoulder.L_z,Elbow.L_x,Elbow.L_y,Elbow.L_z,Wrist.L_x,Wrist.L_y,Wrist.L_z,Neck_x,Neck_y,Neck_z,Head_x,Head_y,Head_z,Nose_x,Nose_y,Nose_z,Eye.L_x,Eye.L_y,Eye.L_z,Eye.R_x,Eye.R_y,Eye.R_z,Ear.L_x,Ear.L_y,Ear.L_z,Ear.R_x,Ear.R_y,Ear.R_z,hip.Center_x,hip.Center_y,hip.Center_z
0,0.0067981565,-0.5600815,-0.14505966,-0.14646924,-0.14554584,-0.10032238,-0.042214833,0.27828017,-0.13822939,0.0363888,0.270151,0.09714248,-0.08696173,-0.1445455,0.10478635,0.010004643,-0.5730938,0.012209889,-0.3197884,0.7568755,-0.05007645,-0.2757334,0.82743967,-0.29402557,-0.08194346,0.7744044,-0.11065191,-0.007766583,0.7045263,0.15133022,0.05228225,0.43832594,0.23575768,-0.011772898,0.1888544,0.20910858,-0.064959124,0.7848627,0.029278573,-0.12429949,0.98702973,0.062369842,-0.19104879,0.87258065,0.14761868,-0.14702135,0.9167502,0.14588521,-0.19965002,0.91675293,0.103914715,-0.05671191,0.91564053,0.09598579,-0.17152867,0.9142657,-0.0013384521,-0.002913016825914383,0.27421557903289795,-0.020543452352285385
