frame,Ankle.R_x,Ankle.R_y,Ankle.R_z,Knee.R_x,Knee.R_y,Knee.R_z,Hip.R_x,Hip.R_y,Hip.R_z,Hip.L_x,Hip.L_y,Hip.L_z,Knee.L_x,Knee.L_y,Knee.L_z,Ankle.L_x,Ankle.L_y,Ankle.L_z,Wrist.R_x,Wrist.R_y,Wrist.R_z,Elbow.R_x,Elbow.R_y,Elbow.R_z,Shoulder.R_x,Shoulder.R_y,Shoulder.R_z,Shoulder.L_x,Shoulder.L_y,Shoulder.L_z,Elbow.L_x,Elbow.L_y,Elbow.L_z,Wrist.L_x,Wrist.L_y,Wrist.L_z,Neck_x,Neck_y,Neck_z,Head_x,Head_y,Head_z,Nose_x,Nose_y,Nose_z,Eye.L_x,Eye.L_y,Eye.L_z,Eye.R_x,Eye.R_y,Eye.R_z,Ear.L_x,Ear.L_y,Ear.L_z,Ear.R_x,Ear.R_y,Ear.R_z,hip.Center_x,hip.Center_y,hip.Center_z
0,-0.030389458,-0.5326959,-0.13285911,-0.20143278,-0.1382391,-0.010734327,-0.0781859,0.27179345,-0.120577015,0.074236006,0.27807367,0.076193124,-0.009301241,-0.15131965,0.12943365,0.110442966,-0.5625525,-0.01879334,-0.35070142,0.90413,-0.046575632,-0.35887137,0.7508636,-0.25550592,-0.11065839,0.7552164,-0.13326347,0.03145955,0.71072876,0.11867069,0.079078704,0.4335341,0.17643644,0.013726002,0.17900507,0.18493262,-0.0562109,0.7873687,0.0028184261,-0.120239265,0.9957667,0.026329746,-0.18595456,0.88424253,0.11429876,-0.14388792,0.9308177,0.11243958,-0.19328925,0.9253873,0.06703129,-0.04931656,0.9304162,0.06883923,-0.15816848,0.91772056,-0.034252435,-0.00197494775056839,0.2749335765838623,-0.02219194546341896
