frame,Ankle.R_x,Ankle.R_y,Ankle.R_z,Knee.R_x,Knee.R_y,Knee.R_z,Hip.R_x,Hip.R_y,Hip.R_z,Hip.L_x,Hip.L_y,Hip.L_z,Knee.L_x,Knee.L_y,Knee.L_z,Ankle.L_x,Ankle.L_y,Ankle.L_z,Wrist.R_x,Wrist.R_y,Wrist.R_z,Elbow.R_x,Elbow.R_y,Elbow.R_z,Shoulder.R_x,Shoulder.R_y,Shoulder.R_z,Shoulder.L_x,Shoulder.L_y,Shoulder.L_z,Elbow.L_x,Elbow.L_y,Elbow.L_z,Wrist.L_x,Wrist.L_y,Wrist.L_z,Neck_x,Neck_y,Neck_z,Head_x,Head_y,Head_z,Nose_x,Nose_y,Nose_z,Eye.L_x,Eye.L_y,Eye.L_z,Eye.R_x,Eye.R_y,Eye.R_z,Ear.L_x,Ear.L_y,Ear.L_z,Ear.R_x,Ear.R_y,Ear.R_z,hip.Center_x,hip.Center_y,hip.Center_z
0,-0.17197932,-0.47342783,-0.03051358,-0.2644078,-0.064156905,0.11249708,-0.11532527,0.28608572,-0.079733044,0.10837731,0.28883108,0.027451029,0.19681254,-0.124190785,0.0072077326,0.35145313,-0.5253146,-0.14292671,-0.17934512,0.7473601,0.101850584,-0.3339288,0.571602,-0.008759223,-0.15391463,0.76758164,-0.051831782,0.11469081,0.7586554,0.06563859,0.2455703,0.5324539,-0.024157282,0.12353164,0.3559855,0.11563406,-0.033607624,0.8151313,0.030717993,-0.10495288,1.0148312,0.07900971,-0.14486152,0.89549536,0.17478254,-0.10918464,0.94845533,0.16740704,-0.16219138,0.9352068,0.12714088,-0.017320968,0.96017814,0.11458442,-0.13799487,0.9302151,0.022865921,-0.0034739822149276733,0.2874584197998047,-0.026141006499528885
