frame,Ankle.R_x,Ankle.R_y,Ankle.R_z,Knee.R_x,Knee.R_y,Knee.R_z,Hip.R_x,Hip.R_y,Hip.R_z,Hip.L_x,Hip.L_y,Hip.L_z,Knee.L_x,Knee.L_y,Knee.L_z,Ankle.L_x,Ankle.L_y,Ankle.L_z,Wrist.R_x,Wrist.R_y,Wrist.R_z,Elbow.R_x,Elbow.R_y,Elbow.R_z,Shoulder.R_x,Shoulder.R_y,Shoulder.R_z,Shoulder.L_x,Shoulder.L_y,Shoulder.L_z,Elbow.L_x,Elbow.L_y,Elbow.L_z,Wrist.L_x,Wrist.L_y,Wrist.L_z,Neck_x,Neck_y,Neck_z,Head_x,Head_y,Head_z,Nose_x,Nose_y,Nose_z,Eye.L_x,Eye.L_y,Eye.L_z,Eye.R_x,Eye.R_y,Eye.R_z,Ear.L_x,Ear.L_y,Ear.L_z,Ear.R_x,Ear.R_y,Ear.R_z,hip.Center_x,hip.Center_y,hip.Center_z
0,-0.31330863,-0.51525617,-0.18537472,-0.19845696,-0.1256694,-0.0077881347,-0.12304611,0.29417068,0.007621153,0.1140424,0.2920956,-0.040690757,0.20990072,-0.11463361,-0.022700045,0.25353426,-0.5044837,-0.23852316,-0.03172905,0.39994365,0.45786098,-0.15972805,0.56340265,0.28794008,-0.11748307,0.77023536,0.10871488,0.13846803,0.75640655,-0.0428057,0.13724151,0.50726473,-0.15577647,0.17249952,0.29008633,-0.019689504,0.017336385,0.82598907,0.052069187,-0.0079903165,1.0410798,0.090683796,-0.020513102,0.93618745,0.20877841,0.0126242265,0.98498714,0.18427424,-0.04996477,0.9719839,0.1627025,0.08513677,0.982545,0.10435533,-0.060051158,0.95489585,0.058710255,-0.004501853138208389,0.2931331396102905,-0.016534801572561264
