frame,Ankle.R_x,Ankle.R_y,Ankle.R_z,Knee.R_x,Knee.R_y,Knee.R_z,Hip.R_x,Hip.R_y,Hip.R_z,Hip.L_x,Hip.L_y,Hip.L_z,Knee.L_x,Knee.L_y,Knee.L_z,Ankle.L_x,Ankle.L_y,Ankle.L_z,Wrist.R_x,Wrist.R_y,Wrist.R_z,Elbow.R_x,Elbow.R_y,Elbow.R_z,Shoulder.R_x,Shoulder.R_y,Shoulder.R_z,Shoulder.L_x,Shoulder.L_y,Shoulder.L_z,Elbow.L_x,Elbow.L_y,Elbow.L_z,Wrist.L_x,Wrist.L_y,Wrist.L_z,Neck_x,Neck_y,Neck_z,Head_x,Head_y,Head_z,Nose_x,Nose_y,Nose_z,Eye.L_x,Eye.L_y,Eye.L_z,Eye.R_x,Eye.R_y,Eye.R_z,Ear.L_x,Ear.L_y,Ear.L_z,Ear.R_x,Ear.R_y,Ear.R_z,hip.Center_x,hip.Center_y,hip.Center_z
0,0.0024905945,-0.61033434,-0.31677213,-0.07546836,-0.20904066,-0.059246182,-0.12877941,0.2503388,-0.04826811,0.11762398,0.25771675,0.018777374,0.0914491,-0.19808295,-0.052573994,0.105787724,-0.63099635,-0.272449,-0.43638113,0.17485075,-0.084963836,-0.31901342,0.42555776,-0.12574846,-0.21015866,0.67089134,-0.0023018476,0.07203595,0.7065731,0.086044766,0.25038254,0.48089525,0.021081071,0.3780258,0.23910034,0.05824346,-0.088139646,0.7453786,0.07610405,-0.15723078,0.9407317,0.13522032,-0.1999696,0.8157501,0.21850482,-0.16597782,0.8691093,0.218154,-0.21610327,0.8590913,0.17456873,-0.075171016,0.8839714,0.17043287,-0.18680643,0.86331105,0.07555721,-0.00557771697640419,0.254027783870697,-0.01474536769092083
