frame,Ankle.R_x,Ankle.R_y,Ankle.R_z,Knee.R_x,Knee.R_y,Knee.R_z,Hip.R_x,Hip.R_y,Hip.R_z,Hip.L_x,Hip.L_y,Hip.L_z,Knee.L_x,Knee.L_y,Knee.L_z,Ankle.L_x,Ankle.L_y,Ankle.L_z,Wrist.R_x,Wrist.R_y,Wrist.R_z,Elbow.R_x,Elbow.R_y,Elbow.R_z,Shoulder.R_x,Shoulder.R_y,Shoulder.R_z,Shoulder.L_x,Shoulder.L_y,Shoulder.L_z,Elbow.L_x,Elbow.L_y,Elbow.L_z,Wrist.L_x,Wrist.L_y,Wrist.L_z,Neck_x,Neck_y,Neck_z,Head_x,Head_y,Head_z,Nose_x,Nose_y,Nose_z,Eye.L_x,Eye.L_y,Eye.L_z,Eye.R_x,Eye.R_y,Eye.R_z,Ear.L_x,Ear.L_y,Ear.L_z,Ear.R_x,Ear.R_y,Ear.R_z,hip.Center_x,hip.Center_y,hip.Center_z
0,-0.021479337,-0.5375806,-0.2757925,-0.070976384,-0.1503073,-0.08052196,-0.12167236,0.27925944,-0.044923637,0.10733289,0.2810451,0.027993796,0.06549646,-0.14556421,-0.045290925,0.07211764,-0.5435344,-0.22501327,-0.6058349,0.4754616,-0.082647815,-0.39098334,0.6157231,-0.13513029,-0.1866113,0.7673788,-0.044791482,0.06398645,0.79639953,0.026640626,0.26841784,0.63010657,-0.034109622,0.42546713,0.43579757,0.029275296,-0.07896086,0.82475483,0.022240136,-0.13754451,1.0246927,0.06550988,-0.20020492,0.9095411,0.15704772,-0.16059403,0.95946354,0.15415746,-0.20752645,0.94953537,0.106929734,-0.0622327,0.96360546,0.113115214,-0.16914168,0.94221413,0.0077975765,-0.007169734686613083,0.28015226125717163,-0.008464920334517956
