frame,Ankle.R_x,Ankle.R_y,Ankle.R_z,Knee.R_x,Knee.R_y,Knee.R_z,Hip.R_x,Hip.R_y,Hip.R_z,Hip.L_x,Hip.L_y,Hip.L_z,Knee.L_x,Knee.L_y,Knee.L_z,Ankle.L_x,Ankle.L_y,Ankle.L_z,Wrist.R_x,Wrist.R_y,Wrist.R_z,Elbow.R_x,Elbow.R_y,Elbow.R_z,Shoulder.R_x,Shoulder.R_y,Shoulder.R_z,Shoulder.L_x,Shoulder.L_y,Shoulder.L_z,Elbow.L_x,Elbow.L_y,Elbow.L_z,Wrist.L_x,Wrist.L_y,Wrist.L_z,Neck_x,Neck_y,Neck_z,Head_x,Head_y,Head_z,Nose_x,Nose_y,Nose_z,Eye.L_x,Eye.L_y,Eye.L_z,Eye.R_x,Eye.R_y,Eye.R_z,Ear.L_x,Ear.L_y,Ear.L_z,Ear.R_x,Ear.R_y,Ear.R_z,hip.Center_x,hip.Center_y,hip.Center_z
0,0.03616126,-0.55218047,-0.18568929,-0.10334284,-0.14202085,-0.11134355,-0.040439337,0.28943023,-0.13701871,0.03002242,0.2758162,0.09861438,-0.08022877,-0.13876486,0.093326755,0.035344895,-0.5587007,0.013661614,-0.27573395,0.78915924,-0.024312228,-0.2825988,0.77344584,-0.27932826,-0.06947012,0.7873659,-0.115694165,0.010217682,0.72926784,0.1522902,0.11932749,0.47552505,0.20379305,0.044661187,0.234193,0.16566926,-0.05184733,0.8079503,0.028002853,-0.11139392,1.016885,0.053617407,-0.19533287,0.90452313,0.1267735,-0.15025459,0.94840944,0.13241056,-0.19396873,0.9483323,0.080971986,-0.050632026,0.9444504,0.10111599,-0.14669621,0.9432199,-0.017165761,-0.005208458751440048,0.2826232314109802,-0.01920216530561447
