frame,Ankle.R_x,Ankle.R_y,Ankle.R_z,Knee.R_x,Knee.R_y,Knee.R_z,Hip.R_x,Hip.R_y,Hip.R_z,Hip.L_x,Hip.L_y,Hip.L_z,Knee.L_x,Knee.L_y,Knee.L_z,Ankle.L_x,Ankle.L_y,Ankle.L_z,Wrist.R_x,Wrist.R_y,Wrist.R_z,Elbow.R_x,Elbow.R_y,Elbow.R_z,Shoulder.R_x,Shoulder.R_y,Shoulder.R_z,Shoulder.L_x,Shoulder.L_y,Shoulder.L_z,Elbow.L_x,Elbow.L_y,Elbow.L_z,Wrist.L_x,Wrist.L_y,Wrist.L_z,Neck_x,Neck_y,Neck_z,Head_x,Head_y,Head_z,Nose_x,Nose_y,Nose_z,Eye.L_x,Eye.L_y,Eye.L_z,Eye.R_x,Eye.R_y,Eye.R_z,Ear.L_x,Ear.L_y,Ear.L_z,Ear.R_x,Ear.R_y,Ear.R_z,hip.Center_x,hip.Center_y,hip.Center_z
0,-0.30494553,-0.50377715,-0.16268928,-0.254324,-0.099863626,0.046982832,-0.12494649,0.28951383,-0.05588869,0.11332464,0.2979336,0.011057002,0.24507485,-0.103943735,-0.020284863,0.448297,-0.48181233,-0.20159368,-0.21436062,0.40089738,0.09205271,-0.2441438,0.4863846,-0.15865001,-0.19934133,0.74554896,-0.052372552,0.094538316,0.79018044,0.01932842,0.25848442,0.58020407,-0.08544882,0.25747678,0.39024577,0.097190894,-0.060807936,0.82926846,0.0202997,-0.07099813,1.0443872,0.071308956,-0.016344272,0.9426564,0.18300962,-0.0023946986,0.98593813,0.13662422,-0.06446555,0.98249686,0.1637321,-0.00030380487,0.9730028,0.032784082,-0.14585769,0.9641937,0.090197235,-0.005810923874378204,0.2937237024307251,-0.022415844723582268
