frame,Ankle.R_x,Ankle.R_y,Ankle.R_z,Knee.R_x,Knee.R_y,Knee.R_z,Hip.R_x,Hip.R_y,Hip.R_z,Hip.L_x,Hip.L_y,Hip.L_z,Knee.L_x,Knee.L_y,Knee.L_z,Ankle.L_x,Ankle.L_y,Ankle.L_z,Wrist.R_x,Wrist.R_y,Wrist.R_z,Elbow.R_x,Elbow.R_y,Elbow.R_z,Shoulder.R_x,Shoulder.R_y,Shoulder.R_z,Shoulder.L_x,Shoulder.L_y,Shoulder.L_z,Elbow.L_x,Elbow.L_y,Elbow.L_z,Wrist.L_x,Wrist.L_y,Wrist.L_z,Neck_x,Neck_y,Neck_z,Head_x,Head_y,Head_z,Nose_x,Nose_y,Nose_z,Eye.L_x,Eye.L_y,Eye.L_z,Eye.R_x,Eye.R_y,Eye.R_z,Ear.L_x,Ear.L_y,Ear.L_z,Ear.R_x,Ear.R_y,Ear.R_z,hip.Center_x,hip.Center_y,hip.Center_z
0,-0.06376805,-0.5443797,-0.26125577,-0.09368152,-0.15470198,-0.06895049,-0.12092736,0.273557,-0.04589579,0.10913758,0.27610603,0.027489332,0.07040019,-0.14994928,-0.035693303,0.0680621,-0.5485717,-0.21130057,-0.7032614,0.7942989,-0.08946029,-0.45071974,0.77069575,-0.1372128,-0.19022056,0.7585685,-0.047881246,0.05420711,0.7874749,0.033620894,0.32194507,0.7599195,0.0722927,0.35546568,0.79034424,0.3164048,-0.089890845,0.80509317,0.019260501,-0.18162562,0.9912754,0.08375531,-0.21974558,0.85558057,0.1556698,-0.19119641,0.91159004,0.16108744,-0.23526499,0.90005183,0.112179205,-0.09675583,0.94013584,0.1230796,-0.19743264,0.91515386,0.014262199,-0.005894891917705536,0.27483153343200684,-0.009203228168189526
