frame,Ankle.R_x,Ankle.R_y,Ankle.R_z,Knee.R_x,Knee.R_y,Knee.R_z,Hip.R_x,Hip.R_y,Hip.R_z,Hip.L_x,Hip.L_y,Hip.L_z,Knee.L_x,Knee.L_y,Knee.L_z,Ankle.L_x,Ankle.L_y,Ankle.L_z,Wrist.R_x,Wrist.R_y,Wrist.R_z,Elbow.R_x,Elbow.R_y,Elbow.R_z,Shoulder.R_x,Shoulder.R_y,Shoulder.R_z,Shoulder.L_x,Shoulder.L_y,Shoulder.L_z,Elbow.L_x,Elbow.L_y,Elbow.L_z,Wrist.L_x,Wrist.L_y,Wrist.L_z,Neck_x,Neck_y,Neck_z,Head_x,Head_y,Head_z,Nose_x,Nose_y,Nose_z,Eye.L_x,Eye.L_y,Eye.L_z,Eye.R_x,Eye.R_y,Eye.R_z,Ear.L_x,Ear.L_y,Ear.L_z,Ear.R_x,Ear.R_y,Ear.R_z,hip.Center_x,hip.Center_y,hip.Center_z
0,-0.21190073,-0.5531529,-0.0962348,-0.1650191,-0.14460392,0.0818307,-0.11306012,0.28622264,0.0418424,0.09546618,0.2831043,-0.0888457,0.33100915,-0.02720866,-0.0042617777,0.2551656,-0.43956715,-0.16645774,0.022483787,0.86973256,0.32924172,-0.212859,0.80119896,0.24993402,0.002832178,0.78477645,0.06687988,0.2077269,0.67158705,-0.102682576,0.15605015,0.43278033,-0.24912319,0.21507643,0.23055258,-0.10259958,0.13596602,0.7713835,0.007712428,0.20386495,0.9550432,0.11447351,0.16769034,0.8212965,0.18559922,0.21287858,0.86122394,0.17234328,0.14853607,0.878981,0.16686946,0.26550347,0.8735168,0.08023268,0.11896612,0.91275775,0.07056232,-0.008796967566013336,0.28466346859931946,-0.023501649498939514
