frame,Ankle.R_x,Ankle.R_y,Ankle.R_z,Knee.R_x,Knee.R_y,Knee.R_z,Hip.R_x,Hip.R_y,Hip.R_z,Hip.L_x,Hip.L_y,Hip.L_z,Knee.L_x,Knee.L_y,Knee.L_z,Ankle.L_x,Ankle.L_y,Ankle.L_z,Wrist.R_x,Wrist.R_y,Wrist.R_z,Elbow.R_x,Elbow.R_y,Elbow.R_z,Shoulder.R_x,Shoulder.R_y,Shoulder.R_z,Shoulder.L_x,Shoulder.L_y,Shoulder.L_z,Elbow.L_x,Elbow.L_y,Elbow.L_z,Wrist.L_x,Wrist.L_y,Wrist.L_z,Neck_x,Neck_y,Neck_z,Head_x,Head_y,Head_z,Nose_x,Nose_y,Nose_z,Eye.L_x,Eye.L_y,Eye.L_z,Eye.R_x,Eye.R_y,Eye.R_z,Ear.L_x,Ear.L_y,Ear.L_z,Ear.R_x,Ear.R_y,Ear.R_z,hip.Center_x,hip.Center_y,hip.Center_z
0,-0.019502178,-0.54277074,-0.2715767,-0.07784863,-0.15225644,-0.074402444,-0.11867784,0.28177372,-0.058903664,0.104067944,0.28528112,0.03699011,0.062422615,-0.14693135,-0.017684676,0.075266525,-0.55467725,-0.18631856,-0.5228649,0.3345873,-0.099274166,-0.359472,0.53916025,-0.14137149,-0.20757142,0.75012064,-0.053865276,0.056805745,0.7882513,0.042957414,0.23427516,0.58007836,0.012098007,0.37182936,0.3571852,0.026392244,-0.09528769,0.821261,0.024893232,-0.16439521,1.0227063,0.07772038,-0.19383492,0.90458703,0.18081641,-0.1593358,0.9568132,0.16809323,-0.21652323,0.9436595,0.1348582,-0.07603313,0.9667963,0.10323662,-0.20523861,0.9376054,0.02824673,-0.0073049478232860565,0.2835274338722229,-0.01095677725970745
