frame,Ankle.R_x,Ankle.R_y,Ankle.R_z,Knee.R_x,Knee.R_y,Knee.R_z,Hip.R_x,Hip.R_y,Hip.R_z,Hip.L_x,Hip.L_y,Hip.L_z,Knee.L_x,Knee.L_y,Knee.L_z,Ankle.L_x,Ankle.L_y,Ankle.L_z,Wrist.R_x,Wrist.R_y,Wrist.R_z,Elbow.R_x,Elbow.R_y,Elbow.R_z,Shoulder.R_x,Shoulder.R_y,Shoulder.R_z,Shoulder.L_x,Shoulder.L_y,Shoulder.L_z,Elbow.L_x,Elbow.L_y,Elbow.L_z,Wrist.L_x,Wrist.L_y,Wrist.L_z,Neck_x,Neck_y,Neck_z,Head_x,Head_y,Head_z,Nose_x,Nose_y,Nose_z,Eye.L_x,Eye.L_y,Eye.L_z,Eye.R_x,Eye.R_y,Eye.R_z,Ear.L_x,Ear.L_y,Ear.L_z,Ear.R_x,Ear.R_y,Ear.R_z,hip.Center_x,hip.Center_y,hip.Center_z
0,-0.15798123,-0.5475717,-0.17440419,-0.12328667,-0.16336356,0.049063858,-0.10476077,0.2744662,0.05718244,0.08395739,0.28454024,-0.10100025,0.34264156,0.00663481,0.013391132,0.30724585,-0.428144,-0.08064315,0.20064904,0.75156313,0.50362384,-0.02658216,0.8022321,0.3787244,0.04121037,0.7719768,0.104556836,0.17507125,0.6789589,-0.12657376,0.099146605,0.49710074,-0.3286469,0.13145556,0.2761984,-0.20225352,0.1438153,0.75687575,0.0048372224,0.28940338,0.90703624,0.07301927,0.28043652,0.7633393,0.13161698,0.3130505,0.8025307,0.09636545,0.26641896,0.8247532,0.13884574,0.29432258,0.8328686,-0.0015745088,0.18873136,0.8829611,0.09451117,-0.010401692241430283,0.2795032262802124,-0.02190890535712242
