frame,Ankle.R_x,Ankle.R_y,Ankle.R_z,Knee.R_x,Knee.R_y,Knee.R_z,Hip.R_x,Hip.R_y,Hip.R_z,Hip.L_x,Hip.L_y,Hip.L_z,Knee.L_x,Knee.L_y,Knee.L_z,Ankle.L_x,Ankle.L_y,Ankle.L_z,Wrist.R_x,Wrist.R_y,Wrist.R_z,Elbow.R_x,Elbow.R_y,Elbow.R_z,Shoulder.R_x,Shoulder.R_y,Shoulder.R_z,Shoulder.L_x,Shoulder.L_y,Shoulder.L_z,Elbow.L_x,Elbow.L_y,Elbow.L_z,Wrist.L_x,Wrist.L_y,Wrist.L_z,Neck_x,Neck_y,Neck_z,Head_x,Head_y,Head_z,Nose_x,Nose_y,Nose_z,Eye.L_x,Eye.L_y,Eye.L_z,Eye.R_x,Eye.R_y,Eye.R_z,Ear.L_x,Ear.L_y,Ear.L_z,Ear.R_x,Ear.R_y,Ear.R_z,hip.Center_x,hip.Center_y,hip.Center_z
0,0.04957503,-0.5473572,-0.20698108,-0.08693832,-0.14608574,-0.08790008,-0.06765357,0.28796712,-0.12619415,0.052313145,0.28059414,0.09127891,-0.03268427,-0.14427635,0.07318187,0.11363677,-0.54045403,-0.05606409,-0.16737479,0.40838528,-0.044363514,-0.14206009,0.49802256,-0.2838629,-0.12499016,0.73951775,-0.14167964,0.032546178,0.75427306,0.11942011,0.19187987,0.52302825,0.16488375,0.06777786,0.30272758,0.13520128,-0.07125586,0.81172603,0.003848277,-0.1099886,1.0301603,0.017307574,-0.19172278,0.9347335,0.11513762,-0.14334074,0.97606874,0.10932509,-0.19322689,0.97257406,0.06388055,-0.0486367,0.95895475,0.06825079,-0.15858203,0.95167965,-0.036585636,-0.007670210674405098,0.2842806279659271,-0.017457619309425354
