frame,Ankle.R_x,Ankle.R_y,Ankle.R_z,Knee.R_x,Knee.R_y,Knee.R_z,Hip.R_x,Hip.R_y,Hip.R_z,Hip.L_x,Hip.L_y,Hip.L_z,Knee.L_x,Knee.L_y,Knee.L_z,Ankle.L_x,Ankle.L_y,Ankle.L_z,Wrist.R_x,Wrist.R_y,Wrist.R_z,Elbow.R_x,Elbow.R_y,Elbow.R_z,Shoulder.R_x,Shoulder.R_y,Shoulder.R_z,Shoulder.L_x,Shoulder.L_y,Shoulder.L_z,Elbow.L_x,Elbow.L_y,Elbow.L_z,Wrist.L_x,Wrist.L_y,Wrist.L_z,Neck_x,Neck_y,Neck_z,Head_x,Head_y,Head_z,Nose_x,Nose_y,Nose_z,Eye.L_x,Eye.L_y,Eye.L_z,Eye.R_x,Eye.R_y,Eye.R_z,Ear.L_x,Ear.L_y,Ear.L_z,Ear.R_x,Ear.R_y,Ear.R_z,hip.Center_x,hip.Center_y,hip.Center_z
0,-0.35471955,-0.50170344,-0.08897503,-0.28075948,-0.08847225,0.059222642,-0.12219222,0.27280495,-0.05614964,0.11733376,0.27366507,0.0009463809,0.20944825,-0.12459357,0.08706557,0.279928,-0.54363143,-0.067236006,-0.016480701,0.66813564,0.2481803,-0.2753721,0.6502089,0.19990143,-0.1681232,0.7321925,-0.02478763,0.07362696,0.7551683,0.060412977,0.06957932,0.65753525,0.31165695,-0.18896423,0.6565403,0.34133726,-0.05149395,0.77617687,0.015508472,-0.10931467,0.9413839,0.13723171,-0.082250215,0.7979466,0.18861827,-0.061261952,0.8555258,0.18523669,-0.12516299,0.8412589,0.17389761,-0.016505454,0.9034705,0.104922816,-0.16218163,0.8708105,0.07745695,-0.002429228276014328,0.273235023021698,-0.027601629495620728
