frame,Ankle.R_x,Ankle.R_y,Ankle.R_z,Knee.R_x,Knee.R_y,Knee.R_z,Hip.R_x,Hip.R_y,Hip.R_z,Hip.L_x,Hip.L_y,Hip.L_z,Knee.L_x,Knee.L_y,Knee.L_z,Ankle.L_x,Ankle.L_y,Ankle.L_z,Wrist.R_x,Wrist.R_y,Wrist.R_z,Elbow.R_x,Elbow.R_y,Elbow.R_z,Shoulder.R_x,Shoulder.R_y,Shoulder.R_z,Shoulder.L_x,Shoulder.L_y,Shoulder.L_z,Elbow.L_x,Elbow.L_y,Elbow.L_z,Wrist.L_x,Wrist.L_y,Wrist.L_z,Neck_x,Neck_y,Neck_z,Head_x,Head_y,Head_z,Nose_x,Nose_y,Nose_z,Eye.L_x,Eye.L_y,Eye.L_z,Eye.R_x,Eye.R_y,Eye.R_z,Ear.L_x,Ear.L_y,Ear.L_z,Ear.R_x,Ear.R_y,Ear.R_z,hip.Center_x,hip.Center_y,hip.Center_z
0,-0.034016546,-0.5396669,-0.21794426,-0.14872798,-0.13038482,-0.11258896,-0.049439423,0.29023817,-0.13176143,0.042343974,0.2717947,0.094990484,-0.06335406,-0.14267324,0.08457288,0.00050166063,-0.56890094,-0.0070650247,-0.29472643,0.82543945,-0.07339383,-0.25104716,0.7775029,-0.3176269,-0.08036245,0.7824802,-0.110135034,0.0027862005,0.73554784,0.15175161,0.12527573,0.49433044,0.2012322,0.017999811,0.2686009,0.17106652,-0.06861489,0.802135,0.030641422,-0.16661036,0.9951829,0.057679716,-0.2331424,0.86504483,0.11683108,-0.1991706,0.916468,0.12918988,-0.23558739,0.9105158,0.07285075,-0.097956166,0.93413484,0.11033958,-0.17803414,0.92041445,-0.017934594,-0.003547724336385727,0.28101643919944763,-0.018385473638772964
