frame,Ankle.R_x,Ankle.R_y,Ankle.R_z,Knee.R_x,Knee.R_y,Knee.R_z,Hip.R_x,Hip.R_y,Hip.R_z,Hip.L_x,Hip.L_y,Hip.L_z,Knee.L_x,Knee.L_y,Knee.L_z,Ankle.L_x,Ankle.L_y,Ankle.L_z,Wrist.R_x,Wrist.R_y,Wrist.R_z,Elbow.R_x,Elbow.R_y,Elbow.R_z,Shoulder.R_x,Shoulder.R_y,Shoulder.R_z,Shoulder.L_x,Shoulder.L_y,Shoulder.L_z,Elbow.L_x,Elbow.L_y,Elbow.L_z,Wrist.L_x,Wrist.L_y,Wrist.L_z,Neck_x,Neck_y,Neck_z,Head_x,Head_y,Head_z,Nose_x,Nose_y,Nose_z,Eye.L_x,Eye.L_y,Eye.L_z,Eye.R_x,Eye.R_y,Eye.R_z,Ear.L_x,Ear.L_y,Ear.L_z,Ear.R_x,Ear.R_y,Ear.R_z,hip.Center_x,hip.Center_y,hip.Center_z
0,-0.24429223,-0.48077732,-0.18058372,-0.26021704,-0.08090018,-0.0076423874,-0.09409736,0.27407682,-0.105494134,0.08138635,0.2888938,0.06522417,0.21445593,-0.10415695,0.05591811,0.48318368,-0.4361321,-0.06742299,-0.23798549,0.37283128,-0.10167887,-0.1241391,0.4629473,-0.30788773,-0.16977552,0.6958771,-0.16481523,0.01051231,0.78891397,0.04566909,0.17799422,0.8137985,0.26528913,0.0026866114,0.96025556,0.1767431,-0.10848508,0.7933364,-0.043215908,-0.17325641,1.0026973,0.0007686021,-0.21038136,0.8862507,0.101123735,-0.17381288,0.93634444,0.08949521,-0.23128477,0.9273164,0.05714804,-0.09208832,0.9414067,0.02667351,-0.22058278,0.9224357,-0.050183676,-0.006355505436658859,0.28148531913757324,-0.020134981721639633
