frame,Ankle.R_x,Ankle.R_y,Ankle.R_z,Knee.R_x,Knee.R_y,Knee.R_z,Hip.R_x,Hip.R_y,Hip.R_z,Hip.L_x,Hip.L_y,Hip.L_z,Knee.L_x,Knee.L_y,Knee.L_z,Ankle.L_x,Ankle.L_y,Ankle.L_z,Wrist.R_x,Wrist.R_y,Wrist.R_z,Elbow.R_x,Elbow.R_y,Elbow.R_z,Shoulder.R_x,Shoulder.R_y,Shoulder.R_z,Shoulder.L_x,Shoulder.L_y,Shoulder.L_z,Elbow.L_x,Elbow.L_y,Elbow.L_z,Wrist.L_x,Wrist.L_y,Wrist.L_z,Neck_x,Neck_y,Neck_z,Head_x,Head_y,Head_z,Nose_x,Nose_y,Nose_z,Eye.L_x,Eye.L_y,Eye.L_z,Eye.R_x,Eye.R_y,Eye.R_z,Ear.L_x,Ear.L_y,Ear.L_z,Ear.R_x,Ear.R_y,Ear.R_z,hip.Center_x,hip.Center_y,hip.Center_z
0,-0.045805223,-0.53872776,-0.22913575,-0.11958998,-0.12012429,-0.15651876,-0.020416997,0.29123878,-0.13667826,0.0112989,0.26775932,0.10284644,-0.08479717,-0.13990065,0.07094571,-0.03804885,-0.5671609,0.0054244255,-0.25682572,0.83150345,-0.07590996,-0.18906973,0.8812761,-0.3128157,-0.046482544,0.78369015,-0.11092524,-0.040623847,0.731057,0.15641043,0.06084448,0.5219659,0.30846697,-0.01081593,0.2972837,0.2356803,-0.07020075,0.7969,0.023085289,-0.15721263,0.99480003,0.04810429,-0.23203029,0.8671101,0.10141154,-0.19485371,0.91553235,0.11567826,-0.23231134,0.9144137,0.059848614,-0.094142884,0.9274305,0.096074395,-0.17434569,0.9249945,-0.03170888,-0.004559048917144537,0.2794990539550781,-0.016915909945964813
