frame,Ankle.R_x,Ankle.R_y,Ankle.R_z,Knee.R_x,Knee.R_y,Knee.R_z,Hip.R_x,Hip.R_y,Hip.R_z,Hip.L_x,Hip.L_y,Hip.L_z,Knee.L_x,Knee.L_y,Knee.L_z,Ankle.L_x,Ankle.L_y,Ankle.L_z,Wrist.R_x,Wrist.R_y,Wrist.R_z,Elbow.R_x,Elbow.R_y,Elbow.R_z,Shoulder.R_x,Shoulder.R_y,Shoulder.R_z,Shoulder.L_x,Shoulder.L_y,Shoulder.L_z,Elbow.L_x,Elbow.L_y,Elbow.L_z,Wrist.L_x,Wrist.L_y,Wrist.L_z,Neck_x,Neck_y,Neck_z,Head_x,Head_y,Head_z,Nose_x,Nose_y,Nose_z,Eye.L_x,Eye.L_y,Eye.L_z,Eye.R_x,Eye.R_y,Eye.R_z,Ear.L_x,Ear.L_y,Ear.L_z,Ear.R_x,Ear.R_y,Ear.R_z,hip.Center_x,hip.Center_y,hip.Center_z
0,0.0030516966,-0.6213195,-0.3104529,-0.06942375,-0.21630107,-0.042551357,-0.13207324,0.24869971,-0.044251744,0.12114193,0.2593948,0.010361493,0.09953256,-0.20537312,-0.033965018,0.11780541,-0.6354414,-0.27602294,-0.27968618,0.11856139,-0.026291825,-0.2612359,0.38541204,-0.11956751,-0.20872286,0.66081566,-0.015723946,0.08106219,0.7082901,0.068324044,0.24590203,0.46574345,0.0077523943,0.31142017,0.20131281,0.07118598,-0.08179016,0.7482766,0.056905426,-0.138387,0.9529148,0.09997781,-0.16427396,0.8425598,0.20835844,-0.1298222,0.89380085,0.1923261,-0.18911101,0.88055855,0.1629286,-0.051722024,0.89687604,0.12434171,-0.18305007,0.8689854,0.05935097,-0.005465652793645859,0.2540472447872162,-0.0169451255351305
