frame,Ankle.R_x,Ankle.R_y,Ankle.R_z,Knee.R_x,Knee.R_y,Knee.R_z,Hip.R_x,Hip.R_y,Hip.R_z,Hip.L_x,Hip.L_y,Hip.L_z,Knee.L_x,Knee.L_y,Knee.L_z,Ankle.L_x,Ankle.L_y,Ankle.L_z,Wrist.R_x,Wrist.R_y,Wrist.R_z,Elbow.R_x,Elbow.R_y,Elbow.R_z,Shoulder.R_x,Shoulder.R_y,Shoulder.R_z,Shoulder.L_x,Shoulder.L_y,Shoulder.L_z,Elbow.L_x,Elbow.L_y,Elbow.L_z,Wrist.L_x,Wrist.L_y,Wrist.L_z,Neck_x,Neck_y,Neck_z,Head_x,Head_y,Head_z,Nose_x,Nose_y,Nose_z,Eye.L_x,Eye.L_y,Eye.L_z,Eye.R_x,Eye.R_y,Eye.R_z,Ear.L_x,Ear.L_y,Ear.L_z,Ear.R_x,Ear.R_y,Ear.R_z,hip.Center_x,hip.Center_y,hip.Center_z
0,-0.21118383,-0.52528125,-0.15578339,-0.23744594,-0.12494809,0.035406392,-0.12661383,0.2704338,-0.04061802,0.115195334,0.27754933,-0.0075623356,0.26343596,-0.097150266,0.05717457,0.41356167,-0.49629378,-0.09457732,-0.13907953,0.67641014,0.17196013,-0.22937945,0.45562398,0.08517946,-0.17667675,0.6913885,-0.024588054,0.09493232,0.75409985,0.03247528,0.2271502,0.6946877,0.26625645,-0.0042230906,0.797551,0.2626543,-0.045961503,0.77311385,0.008633934,-0.06849508,0.97095776,0.10099457,-0.047344178,0.8393107,0.18015747,-0.02173626,0.8929215,0.1611794,-0.08772211,0.88402903,0.16212572,0.013893681,0.9165584,0.0671691,-0.13494982,0.8970881,0.067253664,-0.005709245800971985,0.27399158477783203,-0.024090178310871124
