frame,Ankle.R_x,Ankle.R_y,Ankle.R_z,Knee.R_x,Knee.R_y,Knee.R_z,Hip.R_x,Hip.R_y,Hip.R_z,Hip.L_x,Hip.L_y,Hip.L_z,Knee.L_x,Knee.L_y,Knee.L_z,Ankle.L_x,Ankle.L_y,Ankle.L_z,Wrist.R_x,Wrist.R_y,Wrist.R_z,Elbow.R_x,Elbow.R_y,Elbow.R_z,Shoulder.R_x,Shoulder.R_y,Shoulder.R_z,Shoulder.L_x,Shoulder.L_y,Shoulder.L_z,Elbow.L_x,Elbow.L_y,Elbow.L_z,Wrist.L_x,Wrist.L_y,Wrist.L_z,Neck_x,Neck_y,Neck_z,Head_x,Head_y,Head_z,Nose_x,Nose_y,Nose_z,Eye.L_x,Eye.L_y,Eye.L_z,Eye.R_x,Eye.R_y,Eye.R_z,Ear.L_x,Ear.L_y,Ear.L_z,Ear.R_x,Ear.R_y,Ear.R_z,hip.Center_x,hip.Center_y,hip.Center_z
0,-0.25570437,-0.45045364,0.027861273,-0.33463338,-0.02047034,0.06851292,-0.100448936,0.28939018,-0.09421848,0.10631979,0.26298332,0.03912172,0.0601381,-0.1638612,0.08568357,0.0697605,-0.56041783,-0.12640142,-0.17132075,0.3226231,-0.14277084,-0.15707509,0.5478696,-0.27588773,-0.08259664,0.750188,-0.10385883,0.12362163,0.7443876,0.10435287,0.035165228,0.6519843,0.3407244,-0.12832235,0.8488041,0.31070316,0.013756891,0.79356277,0.010871394,-0.05274458,0.9916948,0.04847039,-0.12368272,0.86647785,0.11281659,-0.08995043,0.917921,0.12336891,-0.12367362,0.9096253,0.06611506,0.013400137,0.9308314,0.10795789,-0.06409773,0.9143391,-0.021558266,0.00293542817234993,0.2761867642402649,-0.027548378333449364
