frame,Ankle.R_x,Ankle.R_y,Ankle.R_z,Knee.R_x,Knee.R_y,Knee.R_z,Hip.R_x,Hip.R_y,Hip.R_z,Hip.L_x,Hip.L_y,Hip.L_z,Knee.L_x,Knee.L_y,Knee.L_z,Ankle.L_x,Ankle.L_y,Ankle.L_z,Wrist.R_x,Wrist.R_y,Wrist.R_z,Elbow.R_x,Elbow.R_y,Elbow.R_z,Shoulder.R_x,Shoulder.R_y,Shoulder.R_z,Shoulder.L_x,Shoulder.L_y,Shoulder.L_z,Elbow.L_x,Elbow.L_y,Elbow.L_z,Wrist.L_x,Wrist.L_y,Wrist.L_z,Neck_x,Neck_y,Neck_z,Head_x,Head_y,Head_z,Nose_x,Nose_y,Nose_z,Eye.L_x,Eye.L_y,Eye.L_z,Eye.R_x,Eye.R_y,Eye.R_z,Ear.L_x,Ear.L_y,Ear.L_z,Ear.R_x,Ear.R_y,Ear.R_z,hip.Center_x,hip.Center_y,hip.Center_z
0,-0.432807,-0.3928992,-0.07073709,-0.355352,0.034884766,-0.02080921,-0.05024284,0.27546257,-0.13262174,0.056464,0.27631336,0.088795245,0.07313919,-0.1520636,0.08869774,0.2378574,-0.541521,-0.058362834,0.015324798,0.16231668,-0.41105956,0.044826765,0.41545898,-0.35923815,-0.027002398,0.6656642,-0.24009213,-0.009493215,0.79316497,0.01660517,-0.06316725,0.9130154,0.2540649,-0.30964196,0.88637525,0.19516513,-0.050297666,0.7680503,-0.11282644,-0.18915229,0.9420371,-0.08259435,-0.22545253,0.7926785,-0.052633956,-0.20993997,0.8489375,-0.02899672,-0.2337703,0.8426495,-0.09104404,-0.11676711,0.89350283,-0.026713178,-0.16933236,0.8808514,-0.16734943,0.0031105801463127136,0.27588796615600586,-0.02191324532032013
