frame,Ankle.R_x,Ankle.R_y,Ankle.R_z,Knee.R_x,Knee.R_y,Knee.R_z,Hip.R_x,Hip.R_y,Hip.R_z,Hip.L_x,Hip.L_y,Hip.L_z,Knee.L_x,Knee.L_y,Knee.L_z,Ankle.L_x,Ankle.L_y,Ankle.L_z,Wrist.R_x,Wrist.R_y,Wrist.R_z,Elbow.R_x,Elbow.R_y,Elbow.R_z,Shoulder.R_x,Shoulder.R_y,Shoulder.R_z,Shoulder.L_x,Shoulder.L_y,Shoulder.L_z,Elbow.L_x,Elbow.L_y,Elbow.L_z,Wrist.L_x,Wrist.L_y,Wrist.L_z,Neck_x,Neck_y,Neck_z,Head_x,Head_y,Head_z,Nose_x,Nose_y,Nose_z,Eye.L_x,Eye.L_y,Eye.L_z,Eye.R_x,Eye.R_y,Eye.R_z,Ear.L_x,Ear.L_y,Ear.L_z,Ear.R_x,Ear.R_y,Ear.R_z,hip.Center_x,hip.Center_y,hip.Center_z
0,-0.0473155,-0.56718683,-0.19041273,-0.07706656,-0.1617745,-0.017395778,-0.1262883,0.2726999,-0.010636953,0.11671495,0.28120366,-0.01501204,0.08961475,-0.15179725,-0.024573427,0.06606966,-0.5640776,-0.18817346,-0.57075214,0.77471364,0.225062,-0.45484528,0.7031703,0.006564311,-0.1804599,0.75942194,0.0044061895,0.09967735,0.7735654,0.0060436325,0.36501163,0.6892764,-0.0143797025,0.4701103,0.7545371,0.20492563,-0.045409545,0.8021226,0.040189575,-0.07254105,0.96689177,0.18893224,-0.05005204,0.81733036,0.23061872,-0.025295854,0.8747982,0.22695598,-0.09127867,0.86519706,0.22302708,0.012528533,0.92428625,0.14282903,-0.13748464,0.9030417,0.13366029,-0.004786673933267593,0.27695178985595703,-0.012824496254324913
