frame,Ankle.R_x,Ankle.R_y,Ankle.R_z,Knee.R_x,Knee.R_y,Knee.R_z,Hip.R_x,Hip.R_y,Hip.R_z,Hip.L_x,Hip.L_y,Hip.L_z,Knee.L_x,Knee.L_y,Knee.L_z,Ankle.L_x,Ankle.L_y,Ankle.L_z,Wrist.R_x,Wrist.R_y,Wrist.R_z,Elbow.R_x,Elbow.R_y,Elbow.R_z,Shoulder.R_x,Shoulder.R_y,Shoulder.R_z,Shoulder.L_x,Shoulder.L_y,Shoulder.L_z,Elbow.L_x,Elbow.L_y,Elbow.L_z,Wrist.L_x,Wrist.L_y,Wrist.L_z,Neck_x,Neck_y,Neck_z,Head_x,Head_y,Head_z,Nose_x,Nose_y,Nose_z,Eye.L_x,Eye.L_y,Eye.L_z,Eye.R_x,Eye.R_y,Eye.R_z,Ear.L_x,Ear.L_y,Ear.L_z,Ear.R_x,Ear.R_y,Ear.R_z,hip.Center_x,hip.Center_y,hip.Center_z
0,-0.29610965,-0.49558643,-0.15391853,-0.27229714,-0.0784463,-0.026017139,-0.08206546,0.26203078,-0.117788,0.072517514,0.27892968,0.074290045,0.17032732,-0.12863666,0.083956264,0.37650967,-0.5023001,-0.046092995,-0.07059333,0.40051055,-0.4121473,0.08444574,0.5923145,-0.39891946,-0.099708706,0.6923131,-0.21529637,-0.032834988,0.7834755,0.01778593,0.034576494,0.92648077,0.23667783,-0.12881571,0.8370053,0.079152234,-0.10836707,0.7623723,-0.08829504,-0.24780168,0.92638046,-0.051094595,-0.28964895,0.775955,-0.034204274,-0.2780205,0.8296694,-0.005732164,-0.29337242,0.82762456,-0.069975756,-0.18571067,0.87115276,0.010797501,-0.2198141,0.8699407,-0.13266924,-0.004773974418640137,0.270480215549469,-0.02174897864460945
