frame,Ankle.R_x,Ankle.R_y,Ankle.R_z,Knee.R_x,Knee.R_y,Knee.R_z,Hip.R_x,Hip.R_y,Hip.R_z,Hip.L_x,Hip.L_y,Hip.L_z,Knee.L_x,Knee.L_y,Knee.L_z,Ankle.L_x,Ankle.L_y,Ankle.L_z,Wrist.R_x,Wrist.R_y,Wrist.R_z,Elbow.R_x,Elbow.R_y,Elbow.R_z,Shoulder.R_x,Shoulder.R_y,Shoulder.R_z,Shoulder.L_x,Shoulder.L_y,Shoulder.L_z,Elbow.L_x,Elbow.L_y,Elbow.L_z,Wrist.L_x,Wrist.L_y,Wrist.L_z,Neck_x,Neck_y,Neck_z,Head_x,Head_y,Head_z,Nose_x,Nose_y,Nose_z,Eye.L_x,Eye.L_y,Eye.L_z,Eye.R_x,Eye.R_y,Eye.R_z,Ear.L_x,Ear.L_y,Ear.L_z,Ear.R_x,Ear.R_y,Ear.R_z,hip.Center_x,hip.Center_y,hip.Center_z
0,-0.26907444,-0.52532965,-0.13532138,-0.21985418,-0.12712008,0.050316904,-0.12490221,0.27915666,-0.0028461278,0.11308146,0.28022024,-0.037558533,0.25323159,-0.10066691,-0.008090152,0.41153133,-0.48768297,-0.17325315,0.2645875,0.6641822,0.44416252,0.023804732,0.70656365,0.33380157,-0.059857666,0.7695278,0.0837759,0.16777338,0.71412444,-0.05819366,0.34655988,0.5161498,-0.009405995,0.3544477,0.5592706,0.24308921,0.05589678,0.7866063,0.020297198,0.11029797,0.9719291,0.123349816,0.088810824,0.8338726,0.19092731,0.13002698,0.87752116,0.17466228,0.06480286,0.8911011,0.17658964,0.17062284,0.896641,0.07934897,0.02273074,0.9266974,0.08593771,-0.005910374224185944,0.27968844771385193,-0.020202331244945526
