frame,Ankle.R_x,Ankle.R_y,Ankle.R_z,Knee.R_x,Knee.R_y,Knee.R_z,Hip.R_x,Hip.R_y,Hip.R_z,Hip.L_x,Hip.L_y,Hip.L_z,Knee.L_x,Knee.L_y,Knee.L_z,Ankle.L_x,Ankle.L_y,Ankle.L_z,Wrist.R_x,Wrist.R_y,Wrist.R_z,Elbow.R_x,Elbow.R_y,Elbow.R_z,Shoulder.R_x,Shoulder.R_y,Shoulder.R_z,Shoulder.L_x,Shoulder.L_y,Shoulder.L_z,Elbow.L_x,Elbow.L_y,Elbow.L_z,Wrist.L_x,Wrist.L_y,Wrist.L_z,Neck_x,Neck_y,Neck_z,Head_x,Head_y,Head_z,Nose_x,Nose_y,Nose_z,Eye.L_x,Eye.L_y,Eye.L_z,Eye.R_x,Eye.R_y,Eye.R_z,Ear.L_x,Ear.L_y,Ear.L_z,Ear.R_x,Ear.R_y,Ear.R_z,hip.Center_x,hip.Center_y,hip.Center_z
0,-0.4512247,-0.45605,-0.2012486,-0.22725253,-0.11722327,-0.009745867,-0.10243783,0.28535762,0.049502872,0.098669745,0.27863705,-0.08852293,0.25169075,-0.09849964,0.0018477528,0.12935305,-0.5000241,-0.14969127,-0.22575025,0.9315042,0.14066397,-0.38577002,0.7562976,0.065541804,-0.101010576,0.770417,0.028336285,0.13241194,0.7264962,-0.12642576,0.1397818,0.51259875,-0.31540656,0.2994874,0.33050045,-0.23781517,0.04687415,0.7968806,-0.017308053,0.13396707,0.98741114,0.058036126,0.21110407,0.8516342,0.06890973,0.20363247,0.905557,0.036896244,0.18115357,0.898463,0.09968703,0.12988192,0.9316226,-0.028594904,0.073749974,0.91508555,0.11043586,-0.0018840432167053223,0.28199732303619385,-0.01951003074645996
