frame,Ankle.R_x,Ankle.R_y,Ankle.R_z,Knee.R_x,Knee.R_y,Knee.R_z,Hip.R_x,Hip.R_y,Hip.R_z,Hip.L_x,Hip.L_y,Hip.L_z,Knee.L_x,Knee.L_y,Knee.L_z,Ankle.L_x,Ankle.L_y,Ankle.L_z,Wrist.R_x,Wrist.R_y,Wrist.R_z,Elbow.R_x,Elbow.R_y,Elbow.R_z,Shoulder.R_x,Shoulder.R_y,Shoulder.R_z,Shoulder.L_x,Shoulder.L_y,Shoulder.L_z,Elbow.L_x,Elbow.L_y,Elbow.L_z,Wrist.L_x,Wrist.L_y,Wrist.L_z,Neck_x,Neck_y,Neck_z,Head_x,Head_y,Head_z,Nose_x,Nose_y,Nose_z,Eye.L_x,Eye.L_y,Eye.L_z,Eye.R_x,Eye.R_y,Eye.R_z,Ear.L_x,Ear.L_y,Ear.L_z,Ear.R_x,Ear.R_y,Ear.R_z,hip.Center_x,hip.Center_y,hip.Center_z
0,-0.2149417,-0.5317575,-0.06958113,-0.22151288,-0.10987462,0.07036151,-0.11784965,0.28565848,-0.06863588,0.112624176,0.27870408,0.021734394,0.091010824,-0.14997783,0.07279653,0.14164934,-0.56792194,-0.08573444,-0.34266755,0.46028322,-0.060905624,-0.25660226,0.5785903,-0.27221859,-0.12859932,0.760073,-0.1021055,0.14473379,0.7602018,0.0058289524,0.37520492,0.6034683,0.054639254,0.3803171,0.6834289,0.2937721,-0.0013201833,0.80994785,-0.014933556,-0.021575715,1.0128993,0.05811542,-0.01852863,0.89490664,0.16519502,0.013095692,0.942438,0.1381361,-0.053776305,0.9383915,0.13420254,0.05924027,0.94511867,0.044738874,-0.09361233,0.93595743,0.033054635,-0.002612736076116562,0.2821812629699707,-0.023450743407011032
