frame,Ankle.R_x,Ankle.R_y,Ankle.R_z,Knee.R_x,Knee.R_y,Knee.R_z,Hip.R_x,Hip.R_y,Hip.R_z,Hip.L_x,Hip.L_y,Hip.L_z,Knee.L_x,Knee.L_y,Knee.L_z,Ankle.L_x,Ankle.L_y,Ankle.L_z,Wrist.R_x,Wrist.R_y,Wrist.R_z,Elbow.R_x,Elbow.R_y,Elbow.R_z,Shoulder.R_x,Shoulder.R_y,Shoulder.R_z,Shoulder.L_x,Shoulder.L_y,Shoulder.L_z,Elbow.L_x,Elbow.L_y,Elbow.L_z,Wrist.L_x,Wrist.L_y,Wrist.L_z,Neck_x,Neck_y,Neck_z,Head_x,Head_y,Head_z,Nose_x,Nose_y,Nose_z,Eye.L_x,Eye.L_y,Eye.L_z,Eye.R_x,Eye.R_y,Eye.R_z,Ear.L_x,Ear.L_y,Ear.L_z,Ear.R_x,Ear.R_y,Ear.R_z,hip.Center_x,hip.Center_y,hip.Center_z
0,-0.27558705,-0.51874965,-0.22417626,-0.23191872,-0.13151576,0.023104353,-0.13087179,0.28254324,-0.029353306,0.11870589,0.290439,-0.02180987,0.26747766,-0.0983056,0.05603244,0.35906392,-0.4911021,-0.18062194,-0.090887725,0.44775346,0.19355778,-0.21640667,0.43711203,-0.040541634,-0.18364894,0.71392614,0.018468905,0.12640889,0.7416125,0.03121518,0.22108126,0.49341142,-0.086379334,0.15049675,0.2709928,0.04294722,-0.033061944,0.7974813,0.055516344,-0.057202257,1.0136293,0.09720318,-0.03601773,0.91599727,0.22037071,-0.010209372,0.9609513,0.18280153,-0.07724128,0.9518622,0.18559478,0.029791793,0.9497401,0.08623662,-0.123627774,0.9295865,0.090446435,-0.006082948297262192,0.28649112582206726,-0.025581587105989456
