frame,Ankle.R_x,Ankle.R_y,Ankle.R_z,Knee.R_x,Knee.R_y,Knee.R_z,Hip.R_x,Hip.R_y,Hip.R_z,Hip.L_x,Hip.L_y,Hip.L_z,Knee.L_x,Knee.L_y,Knee.L_z,Ankle.L_x,Ankle.L_y,Ankle.L_z,Wrist.R_x,Wrist.R_y,Wrist.R_z,Elbow.R_x,Elbow.R_y,Elbow.R_z,Shoulder.R_x,Shoulder.R_y,Shoulder.R_z,Shoulder.L_x,Shoulder.L_y,Shoulder.L_z,Elbow.L_x,Elbow.L_y,Elbow.L_z,Wrist.L_x,Wrist.L_y,Wrist.L_z,Neck_x,Neck_y,Neck_z,Head_x,Head_y,Head_z,Nose_x,Nose_y,Nose_z,Eye.L_x,Eye.L_y,Eye.L_z,Eye.R_x,Eye.R_y,Eye.R_z,Ear.L_x,Ear.L_y,Ear.L_z,Ear.R_x,Ear.R_y,Ear.R_z,hip.Center_x,hip.Center_y,hip.Center_z
0,-0.37183037,-0.47885028,-0.21270598,-0.26173884,-0.09368972,-0.014269406,-0.122772574,0.2882639,-0.05385552,0.11389293,0.29289734,0.014351984,0.22382319,-0.109631106,0.015061997,0.3775076,-0.5115272,-0.12615415,-0.2506225,0.69732314,0.10975566,-0.4050887,0.5884514,-0.062795736,-0.19126561,0.7615976,-0.041456573,0.08543701,0.7951021,0.030762913,0.30500853,0.6482705,-0.05494719,0.11924279,0.55489457,0.087886885,-0.061446942,0.82114077,0.026858442,-0.0873202,1.016502,0.1267848,-0.039723564,0.8883116,0.20898855,-0.023140024,0.9429836,0.1801233,-0.08713752,0.9306524,0.1967338,-0.009575792,0.96148646,0.07830863,-0.15754126,0.9349827,0.11226769,-0.0044398233294487,0.2905806303024292,-0.019751768559217453
