frame,Ankle.R_x,Ankle.R_y,Ankle.R_z,Knee.R_x,Knee.R_y,Knee.R_z,Hip.R_x,Hip.R_y,Hip.R_z,Hip.L_x,Hip.L_y,Hip.L_z,Knee.L_x,Knee.L_y,Knee.L_z,Ankle.L_x,Ankle.L_y,Ankle.L_z,Wrist.R_x,Wrist.R_y,Wrist.R_z,Elbow.R_x,Elbow.R_y,Elbow.R_z,Shoulder.R_x,Shoulder.R_y,Shoulder.R_z,Shoulder.L_x,Shoulder.L_y,Shoulder.L_z,Elbow.L_x,Elbow.L_y,Elbow.L_z,Wrist.L_x,Wrist.L_y,Wrist.L_z,Neck_x,Neck_y,Neck_z,Head_x,Head_y,Head_z,Nose_x,Nose_y,Nose_z,Eye.L_x,Eye.L_y,Eye.L_z,Eye.R_x,Eye.R_y,Eye.R_z,Ear.L_x,Ear.L_y,Ear.L_z,Ear.R_x,Ear.R_y,Ear.R_z,hip.Center_x,hip.Center_y,hip.Center_z
0,-0.30685148,-0.55424154,-0.09422589,-0.20017079,-0.13953437,0.06410684,-0.11684173,0.2877055,0.028495263,0.105651185,0.2735549,-0.07936331,0.308663,-0.06402415,0.028313018,0.21818782,-0.495933,-0.08660181,-0.029606286,0.8790515,0.1043197,-0.28687984,0.8659995,0.11903617,-0.03956799,0.78706336,0.00565138,0.20447056,0.6756989,-0.0937393,0.19149992,0.41623598,-0.2159355,0.21459346,0.20358944,-0.06865355,0.105543606,0.77638286,-0.01531768,0.1686332,0.9647699,0.083506756,0.17146127,0.82786095,0.15879434,0.20541033,0.8723496,0.13195954,0.14192559,0.88346815,0.15022135,0.22117557,0.890129,0.030032411,0.07713581,0.913761,0.07008053,-0.005595274269580841,0.2806302011013031,-0.025434022769331932
