frame,Ankle.R_x,Ankle.R_y,Ankle.R_z,Knee.R_x,Knee.R_y,Knee.R_z,Hip.R_x,Hip.R_y,Hip.R_z,Hip.L_x,Hip.L_y,Hip.L_z,Knee.L_x,Knee.L_y,Knee.L_z,Ankle.L_x,Ankle.L_y,Ankle.L_z,Wrist.R_x,Wrist.R_y,Wrist.R_z,Elbow.R_x,Elbow.R_y,Elbow.R_z,Shoulder.R_x,Shoulder.R_y,Shoulder.R_z,Shoulder.L_x,Shoulder.L_y,Shoulder.L_z,Elbow.L_x,Elbow.L_y,Elbow.L_z,Wrist.L_x,Wrist.L_y,Wrist.L_z,Neck_x,Neck_y,Neck_z,Head_x,Head_y,Head_z,Nose_x,Nose_y,Nose_z,Eye.L_x,Eye.L_y,Eye.L_z,Eye.R_x,Eye.R_y,Eye.R_z,Ear.L_x,Ear.L_y,Ear.L_z,Ear.R_x,Ear.R_y,Ear.R_z,hip.Center_x,hip.Center_y,hip.Center_z
0,-0.05087772,-0.49546495,-0.119512945,-0.20525125,-0.12382065,0.050578184,-0.11156863,0.2774071,-0.08325834,0.10468514,0.27394125,0.03886985,0.063694425,-0.1544459,0.07844447,0.12715387,-0.5572613,-0.099356845,-0.41093743,0.74075997,-0.080114566,-0.3134392,0.575387,-0.23824623,-0.12430242,0.7388747,-0.1093616,0.117782146,0.76714057,0.03818048,0.3630051,0.7170242,0.16730121,0.41531774,0.84710866,0.37899712,-0.01663324,0.79889464,-0.0131063,-0.055441212,1.0057672,0.039533377,-0.05840149,0.8985175,0.15567553,-0.026113618,0.94498575,0.12870926,-0.09199171,0.9373386,0.11896906,0.02822542,0.94233835,0.039656907,-0.120657,0.9247147,0.014483362,-0.003441743552684784,0.27567416429519653,-0.02219424396753311
