frame,Ankle.R_x,Ankle.R_y,Ankle.R_z,Knee.R_x,Knee.R_y,Knee.R_z,Hip.R_x,Hip.R_y,Hip.R_z,Hip.L_x,Hip.L_y,Hip.L_z,Knee.L_x,Knee.L_y,Knee.L_z,Ankle.L_x,Ankle.L_y,Ankle.L_z,Wrist.R_x,Wrist.R_y,Wrist.R_z,Elbow.R_x,Elbow.R_y,Elbow.R_z,Shoulder.R_x,Shoulder.R_y,Shoulder.R_z,Shoulder.L_x,Shoulder.L_y,Shoulder.L_z,Elbow.L_x,Elbow.L_y,Elbow.L_z,Wrist.L_x,Wrist.L_y,Wrist.L_z,Neck_x,Neck_y,Neck_z,Head_x,Head_y,Head_z,Nose_x,Nose_y,Nose_z,Eye.L_x,Eye.L_y,Eye.L_z,Eye.R_x,Eye.R_y,Eye.R_z,Ear.L_x,Ear.L_y,Ear.L_z,Ear.R_x,Ear.R_y,Ear.R_z,hip.Center_x,hip.Center_y,hip.Center_z
0,-0.4771436,-0.4352721,-0.22401156,-0.22788492,-0.11804571,-0.015644854,-0.09726994,0.2882196,0.05431646,0.09706997,0.26311532,-0.09777785,0.2510735,-0.0886716,0.07280636,0.06359294,-0.47566447,-0.041218255,-0.19585687,0.9889501,0.27113715,-0.30536157,0.78486705,0.16595933,-0.062475383,0.7669873,0.012952985,0.14740697,0.6934484,-0.17726149,0.15777925,0.4578937,-0.33774707,0.26187134,0.36652747,-0.12603393,0.06805174,0.7833493,-0.0659768,0.104273476,0.9935294,-0.047166098,0.17852437,0.8987429,0.054729596,0.18454736,0.9366786,0.004546374,0.13076608,0.94033694,0.044523478,0.15843897,0.9156281,-0.093894854,0.037904613,0.9248612,-0.0053632185,-9.998306632041931e-05,0.2756674587726593,-0.0217306949198246
