frame,Ankle.R_x,Ankle.R_y,Ankle.R_z,Knee.R_x,Knee.R_y,Knee.R_z,Hip.R_x,Hip.R_y,Hip.R_z,Hip.L_x,Hip.L_y,Hip.L_z,Knee.L_x,Knee.L_y,Knee.L_z,Ankle.L_x,Ankle.L_y,Ankle.L_z,Wrist.R_x,Wrist.R_y,Wrist.R_z,Elbow.R_x,Elbow.R_y,Elbow.R_z,Shoulder.R_x,Shoulder.R_y,Shoulder.R_z,Shoulder.L_x,Shoulder.L_y,Shoulder.L_z,Elbow.L_x,Elbow.L_y,Elbow.L_z,Wrist.L_x,Wrist.L_y,Wrist.L_z,Neck_x,Neck_y,Neck_z,Head_x,Head_y,Head_z,Nose_x,Nose_y,Nose_z,Eye.L_x,Eye.L_y,Eye.L_z,Eye.R_x,Eye.R_y,Eye.R_z,Ear.L_x,Ear.L_y,Ear.L_z,Ear.R_x,Ear.R_y,Ear.R_z,hip.Center_x,hip.Center_y,hip.Center_z
0,-0.37498844,-0.5127282,-0.1333367,-0.2758108,-0.09653937,0.0013786346,-0.11730899,0.27586105,-0.07056164,0.11216159,0.27441826,0.024376823,0.19032267,-0.1412317,0.03948335,0.29734403,-0.56188846,-0.09413161,-0.14493085,0.54342306,0.07939688,-0.31667778,0.5315845,-0.11676874,-0.16944675,0.739889,-0.06985334,0.040642943,0.78632015,0.062483437,0.09048076,0.7364443,0.32036024,-0.15502861,0.69892573,0.2531373,-0.068888605,0.78947705,0.010022992,-0.133116,0.94973415,0.13113762,-0.08832501,0.81108737,0.19321527,-0.073547855,0.87082577,0.18318325,-0.13675605,0.8493904,0.17892666,-0.040251072,0.91586614,0.096186504,-0.18425551,0.8680779,0.08221121,-0.0025736987590789795,0.2751396596431732,-0.02309240773320198
