frame,Ankle.R_x,Ankle.R_y,Ankle.R_z,Knee.R_x,Knee.R_y,Knee.R_z,Hip.R_x,Hip.R_y,Hip.R_z,Hip.L_x,Hip.L_y,Hip.L_z,Knee.L_x,Knee.L_y,Knee.L_z,Ankle.L_x,Ankle.L_y,Ankle.L_z,Wrist.R_x,Wrist.R_y,Wrist.R_z,Elbow.R_x,Elbow.R_y,Elbow.R_z,Shoulder.R_x,Shoulder.R_y,Shoulder.R_z,Shoulder.L_x,Shoulder.L_y,Shoulder.L_z,Elbow.L_x,Elbow.L_y,Elbow.L_z,Wrist.L_x,Wrist.L_y,Wrist.L_z,Neck_x,Neck_y,Neck_z,Head_x,Head_y,Head_z,Nose_x,Nose_y,Nose_z,Eye.L_x,Eye.L_y,Eye.L_z,Eye.R_x,Eye.R_y,Eye.R_z,Ear.L_x,Ear.L_y,Ear.L_z,Ear.R_x,Ear.R_y,Ear.R_z,hip.Center_x,hip.Center_y,hip.Center_z
0,-0.39436984,-0.50312805,-0.15729602,-0.25617936,-0.10234612,-0.004030887,-0.12268247,0.29831836,-0.026659418,0.12124768,0.27727696,-0.010865312,0.13526437,-0.1532164,0.013768664,0.15376782,-0.5646043,-0.1786674,-0.20023175,0.32869905,0.1691102,-0.23502758,0.4757049,-0.045048725,-0.15048999,0.74168885,-0.0031175278,0.14466612,0.76227313,-0.044646498,0.2070151,0.52586544,-0.18016101,0.26669353,0.40099218,0.033955622,0.00024374016,0.8186379,0.009758162,-0.010636761,1.0354495,0.054653574,-0.013394296,0.93288827,0.17688726,0.020056661,0.9773994,0.14522342,-0.046819683,0.9719887,0.13700664,0.073729634,0.96631265,0.054549627,-0.078755096,0.955968,0.036237925,-0.0007173940539360046,0.2877976596355438,-0.018762364983558655
