frame,Ankle.R_x,Ankle.R_y,Ankle.R_z,Knee.R_x,Knee.R_y,Knee.R_z,Hip.R_x,Hip.R_y,Hip.R_z,Hip.L_x,Hip.L_y,Hip.L_z,Knee.L_x,Knee.L_y,Knee.L_z,Ankle.L_x,Ankle.L_y,Ankle.L_z,Wrist.R_x,Wrist.R_y,Wrist.R_z,Elbow.R_x,Elbow.R_y,Elbow.R_z,Shoulder.R_x,Shoulder.R_y,Shoulder.R_z,Shoulder.L_x,Shoulder.L_y,Shoulder.L_z,Elbow.L_x,Elbow.L_y,Elbow.L_z,Wrist.L_x,Wrist.L_y,Wrist.L_z,Neck_x,Neck_y,Neck_z,Head_x,Head_y,Head_z,Nose_x,Nose_y,Nose_z,Eye.L_x,Eye.L_y,Eye.L_z,Eye.R_x,Eye.R_y,Eye.R_z,Ear.L_x,Ear.L_y,Ear.L_z,Ear.R_x,Ear.R_y,Ear.R_z,hip.Center_x,hip.Center_y,hip.Center_z
0,-0.04913591,-0.574277,-0.18967253,-0.09584931,-0.16054797,-0.05620095,-0.11508108,0.26778236,-0.06795001,0.10071289,0.27247113,0.043571662,0.05354569,-0.15685077,0.015758859,0.06907341,-0.57369065,-0.12115731,-0.6527395,0.684262,-0.11772406,-0.41929603,0.7110579,-0.22429228,-0.1836805,0.73777217,-0.08183261,0.036038857,0.78189874,0.047343995,0.27702427,0.80937576,0.17299572,0.27092078,0.81431085,0.4251442,-0.09725587,0.78628063,0.006816036,-0.20339727,0.9523469,0.10042168,-0.21474323,0.8055711,0.15517084,-0.19228813,0.8627374,0.16510548,-0.24166456,0.8520093,0.12170613,-0.11004568,0.9081315,0.11967939,-0.22164544,0.8849956,0.022545904,-0.0071840956807136536,0.2701267600059509,-0.012189174070954323
