frame,Ankle.R_x,Ankle.R_y,Ankle.R_z,Knee.R_x,Knee.R_y,Knee.R_z,Hip.R_x,Hip.R_y,Hip.R_z,Hip.L_x,Hip.L_y,Hip.L_z,Knee.L_x,Knee.L_y,Knee.L_z,Ankle.L_x,Ankle.L_y,Ankle.L_z,Wrist.R_x,Wrist.R_y,Wrist.R_z,Elbow.R_x,Elbow.R_y,Elbow.R_z,Shoulder.R_x,Shoulder.R_y,Shoulder.R_z,Shoulder.L_x,Shoulder.L_y,Shoulder.L_z,Elbow.L_x,Elbow.L_y,Elbow.L_z,Wrist.L_x,Wrist.L_y,Wrist.L_z,Neck_x,Neck_y,Neck_z,Head_x,Head_y,Head_z,Nose_x,Nose_y,Nose_z,Eye.L_x,Eye.L_y,Eye.L_z,Eye.R_x,Eye.R_y,Eye.R_z,Ear.L_x,Ear.L_y,Ear.L_z,Ear.R_x,Ear.R_y,Ear.R_z,hip.Center_x,hip.Center_y,hip.Center_z
0,0.13814281,-0.55633014,-0.123843625,0.022143878,-0.1396003,-0.12427627,0.0037926673,0.29108194,-0.13630556,-0.020862091,0.25105417,0.10044014,-0.12835787,-0.1430039,0.0020634832,-0.11385389,-0.57504886,-0.053087972,-0.15998606,0.6743599,-0.36909422,0.017355084,0.5318558,-0.27844563,0.06592804,0.7282014,-0.100335665,-0.0322769,0.71980304,0.17505974,-0.25890553,0.59337544,0.26822627,-0.39940777,0.76545745,0.373699,0.016409958,0.78445005,0.045324627,0.030888323,0.9957836,0.06917428,-0.09773567,0.9235382,0.12685868,-0.04148096,0.9484271,0.13975638,-0.0759275,0.9637058,0.08422996,0.05127825,0.9090893,0.11941838,-0.020934355,0.9413842,-0.0073509365,-0.00853471178561449,0.2710680365562439,-0.0179327093064785
