frame,Ankle.R_x,Ankle.R_y,Ankle.R_z,Knee.R_x,Knee.R_y,Knee.R_z,Hip.R_x,Hip.R_y,Hip.R_z,Hip.L_x,Hip.L_y,Hip.L_z,Knee.L_x,Knee.L_y,Knee.L_z,Ankle.L_x,Ankle.L_y,Ankle.L_z,Wrist.R_x,Wrist.R_y,Wrist.R_z,Elbow.R_x,Elbow.R_y,Elbow.R_z,Shoulder.R_x,Shoulder.R_y,Shoulder.R_z,Shoulder.L_x,Shoulder.L_y,Shoulder.L_z,Elbow.L_x,Elbow.L_y,Elbow.L_z,Wrist.L_x,Wrist.L_y,Wrist.L_z,Neck_x,Neck_y,Neck_z,Head_x,Head_y,Head_z,Nose_x,Nose_y,Nose_z,Eye.L_x,Eye.L_y,Eye.L_z,Eye.R_x,Eye.R_y,Eye.R_z,Ear.L_x,Ear.L_y,Ear.L_z,Ear.R_x,Ear.R_y,Ear.R_z,hip.Center_x,hip.Center_y,hip.Center_z
0,-0.23095982,-0.40279192,-0.3571408,-0.11691361,-0.1532194,-0.029874463,-0.11665976,0.27106258,0.0024071683,0.11069671,0.24318312,-0.024320414,0.07373735,-0.108967945,0.20970008,0.07157683,-0.48435745,0.00573667,-0.21651614,1.0070578,0.08745612,-0.28592014,0.78529465,-0.010002307,-0.10631168,0.6997544,-0.16697846,0.10689953,0.73581785,-0.11884172,0.13858561,0.8769864,0.09287818,0.008896447,1.0735838,0.18221086,-0.0014322698,0.7430053,-0.14968935,-0.019843243,0.92617756,-0.19362883,-0.03613861,0.898803,-0.03959086,-0.00020580366,0.9235891,-0.08308933,-0.06456076,0.91220427,-0.09358042,0.05707054,0.87238896,-0.1520809,-0.08430946,0.84875023,-0.17551355,-0.0029815249145030975,0.25712284445762634,-0.010956622660160065
