frame,Ankle.R_x,Ankle.R_y,Ankle.R_z,Knee.R_x,Knee.R_y,Knee.R_z,Hip.R_x,Hip.R_y,Hip.R_z,Hip.L_x,Hip.L_y,Hip.L_z,Knee.L_x,Knee.L_y,Knee.L_z,Ankle.L_x,Ankle.L_y,Ankle.L_z,Wrist.R_x,Wrist.R_y,Wrist.R_z,Elbow.R_x,Elbow.R_y,Elbow.R_z,Shoulder.R_x,Shoulder.R_y,Shoulder.R_z,Shoulder.L_x,Shoulder.L_y,Shoulder.L_z,Elbow.L_x,Elbow.L_y,Elbow.L_z,Wrist.L_x,Wrist.L_y,Wrist.L_z,Neck_x,Neck_y,Neck_z,Head_x,Head_y,Head_z,Nose_x,Nose_y,Nose_z,Eye.L_x,Eye.L_y,Eye.L_z,Eye.R_x,Eye.R_y,Eye.R_z,Ear.L_x,Ear.L_y,Ear.L_z,Ear.R_x,Ear.R_y,Ear.R_z,hip.Center_x,hip.Center_y,hip.Center_z
0,0.3976317,-0.27000755,0.08999823,0.10671591,-0.13277297,-0.16469942,0.10281756,0.26886424,-0.06715478,-0.10831634,0.28100598,0.036215533,-0.23229407,-0.077215515,-0.13744462,-0.036581803,-0.3615805,0.08776194,0.29825565,0.6347808,-0.4678317,0.32669425,0.51101846,-0.2537467,0.24827509,0.64921427,-0.04532041,0.06750236,0.7963307,0.059720024,0.039292477,1.0350358,-0.013814582,0.12870511,1.2304403,-0.1517494,0.16983476,0.7558248,0.01103038,0.27561554,0.9170323,0.056945086,0.18772791,0.9373198,-0.07147983,0.19508338,0.95230436,-0.01143381,0.24556096,0.9293053,-0.04812222,0.17513958,0.89071476,0.06994583,0.2902689,0.8386891,-0.011158295,-0.0027493909001350403,0.27493512630462646,-0.015469623729586601
