frame,Ankle.R_x,Ankle.R_y,Ankle.R_z,Knee.R_x,Knee.R_y,Knee.R_z,Hip.R_x,Hip.R_y,Hip.R_z,Hip.L_x,Hip.L_y,Hip.L_z,Knee.L_x,Knee.L_y,Knee.L_z,Ankle.L_x,Ankle.L_y,Ankle.L_z,Wrist.R_x,Wrist.R_y,Wrist.R_z,Elbow.R_x,Elbow.R_y,Elbow.R_z,Shoulder.R_x,Shoulder.R_y,Shoulder.R_z,Shoulder.L_x,Shoulder.L_y,Shoulder.L_z,Elbow.L_x,Elbow.L_y,Elbow.L_z,Wrist.L_x,Wrist.L_y,Wrist.L_z,Neck_x,Neck_y,Neck_z,Head_x,Head_y,Head_z,Nose_x,Nose_y,Nose_z,Eye.L_x,Eye.L_y,Eye.L_z,Eye.R_x,Eye.R_y,Eye.R_z,Ear.L_x,Ear.L_y,Ear.L_z,Ear.R_x,Ear.R_y,Ear.R_z,hip.Center_x,hip.Center_y,hip.Center_z
0,0.3544722,-0.34200284,0.10001553,0.0773247,-0.14465344,-0.13463952,0.10455038,0.2674486,-0.062450886,-0.11095518,0.28449303,0.028486038,-0.20961422,-0.08995098,-0.13449162,-0.03754067,-0.3821252,0.10240853,0.35660172,0.63722914,-0.40657294,0.3668818,0.4920395,-0.20971815,0.24596682,0.66394806,-0.052817386,0.038837448,0.8023258,0.026228108,-0.090511605,1.0071744,-0.060580485,-0.029967146,1.2083346,-0.19837938,0.1536681,0.7688513,-0.016180515,0.24430025,0.944482,0.005255342,0.14434339,0.94168603,-0.116247825,0.15425974,0.96224725,-0.058115125,0.20439422,0.94337356,-0.097623914,0.15041049,0.90621924,0.029027306,0.2642357,0.8625363,-0.058641765,-0.003202401101589203,0.27597081661224365,-0.01698242500424385
