frame,Ankle.R_x,Ankle.R_y,Ankle.R_z,Knee.R_x,Knee.R_y,Knee.R_z,Hip.R_x,Hip.R_y,Hip.R_z,Hip.L_x,Hip.L_y,Hip.L_z,Knee.L_x,Knee.L_y,Knee.L_z,Ankle.L_x,Ankle.L_y,Ankle.L_z,Wrist.R_x,Wrist.R_y,Wrist.R_z,Elbow.R_x,Elbow.R_y,Elbow.R_z,Shoulder.R_x,Shoulder.R_y,Shoulder.R_z,Shoulder.L_x,Shoulder.L_y,Shoulder.L_z,Elbow.L_x,Elbow.L_y,Elbow.L_z,Wrist.L_x,Wrist.L_y,Wrist.L_z,Neck_x,Neck_y,Neck_z,Head_x,Head_y,Head_z,Nose_x,Nose_y,Nose_z,Eye.L_x,Eye.L_y,Eye.L_z,Eye.R_x,Eye.R_y,Eye.R_z,Ear.L_x,Ear.L_y,Ear.L_z,Ear.R_x,Ear.R_y,Ear.R_z,hip.Center_x,hip.Center_y,hip.Center_z
0,0.19703378,-0.44879347,-0.22837925,-0.033322934,-0.14497826,-0.06824851,-0.05711273,0.27398294,-0.117404476,0.043098938,0.25377837,0.088175155,-0.20394577,-0.06798898,0.15895006,-0.038998906,-0.43693623,0.07376577,0.014165457,0.947042,-0.4078524,0.123486236,0.7339958,-0.3763651,0.1673907,0.71659595,-0.13033405,0.12384759,0.7327404,0.09741706,-0.0747633,0.8536595,0.1977171,-0.11271169,1.0763973,0.106932074,0.15016781,0.7551663,-0.014907528,0.2085933,0.9372697,-0.018741263,0.052542336,0.9235449,-0.005337529,0.104333155,0.9389224,0.023035597,0.099931896,0.9382576,-0.042683024,0.17786418,0.8748559,0.05540914,0.16886112,0.873227,-0.08923671,-0.007006896659731865,0.2638806700706482,-0.014614660292863846
