frame,Ankle.R_x,Ankle.R_y,Ankle.R_z,Knee.R_x,Knee.R_y,Knee.R_z,Hip.R_x,Hip.R_y,Hip.R_z,Hip.L_x,Hip.L_y,Hip.L_z,Knee.L_x,Knee.L_y,Knee.L_z,Ankle.L_x,Ankle.L_y,Ankle.L_z,Wrist.R_x,Wrist.R_y,Wrist.R_z,Elbow.R_x,Elbow.R_y,Elbow.R_z,Shoulder.R_x,Shoulder.R_y,Shoulder.R_z,Shoulder.L_x,Shoulder.L_y,Shoulder.L_z,Elbow.L_x,Elbow.L_y,Elbow.L_z,Wrist.L_x,Wrist.L_y,Wrist.L_z,Neck_x,Neck_y,Neck_z,Head_x,Head_y,Head_z,Nose_x,Nose_y,Nose_z,Eye.L_x,Eye.L_y,Eye.L_z,Eye.R_x,Eye.R_y,Eye.R_z,Ear.L_x,Ear.L_y,Ear.L_z,Ear.R_x,Ear.R_y,Ear.R_z,hip.Center_x,hip.Center_y,hip.Center_z
0,0.21541436,-0.40307543,-0.39503115,-0.05559528,-0.14426467,-0.16521548,-0.0959331,0.29523107,-0.096802354,0.08394705,0.25788733,0.06762554,-0.06557839,-0.13859986,0.06868766,-0.045754578,-0.55833197,-0.06864094,-0.4980573,0.38654283,0.011189578,-0.37183502,0.61225253,-0.030459553,-0.14697318,0.7351807,0.10495424,0.11891359,0.6309421,0.21626014,0.15118533,0.35355657,0.16662833,-0.04738661,0.32164443,0.31680134,-0.013191354,0.7418769,0.19795075,-0.009946724,0.94791865,0.2635996,-0.123535685,0.85336524,0.31962937,-0.072619416,0.8884237,0.33372992,-0.106025994,0.8971863,0.27635232,0.028607573,0.86239064,0.3174849,-0.04733389,0.8862096,0.18973888,-0.005993027240037918,0.2765592038631439,-0.014588408172130585
