frame,Ankle.R_x,Ankle.R_y,Ankle.R_z,Knee.R_x,Knee.R_y,Knee.R_z,Hip.R_x,Hip.R_y,Hip.R_z,Hip.L_x,Hip.L_y,Hip.L_z,Knee.L_x,Knee.L_y,Knee.L_z,Ankle.L_x,Ankle.L_y,Ankle.L_z,Wrist.R_x,Wrist.R_y,Wrist.R_z,Elbow.R_x,Elbow.R_y,Elbow.R_z,Shoulder.R_x,Shoulder.R_y,Shoulder.R_z,Shoulder.L_x,Shoulder.L_y,Shoulder.L_z,Elbow.L_x,Elbow.L_y,Elbow.L_z,Wrist.L_x,Wrist.L_y,Wrist.L_z,Neck_x,Neck_y,Neck_z,Head_x,Head_y,Head_z,Nose_x,Nose_y,Nose_z,Eye.L_x,Eye.L_y,Eye.L_z,Eye.R_x,Eye.R_y,Eye.R_z,Ear.L_x,Ear.L_y,Ear.L_z,Ear.R_x,Ear.R_y,Ear.R_z,hip.Center_x,hip.Center_y,hip.Center_z
0,0.27327803,-0.4069686,0.1326034,0.060944542,-0.14738491,-0.113283664,0.11099184,0.26803216,-0.046719313,-0.11657496,0.289043,0.011486141,-0.18140095,-0.08982144,-0.16366091,-0.06657073,-0.39308822,0.0962033,0.34281552,0.6872536,-0.4121982,0.3700936,0.53075457,-0.2223336,0.24656145,0.67834586,-0.04468354,0.0231728,0.80709165,0.006384407,-0.15280654,0.97042847,-0.097531185,-0.14454421,1.1835606,-0.2300795,0.14842659,0.7788719,-0.022316841,0.2395165,0.9598478,-0.016360939,0.13730997,0.9434122,-0.1352464,0.14748363,0.9688795,-0.0789702,0.1975567,0.94839925,-0.11802083,0.14772598,0.9203758,0.012832314,0.26119304,0.8726821,-0.0737856,-0.0027915574610233307,0.2785375714302063,-0.01761658489704132
