frame,Ankle.R_x,Ankle.R_y,Ankle.R_z,Knee.R_x,Knee.R_y,Knee.R_z,Hip.R_x,Hip.R_y,Hip.R_z,Hip.L_x,Hip.L_y,Hip.L_z,Knee.L_x,Knee.L_y,Knee.L_z,Ankle.L_x,Ankle.L_y,Ankle.L_z,Wrist.R_x,Wrist.R_y,Wrist.R_z,Elbow.R_x,Elbow.R_y,Elbow.R_z,Shoulder.R_x,Shoulder.R_y,Shoulder.R_z,Shoulder.L_x,Shoulder.L_y,Shoulder.L_z,Elbow.L_x,Elbow.L_y,Elbow.L_z,Wrist.L_x,Wrist.L_y,Wrist.L_z,Neck_x,Neck_y,Neck_z,Head_x,Head_y,Head_z,Nose_x,Nose_y,Nose_z,Eye.L_x,Eye.L_y,Eye.L_z,Eye.R_x,Eye.R_y,Eye.R_z,Ear.L_x,Ear.L_y,Ear.L_z,Ear.R_x,Ear.R_y,Ear.R_z,hip.Center_x,hip.Center_y,hip.Center_z
0,0.13872986,-0.43667793,-0.2749559,-0.1455084,-0.13697843,-0.14398319,-0.057243645,0.29247883,-0.124087244,0.05300878,0.2499659,0.09259897,-0.14555766,-0.12172498,0.07195281,-0.04691359,-0.53253996,-0.048260376,-0.62720865,0.8708738,-0.019043569,-0.3698187,0.8419714,-0.051646523,-0.124713756,0.75586534,0.048449755,0.034862556,0.60790074,0.24525234,-0.015354333,0.3329265,0.24694279,-0.25461936,0.40023667,0.23128055,-0.046262085,0.7344781,0.17187908,-0.038771484,0.938471,0.22572592,-0.14502367,0.8493402,0.30107933,-0.09060328,0.8806337,0.30567217,-0.13477686,0.89361537,0.25705567,0.0008467585,0.85110736,0.26726156,-0.095255226,0.8824042,0.15898053,-0.002117432653903961,0.2712223529815674,-0.01574413850903511
