frame,Ankle.R_x,Ankle.R_y,Ankle.R_z,Knee.R_x,Knee.R_y,Knee.R_z,Hip.R_x,Hip.R_y,Hip.R_z,Hip.L_x,Hip.L_y,Hip.L_z,Knee.L_x,Knee.L_y,Knee.L_z,Ankle.L_x,Ankle.L_y,Ankle.L_z,Wrist.R_x,Wrist.R_y,Wrist.R_z,Elbow.R_x,Elbow.R_y,Elbow.R_z,Shoulder.R_x,Shoulder.R_y,Shoulder.R_z,Shoulder.L_x,Shoulder.L_y,Shoulder.L_z,Elbow.L_x,Elbow.L_y,Elbow.L_z,Wrist.L_x,Wrist.L_y,Wrist.L_z,Neck_x,Neck_y,Neck_z,Head_x,Head_y,Head_z,Nose_x,Nose_y,Nose_z,Eye.L_x,Eye.L_y,Eye.L_z,Eye.R_x,Eye.R_y,Eye.R_z,Ear.L_x,Ear.L_y,Ear.L_z,Ear.R_x,Ear.R_y,Ear.R_z,hip.Center_x,hip.Center_y,hip.Center_z
0,0.2663005,-0.41345,0.17634626,0.046875246,-0.1637645,-0.07459011,0.107231446,0.25359273,-0.05642471,-0.11205593,0.2843576,0.016382217,-0.20345235,-0.09983657,-0.12821564,-0.10715903,-0.4105531,0.13228692,0.2926881,0.7351699,-0.44113758,0.3433328,0.5619378,-0.27149737,0.24376522,0.6661449,-0.05705057,0.042497702,0.7874408,0.00765643,-0.05706943,0.9815505,-0.12655324,0.032201547,1.1818157,-0.24991429,0.1537277,0.75874174,-0.022155622,0.2364164,0.93397164,0.0011749254,0.14822668,0.92476904,-0.12819909,0.15224355,0.9478359,-0.070834644,0.20586142,0.9283235,-0.10475147,0.1424988,0.89550877,0.017718285,0.26218376,0.85110205,-0.0569385,-0.0024122409522533417,0.268975168466568,-0.02002124674618244
