frame,Ankle.R_x,Ankle.R_y,Ankle.R_z,Knee.R_x,Knee.R_y,Knee.R_z,Hip.R_x,Hip.R_y,Hip.R_z,Hip.L_x,Hip.L_y,Hip.L_z,Knee.L_x,Knee.L_y,Knee.L_z,Ankle.L_x,Ankle.L_y,Ankle.L_z,Wrist.R_x,Wrist.R_y,Wrist.R_z,Elbow.R_x,Elbow.R_y,Elbow.R_z,Shoulder.R_x,Shoulder.R_y,Shoulder.R_z,Shoulder.L_x,Shoulder.L_y,Shoulder.L_z,Elbow.L_x,Elbow.L_y,Elbow.L_z,Wrist.L_x,Wrist.L_y,Wrist.L_z,Neck_x,Neck_y,Neck_z,Head_x,Head_y,Head_z,Nose_x,Nose_y,Nose_z,Eye.L_x,Eye.L_y,Eye.L_z,Eye.R_x,Eye.R_y,Eye.R_z,Ear.L_x,Ear.L_y,Ear.L_z,Ear.R_x,Ear.R_y,Ear.R_z,hip.Center_x,hip.Center_y,hip.Center_z
0,0.078388594,-0.46802768,-0.27668998,-0.12173812,-0.10786418,-0.18380693,-0.02757984,0.30251032,-0.12843728,0.023630533,0.24938858,0.10097239,-0.18889603,-0.09379633,0.022542052,-0.06483844,-0.48605147,-0.08321649,-0.477494,1.0392773,-0.08965314,-0.29821917,0.8775854,-0.15577392,-0.107592694,0.7717601,-0.0006888285,-0.03235522,0.6494117,0.24916343,-0.09245324,0.39297524,0.30574387,-0.31227857,0.48134878,0.2666951,-0.08069378,0.7587884,0.14143962,-0.101719156,0.96145916,0.19541557,-0.21223041,0.8617831,0.2464363,-0.16195855,0.8957766,0.26177636,-0.1975875,0.90840954,0.20665371,-0.06321642,0.87510145,0.23961408,-0.14127639,0.90531015,0.11576596,-0.0019746534526348114,0.2759494483470917,-0.013732444494962692
