frame,Ankle.R_x,Ankle.R_y,Ankle.R_z,Knee.R_x,Knee.R_y,Knee.R_z,Hip.R_x,Hip.R_y,Hip.R_z,Hip.L_x,Hip.L_y,Hip.L_z,Knee.L_x,Knee.L_y,Knee.L_z,Ankle.L_x,Ankle.L_y,Ankle.L_z,Wrist.R_x,Wrist.R_y,Wrist.R_z,Elbow.R_x,Elbow.R_y,Elbow.R_z,Shoulder.R_x,Shoulder.R_y,Shoulder.R_z,Shoulder.L_x,Shoulder.L_y,Shoulder.L_z,Elbow.L_x,Elbow.L_y,Elbow.L_z,Wrist.L_x,Wrist.L_y,Wrist.L_z,Neck_x,Neck_y,Neck_z,Head_x,Head_y,Head_z,Nose_x,Nose_y,Nose_z,Eye.L_x,Eye.L_y,Eye.L_z,Eye.R_x,Eye.R_y,Eye.R_z,Ear.L_x,Ear.L_y,Ear.L_z,Ear.R_x,Ear.R_y,Ear.R_z,hip.Center_x,hip.Center_y,hip.Center_z
0,0.28592125,-0.37151724,0.26033393,0.091546975,-0.1619134,-0.044615407,0.11043882,0.25988972,-0.03985069,-0.117447756,0.27931038,0.0010855979,-0.17367542,-0.09235735,-0.18701471,-0.12918282,-0.37057048,0.11737241,0.21611418,0.94978625,-0.40348014,0.2852263,0.7471825,-0.2691275,0.20650068,0.70869845,-0.028302886,-0.0006773025,0.7878294,0.0287697,-0.12735221,0.95948917,-0.11124338,-0.039817467,1.1474009,-0.25337315,0.11322111,0.7759842,0.0042823167,0.16861053,0.9565776,0.04593144,0.11606572,0.9422921,-0.101849176,0.10389257,0.9648748,-0.045255944,0.16578345,0.9499972,-0.064371355,0.07703144,0.9100372,0.038727537,0.2144547,0.87694454,-0.003596902,-0.003504466265439987,0.2696000337600708,-0.019382545724511147
