frame,Ankle.R_x,Ankle.R_y,Ankle.R_z,Knee.R_x,Knee.R_y,Knee.R_z,Hip.R_x,Hip.R_y,Hip.R_z,Hip.L_x,Hip.L_y,Hip.L_z,Knee.L_x,Knee.L_y,Knee.L_z,Ankle.L_x,Ankle.L_y,Ankle.L_z,Wrist.R_x,Wrist.R_y,Wrist.R_z,Elbow.R_x,Elbow.R_y,Elbow.R_z,Shoulder.R_x,Shoulder.R_y,Shoulder.R_z,Shoulder.L_x,Shoulder.L_y,Shoulder.L_z,Elbow.L_x,Elbow.L_y,Elbow.L_z,Wrist.L_x,Wrist.L_y,Wrist.L_z,Neck_x,Neck_y,Neck_z,Head_x,Head_y,Head_z,Nose_x,Nose_y,Nose_z,Eye.L_x,Eye.L_y,Eye.L_z,Eye.R_x,Eye.R_y,Eye.R_z,Ear.L_x,Ear.L_y,Ear.L_z,Ear.R_x,Ear.R_y,Ear.R_z,hip.Center_x,hip.Center_y,hip.Center_z
0,0.22033529,-0.52815586,0.024018016,0.10864323,-0.13826683,-0.09386888,0.10206781,0.27847207,-0.063632645,-0.11573013,0.27103043,0.015863333,-0.10294131,-0.13871507,-0.05490783,-0.07901494,-0.5589379,-0.005092875,-0.3103631,0.8584422,-0.25150076,-0.07764465,0.7500633,-0.24113864,0.12783647,0.74551874,-0.09579781,-0.040760625,0.74212134,0.1082937,-0.19382782,0.53383315,0.10089054,-0.40819076,0.58108795,-0.0031373636,0.06651763,0.79629976,0.0049015973,0.1445845,0.9955112,0.010433243,0.064545244,0.94537807,-0.11450233,0.064557046,0.98364127,-0.064880975,0.1211718,0.9576565,-0.0885704,0.049775556,0.9577793,0.035550922,0.176572,0.90173054,-0.01871619,-0.006831157952547073,0.2747512459754944,-0.02388465590775013
