frame,Ankle.R_x,Ankle.R_y,Ankle.R_z,Knee.R_x,Knee.R_y,Knee.R_z,Hip.R_x,Hip.R_y,Hip.R_z,Hip.L_x,Hip.L_y,Hip.L_z,Knee.L_x,Knee.L_y,Knee.L_z,Ankle.L_x,Ankle.L_y,Ankle.L_z,Wrist.R_x,Wrist.R_y,Wrist.R_z,Elbow.R_x,Elbow.R_y,Elbow.R_z,Shoulder.R_x,Shoulder.R_y,Shoulder.R_z,Shoulder.L_x,Shoulder.L_y,Shoulder.L_z,Elbow.L_x,Elbow.L_y,Elbow.L_z,Wrist.L_x,Wrist.L_y,Wrist.L_z,Neck_x,Neck_y,Neck_z,Head_x,Head_y,Head_z,Nose_x,Nose_y,Nose_z,Eye.L_x,Eye.L_y,Eye.L_z,Eye.R_x,Eye.R_y,Eye.R_z,Ear.L_x,Ear.L_y,Ear.L_z,Ear.R_x,Ear.R_y,Ear.R_z,hip.Center_x,hip.Center_y,hip.Center_z
0,0.2445451,-0.30851164,-0.4211635,-0.05518514,-0.16063002,-0.13525066,-0.10943593,0.2883028,-0.08496975,0.0984878,0.27174246,0.05120366,-0.046369478,-0.12716958,0.10650599,-0.067402184,-0.5523821,-0.019108087,-0.3595636,0.3156248,0.025641708,-0.32291058,0.556622,-0.072086155,-0.1549657,0.74277693,0.07368535,0.14171442,0.69688433,0.14127594,0.26725528,0.4589028,0.0418033,0.18083078,0.3372413,0.24712181,-0.008931785,0.77909523,0.14724587,-0.012288478,0.98903847,0.20055199,-0.11130569,0.8922519,0.27818298,-0.06074498,0.93162286,0.28258663,-0.10227649,0.9340169,0.22962624,0.039846916,0.9100436,0.25533283,-0.055106595,0.91905177,0.13637458,-0.005474064499139786,0.28002262115478516,-0.016883045434951782
