frame,Ankle.R_x,Ankle.R_y,Ankle.R_z,Knee.R_x,Knee.R_y,Knee.R_z,Hip.R_x,Hip.R_y,Hip.R_z,Hip.L_x,Hip.L_y,Hip.L_z,Knee.L_x,Knee.L_y,Knee.L_z,Ankle.L_x,Ankle.L_y,Ankle.L_z,Wrist.R_x,Wrist.R_y,Wrist.R_z,Elbow.R_x,Elbow.R_y,Elbow.R_z,Shoulder.R_x,Shoulder.R_y,Shoulder.R_z,Shoulder.L_x,Shoulder.L_y,Shoulder.L_z,Elbow.L_x,Elbow.L_y,Elbow.L_z,Wrist.L_x,Wrist.L_y,Wrist.L_z,Neck_x,Neck_y,Neck_z,Head_x,Head_y,Head_z,Nose_x,Nose_y,Nose_z,Eye.L_x,Eye.L_y,Eye.L_z,Eye.R_x,Eye.R_y,Eye.R_z,Ear.L_x,Ear.L_y,Ear.L_z,Ear.R_x,Ear.R_y,Ear.R_z,hip.Center_x,hip.Center_y,hip.Center_z
0,0.15578717,-0.5126096,0.1573447,0.14389417,-0.116603404,0.04152283,0.08757205,0.2967129,0.043972414,-0.09137194,0.25547186,-0.09127267,0.06171152,-0.12672305,-0.08393112,0.12178928,-0.5332398,-0.025263373,-0.08754223,0.8327102,-0.39808875,0.07169551,0.73542804,-0.23625205,0.044721458,0.7851389,-0.0049887737,-0.18419525,0.73739505,-0.042852048,-0.21420664,0.49814576,-0.07861326,-0.3353162,0.506531,-0.27744523,-0.06081592,0.8098198,-0.02539166,-0.04683087,1.0197698,-0.022956332,0.0013625622,0.9427109,-0.15124631,-0.04273693,0.9792204,-0.12630635,0.01789128,0.9739174,-0.09871824,-0.11775516,0.95249104,-0.058819804,0.017560884,0.9414602,0.0015702769,-0.0018999427556991577,0.27609238028526306,-0.02365012653172016
