frame,Ankle.R_x,Ankle.R_y,Ankle.R_z,Knee.R_x,Knee.R_y,Knee.R_z,Hip.R_x,Hip.R_y,Hip.R_z,Hip.L_x,Hip.L_y,Hip.L_z,Knee.L_x,Knee.L_y,Knee.L_z,Ankle.L_x,Ankle.L_y,Ankle.L_z,Wrist.R_x,Wrist.R_y,Wrist.R_z,Elbow.R_x,Elbow.R_y,Elbow.R_z,Shoulder.R_x,Shoulder.R_y,Shoulder.R_z,Shoulder.L_x,Shoulder.L_y,Shoulder.L_z,Elbow.L_x,Elbow.L_y,Elbow.L_z,Wrist.L_x,Wrist.L_y,Wrist.L_z,Neck_x,Neck_y,Neck_z,Head_x,Head_y,Head_z,Nose_x,Nose_y,Nose_z,Eye.L_x,Eye.L_y,Eye.L_z,Eye.R_x,Eye.R_y,Eye.R_z,Ear.L_x,Ear.L_y,Ear.L_z,Ear.R_x,Ear.R_y,Ear.R_z,hip.Center_x,hip.Center_y,hip.Center_z
0,0.24008289,-0.37645406,0.32311144,0.08660698,-0.16101393,-0.0018281185,0.11155526,0.2614869,-0.0312552,-0.11872779,0.27007982,-0.010115478,-0.13549858,-0.104425795,-0.20152915,-0.11583194,-0.38938245,0.10080455,0.16336824,0.9495257,-0.36630917,0.25831333,0.75650173,-0.23558353,0.17428489,0.71794325,0.0008818802,-0.036339976,0.7780818,0.031513825,-0.16172406,0.92072177,-0.1377574,-0.07389152,1.1071815,-0.27949014,0.077401474,0.7755761,0.020995041,0.11644292,0.9587004,0.059559774,0.082228705,0.93505657,-0.09214994,0.062355753,0.95936,-0.038741305,0.12661736,0.9472121,-0.04993975,0.029381143,0.9070647,0.044309117,0.1709242,0.8802165,0.01924768,-0.0035862624645233154,0.2657833695411682,-0.020685339346528053
