frame,Ankle.R_x,Ankle.R_y,Ankle.R_z,Knee.R_x,Knee.R_y,Knee.R_z,Hip.R_x,Hip.R_y,Hip.R_z,Hip.L_x,Hip.L_y,Hip.L_z,Knee.L_x,Knee.L_y,Knee.L_z,Ankle.L_x,Ankle.L_y,Ankle.L_z,Wrist.R_x,Wrist.R_y,Wrist.R_z,Elbow.R_x,Elbow.R_y,Elbow.R_z,Shoulder.R_x,Shoulder.R_y,Shoulder.R_z,Shoulder.L_x,Shoulder.L_y,Shoulder.L_z,Elbow.L_x,Elbow.L_y,Elbow.L_z,Wrist.L_x,Wrist.L_y,Wrist.L_z,Neck_x,Neck_y,Neck_z,Head_x,Head_y,Head_z,Nose_x,Nose_y,Nose_z,Eye.L_x,Eye.L_y,Eye.L_z,Eye.R_x,Eye.R_y,Eye.R_z,Ear.L_x,Ear.L_y,Ear.L_z,Ear.R_x,Ear.R_y,Ear.R_z,hip.Center_x,hip.Center_y,hip.Center_z
0,0.25946027,-0.27727166,-0.40983936,-0.04069915,-0.15497898,-0.12173933,-0.113506734,0.29119015,-0.07933994,0.10090914,0.27913,0.04468865,-0.027733019,-0.11838992,0.11547743,-0.029180951,-0.54033774,-0.006143399,-0.3197393,0.3375577,0.02806619,-0.31594986,0.57196563,-0.08375761,-0.14937349,0.7543103,0.065950714,0.14971346,0.7078922,0.13616289,0.2873469,0.4748719,0.042348757,0.14530605,0.3544459,0.21294145,-0.0023969319,0.7924611,0.13790205,-0.0035762182,1.006985,0.17609835,-0.11967128,0.91816163,0.23820297,-0.070160314,0.9575808,0.2501278,-0.09867126,0.95520175,0.18921494,0.03441857,0.93243897,0.24853392,-0.032091215,0.9315448,0.11048028,-0.0062987953424453735,0.2851600646972656,-0.017325643450021744
