frame,Ankle.R_x,Ankle.R_y,Ankle.R_z,Knee.R_x,Knee.R_y,Knee.R_z,Hip.R_x,Hip.R_y,Hip.R_z,Hip.L_x,Hip.L_y,Hip.L_z,Knee.L_x,Knee.L_y,Knee.L_z,Ankle.L_x,Ankle.L_y,Ankle.L_z,Wrist.R_x,Wrist.R_y,Wrist.R_z,Elbow.R_x,Elbow.R_y,Elbow.R_z,Shoulder.R_x,Shoulder.R_y,Shoulder.R_z,Shoulder.L_x,Shoulder.L_y,Shoulder.L_z,Elbow.L_x,Elbow.L_y,Elbow.L_z,Wrist.L_x,Wrist.L_y,Wrist.L_z,Neck_x,Neck_y,Neck_z,Head_x,Head_y,Head_z,Nose_x,Nose_y,Nose_z,Eye.L_x,Eye.L_y,Eye.L_z,Eye.R_x,Eye.R_y,Eye.R_z,Ear.L_x,Ear.L_y,Ear.L_z,Ear.R_x,Ear.R_y,Ear.R_z,hip.Center_x,hip.Center_y,hip.Center_z
0,0.31109843,-0.42580202,0.13882193,0.11700954,-0.13359751,-0.0852982,0.09912534,0.28096914,-0.066850916,-0.112270504,0.27780908,0.025303079,-0.13064785,-0.12406234,-0.071656056,-0.023156533,-0.5225307,-0.0102787865,0.12521431,0.87901574,-0.5254314,0.16464359,0.71089625,-0.34374106,0.18990137,0.7251274,-0.089302376,-0.024393052,0.7865689,0.061315365,-0.2708646,0.72801805,0.020433825,-0.4232821,0.85678697,-0.123505495,0.10581693,0.79778105,-0.019600615,0.19757225,0.9883713,-0.047778603,0.14525065,0.9069921,-0.17081057,0.13774961,0.9582129,-0.13598265,0.19480073,0.9239678,-0.13454428,0.094298616,0.96436095,-0.039689057,0.22398572,0.888613,-0.039253667,-0.0065725818276405334,0.2793891131877899,-0.02077391743659973
