frame,Ankle.R_x,Ankle.R_y,Ankle.R_z,Knee.R_x,Knee.R_y,Knee.R_z,Hip.R_x,Hip.R_y,Hip.R_z,Hip.L_x,Hip.L_y,Hip.L_z,Knee.L_x,Knee.L_y,Knee.L_z,Ankle.L_x,Ankle.L_y,Ankle.L_z,Wrist.R_x,Wrist.R_y,Wrist.R_z,Elbow.R_x,Elbow.R_y,Elbow.R_z,Shoulder.R_x,Shoulder.R_y,Shoulder.R_z,Shoulder.L_x,Shoulder.L_y,Shoulder.L_z,Elbow.L_x,Elbow.L_y,Elbow.L_z,Wrist.L_x,Wrist.L_y,Wrist.L_z,Neck_x,Neck_y,Neck_z,Head_x,Head_y,Head_z,Nose_x,Nose_y,Nose_z,Eye.L_x,Eye.L_y,Eye.L_z,Eye.R_x,Eye.R_y,Eye.R_z,Ear.L_x,Ear.L_y,Ear.L_z,Ear.R_x,Ear.R_y,Ear.R_z,hip.Center_x,hip.Center_y,hip.Center_z
0,0.08336874,-0.4963556,0.23450328,0.062479645,-0.15919158,-0.0092917755,0.108333915,0.25884935,-0.03604767,-0.11616963,0.26862416,-0.011423187,-0.09817824,-0.14009418,-0.09336514,-0.062765434,-0.52848876,0.058958694,-0.15868627,0.7612811,-0.40443084,0.008154197,0.6424272,-0.2628941,0.15405096,0.71594167,-0.0877152,-0.039995946,0.76035786,0.001695577,-0.21088657,0.6550827,-0.1316306,-0.33695486,0.7943958,-0.28338513,0.078301065,0.77548575,-0.047422472,0.12595412,0.96586555,-0.11341623,0.06961708,0.8588371,-0.21074504,0.05753677,0.9113345,-0.18130767,0.119542755,0.88995326,-0.19124034,0.039874334,0.9243177,-0.08028287,0.17431454,0.8764307,-0.10334553,-0.003917858004570007,0.263736754655838,-0.02373543009161949
