frame,Ankle.R_x,Ankle.R_y,Ankle.R_z,Knee.R_x,Knee.R_y,Knee.R_z,Hip.R_x,Hip.R_y,Hip.R_z,Hip.L_x,Hip.L_y,Hip.L_z,Knee.L_x,Knee.L_y,Knee.L_z,Ankle.L_x,Ankle.L_y,Ankle.L_z,Wrist.R_x,Wrist.R_y,Wrist.R_z,Elbow.R_x,Elbow.R_y,Elbow.R_z,Shoulder.R_x,Shoulder.R_y,Shoulder.R_z,Shoulder.L_x,Shoulder.L_y,Shoulder.L_z,Elbow.L_x,Elbow.L_y,Elbow.L_z,Wrist.L_x,Wrist.L_y,Wrist.L_z,Neck_x,Neck_y,Neck_z,Head_x,Head_y,Head_z,Nose_x,Nose_y,Nose_z,Eye.L_x,Eye.L_y,Eye.L_z,Eye.R_x,Eye.R_y,Eye.R_z,Ear.L_x,Ear.L_y,Ear.L_z,Ear.R_x,Ear.R_y,Ear.R_z,hip.Center_x,hip.Center_y,hip.Center_z
0,0.089649305,-0.42858753,-0.23789074,-0.18219683,-0.11687252,-0.16168186,-0.037360825,0.2800629,-0.12759107,0.037777375,0.23734291,0.098830126,-0.19114198,-0.100888796,0.055286903,-0.09509078,-0.5080695,-0.03447604,-0.555213,0.99203056,0.0279655,-0.34550485,0.8597204,-0.027250042,-0.12370205,0.7291932,0.029217314,-0.022989819,0.5827068,0.23844369,-0.15052973,0.35214305,0.21832187,-0.3642413,0.446722,0.14847691,-0.07337788,0.7047809,0.15285693,-0.075405136,0.9017412,0.21209165,-0.18558666,0.8069605,0.26561743,-0.13438296,0.8379232,0.27990633,-0.1724192,0.8540418,0.22808647,-0.040469587,0.8148274,0.25040594,-0.12168685,0.8514723,0.1369242,0.00020827539265155792,0.2587029039859772,-0.014380473643541336
