frame,Ankle.R_x,Ankle.R_y,Ankle.R_z,Knee.R_x,Knee.R_y,Knee.R_z,Hip.R_x,Hip.R_y,Hip.R_z,Hip.L_x,Hip.L_y,Hip.L_z,Knee.L_x,Knee.L_y,Knee.L_z,Ankle.L_x,Ankle.L_y,Ankle.L_z,Wrist.R_x,Wrist.R_y,Wrist.R_z,Elbow.R_x,Elbow.R_y,Elbow.R_z,Shoulder.R_x,Shoulder.R_y,Shoulder.R_z,Shoulder.L_x,Shoulder.L_y,Shoulder.L_z,Elbow.L_x,Elbow.L_y,Elbow.L_z,Wrist.L_x,Wrist.L_y,Wrist.L_z,Neck_x,Neck_y,Neck_z,Head_x,Head_y,Head_z,Nose_x,Nose_y,Nose_z,Eye.L_x,Eye.L_y,Eye.L_z,Eye.R_x,Eye.R_y,Eye.R_z,Ear.L_x,Ear.L_y,Ear.L_z,Ear.R_x,Ear.R_y,Ear.R_z,hip.Center_x,hip.Center_y,hip.Center_z
0,0.14845735,-0.52596426,-0.21921022,-0.04604392,-0.15184715,-0.12855911,-0.04541082,0.27971435,-0.1273026,0.031041943,0.24921547,0.09758151,-0.12921835,-0.13248336,0.062980495,-0.014180077,-0.5450064,0.004772871,-0.27154097,1.2177981,0.10004986,-0.1662307,1.0006487,0.0097120125,-0.037078843,0.7759657,0.025356306,0.021353118,0.6276063,0.2376838,-0.07220656,0.40106857,0.35413167,-0.30894148,0.3191662,0.38736945,-0.009285664,0.7413704,0.14564826,0.02074323,0.9301094,0.20137453,-0.08101386,0.84880567,0.28823805,-0.023032531,0.8712795,0.28381625,-0.07332161,0.8958198,0.24774557,0.052122734,0.83609134,0.22478922,-0.056698598,0.89088273,0.14270593,-0.007184438407421112,0.2644649147987366,-0.014860544353723526
