frame,Ankle.R_x,Ankle.R_y,Ankle.R_z,Knee.R_x,Knee.R_y,Knee.R_z,Hip.R_x,Hip.R_y,Hip.R_z,Hip.L_x,Hip.L_y,Hip.L_z,Knee.L_x,Knee.L_y,Knee.L_z,Ankle.L_x,Ankle.L_y,Ankle.L_z,Wrist.R_x,Wrist.R_y,Wrist.R_z,Elbow.R_x,Elbow.R_y,Elbow.R_z,Shoulder.R_x,Shoulder.R_y,Shoulder.R_z,Shoulder.L_x,Shoulder.L_y,Shoulder.L_z,Elbow.L_x,Elbow.L_y,Elbow.L_z,Wrist.L_x,Wrist.L_y,Wrist.L_z,Neck_x,Neck_y,Neck_z,Head_x,Head_y,Head_z,Nose_x,Nose_y,Nose_z,Eye.L_x,Eye.L_y,Eye.L_z,Eye.R_x,Eye.R_y,Eye.R_z,Ear.L_x,Ear.L_y,Ear.L_z,Ear.R_x,Ear.R_y,Ear.R_z,hip.Center_x,hip.Center_y,hip.Center_z
0,0.079620406,-0.46110582,-0.2682354,-0.13332024,-0.10582082,-0.18876527,-0.012977663,0.29596543,-0.13158026,0.009851588,0.25003955,0.10334179,-0.18940036,-0.09995205,0.018344201,-0.072907105,-0.5025462,-0.055861376,-0.48548537,1.0525393,-0.13376299,-0.28842467,0.896531,-0.15582913,-0.09639131,0.7692568,-0.024760257,-0.05390326,0.6463134,0.22781943,-0.13466051,0.39131713,0.2559033,-0.32023737,0.50180507,0.15100394,-0.08197447,0.7574371,0.11486103,-0.08308867,0.9611891,0.15013547,-0.20689407,0.8804876,0.204194,-0.15336114,0.9095651,0.2188808,-0.18539138,0.92159784,0.16156353,-0.05786536,0.87523425,0.20251766,-0.1267686,0.9039751,0.07421778,-0.001563037745654583,0.2730025053024292,-0.014119237661361694
