frame,Ankle.R_x,Ankle.R_y,Ankle.R_z,Knee.R_x,Knee.R_y,Knee.R_z,Hip.R_x,Hip.R_y,Hip.R_z,Hip.L_x,Hip.L_y,Hip.L_z,Knee.L_x,Knee.L_y,Knee.L_z,Ankle.L_x,Ankle.L_y,Ankle.L_z,Wrist.R_x,Wrist.R_y,Wrist.R_z,Elbow.R_x,Elbow.R_y,Elbow.R_z,Shoulder.R_x,Shoulder.R_y,Shoulder.R_z,Shoulder.L_x,Shoulder.L_y,Shoulder.L_z,Elbow.L_x,Elbow.L_y,Elbow.L_z,Wrist.L_x,Wrist.L_y,Wrist.L_z,Neck_x,Neck_y,Neck_z,Head_x,Head_y,Head_z,Nose_x,Nose_y,Nose_z,Eye.L_x,Eye.L_y,Eye.L_z,Eye.R_x,Eye.R_y,Eye.R_z,Ear.L_x,Ear.L_y,Ear.L_z,Ear.R_x,Ear.R_y,Ear.R_z,hip.Center_x,hip.Center_y,hip.Center_z
0,0.33105603,-0.42410472,0.07205982,0.10558666,-0.1333855,-0.12721832,0.09599642,0.28086162,-0.07153873,-0.10894242,0.27749044,0.03617545,-0.1491462,-0.12112292,-0.08961664,0.0065773777,-0.50333714,-0.012538457,0.06886722,0.88321453,-0.52923495,0.119502634,0.7199416,-0.34420866,0.19071327,0.7239702,-0.102017775,0.015301633,0.79524356,0.06558308,-0.23725842,0.786399,0.068208165,-0.42202333,0.93641967,-0.0055093053,0.12368636,0.79563457,-0.028628763,0.2068128,0.9842361,-0.0668477,0.11689112,0.91963655,-0.17908737,0.121517725,0.96512455,-0.13629176,0.17566285,0.9325434,-0.1579879,0.11110735,0.9568174,-0.03127052,0.23259518,0.88360375,-0.08195926,-0.006473001092672348,0.2791760265827179,-0.01768164150416851
