frame,Ankle.R_x,Ankle.R_y,Ankle.R_z,Knee.R_x,Knee.R_y,Knee.R_z,Hip.R_x,Hip.R_y,Hip.R_z,Hip.L_x,Hip.L_y,Hip.L_z,Knee.L_x,Knee.L_y,Knee.L_z,Ankle.L_x,Ankle.L_y,Ankle.L_z,Wrist.R_x,Wrist.R_y,Wrist.R_z,Elbow.R_x,Elbow.R_y,Elbow.R_z,Shoulder.R_x,Shoulder.R_y,Shoulder.R_z,Shoulder.L_x,Shoulder.L_y,Shoulder.L_z,Elbow.L_x,Elbow.L_y,Elbow.L_z,Wrist.L_x,Wrist.L_y,Wrist.L_z,Neck_x,Neck_y,Neck_z,Head_x,Head_y,Head_z,Nose_x,Nose_y,Nose_z,Eye.L_x,Eye.L_y,Eye.L_z,Eye.R_x,Eye.R_y,Eye.R_z,Ear.L_x,Ear.L_y,Ear.L_z,Ear.R_x,Ear.R_y,Ear.R_z,hip.Center_x,hip.Center_y,hip.Center_z
0,0.11303007,-0.51329464,-0.24049602,-0.08033795,-0.13833803,-0.15534236,-0.030505769,0.28969222,-0.13119456,0.02165665,0.24649863,0.10148513,-0.1741383,-0.11363679,0.046108715,-0.034447238,-0.5166312,-0.021729773,-0.46446946,1.1013353,0.050530523,-0.28054178,0.9403439,-0.02846726,-0.09618351,0.76417404,0.046182808,-0.042217754,0.58591056,0.25776082,-0.12273118,0.32406932,0.23699522,-0.3542237,0.34440184,0.15188022,-0.074738875,0.7206519,0.17583378,-0.07512106,0.91179603,0.25560337,-0.1959126,0.819092,0.29240245,-0.14297652,0.8450966,0.31236136,-0.17652453,0.86885345,0.25989723,-0.04751132,0.81762195,0.2868385,-0.119483806,0.8718723,0.17057157,-0.004424559883773327,0.2680954337120056,-0.014854714274406433
