frame,Ankle.R_x,Ankle.R_y,Ankle.R_z,Knee.R_x,Knee.R_y,Knee.R_z,Hip.R_x,Hip.R_y,Hip.R_z,Hip.L_x,Hip.L_y,Hip.L_z,Knee.L_x,Knee.L_y,Knee.L_z,Ankle.L_x,Ankle.L_y,Ankle.L_z,Wrist.R_x,Wrist.R_y,Wrist.R_z,Elbow.R_x,Elbow.R_y,Elbow.R_z,Shoulder.R_x,Shoulder.R_y,Shoulder.R_z,Shoulder.L_x,Shoulder.L_y,Shoulder.L_z,Elbow.L_x,Elbow.L_y,Elbow.L_z,Wrist.L_x,Wrist.L_y,Wrist.L_z,Neck_x,Neck_y,Neck_z,Head_x,Head_y,Head_z,Nose_x,Nose_y,Nose_z,Eye.L_x,Eye.L_y,Eye.L_z,Eye.R_x,Eye.R_y,Eye.R_z,Ear.L_x,Ear.L_y,Ear.L_z,Ear.R_x,Ear.R_y,Ear.R_z,hip.Center_x,hip.Center_y,hip.Center_z
0,0.1901858,-0.2891361,-0.52773106,0.021509843,-0.17538847,-0.12110379,-0.12854688,0.2593718,-0.05416066,0.112610035,0.26916113,0.022761546,0.04465203,-0.16504516,0.038079873,-0.0039077103,-0.6052099,-0.084046125,-0.09555433,0.21476597,0.053675335,-0.27399617,0.4001262,-0.028193038,-0.21221751,0.6557834,0.10612573,0.08251908,0.7066445,0.1748179,0.34142196,0.6262332,0.06777077,0.3761187,0.36900565,0.11827077,-0.077981025,0.73447895,0.17737582,-0.103653885,0.9372715,0.23832913,-0.18677321,0.82864714,0.31457317,-0.14073838,0.8733988,0.31881583,-0.18528341,0.8731947,0.2683215,-0.041048463,0.8637329,0.2866606,-0.14134467,0.867061,0.17395589,-0.007968422025442123,0.2642664611339569,-0.015699556097388268
