frame,Ankle.R_x,Ankle.R_y,Ankle.R_z,Knee.R_x,Knee.R_y,Knee.R_z,Hip.R_x,Hip.R_y,Hip.R_z,Hip.L_x,Hip.L_y,Hip.L_z,Knee.L_x,Knee.L_y,Knee.L_z,Ankle.L_x,Ankle.L_y,Ankle.L_z,Wrist.R_x,Wrist.R_y,Wrist.R_z,Elbow.R_x,Elbow.R_y,Elbow.R_z,Shoulder.R_x,Shoulder.R_y,Shoulder.R_z,Shoulder.L_x,Shoulder.L_y,Shoulder.L_z,Elbow.L_x,Elbow.L_y,Elbow.L_z,Wrist.L_x,Wrist.L_y,Wrist.L_z,Neck_x,Neck_y,Neck_z,Head_x,Head_y,Head_z,Nose_x,Nose_y,Nose_z,Eye.L_x,Eye.L_y,Eye.L_z,Eye.R_x,Eye.R_y,Eye.R_z,Ear.L_x,Ear.L_y,Ear.L_z,Ear.R_x,Ear.R_y,Ear.R_z,hip.Center_x,hip.Center_y,hip.Center_z
0,0.0942394,-0.45687488,-0.28444955,-0.13470985,-0.1132489,-0.18493563,-0.024328202,0.2944342,-0.13187242,0.020420237,0.25179642,0.10223229,-0.17589353,-0.10787715,0.039511062,-0.08501686,-0.51831776,-0.043196138,-0.4755108,0.9803054,-0.1538462,-0.25376493,0.8728948,-0.2136672,-0.07809079,0.76945215,-0.036734812,-0.029461468,0.67930037,0.22467484,-0.16758537,0.4962442,0.36603537,-0.35385436,0.6042152,0.2501867,-0.06071919,0.76750934,0.10487696,-0.08601788,0.9713739,0.14136738,-0.18571083,0.8726044,0.21279232,-0.13571694,0.9094767,0.21934265,-0.17810443,0.9163293,0.16816586,-0.039983355,0.89062387,0.18704976,-0.13243777,0.9074961,0.07120983,-0.001953982748091221,0.2731153070926666,-0.01482006162405014
