frame,Ankle.R_x,Ankle.R_y,Ankle.R_z,Knee.R_x,Knee.R_y,Knee.R_z,Hip.R_x,Hip.R_y,Hip.R_z,Hip.L_x,Hip.L_y,Hip.L_z,Knee.L_x,Knee.L_y,Knee.L_z,Ankle.L_x,Ankle.L_y,Ankle.L_z,Wrist.R_x,Wrist.R_y,Wrist.R_z,Elbow.R_x,Elbow.R_y,Elbow.R_z,Shoulder.R_x,Shoulder.R_y,Shoulder.R_z,Shoulder.L_x,Shoulder.L_y,Shoulder.L_z,Elbow.L_x,Elbow.L_y,Elbow.L_z,Wrist.L_x,Wrist.L_y,Wrist.L_z,Neck_x,Neck_y,Neck_z,Head_x,Head_y,Head_z,Nose_x,Nose_y,Nose_z,Eye.L_x,Eye.L_y,Eye.L_z,Eye.R_x,Eye.R_y,Eye.R_z,Ear.L_x,Ear.L_y,Ear.L_z,Ear.R_x,Ear.R_y,Ear.R_z,hip.Center_x,hip.Center_y,hip.Center_z
0,0.16018389,-0.43734327,-0.26235816,-0.1313711,-0.15382037,-0.10818036,-0.080615096,0.2851038,-0.11228758,0.07659141,0.25322354,0.07733519,-0.12302916,-0.1173334,0.09861112,-0.052008737,-0.53356975,-0.026627732,-0.68917936,0.64683366,0.06994222,-0.4389213,0.71795833,0.03532191,-0.16577137,0.72231096,0.1061006,0.052762717,0.591099,0.251038,-0.011584868,0.32202175,0.24252178,-0.2551354,0.38337916,0.26287907,-0.05209007,0.7111703,0.2052572,-0.027007386,0.9105633,0.25147063,-0.13154104,0.83296263,0.340562,-0.07544244,0.86150765,0.33911783,-0.12233406,0.873284,0.29280192,0.011982411,0.82375515,0.29698235,-0.09071657,0.853304,0.19431944,-0.0020118430256843567,0.26916366815567017,-0.017476197332143784
