frame,Ankle.R_x,Ankle.R_y,Ankle.R_z,Knee.R_x,Knee.R_y,Knee.R_z,Hip.R_x,Hip.R_y,Hip.R_z,Hip.L_x,Hip.L_y,Hip.L_z,Knee.L_x,Knee.L_y,Knee.L_z,Ankle.L_x,Ankle.L_y,Ankle.L_z,Wrist.R_x,Wrist.R_y,Wrist.R_z,Elbow.R_x,Elbow.R_y,Elbow.R_z,Shoulder.R_x,Shoulder.R_y,Shoulder.R_z,Shoulder.L_x,Shoulder.L_y,Shoulder.L_z,Elbow.L_x,Elbow.L_y,Elbow.L_z,Wrist.L_x,Wrist.L_y,Wrist.L_z,Neck_x,Neck_y,Neck_z,Head_x,Head_y,Head_z,Nose_x,Nose_y,Nose_z,Eye.L_x,Eye.L_y,Eye.L_z,Eye.R_x,Eye.R_y,Eye.R_z,Ear.L_x,Ear.L_y,Ear.L_z,Ear.R_x,Ear.R_y,Ear.R_z,hip.Center_x,hip.Center_y,hip.Center_z
0,0.335752,-0.40652597,0.10113118,0.12017993,-0.12573738,-0.11505015,0.09830314,0.2852508,-0.06552083,-0.112539336,0.2794877,0.02746055,-0.12188346,-0.11864893,-0.09172823,0.010369057,-0.507064,-0.022884311,0.0649213,0.9038359,-0.53073454,0.12794566,0.73835194,-0.35307235,0.18666822,0.73433065,-0.10631369,-0.004587914,0.79686916,0.062338695,-0.2528732,0.74566424,0.06657016,-0.43083462,0.89103305,-0.018657964,0.11243619,0.80512524,-0.032197997,0.19396994,0.99860615,-0.069387265,0.120890774,0.92280364,-0.18628974,0.11876475,0.9710983,-0.14638752,0.1762807,0.939703,-0.15900458,0.09535304,0.9690406,-0.04313198,0.22572361,0.8986539,-0.07377124,-0.007118098437786102,0.2823692560195923,-0.019030138850212097
