frame,Ankle.R_x,Ankle.R_y,Ankle.R_z,Knee.R_x,Knee.R_y,Knee.R_z,Hip.R_x,Hip.R_y,Hip.R_z,Hip.L_x,Hip.L_y,Hip.L_z,Knee.L_x,Knee.L_y,Knee.L_z,Ankle.L_x,Ankle.L_y,Ankle.L_z,Wrist.R_x,Wrist.R_y,Wrist.R_z,Elbow.R_x,Elbow.R_y,Elbow.R_z,Shoulder.R_x,Shoulder.R_y,Shoulder.R_z,Shoulder.L_x,Shoulder.L_y,Shoulder.L_z,Elbow.L_x,Elbow.L_y,Elbow.L_z,Wrist.L_x,Wrist.L_y,Wrist.L_z,Neck_x,Neck_y,Neck_z,Head_x,Head_y,Head_z,Nose_x,Nose_y,Nose_z,Eye.L_x,Eye.L_y,Eye.L_z,Eye.R_x,Eye.R_y,Eye.R_z,Ear.L_x,Ear.L_y,Ear.L_z,Ear.R_x,Ear.R_y,Ear.R_z,hip.Center_x,hip.Center_y,hip.Center_z
0,0.1934162,-0.3736536,-0.44606367,-0.05189925,-0.16426069,-0.13679326,-0.11135256,0.2821145,-0.08185407,0.09961103,0.26619205,0.049431387,-0.032782998,-0.13823624,0.1049944,-0.06661805,-0.577523,0.01804448,-0.41584247,0.29261032,0.06279385,-0.3527532,0.53331816,-0.027970515,-0.16607241,0.7235212,0.0889513,0.12977688,0.6827847,0.13693589,0.23514086,0.45167172,0.0058211833,0.21534297,0.30260664,0.210342,-0.020013588,0.76125616,0.15358447,-0.016945126,0.9675209,0.20326278,-0.12429759,0.8781022,0.27817205,-0.07265007,0.91509885,0.284432,-0.11098351,0.9177482,0.22923377,0.027825788,0.8883649,0.26277828,-0.059892017,0.8979896,0.13999636,-0.0058707669377326965,0.27415329217910767,-0.016211340203881264
