frame,Ankle.R_x,Ankle.R_y,Ankle.R_z,Knee.R_x,Knee.R_y,Knee.R_z,Hip.R_x,Hip.R_y,Hip.R_z,Hip.L_x,Hip.L_y,Hip.L_z,Knee.L_x,Knee.L_y,Knee.L_z,Ankle.L_x,Ankle.L_y,Ankle.L_z,Wrist.R_x,Wrist.R_y,Wrist.R_z,Elbow.R_x,Elbow.R_y,Elbow.R_z,Shoulder.R_x,Shoulder.R_y,Shoulder.R_z,Shoulder.L_x,Shoulder.L_y,Shoulder.L_z,Elbow.L_x,Elbow.L_y,Elbow.L_z,Wrist.L_x,Wrist.L_y,Wrist.L_z,Neck_x,Neck_y,Neck_z,Head_x,Head_y,Head_z,Nose_x,Nose_y,Nose_z,Eye.L_x,Eye.L_y,Eye.L_z,Eye.R_x,Eye.R_y,Eye.R_z,Ear.L_x,Ear.L_y,Ear.L_z,Ear.R_x,Ear.R_y,Ear.R_z,hip.Center_x,hip.Center_y,hip.Center_z
0,0.285875,-0.28535488,-0.50455093,0.040927883,-0.18445131,-0.123409644,-0.12886953,0.2524936,-0.059598036,0.11333687,0.2678747,0.023783665,0.033873588,-0.16615337,0.081582144,-0.025181442,-0.6078005,-0.065992795,-0.17296578,0.19120495,0.10405109,-0.31005663,0.39787138,-0.010988592,-0.21452127,0.654527,0.10930318,0.085596085,0.68341243,0.1771223,0.3181496,0.534875,0.065962285,0.3205666,0.26940742,0.10892713,-0.07707489,0.72543114,0.17901613,-0.113080755,0.92896426,0.24301973,-0.19932531,0.8133559,0.3018843,-0.15701924,0.85970676,0.314563,-0.19398756,0.86024255,0.25844902,-0.053552825,0.8561088,0.29611135,-0.13750714,0.8609446,0.17156681,-0.0077663324773311615,0.2601841390132904,-0.01790718547999859
