frame,Ankle.R_x,Ankle.R_y,Ankle.R_z,Knee.R_x,Knee.R_y,Knee.R_z,Hip.R_x,Hip.R_y,Hip.R_z,Hip.L_x,Hip.L_y,Hip.L_z,Knee.L_x,Knee.L_y,Knee.L_z,Ankle.L_x,Ankle.L_y,Ankle.L_z,Wrist.R_x,Wrist.R_y,Wrist.R_z,Elbow.R_x,Elbow.R_y,Elbow.R_z,Shoulder.R_x,Shoulder.R_y,Shoulder.R_z,Shoulder.L_x,Shoulder.L_y,Shoulder.L_z,Elbow.L_x,Elbow.L_y,Elbow.L_z,Wrist.L_x,Wrist.L_y,Wrist.L_z,Neck_x,Neck_y,Neck_z,Head_x,Head_y,Head_z,Nose_x,Nose_y,Nose_z,Eye.L_x,Eye.L_y,Eye.L_z,Eye.R_x,Eye.R_y,Eye.R_z,Ear.L_x,Ear.L_y,Ear.L_z,Ear.R_x,Ear.R_y,Ear.R_z,hip.Center_x,hip.Center_y,hip.Center_z
0,0.14190319,-0.46756792,-0.2511805,-0.12291459,-0.15159445,-0.11108736,-0.077783324,0.2874667,-0.115113944,0.071488515,0.25524697,0.07940938,-0.11848631,-0.12180765,0.098756514,-0.053951174,-0.5429727,-0.011205487,-0.58916205,0.639303,-0.00031989906,-0.3693279,0.7448984,-0.08864012,-0.11976661,0.75200295,0.04479795,0.077092,0.62357384,0.22693668,0.011198604,0.35346097,0.24292326,-0.21883285,0.44855505,0.21842726,-0.017881263,0.7431919,0.15982483,-0.009885392,0.9497299,0.20371535,-0.114779316,0.8630332,0.2830062,-0.06176453,0.89636236,0.286619,-0.10456051,0.9037969,0.23586287,0.032413967,0.8664949,0.2537926,-0.062029604,0.8866629,0.14096728,-0.0031474046409130096,0.27135682106018066,-0.017852280288934708
