frame,Ankle.R_x,Ankle.R_y,Ankle.R_z,Knee.R_x,Knee.R_y,Knee.R_z,Hip.R_x,Hip.R_y,Hip.R_z,Hip.L_x,Hip.L_y,Hip.L_z,Knee.L_x,Knee.L_y,Knee.L_z,Ankle.L_x,Ankle.L_y,Ankle.L_z,Wrist.R_x,Wrist.R_y,Wrist.R_z,Elbow.R_x,Elbow.R_y,Elbow.R_z,Shoulder.R_x,Shoulder.R_y,Shoulder.R_z,Shoulder.L_x,Shoulder.L_y,Shoulder.L_z,Elbow.L_x,Elbow.L_y,Elbow.L_z,Wrist.L_x,Wrist.L_y,Wrist.L_z,Neck_x,Neck_y,Neck_z,Head_x,Head_y,Head_z,Nose_x,Nose_y,Nose_z,Eye.L_x,Eye.L_y,Eye.L_z,Eye.R_x,Eye.R_y,Eye.R_z,Ear.L_x,Ear.L_y,Ear.L_z,Ear.R_x,Ear.R_y,Ear.R_z,hip.Center_x,hip.Center_y,hip.Center_z
0,0.2911212,-0.40019056,0.15012096,0.05932441,-0.15504944,-0.09245655,0.107013926,0.26260495,-0.056088194,-0.11307978,0.28625935,0.019056581,-0.19735944,-0.09108136,-0.14673272,-0.07694537,-0.4012251,0.10132199,0.31444326,0.70657957,-0.43349284,0.35096586,0.5438721,-0.25213197,0.24171743,0.6768708,-0.058312636,0.034247775,0.79930174,0.016116759,-0.119103596,0.9803593,-0.0850168,-0.06908582,1.1885351,-0.21386892,0.14976493,0.77203196,-0.02216601,0.23541732,0.94855773,-0.0017375933,0.14148483,0.94025147,-0.12796322,0.1481944,0.96294636,-0.070239455,0.20040876,0.9432437,-0.10653763,0.14133142,0.9100851,0.018845841,0.25881767,0.86489725,-0.06170658,-0.003032926470041275,0.27443215250968933,-0.018515806645154953
