frame,Ankle.R_x,Ankle.R_y,Ankle.R_z,Knee.R_x,Knee.R_y,Knee.R_z,Hip.R_x,Hip.R_y,Hip.R_z,Hip.L_x,Hip.L_y,Hip.L_z,Knee.L_x,Knee.L_y,Knee.L_z,Ankle.L_x,Ankle.L_y,Ankle.L_z,Wrist.R_x,Wrist.R_y,Wrist.R_z,Elbow.R_x,Elbow.R_y,Elbow.R_z,Shoulder.R_x,Shoulder.R_y,Shoulder.R_z,Shoulder.L_x,Shoulder.L_y,Shoulder.L_z,Elbow.L_x,Elbow.L_y,Elbow.L_z,Wrist.L_x,Wrist.L_y,Wrist.L_z,Neck_x,Neck_y,Neck_z,Head_x,Head_y,Head_z,Nose_x,Nose_y,Nose_z,Eye.L_x,Eye.L_y,Eye.L_z,Eye.R_x,Eye.R_y,Eye.R_z,Ear.L_x,Ear.L_y,Ear.L_z,Ear.R_x,Ear.R_y,Ear.R_z,hip.Center_x,hip.Center_y,hip.Center_z
0,0.2052654,-0.38719928,-0.46186605,0.011319703,-0.15039307,-0.14174093,-0.12080431,0.2678863,-0.06860478,0.101578474,0.27854177,0.03713628,0.040797316,-0.12977251,0.120110795,0.045591325,-0.57021123,0.08137207,-0.05291464,0.29538357,0.12298219,-0.2752723,0.40294456,0.03376942,-0.21760249,0.6734364,0.0933166,0.06741294,0.73103935,0.14832364,0.33302507,0.6843884,0.064574465,0.43008167,0.46989748,0.16632737,-0.08775772,0.75145185,0.1546854,-0.11706732,0.9465681,0.24028654,-0.19980942,0.82693857,0.29747987,-0.15507971,0.8706611,0.30942005,-0.19766228,0.87704355,0.25792348,-0.053831935,0.8686131,0.27916223,-0.15101,0.8854079,0.16465402,-0.00961291790008545,0.27321404218673706,-0.015734251588582993
