frame,Ankle.R_x,Ankle.R_y,Ankle.R_z,Knee.R_x,Knee.R_y,Knee.R_z,Hip.R_x,Hip.R_y,Hip.R_z,Hip.L_x,Hip.L_y,Hip.L_z,Knee.L_x,Knee.L_y,Knee.L_z,Ankle.L_x,Ankle.L_y,Ankle.L_z,Wrist.R_x,Wrist.R_y,Wrist.R_z,Elbow.R_x,Elbow.R_y,Elbow.R_z,Shoulder.R_x,Shoulder.R_y,Shoulder.R_z,Shoulder.L_x,Shoulder.L_y,Shoulder.L_z,Elbow.L_x,Elbow.L_y,Elbow.L_z,Wrist.L_x,Wrist.L_y,Wrist.L_z,Neck_x,Neck_y,Neck_z,Head_x,Head_y,Head_z,Nose_x,Nose_y,Nose_z,Eye.L_x,Eye.L_y,Eye.L_z,Eye.R_x,Eye.R_y,Eye.R_z,Ear.L_x,Ear.L_y,Ear.L_z,Ear.R_x,Ear.R_y,Ear.R_z,hip.Center_x,hip.Center_y,hip.Center_z
0,0.10638275,-0.56465816,-0.14506786,-0.0004837315,-0.15029867,-0.13140756,-0.003992542,0.27545628,-0.13340288,-0.015801154,0.23825964,0.09941776,-0.11910826,-0.15491252,0.018893,-0.096881,-0.5828302,-0.025980981,0.10473448,1.1835147,-0.08401726,0.052103043,0.9562781,-0.17587692,0.09211364,0.7423726,-0.04163893,0.020726763,0.684459,0.19567263,-0.16478765,0.6111407,0.37294644,-0.3619615,0.73282355,0.46239865,0.05601788,0.75176287,0.07887104,0.1107779,0.9375104,0.09879849,-0.034221895,0.90785366,0.15157089,0.024932146,0.9163842,0.16707967,-0.00040216,0.93805456,0.1095991,0.10223897,0.8521074,0.15213048,0.0499646,0.89820874,0.024212182,-0.009896848350763321,0.2568579614162445,-0.016992561519145966
