frame,Ankle.R_x,Ankle.R_y,Ankle.R_z,Knee.R_x,Knee.R_y,Knee.R_z,Hip.R_x,Hip.R_y,Hip.R_z,Hip.L_x,Hip.L_y,Hip.L_z,Knee.L_x,Knee.L_y,Knee.L_z,Ankle.L_x,Ankle.L_y,Ankle.L_z,Wrist.R_x,Wrist.R_y,Wrist.R_z,Elbow.R_x,Elbow.R_y,Elbow.R_z,Shoulder.R_x,Shoulder.R_y,Shoulder.R_z,Shoulder.L_x,Shoulder.L_y,Shoulder.L_z,Elbow.L_x,Elbow.L_y,Elbow.L_z,Wrist.L_x,Wrist.L_y,Wrist.L_z,Neck_x,Neck_y,Neck_z,Head_x,Head_y,Head_z,Nose_x,Nose_y,Nose_z,Eye.L_x,Eye.L_y,Eye.L_z,Eye.R_x,Eye.R_y,Eye.R_z,Ear.L_x,Ear.L_y,Ear.L_z,Ear.R_x,Ear.R_y,Ear.R_z,hip.Center_x,hip.Center_y,hip.Center_z
0,0.22097687,-0.38552746,-0.41729063,-0.050568275,-0.14053331,-0.17516847,-0.097240224,0.2951645,-0.09479529,0.085220344,0.2588796,0.06638298,-0.06400416,-0.13646324,0.07315496,-0.03867796,-0.5532286,-0.068063825,-0.513573,0.36797583,0.027143313,-0.37938327,0.59101826,-0.004978167,-0.15358685,0.73049605,0.111791715,0.118917435,0.63485885,0.21213487,0.1623187,0.3619284,0.15246633,-0.026620014,0.29673928,0.3044358,-0.017098732,0.74238974,0.19887781,-0.009816729,0.9489183,0.2608415,-0.13346381,0.8610486,0.30496746,-0.08330633,0.89465094,0.32435027,-0.10855046,0.90247893,0.26285714,0.018402006,0.8639432,0.3222806,-0.03999297,0.8859415,0.18520497,-0.006009940057992935,0.2770220637321472,-0.01420615240931511
