frame,Ankle.R_x,Ankle.R_y,Ankle.R_z,Knee.R_x,Knee.R_y,Knee.R_z,Hip.R_x,Hip.R_y,Hip.R_z,Hip.L_x,Hip.L_y,Hip.L_z,Knee.L_x,Knee.L_y,Knee.L_z,Ankle.L_x,Ankle.L_y,Ankle.L_z,Wrist.R_x,Wrist.R_y,Wrist.R_z,Elbow.R_x,Elbow.R_y,Elbow.R_z,Shoulder.R_x,Shoulder.R_y,Shoulder.R_z,Shoulder.L_x,Shoulder.L_y,Shoulder.L_z,Elbow.L_x,Elbow.L_y,Elbow.L_z,Wrist.L_x,Wrist.L_y,Wrist.L_z,Neck_x,Neck_y,Neck_z,Head_x,Head_y,Head_z,Nose_x,Nose_y,Nose_z,Eye.L_x,Eye.L_y,Eye.L_z,Eye.R_x,Eye.R_y,Eye.R_z,Ear.L_x,Ear.L_y,Ear.L_z,Ear.R_x,Ear.R_y,Ear.R_z,hip.Center_x,hip.Center_y,hip.Center_z
0,0.1700694,-0.5208455,0.10509277,0.13517906,-0.124682516,-0.0024705962,0.102705345,0.2902016,0.010852735,-0.109935716,0.25690416,-0.05973631,0.02039885,-0.13287276,-0.083555765,0.088741675,-0.5378601,-0.0340038,-0.1222794,0.8875945,-0.40521684,0.039898407,0.75657535,-0.27402586,0.06861499,0.7791894,-0.034408215,-0.16011313,0.7396504,-0.00043610204,-0.21349613,0.5051212,-0.03577651,-0.3922753,0.5253343,-0.18291952,-0.03669774,0.80760735,-0.020726591,-0.03196621,1.0164099,-0.016329661,-0.023108479,0.94483715,-0.15586515,-0.05880015,0.9779171,-0.11686483,0.0076423083,0.9765563,-0.1107831,-0.10542229,0.94539297,-0.029794361,0.041479327,0.94292736,-0.016895585,-0.0036151856184005737,0.27355289459228516,-0.024441787973046303
