frame,Ankle.R_x,Ankle.R_y,Ankle.R_z,Knee.R_x,Knee.R_y,Knee.R_z,Hip.R_x,Hip.R_y,Hip.R_z,Hip.L_x,Hip.L_y,Hip.L_z,Knee.L_x,Knee.L_y,Knee.L_z,Ankle.L_x,Ankle.L_y,Ankle.L_z,Wrist.R_x,Wrist.R_y,Wrist.R_z,Elbow.R_x,Elbow.R_y,Elbow.R_z,Shoulder.R_x,Shoulder.R_y,Shoulder.R_z,Shoulder.L_x,Shoulder.L_y,Shoulder.L_z,Elbow.L_x,Elbow.L_y,Elbow.L_z,Wrist.L_x,Wrist.L_y,Wrist.L_z,Neck_x,Neck_y,Neck_z,Head_x,Head_y,Head_z,Nose_x,Nose_y,Nose_z,Eye.L_x,Eye.L_y,Eye.L_z,Eye.R_x,Eye.R_y,Eye.R_z,Ear.L_x,Ear.L_y,Ear.L_z,Ear.R_x,Ear.R_y,Ear.R_z,hip.Center_x,hip.Center_y,hip.Center_z
0,0.15972418,-0.5421631,-0.14679527,0.040169016,-0.12843014,-0.13828921,0.01888011,0.30149847,-0.12852725,-0.036368866,0.24794388,0.09662165,-0.11430116,-0.14921702,-0.011786876,-0.051236205,-0.57718337,-0.066754855,-0.09238716,0.639787,-0.4061278,0.061518658,0.5446382,-0.23651719,0.08471031,0.73701584,-0.054317262,-0.095408306,0.6860161,0.17139119,-0.18327302,0.45587128,0.058493055,-0.40385354,0.45625773,-0.05582872,-0.010749466,0.7826523,0.07410009,-0.00084590894,0.998241,0.11101541,-0.1383319,0.92258,0.13127103,-0.087030195,0.9465041,0.1587395,-0.10716126,0.9650326,0.0975119,0.00808939,0.90797424,0.15906864,-0.031569846,0.9479639,0.021081112,-0.00874437764286995,0.2747211754322052,-0.015952803194522858
