frame,Ankle.R_x,Ankle.R_y,Ankle.R_z,Knee.R_x,Knee.R_y,Knee.R_z,Hip.R_x,Hip.R_y,Hip.R_z,Hip.L_x,Hip.L_y,Hip.L_z,Knee.L_x,Knee.L_y,Knee.L_z,Ankle.L_x,Ankle.L_y,Ankle.L_z,Wrist.R_x,Wrist.R_y,Wrist.R_z,Elbow.R_x,Elbow.R_y,Elbow.R_z,Shoulder.R_x,Shoulder.R_y,Shoulder.R_z,Shoulder.L_x,Shoulder.L_y,Shoulder.L_z,Elbow.L_x,Elbow.L_y,Elbow.L_z,Wrist.L_x,Wrist.L_y,Wrist.L_z,Neck_x,Neck_y,Neck_z,Head_x,Head_y,Head_z,Nose_x,Nose_y,Nose_z,Eye.L_x,Eye.L_y,Eye.L_z,Eye.R_x,Eye.R_y,Eye.R_z,Ear.L_x,Ear.L_y,Ear.L_z,Ear.R_x,Ear.R_y,Ear.R_z,hip.Center_x,hip.Center_y,hip.Center_z
0,0.2373759,-0.5145849,0.033491284,0.09496584,-0.13815308,-0.09595247,0.087341815,0.28103995,-0.08554,-0.105165906,0.26741153,0.039783936,-0.093166515,-0.13952678,-0.0473704,-0.03583987,-0.5578488,-0.048130736,-0.29002526,0.8946303,-0.29817846,-0.077556685,0.762678,-0.2478156,0.12450212,0.75002414,-0.09578795,-0.0020096712,0.74267066,0.1378958,-0.18612602,0.5659789,0.14255206,-0.39760897,0.68049026,0.120161265,0.08048439,0.7973035,0.0171414,0.13522318,1.0057938,0.0021241463,0.032216456,0.94026136,-0.095686264,0.040684804,0.9804162,-0.04822982,0.09173907,0.96090436,-0.08629693,0.05743075,0.9574156,0.05224207,0.17127363,0.9156014,-0.033528425,-0.008912045508623123,0.27422574162483215,-0.022878030315041542
