frame,Ankle.R_x,Ankle.R_y,Ankle.R_z,Knee.R_x,Knee.R_y,Knee.R_z,Hip.R_x,Hip.R_y,Hip.R_z,Hip.L_x,Hip.L_y,Hip.L_z,Knee.L_x,Knee.L_y,Knee.L_z,Ankle.L_x,Ankle.L_y,Ankle.L_z,Wrist.R_x,Wrist.R_y,Wrist.R_z,Elbow.R_x,Elbow.R_y,Elbow.R_z,Shoulder.R_x,Shoulder.R_y,Shoulder.R_z,Shoulder.L_x,Shoulder.L_y,Shoulder.L_z,Elbow.L_x,Elbow.L_y,Elbow.L_z,Wrist.L_x,Wrist.L_y,Wrist.L_z,Neck_x,Neck_y,Neck_z,Head_x,Head_y,Head_z,Nose_x,Nose_y,Nose_z,Eye.L_x,Eye.L_y,Eye.L_z,Eye.R_x,Eye.R_y,Eye.R_z,Ear.L_x,Ear.L_y,Ear.L_z,Ear.R_x,Ear.R_y,Ear.R_z,hip.Center_x,hip.Center_y,hip.Center_z
0,0.41609395,-0.26998922,0.077713154,0.11533338,-0.13018847,-0.16483718,0.10133737,0.2697628,-0.06761212,-0.10879807,0.27924675,0.036210842,-0.22768798,-0.07762476,-0.14527795,-0.024020666,-0.3478133,0.08703684,0.301357,0.7171376,-0.45304778,0.31940106,0.5532633,-0.2671063,0.24823116,0.6550587,-0.03836094,0.06677633,0.7930937,0.073914506,0.0077268304,1.0260861,-0.002759628,0.0947779,1.2130889,-0.15038808,0.17010395,0.75590664,0.021314926,0.2692853,0.9254111,0.06079277,0.1823038,0.9324367,-0.06937763,0.18815742,0.9518367,-0.010528557,0.24013984,0.9288033,-0.04481604,0.17021109,0.8950869,0.07470056,0.28852803,0.84340787,-0.0014851317,-0.0037303492426872253,0.27450478076934814,-0.01570063829421997
