frame,Ankle.R_x,Ankle.R_y,Ankle.R_z,Knee.R_x,Knee.R_y,Knee.R_z,Hip.R_x,Hip.R_y,Hip.R_z,Hip.L_x,Hip.L_y,Hip.L_z,Knee.L_x,Knee.L_y,Knee.L_z,Ankle.L_x,Ankle.L_y,Ankle.L_z,Wrist.R_x,Wrist.R_y,Wrist.R_z,Elbow.R_x,Elbow.R_y,Elbow.R_z,Shoulder.R_x,Shoulder.R_y,Shoulder.R_z,Shoulder.L_x,Shoulder.L_y,Shoulder.L_z,Elbow.L_x,Elbow.L_y,Elbow.L_z,Wrist.L_x,Wrist.L_y,Wrist.L_z,Neck_x,Neck_y,Neck_z,Head_x,Head_y,Head_z,Nose_x,Nose_y,Nose_z,Eye.L_x,Eye.L_y,Eye.L_z,Eye.R_x,Eye.R_y,Eye.R_z,Ear.L_x,Ear.L_y,Ear.L_z,Ear.R_x,Ear.R_y,Ear.R_z,hip.Center_x,hip.Center_y,hip.Center_z
0,0.28099298,-0.3984999,0.23975283,0.08376973,-0.16519202,-0.05069622,0.10911636,0.2583178,-0.050039604,-0.11367288,0.27673972,0.012392752,-0.22433716,-0.08078989,-0.17204925,-0.16013107,-0.41103417,0.08143364,0.25494787,0.92997295,-0.33754492,0.3259493,0.71272933,-0.2331343,0.20679092,0.7007107,-0.006072364,-0.0034848657,0.7795714,0.048224743,-0.121720344,0.9605255,-0.09078474,-0.042582612,1.1667734,-0.21375053,0.10900657,0.76865846,0.024392737,0.16045201,0.9516858,0.05990476,0.100335285,0.9324831,-0.08408578,0.09062951,0.95578897,-0.02761072,0.15177055,0.94256437,-0.04983595,0.070480585,0.90247005,0.058837168,0.20604971,0.8726016,0.009717062,-0.002278260886669159,0.267528772354126,-0.018823426216840744
