frame,Ankle.R_x,Ankle.R_y,Ankle.R_z,Knee.R_x,Knee.R_y,Knee.R_z,Hip.R_x,Hip.R_y,Hip.R_z,Hip.L_x,Hip.L_y,Hip.L_z,Knee.L_x,Knee.L_y,Knee.L_z,Ankle.L_x,Ankle.L_y,Ankle.L_z,Wrist.R_x,Wrist.R_y,Wrist.R_z,Elbow.R_x,Elbow.R_y,Elbow.R_z,Shoulder.R_x,Shoulder.R_y,Shoulder.R_z,Shoulder.L_x,Shoulder.L_y,Shoulder.L_z,Elbow.L_x,Elbow.L_y,Elbow.L_z,Wrist.L_x,Wrist.L_y,Wrist.L_z,Neck_x,Neck_y,Neck_z,Head_x,Head_y,Head_z,Nose_x,Nose_y,Nose_z,Eye.L_x,Eye.L_y,Eye.L_z,Eye.R_x,Eye.R_y,Eye.R_z,Ear.L_x,Ear.L_y,Ear.L_z,Ear.R_x,Ear.R_y,Ear.R_z,hip.Center_x,hip.Center_y,hip.Center_z
0,0.01168798,-0.41116726,-0.39573044,-0.08497048,-0.14881516,-0.08123158,-0.10398626,0.2694082,-0.0686429,0.09190537,0.24962263,0.04727194,-0.09645761,-0.07503416,0.23693542,0.0043717893,-0.45690304,0.09492122,-0.10892556,1.0653831,-0.14177285,-0.16982195,0.83757496,-0.22112808,0.030508142,0.69078,-0.24132848,0.16877972,0.72714734,-0.08135417,0.08628435,0.8845053,0.09773628,-0.056126095,1.0837508,0.0650216,0.10166639,0.7322954,-0.17058672,0.119841956,0.91431093,-0.22808784,0.016807329,0.8957777,-0.11098793,0.0719856,0.9176027,-0.12643139,0.025095299,0.9068843,-0.17168419,0.15545046,0.86184144,-0.14842522,0.053177297,0.8396551,-0.24757841,-0.00604044646024704,0.2595154047012329,-0.010685479268431664
