frame,Ankle.R_x,Ankle.R_y,Ankle.R_z,Knee.R_x,Knee.R_y,Knee.R_z,Hip.R_x,Hip.R_y,Hip.R_z,Hip.L_x,Hip.L_y,Hip.L_z,Knee.L_x,Knee.L_y,Knee.L_z,Ankle.L_x,Ankle.L_y,Ankle.L_z,Wrist.R_x,Wrist.R_y,Wrist.R_z,Elbow.R_x,Elbow.R_y,Elbow.R_z,Shoulder.R_x,Shoulder.R_y,Shoulder.R_z,Shoulder.L_x,Shoulder.L_y,Shoulder.L_z,Elbow.L_x,Elbow.L_y,Elbow.L_z,Wrist.L_x,Wrist.L_y,Wrist.L_z,Neck_x,Neck_y,Neck_z,Head_x,Head_y,Head_z,Nose_x,Nose_y,Nose_z,Eye.L_x,Eye.L_y,Eye.L_z,Eye.R_x,Eye.R_y,Eye.R_z,Ear.L_x,Ear.L_y,Ear.L_z,Ear.R_x,Ear.R_y,Ear.R_z,hip.Center_x,hip.Center_y,hip.Center_z
0,0.27386156,-0.50332654,0.037674915,0.102373436,-0.1411303,-0.1099102,0.08686946,0.2786488,-0.0886037,-0.10457603,0.26642868,0.04314004,-0.09450042,-0.14706828,-0.02973345,-0.021014072,-0.5674213,-0.011834493,-0.30666587,0.825173,-0.26368812,-0.07715252,0.7117667,-0.2307144,0.14256424,0.72659004,-0.100465514,0.010013615,0.74609065,0.13133183,-0.20326969,0.6039267,0.1037845,-0.377898,0.7315776,-0.015757386,0.103550285,0.78588414,0.012532322,0.17516793,0.98876417,-0.01001799,0.07035258,0.92573977,-0.1074405,0.08022164,0.9679169,-0.062163122,0.13077432,0.9424036,-0.09726914,0.09195819,0.9493747,0.040143356,0.20461789,0.89429426,-0.039242588,-0.008853282779455185,0.2725387215614319,-0.022731829434633255
