frame,Ankle.R_x,Ankle.R_y,Ankle.R_z,Knee.R_x,Knee.R_y,Knee.R_z,Hip.R_x,Hip.R_y,Hip.R_z,Hip.L_x,Hip.L_y,Hip.L_z,Knee.L_x,Knee.L_y,Knee.L_z,Ankle.L_x,Ankle.L_y,Ankle.L_z,Wrist.R_x,Wrist.R_y,Wrist.R_z,Elbow.R_x,Elbow.R_y,Elbow.R_z,Shoulder.R_x,Shoulder.R_y,Shoulder.R_z,Shoulder.L_x,Shoulder.L_y,Shoulder.L_z,Elbow.L_x,Elbow.L_y,Elbow.L_z,Wrist.L_x,Wrist.L_y,Wrist.L_z,Neck_x,Neck_y,Neck_z,Head_x,Head_y,Head_z,Nose_x,Nose_y,Nose_z,Eye.L_x,Eye.L_y,Eye.L_z,Eye.R_x,Eye.R_y,Eye.R_z,Ear.L_x,Ear.L_y,Ear.L_z,Ear.R_x,Ear.R_y,Ear.R_z,hip.Center_x,hip.Center_y,hip.Center_z
0,0.2695169,-0.41683584,0.15973608,0.058372658,-0.15466075,-0.08998191,0.11019697,0.2671411,-0.049171682,-0.11615852,0.28334895,0.012140679,-0.1708595,-0.09683285,-0.16416839,-0.079165995,-0.4443084,0.05423893,0.37045088,0.7184469,-0.43052375,0.3589561,0.5626824,-0.23546416,0.22975273,0.68377304,-0.04069395,0.0071012042,0.8007052,0.020159546,-0.16851893,0.9787815,-0.055319987,-0.17510177,1.210842,-0.1556366,0.12873729,0.7784071,-0.014017705,0.20373662,0.96832275,-0.015253012,0.095339715,0.93988895,-0.12539025,0.10713711,0.9669442,-0.07024439,0.15578648,0.9512196,-0.11300151,0.12007017,0.92053187,0.02116523,0.2299632,0.8832375,-0.073225036,-0.0029807761311531067,0.2752450108528137,-0.01851550117135048
