frame,Ankle.R_x,Ankle.R_y,Ankle.R_z,Knee.R_x,Knee.R_y,Knee.R_z,Hip.R_x,Hip.R_y,Hip.R_z,Hip.L_x,Hip.L_y,Hip.L_z,Knee.L_x,Knee.L_y,Knee.L_z,Ankle.L_x,Ankle.L_y,Ankle.L_z,Wrist.R_x,Wrist.R_y,Wrist.R_z,Elbow.R_x,Elbow.R_y,Elbow.R_z,Shoulder.R_x,Shoulder.R_y,Shoulder.R_z,Shoulder.L_x,Shoulder.L_y,Shoulder.L_z,Elbow.L_x,Elbow.L_y,Elbow.L_z,Wrist.L_x,Wrist.L_y,Wrist.L_z,Neck_x,Neck_y,Neck_z,Head_x,Head_y,Head_z,Nose_x,Nose_y,Nose_z,Eye.L_x,Eye.L_y,Eye.L_z,Eye.R_x,Eye.R_y,Eye.R_z,Ear.L_x,Ear.L_y,Ear.L_z,Ear.R_x,Ear.R_y,Ear.R_z,hip.Center_x,hip.Center_y,hip.Center_z
0,0.22000153,-0.35253665,-0.474674,0.008839587,-0.15719874,-0.14257732,-0.11737332,0.26044258,-0.07538265,0.098287076,0.27482957,0.04430484,0.0054834313,-0.12959936,0.118532546,0.005068519,-0.5655524,0.059010565,-0.058117136,0.30963594,0.1323865,-0.2969248,0.39481595,0.07541579,-0.22987045,0.66761184,0.07283465,0.042936757,0.74588,0.10536972,0.31053668,0.7545849,0.027994849,0.4337756,0.63844025,0.2142411,-0.10960974,0.7520625,0.11598352,-0.1584821,0.9469792,0.17912951,-0.25243837,0.827686,0.21535525,-0.21607846,0.87366927,0.23807037,-0.2389286,0.8750671,0.17531024,-0.110104606,0.8743249,0.2423448,-0.16499223,0.88022506,0.10288032,-0.009543120861053467,0.2676360607147217,-0.015538904815912247
