frame,Ankle.R_x,Ankle.R_y,Ankle.R_z,Knee.R_x,Knee.R_y,Knee.R_z,Hip.R_x,Hip.R_y,Hip.R_z,Hip.L_x,Hip.L_y,Hip.L_z,Knee.L_x,Knee.L_y,Knee.L_z,Ankle.L_x,Ankle.L_y,Ankle.L_z,Wrist.R_x,Wrist.R_y,Wrist.R_z,Elbow.R_x,Elbow.R_y,Elbow.R_z,Shoulder.R_x,Shoulder.R_y,Shoulder.R_z,Shoulder.L_x,Shoulder.L_y,Shoulder.L_z,Elbow.L_x,Elbow.L_y,Elbow.L_z,Wrist.L_x,Wrist.L_y,Wrist.L_z,Neck_x,Neck_y,Neck_z,Head_x,Head_y,Head_z,Nose_x,Nose_y,Nose_z,Eye.L_x,Eye.L_y,Eye.L_z,Eye.R_x,Eye.R_y,Eye.R_z,Ear.L_x,Ear.L_y,Ear.L_z,Ear.R_x,Ear.R_y,Ear.R_z,hip.Center_x,hip.Center_y,hip.Center_z
0,0.25829273,-0.3929516,0.24218926,0.067096926,-0.16206591,-0.044561937,0.110303134,0.25850993,-0.042185903,-0.11711235,0.27673212,0.0017423008,-0.15793005,-0.10951544,-0.15919062,-0.07714917,-0.3908842,0.13291362,0.32735497,0.7924778,-0.4461529,0.35280472,0.64700663,-0.2450091,0.21009853,0.69589543,-0.036535442,-0.005782053,0.7856914,0.0016051806,-0.12234649,0.9600679,-0.14309503,-0.050869886,1.1634903,-0.27060628,0.109958634,0.77170956,-0.014357363,0.16324902,0.9518608,0.026476715,0.11273557,0.9364575,-0.12130275,0.099715844,0.9590486,-0.06525131,0.16180566,0.94506776,-0.08381827,0.0726283,0.90454435,0.018368796,0.21038094,0.87313265,-0.022415668,-0.0034046098589897156,0.2676210403442383,-0.020221801474690437
