frame,Ankle.R_x,Ankle.R_y,Ankle.R_z,Knee.R_x,Knee.R_y,Knee.R_z,Hip.R_x,Hip.R_y,Hip.R_z,Hip.L_x,Hip.L_y,Hip.L_z,Knee.L_x,Knee.L_y,Knee.L_z,Ankle.L_x,Ankle.L_y,Ankle.L_z,Wrist.R_x,Wrist.R_y,Wrist.R_z,Elbow.R_x,Elbow.R_y,Elbow.R_z,Shoulder.R_x,Shoulder.R_y,Shoulder.R_z,Shoulder.L_x,Shoulder.L_y,Shoulder.L_z,Elbow.L_x,Elbow.L_y,Elbow.L_z,Wrist.L_x,Wrist.L_y,Wrist.L_z,Neck_x,Neck_y,Neck_z,Head_x,Head_y,Head_z,Nose_x,Nose_y,Nose_z,Eye.L_x,Eye.L_y,Eye.L_z,Eye.R_x,Eye.R_y,Eye.R_z,Ear.L_x,Ear.L_y,Ear.L_z,Ear.R_x,Ear.R_y,Ear.R_z,hip.Center_x,hip.Center_y,hip.Center_z
0,0.14688581,-0.45033133,-0.23488393,-0.14128004,-0.15367217,-0.09992866,-0.07265126,0.2830592,-0.11802979,0.06885582,0.2520179,0.08245166,-0.13209285,-0.11961936,0.10155681,-0.0604724,-0.5415092,-0.007426448,-0.65974045,0.73243487,0.01318792,-0.40485913,0.75920177,-0.039215952,-0.14360741,0.73545325,0.061456002,0.044890195,0.6005366,0.23873505,-0.022570563,0.3314423,0.23381549,-0.26416066,0.39935064,0.22714001,-0.04811607,0.7219965,0.17515275,-0.038398404,0.92418617,0.22477122,-0.14943016,0.83929646,0.29668492,-0.095617086,0.8706187,0.30368462,-0.13599975,0.881069,0.2515391,-0.0016071796,0.8389387,0.2735703,-0.089953795,0.86512405,0.15846995,-0.001897718757390976,0.26753854751586914,-0.017789065837860107
