frame,Ankle.R_x,Ankle.R_y,Ankle.R_z,Knee.R_x,Knee.R_y,Knee.R_z,Hip.R_x,Hip.R_y,Hip.R_z,Hip.L_x,Hip.L_y,Hip.L_z,Knee.L_x,Knee.L_y,Knee.L_z,Ankle.L_x,Ankle.L_y,Ankle.L_z,Wrist.R_x,Wrist.R_y,Wrist.R_z,Elbow.R_x,Elbow.R_y,Elbow.R_z,Shoulder.R_x,Shoulder.R_y,Shoulder.R_z,Shoulder.L_x,Shoulder.L_y,Shoulder.L_z,Elbow.L_x,Elbow.L_y,Elbow.L_z,Wrist.L_x,Wrist.L_y,Wrist.L_z,Neck_x,Neck_y,Neck_z,Head_x,Head_y,Head_z,Nose_x,Nose_y,Nose_z,Eye.L_x,Eye.L_y,Eye.L_z,Eye.R_x,Eye.R_y,Eye.R_z,Ear.L_x,Ear.L_y,Ear.L_z,Ear.R_x,Ear.R_y,Ear.R_z,hip.Center_x,hip.Center_y,hip.Center_z
0,0.14308183,-0.44334072,-0.2431912,-0.14903189,-0.14215203,-0.13214713,-0.054017477,0.2879099,-0.1277069,0.049777586,0.2504109,0.09417214,-0.14787892,-0.12407911,0.08009037,-0.045184128,-0.53785086,-0.031882305,-0.59570014,0.8554684,-0.06069544,-0.33842117,0.84083986,-0.105945766,-0.10567881,0.75708723,0.024481673,0.028964771,0.6099295,0.23936394,-0.046269562,0.33889523,0.25673068,-0.28391135,0.40616167,0.21236244,-0.03844798,0.736441,0.15555458,-0.034024883,0.942032,0.21105903,-0.1401732,0.84988934,0.2822323,-0.08663136,0.881778,0.28870836,-0.13009219,0.8951748,0.23968491,0.005627539,0.8546895,0.25129196,-0.08835185,0.8867029,0.1421263,-0.0021199453622102737,0.2691603899002075,-0.016767378896474838
