frame,Ankle.R_x,Ankle.R_y,Ankle.R_z,Knee.R_x,Knee.R_y,Knee.R_z,Hip.R_x,Hip.R_y,Hip.R_z,Hip.L_x,Hip.L_y,Hip.L_z,Knee.L_x,Knee.L_y,Knee.L_z,Ankle.L_x,Ankle.L_y,Ankle.L_z,Wrist.R_x,Wrist.R_y,Wrist.R_z,Elbow.R_x,Elbow.R_y,Elbow.R_z,Shoulder.R_x,Shoulder.R_y,Shoulder.R_z,Shoulder.L_x,Shoulder.L_y,Shoulder.L_z,Elbow.L_x,Elbow.L_y,Elbow.L_z,Wrist.L_x,Wrist.L_y,Wrist.L_z,Neck_x,Neck_y,Neck_z,Head_x,Head_y,Head_z,Nose_x,Nose_y,Nose_z,Eye.L_x,Eye.L_y,Eye.L_z,Eye.R_x,Eye.R_y,Eye.R_z,Ear.L_x,Ear.L_y,Ear.L_z,Ear.R_x,Ear.R_y,Ear.R_z,hip.Center_x,hip.Center_y,hip.Center_z
0,0.29931974,-0.37974393,0.21607444,0.07587707,-0.16306533,-0.06410064,0.10807637,0.25855055,-0.05308556,-0.1142118,0.28267992,0.015345728,-0.20320207,-0.0804314,-0.17821267,-0.1183593,-0.38538635,0.09231082,0.19905315,0.8630986,-0.42773876,0.28334445,0.66680276,-0.29486096,0.22982752,0.6875056,-0.04393278,0.03698377,0.7902081,0.04158937,-0.08328255,0.9837745,-0.07583377,0.003295458,1.1660374,-0.22738785,0.14527065,0.7679452,0.0032778354,0.22259156,0.94210273,0.04264374,0.14459051,0.94016063,-0.09431778,0.14408843,0.96030504,-0.035306863,0.20044462,0.9420713,-0.06574928,0.12727825,0.9029571,0.049732126,0.25278464,0.8619748,-0.017698258,-0.0030677132308483124,0.27061522006988525,-0.01886991783976555
