frame,Ankle.R_x,Ankle.R_y,Ankle.R_z,Knee.R_x,Knee.R_y,Knee.R_z,Hip.R_x,Hip.R_y,Hip.R_z,Hip.L_x,Hip.L_y,Hip.L_z,Knee.L_x,Knee.L_y,Knee.L_z,Ankle.L_x,Ankle.L_y,Ankle.L_z,Wrist.R_x,Wrist.R_y,Wrist.R_z,Elbow.R_x,Elbow.R_y,Elbow.R_z,Shoulder.R_x,Shoulder.R_y,Shoulder.R_z,Shoulder.L_x,Shoulder.L_y,Shoulder.L_z,Elbow.L_x,Elbow.L_y,Elbow.L_z,Wrist.L_x,Wrist.L_y,Wrist.L_z,Neck_x,Neck_y,Neck_z,Head_x,Head_y,Head_z,Nose_x,Nose_y,Nose_z,Eye.L_x,Eye.L_y,Eye.L_z,Eye.R_x,Eye.R_y,Eye.R_z,Ear.L_x,Ear.L_y,Ear.L_z,Ear.R_x,Ear.R_y,Ear.R_z,hip.Center_x,hip.Center_y,hip.Center_z
0,0.41167864,-0.26054776,0.09736226,0.11822146,-0.13200878,-0.15971375,0.10309842,0.26889706,-0.06514912,-0.11011752,0.28080013,0.033458546,-0.2248158,-0.080422625,-0.14308381,-0.032094706,-0.35169306,0.099076,0.29691082,0.6920518,-0.46625826,0.3272056,0.54322743,-0.26861903,0.24834135,0.65420896,-0.045138743,0.0655225,0.7958473,0.061023194,0.015190197,1.0306048,-0.017829824,0.1012038,1.2165562,-0.16881773,0.16940087,0.7570524,0.0117511125,0.27153438,0.9209874,0.05684975,0.18479282,0.9371534,-0.07304504,0.19097924,0.9532058,-0.013135649,0.24251682,0.9309485,-0.048778825,0.17170684,0.8922246,0.06887285,0.28903157,0.84199166,-0.010035887,-0.0035095475614070892,0.2748485803604126,-0.01584528759121895
