frame,Ankle.R_x,Ankle.R_y,Ankle.R_z,Knee.R_x,Knee.R_y,Knee.R_z,Hip.R_x,Hip.R_y,Hip.R_z,Hip.L_x,Hip.L_y,Hip.L_z,Knee.L_x,Knee.L_y,Knee.L_z,Ankle.L_x,Ankle.L_y,Ankle.L_z,Wrist.R_x,Wrist.R_y,Wrist.R_z,Elbow.R_x,Elbow.R_y,Elbow.R_z,Shoulder.R_x,Shoulder.R_y,Shoulder.R_z,Shoulder.L_x,Shoulder.L_y,Shoulder.L_z,Elbow.L_x,Elbow.L_y,Elbow.L_z,Wrist.L_x,Wrist.L_y,Wrist.L_z,Neck_x,Neck_y,Neck_z,Head_x,Head_y,Head_z,Nose_x,Nose_y,Nose_z,Eye.L_x,Eye.L_y,Eye.L_z,Eye.R_x,Eye.R_y,Eye.R_z,Ear.L_x,Ear.L_y,Ear.L_z,Ear.R_x,Ear.R_y,Ear.R_z,hip.Center_x,hip.Center_y,hip.Center_z
0,0.2786943,-0.40075284,0.21351148,0.073479146,-0.16488425,-0.06718003,0.108220324,0.25653613,-0.054399677,-0.11142205,0.2823495,0.017830502,-0.2413966,-0.0668387,-0.16756153,-0.18331592,-0.40386757,0.07653366,0.2511938,0.9008351,-0.36250094,0.32800084,0.68604267,-0.25825778,0.22551034,0.6917639,-0.022298945,0.022671293,0.7837282,0.049833134,-0.096222565,0.97660065,-0.071983725,-0.023973592,1.1773508,-0.20794378,0.13308959,0.76658857,0.016958142,0.19841038,0.9465945,0.051804356,0.124962136,0.93443424,-0.08678888,0.12152166,0.9567318,-0.029042862,0.17969687,0.94075704,-0.05692657,0.10575692,0.90229106,0.05778639,0.23520735,0.8661928,-0.0038886964,-0.0016008615493774414,0.2694427967071533,-0.018284587189555168
