frame,Ankle.R_x,Ankle.R_y,Ankle.R_z,Knee.R_x,Knee.R_y,Knee.R_z,Hip.R_x,Hip.R_y,Hip.R_z,Hip.L_x,Hip.L_y,Hip.L_z,Knee.L_x,Knee.L_y,Knee.L_z,Ankle.L_x,Ankle.L_y,Ankle.L_z,Wrist.R_x,Wrist.R_y,Wrist.R_z,Elbow.R_x,Elbow.R_y,Elbow.R_z,Shoulder.R_x,Shoulder.R_y,Shoulder.R_z,Shoulder.L_x,Shoulder.L_y,Shoulder.L_z,Elbow.L_x,Elbow.L_y,Elbow.L_z,Wrist.L_x,Wrist.L_y,Wrist.L_z,Neck_x,Neck_y,Neck_z,Head_x,Head_y,Head_z,Nose_x,Nose_y,Nose_z,Eye.L_x,Eye.L_y,Eye.L_z,Eye.R_x,Eye.R_y,Eye.R_z,Ear.L_x,Ear.L_y,Ear.L_z,Ear.R_x,Ear.R_y,Ear.R_z,hip.Center_x,hip.Center_y,hip.Center_z
0,0.29493362,-0.39798716,0.10060945,0.062352773,-0.14323746,-0.1318605,0.10884704,0.26999986,-0.052436814,-0.11527204,0.28684738,0.01770943,-0.18251306,-0.0995467,-0.14470643,-0.037628416,-0.377845,0.12827976,0.3699933,0.7169229,-0.43124485,0.37354738,0.55882245,-0.23839943,0.24360958,0.68017745,-0.04451041,0.024076425,0.807967,0.020905407,-0.1357696,0.99409944,-0.066372685,-0.13054919,1.2154866,-0.1889047,0.14578705,0.7794168,-0.014801745,0.23628108,0.96183056,-0.010904286,0.121226676,0.9490137,-0.117524646,0.13759665,0.97169304,-0.061461173,0.18299001,0.95470786,-0.10722002,0.14968303,0.9183144,0.026423074,0.25310165,0.87821734,-0.07503531,-0.003212500363588333,0.27842360734939575,-0.017363691702485085
