frame,Ankle.R_x,Ankle.R_y,Ankle.R_z,Knee.R_x,Knee.R_y,Knee.R_z,Hip.R_x,Hip.R_y,Hip.R_z,Hip.L_x,Hip.L_y,Hip.L_z,Knee.L_x,Knee.L_y,Knee.L_z,Ankle.L_x,Ankle.L_y,Ankle.L_z,Wrist.R_x,Wrist.R_y,Wrist.R_z,Elbow.R_x,Elbow.R_y,Elbow.R_z,Shoulder.R_x,Shoulder.R_y,Shoulder.R_z,Shoulder.L_x,Shoulder.L_y,Shoulder.L_z,Elbow.L_x,Elbow.L_y,Elbow.L_z,Wrist.L_x,Wrist.L_y,Wrist.L_z,Neck_x,Neck_y,Neck_z,Head_x,Head_y,Head_z,Nose_x,Nose_y,Nose_z,Eye.L_x,Eye.L_y,Eye.L_z,Eye.R_x,Eye.R_y,Eye.R_z,Ear.L_x,Ear.L_y,Ear.L_z,Ear.R_x,Ear.R_y,Ear.R_z,hip.Center_x,hip.Center_y,hip.Center_z
0,0.31606743,-0.4556077,-0.0691715,0.018960938,-0.15201834,-0.08411941,-0.008896207,0.27506807,-0.13313869,-0.007920794,0.24008618,0.09945732,-0.20559375,-0.11883362,0.039085787,-0.095466286,-0.530687,0.0059405337,0.14628257,0.9934159,-0.37248024,0.17708227,0.7714883,-0.26643914,0.14100905,0.72392935,-0.012273231,0.01401849,0.69702935,0.19788025,-0.22753814,0.7464074,0.2885569,-0.34408277,0.9655455,0.3174981,0.078505136,0.7457453,0.09910142,0.10941628,0.94110495,0.11291732,-0.041709717,0.8982258,0.11214368,0.004554448,0.91960824,0.14632589,0.003586399,0.9257901,0.08056994,0.08653322,0.86720467,0.17671776,0.08729908,0.879935,0.033750724,-0.00840850081294775,0.257577121257782,-0.016840681433677673
