frame,Ankle.R_x,Ankle.R_y,Ankle.R_z,Knee.R_x,Knee.R_y,Knee.R_z,Hip.R_x,Hip.R_y,Hip.R_z,Hip.L_x,Hip.L_y,Hip.L_z,Knee.L_x,Knee.L_y,Knee.L_z,Ankle.L_x,Ankle.L_y,Ankle.L_z,Wrist.R_x,Wrist.R_y,Wrist.R_z,Elbow.R_x,Elbow.R_y,Elbow.R_z,Shoulder.R_x,Shoulder.R_y,Shoulder.R_z,Shoulder.L_x,Shoulder.L_y,Shoulder.L_z,Elbow.L_x,Elbow.L_y,Elbow.L_z,Wrist.L_x,Wrist.L_y,Wrist.L_z,Neck_x,Neck_y,Neck_z,Head_x,Head_y,Head_z,Nose_x,Nose_y,Nose_z,Eye.L_x,Eye.L_y,Eye.L_z,Eye.R_x,Eye.R_y,Eye.R_z,Ear.L_x,Ear.L_y,Ear.L_z,Ear.R_x,Ear.R_y,Ear.R_z,hip.Center_x,hip.Center_y,hip.Center_z
0,0.28591132,-0.23869748,-0.4600773,-0.019955944,-0.1594994,-0.15001431,-0.11702888,0.2851529,-0.07500553,0.10368467,0.27228805,0.042471,-0.012803431,-0.14151001,0.09228251,-0.011189025,-0.55346483,-0.08405424,-0.2848325,0.34372607,0.042441025,-0.30072838,0.56859446,-0.09296157,-0.13827838,0.7493625,0.06674513,0.1574291,0.70090336,0.14386433,0.32167575,0.48008338,0.05152915,0.17691313,0.30438974,0.1737552,0.0065070456,0.7833264,0.14241908,0.003288656,0.9941605,0.19544987,-0.11122196,0.8995098,0.24980798,-0.06225305,0.93838793,0.2650672,-0.091034666,0.9409567,0.20424086,0.04207811,0.9148536,0.26112032,-0.024337843,0.92443,0.12432273,-0.0066721029579639435,0.278720498085022,-0.016267266124486923
