frame,Ankle.R_x,Ankle.R_y,Ankle.R_z,Knee.R_x,Knee.R_y,Knee.R_z,Hip.R_x,Hip.R_y,Hip.R_z,Hip.L_x,Hip.L_y,Hip.L_z,Knee.L_x,Knee.L_y,Knee.L_z,Ankle.L_x,Ankle.L_y,Ankle.L_z,Wrist.R_x,Wrist.R_y,Wrist.R_z,Elbow.R_x,Elbow.R_y,Elbow.R_z,Shoulder.R_x,Shoulder.R_y,Shoulder.R_z,Shoulder.L_x,Shoulder.L_y,Shoulder.L_z,Elbow.L_x,Elbow.L_y,Elbow.L_z,Wrist.L_x,Wrist.L_y,Wrist.L_z,Neck_x,Neck_y,Neck_z,Head_x,Head_y,Head_z,Nose_x,Nose_y,Nose_z,Eye.L_x,Eye.L_y,Eye.L_z,Eye.R_x,Eye.R_y,Eye.R_z,Ear.L_x,Ear.L_y,Ear.L_z,Ear.R_x,Ear.R_y,Ear.R_z,hip.Center_x,hip.Center_y,hip.Center_z
0,0.21419244,-0.3585198,-0.46697557,-0.00039421534,-0.1580762,-0.14214717,-0.11492405,0.2624303,-0.079629295,0.09646112,0.27220905,0.04757835,-0.0065013533,-0.12723231,0.120536625,-0.005932159,-0.5624035,0.06275501,-0.055907972,0.30730638,0.13300693,-0.29744723,0.38552272,0.07986438,-0.23542485,0.65785635,0.0888222,0.034841273,0.7374588,0.12499448,0.29823875,0.7549471,0.037326716,0.45740077,0.66878444,0.21227315,-0.116822295,0.7416375,0.13554786,-0.1631241,0.9348269,0.19910653,-0.26058725,0.817974,0.23414311,-0.22358258,0.8629675,0.2573684,-0.24540907,0.8647851,0.19428751,-0.11766401,0.86120296,0.26331368,-0.17030576,0.8680337,0.12292186,-0.009231466799974442,0.2673196792602539,-0.016025472432374954
