frame,Ankle.R_x,Ankle.R_y,Ankle.R_z,Knee.R_x,Knee.R_y,Knee.R_z,Hip.R_x,Hip.R_y,Hip.R_z,Hip.L_x,Hip.L_y,Hip.L_z,Knee.L_x,Knee.L_y,Knee.L_z,Ankle.L_x,Ankle.L_y,Ankle.L_z,Wrist.R_x,Wrist.R_y,Wrist.R_z,Elbow.R_x,Elbow.R_y,Elbow.R_z,Shoulder.R_x,Shoulder.R_y,Shoulder.R_z,Shoulder.L_x,Shoulder.L_y,Shoulder.L_z,Elbow.L_x,Elbow.L_y,Elbow.L_z,Wrist.L_x,Wrist.L_y,Wrist.L_z,Neck_x,Neck_y,Neck_z,Head_x,Head_y,Head_z,Nose_x,Nose_y,Nose_z,Eye.L_x,Eye.L_y,Eye.L_z,Eye.R_x,Eye.R_y,Eye.R_z,Ear.L_x,Ear.L_y,Ear.L_z,Ear.R_x,Ear.R_y,Ear.R_z,hip.Center_x,hip.Center_y,hip.Center_z
0,0.28618264,-0.4303615,-0.12525168,-0.008394724,-0.15722412,0.112628356,-0.1352061,0.27213824,-0.054651566,0.12356125,0.28683004,-0.007924276,0.06235755,-0.12330603,0.2009351,-0.025495008,-0.3558291,-0.19104123,-0.21141219,0.18261701,0.039399933,-0.31274927,0.4381858,-0.023012437,-0.1830637,0.7014567,0.08074192,0.14015187,0.7014798,0.15027745,0.3703701,0.50290453,0.103594765,0.30344558,0.25164273,0.20036103,-0.029192466,0.76616836,0.14689538,-0.054902352,0.9834202,0.19905993,-0.15802558,0.87400055,0.24701948,-0.114846446,0.91889405,0.2643714,-0.1411053,0.91822755,0.20189148,-0.006357029,0.90890455,0.267056,-0.06843418,0.9106319,0.124058485,-0.005822427570819855,0.2794841527938843,-0.031287919729948044
