frame,Ankle.R_x,Ankle.R_y,Ankle.R_z,Knee.R_x,Knee.R_y,Knee.R_z,Hip.R_x,Hip.R_y,Hip.R_z,Hip.L_x,Hip.L_y,Hip.L_z,Knee.L_x,Knee.L_y,Knee.L_z,Ankle.L_x,Ankle.L_y,Ankle.L_z,Wrist.R_x,Wrist.R_y,Wrist.R_z,Elbow.R_x,Elbow.R_y,Elbow.R_z,Shoulder.R_x,Shoulder.R_y,Shoulder.R_z,Shoulder.L_x,Shoulder.L_y,Shoulder.L_z,Elbow.L_x,Elbow.L_y,Elbow.L_z,Wrist.L_x,Wrist.L_y,Wrist.L_z,Neck_x,Neck_y,Neck_z,Head_x,Head_y,Head_z,Nose_x,Nose_y,Nose_z,Eye.L_x,Eye.L_y,Eye.L_z,Eye.R_x,Eye.R_y,Eye.R_z,Ear.L_x,Ear.L_y,Ear.L_z,Ear.R_x,Ear.R_y,Ear.R_z,hip.Center_x,hip.Center_y,hip.Center_z
0,0.22954094,-0.36393762,-0.4138169,-0.053710256,-0.1699656,-0.12705058,-0.108622104,0.28123298,-0.08752471,0.09743601,0.26608542,0.052597217,-0.047222953,-0.13657254,0.10873464,-0.08181413,-0.5765622,0.016156428,-0.3933061,0.30204788,0.029038513,-0.332591,0.5372729,-0.07648835,-0.1617511,0.7291062,0.061170846,0.13161388,0.6879834,0.13025898,0.24905366,0.44992638,0.019424964,0.2203147,0.30618975,0.22827984,-0.018510588,0.76796097,0.13512494,-0.017019834,0.97605586,0.18153657,-0.122815646,0.88680065,0.2587903,-0.07112975,0.9240445,0.26388747,-0.110495284,0.9262403,0.20936412,0.028797902,0.89746964,0.24085861,-0.06085847,0.90601355,0.11910981,-0.005593046545982361,0.27365919947624207,-0.017463747411966324
