frame,Ankle.R_x,Ankle.R_y,Ankle.R_z,Knee.R_x,Knee.R_y,Knee.R_z,Hip.R_x,Hip.R_y,Hip.R_z,Hip.L_x,Hip.L_y,Hip.L_z,Knee.L_x,Knee.L_y,Knee.L_z,Ankle.L_x,Ankle.L_y,Ankle.L_z,Wrist.R_x,Wrist.R_y,Wrist.R_z,Elbow.R_x,Elbow.R_y,Elbow.R_z,Shoulder.R_x,Shoulder.R_y,Shoulder.R_z,Shoulder.L_x,Shoulder.L_y,Shoulder.L_z,Elbow.L_x,Elbow.L_y,Elbow.L_z,Wrist.L_x,Wrist.L_y,Wrist.L_z,Neck_x,Neck_y,Neck_z,Head_x,Head_y,Head_z,Nose_x,Nose_y,Nose_z,Eye.L_x,Eye.L_y,Eye.L_z,Eye.R_x,Eye.R_y,Eye.R_z,Ear.L_x,Ear.L_y,Ear.L_z,Ear.R_x,Ear.R_y,Ear.R_z,hip.Center_x,hip.Center_y,hip.Center_z
0,0.15350503,-0.4451569,-0.27818644,-0.1297171,-0.152391,-0.119836524,-0.07736011,0.28723383,-0.11295442,0.07217279,0.24940616,0.08072003,-0.12412572,-0.1260177,0.08402647,-0.042340852,-0.5408552,-0.04569178,-0.68509525,0.7223957,0.08984245,-0.4257794,0.7615149,0.065108284,-0.15038949,0.72924185,0.11117425,0.060568128,0.5845153,0.25053698,-0.0039765676,0.31417155,0.24103808,-0.24625398,0.36735725,0.28636187,-0.040905103,0.7089385,0.20874715,-0.021054307,0.9067032,0.2676537,-0.122568,0.81947905,0.35127127,-0.06732174,0.84967864,0.3515622,-0.114957996,0.86366963,0.30666208,0.020440869,0.8181516,0.305783,-0.08359869,0.8521764,0.20652106,-0.0025936588644981384,0.2683199942111969,-0.016117196530103683
