frame,Ankle.R_x,Ankle.R_y,Ankle.R_z,Knee.R_x,Knee.R_y,Knee.R_z,Hip.R_x,Hip.R_y,Hip.R_z,Hip.L_x,Hip.L_y,Hip.L_z,Knee.L_x,Knee.L_y,Knee.L_z,Ankle.L_x,Ankle.L_y,Ankle.L_z,Wrist.R_x,Wrist.R_y,Wrist.R_z,Elbow.R_x,Elbow.R_y,Elbow.R_z,Shoulder.R_x,Shoulder.R_y,Shoulder.R_z,Shoulder.L_x,Shoulder.L_y,Shoulder.L_z,Elbow.L_x,Elbow.L_y,Elbow.L_z,Wrist.L_x,Wrist.L_y,Wrist.L_z,Neck_x,Neck_y,Neck_z,Head_x,Head_y,Head_z,Nose_x,Nose_y,Nose_z,Eye.L_x,Eye.L_y,Eye.L_z,Eye.R_x,Eye.R_y,Eye.R_z,Ear.L_x,Ear.L_y,Ear.L_z,Ear.R_x,Ear.R_y,Ear.R_z,hip.Center_x,hip.Center_y,hip.Center_z
0,0.21045066,-0.5271975,0.0076284194,0.10824693,-0.1338692,-0.09791867,0.100744605,0.2820124,-0.06299793,-0.11527807,0.26803926,0.016444799,-0.09304088,-0.13748424,-0.06443984,-0.059639163,-0.5567792,-0.03351305,-0.2913236,0.87934357,-0.292754,-0.08057723,0.7428472,-0.2559262,0.11296159,0.7466829,-0.094133645,-0.054540336,0.73606116,0.11253853,-0.1763903,0.50755763,0.12219662,-0.3964522,0.5743721,0.061763067,0.047899857,0.79638714,0.0057980753,0.118392035,1.0004873,-0.0028831274,0.062808014,0.9273715,-0.12910578,0.05347468,0.97342336,-0.08776521,0.11358056,0.94586605,-0.09593202,0.020598553,0.9642488,0.01147769,0.15507144,0.90506077,-0.009100154,-0.007266733795404434,0.2750258445739746,-0.023276565596461296
