frame,Ankle.R_x,Ankle.R_y,Ankle.R_z,Knee.R_x,Knee.R_y,Knee.R_z,Hip.R_x,Hip.R_y,Hip.R_z,Hip.L_x,Hip.L_y,Hip.L_z,Knee.L_x,Knee.L_y,Knee.L_z,Ankle.L_x,Ankle.L_y,Ankle.L_z,Wrist.R_x,Wrist.R_y,Wrist.R_z,Elbow.R_x,Elbow.R_y,Elbow.R_z,Shoulder.R_x,Shoulder.R_y,Shoulder.R_z,Shoulder.L_x,Shoulder.L_y,Shoulder.L_z,Elbow.L_x,Elbow.L_y,Elbow.L_z,Wrist.L_x,Wrist.L_y,Wrist.L_z,Neck_x,Neck_y,Neck_z,Head_x,Head_y,Head_z,Nose_x,Nose_y,Nose_z,Eye.L_x,Eye.L_y,Eye.L_z,Eye.R_x,Eye.R_y,Eye.R_z,Ear.L_x,Ear.L_y,Ear.L_z,Ear.R_x,Ear.R_y,Ear.R_z,hip.Center_x,hip.Center_y,hip.Center_z
0,0.14066112,-0.43337548,-0.36567762,0.0034289695,-0.20525078,0.02841336,-0.13533366,0.25435385,-0.01597941,0.12401838,0.26994708,-0.026577534,0.105795,-0.19702399,3.849878e-05,-0.012181189,-0.53062505,-0.3311506,-0.21000582,0.23247615,0.041794572,-0.29392788,0.46930796,-0.07829266,-0.16191146,0.70970726,0.04772473,0.15242936,0.70697594,0.08029556,0.3360415,0.47572783,0.012245255,0.22631028,0.27719247,0.16622809,-0.009283486,0.76776314,0.096349716,-0.043290325,0.9740905,0.1618246,-0.112666905,0.8519006,0.23107225,-0.07196046,0.90088415,0.237794,-0.11645308,0.8994528,0.18727604,0.028419964,0.90424144,0.20500638,-0.07272626,0.90376735,0.092895254,-0.005657639354467392,0.26215046644210815,-0.021278470754623413
