frame,Ankle.R_x,Ankle.R_y,Ankle.R_z,Knee.R_x,Knee.R_y,Knee.R_z,Hip.R_x,Hip.R_y,Hip.R_z,Hip.L_x,Hip.L_y,Hip.L_z,Knee.L_x,Knee.L_y,Knee.L_z,Ankle.L_x,Ankle.L_y,Ankle.L_z,Wrist.R_x,Wrist.R_y,Wrist.R_z,Elbow.R_x,Elbow.R_y,Elbow.R_z,Shoulder.R_x,Shoulder.R_y,Shoulder.R_z,Shoulder.L_x,Shoulder.L_y,Shoulder.L_z,Elbow.L_x,Elbow.L_y,Elbow.L_z,Wrist.L_x,Wrist.L_y,Wrist.L_z,Neck_x,Neck_y,Neck_z,Head_x,Head_y,Head_z,Nose_x,Nose_y,Nose_z,Eye.L_x,Eye.L_y,Eye.L_z,Eye.R_x,Eye.R_y,Eye.R_z,Ear.L_x,Ear.L_y,Ear.L_z,Ear.R_x,Ear.R_y,Ear.R_z,hip.Center_x,hip.Center_y,hip.Center_z
0,0.3012016,-0.47487658,0.00038291072,0.030811884,-0.1509443,-0.04070418,-0.009551282,0.2615612,-0.13585751,-0.0050856704,0.2525665,0.09783509,-0.24417211,-0.082633935,0.087661,-0.15230267,-0.49470142,0.13207257,0.020314494,0.9706217,-0.43759623,0.09407804,0.7516682,-0.3475644,0.154389,0.70739746,-0.10152958,0.09576255,0.7221475,0.12841488,-0.06534343,0.79970694,0.31738308,-0.16685231,1.0230173,0.34676602,0.12408346,0.7465743,0.010382978,0.15902218,0.9352491,-0.02142054,0.0075545236,0.90236753,0.0016895644,0.057981316,0.9285482,0.025499811,0.05110832,0.91796154,-0.03933789,0.14089115,0.8805462,0.06177134,0.12741585,0.8570955,-0.08042806,-0.007318476215004921,0.2570638358592987,-0.019011210650205612
