frame,Ankle.R_x,Ankle.R_y,Ankle.R_z,Knee.R_x,Knee.R_y,Knee.R_z,Hip.R_x,Hip.R_y,Hip.R_z,Hip.L_x,Hip.L_y,Hip.L_z,Knee.L_x,Knee.L_y,Knee.L_z,Ankle.L_x,Ankle.L_y,Ankle.L_z,Wrist.R_x,Wrist.R_y,Wrist.R_z,Elbow.R_x,Elbow.R_y,Elbow.R_z,Shoulder.R_x,Shoulder.R_y,Shoulder.R_z,Shoulder.L_x,Shoulder.L_y,Shoulder.L_z,Elbow.L_x,Elbow.L_y,Elbow.L_z,Wrist.L_x,Wrist.L_y,Wrist.L_z,Neck_x,Neck_y,Neck_z,Head_x,Head_y,Head_z,Nose_x,Nose_y,Nose_z,Eye.L_x,Eye.L_y,Eye.L_z,Eye.R_x,Eye.R_y,Eye.R_z,Ear.L_x,Ear.L_y,Ear.L_z,Ear.R_x,Ear.R_y,Ear.R_z,hip.Center_x,hip.Center_y,hip.Center_z
0,0.23660398,-0.30949932,-0.524107,0.0375439,-0.13098843,-0.17842944,-0.12105489,0.26320064,-0.06499794,0.09960118,0.2776717,0.0393287,0.029493403,-0.12587959,0.109364435,0.013251808,-0.5590086,0.07127064,-0.019468993,0.31306612,0.11387267,-0.26343876,0.39978942,0.09538953,-0.21918464,0.6747141,0.09940486,0.060341306,0.7428319,0.12222184,0.31839848,0.7221037,0.021724578,0.41000968,0.529651,0.15436952,-0.091570705,0.7578869,0.1395643,-0.12384041,0.9571331,0.20996723,-0.21299602,0.84074295,0.26349136,-0.17065638,0.8856206,0.27844718,-0.20594032,0.8884119,0.22165214,-0.06638683,0.8822,0.26138723,-0.14786546,0.8916513,0.13559937,-0.01072685420513153,0.27043616771698,-0.012834619730710983
