frame,Ankle.R_x,Ankle.R_y,Ankle.R_z,Knee.R_x,Knee.R_y,Knee.R_z,Hip.R_x,Hip.R_y,Hip.R_z,Hip.L_x,Hip.L_y,Hip.L_z,Knee.L_x,Knee.L_y,Knee.L_z,Ankle.L_x,Ankle.L_y,Ankle.L_z,Wrist.R_x,Wrist.R_y,Wrist.R_z,Elbow.R_x,Elbow.R_y,Elbow.R_z,Shoulder.R_x,Shoulder.R_y,Shoulder.R_z,Shoulder.L_x,Shoulder.L_y,Shoulder.L_z,Elbow.L_x,Elbow.L_y,Elbow.L_z,Wrist.L_x,Wrist.L_y,Wrist.L_z,Neck_x,Neck_y,Neck_z,Head_x,Head_y,Head_z,Nose_x,Nose_y,Nose_z,Eye.L_x,Eye.L_y,Eye.L_z,Eye.R_x,Eye.R_y,Eye.R_z,Ear.L_x,Ear.L_y,Ear.L_z,Ear.R_x,Ear.R_y,Ear.R_z,hip.Center_x,hip.Center_y,hip.Center_z
0,0.12486907,-0.5235731,-0.22051087,-0.06252381,-0.14542437,-0.13743542,-0.042647623,0.28495207,-0.12723154,0.03132482,0.25071478,0.0985037,-0.15293726,-0.11921612,0.06313869,-0.02414914,-0.5261278,-0.00037768576,-0.3875116,1.1645784,0.06492984,-0.23936272,0.969557,-0.013481962,-0.071458526,0.773776,0.03715247,-0.008877435,0.6020701,0.2460891,-0.111616224,0.34970295,0.23642835,-0.34494576,0.34002724,0.14748354,-0.04052902,0.73265296,0.16437924,-0.01760901,0.92095155,0.24077031,-0.121829964,0.8278755,0.31179634,-0.0645381,0.85255116,0.31375626,-0.11330867,0.87897676,0.27678132,0.015636072,0.82562935,0.25685182,-0.0891903,0.88534796,0.1731295,-0.0056614018976688385,0.267833411693573,-0.014363918453454971
