frame,Ankle.R_x,Ankle.R_y,Ankle.R_z,Knee.R_x,Knee.R_y,Knee.R_z,Hip.R_x,Hip.R_y,Hip.R_z,Hip.L_x,Hip.L_y,Hip.L_z,Knee.L_x,Knee.L_y,Knee.L_z,Ankle.L_x,Ankle.L_y,Ankle.L_z,Wrist.R_x,Wrist.R_y,Wrist.R_z,Elbow.R_x,Elbow.R_y,Elbow.R_z,Shoulder.R_x,Shoulder.R_y,Shoulder.R_z,Shoulder.L_x,Shoulder.L_y,Shoulder.L_z,Elbow.L_x,Elbow.L_y,Elbow.L_z,Wrist.L_x,Wrist.L_y,Wrist.L_z,Neck_x,Neck_y,Neck_z,Head_x,Head_y,Head_z,Nose_x,Nose_y,Nose_z,Eye.L_x,Eye.L_y,Eye.L_z,Eye.R_x,Eye.R_y,Eye.R_z,Ear.L_x,Ear.L_y,Ear.L_z,Ear.R_x,Ear.R_y,Ear.R_z,hip.Center_x,hip.Center_y,hip.Center_z
0,0.21059495,-0.37239382,-0.45161265,-0.0009791964,-0.1604051,-0.1316235,-0.115909055,0.2618502,-0.078258276,0.09741076,0.2735475,0.045876205,-0.003457094,-0.12739983,0.12040583,-0.0012249455,-0.5628244,0.06073176,-0.055437617,0.31057686,0.12921791,-0.2974434,0.38817078,0.07678679,-0.23401058,0.66087097,0.08438226,0.037963845,0.7400496,0.11786906,0.3026187,0.7537241,0.03150969,0.44906121,0.6667991,0.2165789,-0.11437647,0.74504244,0.12961392,-0.16059446,0.9391254,0.19343157,-0.25800726,0.82193756,0.22759548,-0.22114955,0.8669443,0.25111628,-0.24267456,0.8689394,0.1879431,-0.115207136,0.8652996,0.25759286,-0.1672225,0.8726071,0.1169209,-0.009249147027730942,0.26769885420799255,-0.016191035509109497
