frame,Ankle.R_x,Ankle.R_y,Ankle.R_z,Knee.R_x,Knee.R_y,Knee.R_z,Hip.R_x,Hip.R_y,Hip.R_z,Hip.L_x,Hip.L_y,Hip.L_z,Knee.L_x,Knee.L_y,Knee.L_z,Ankle.L_x,Ankle.L_y,Ankle.L_z,Wrist.R_x,Wrist.R_y,Wrist.R_z,Elbow.R_x,Elbow.R_y,Elbow.R_z,Shoulder.R_x,Shoulder.R_y,Shoulder.R_z,Shoulder.L_x,Shoulder.L_y,Shoulder.L_z,Elbow.L_x,Elbow.L_y,Elbow.L_z,Wrist.L_x,Wrist.L_y,Wrist.L_z,Neck_x,Neck_y,Neck_z,Head_x,Head_y,Head_z,Nose_x,Nose_y,Nose_z,Eye.L_x,Eye.L_y,Eye.L_z,Eye.R_x,Eye.R_y,Eye.R_z,Ear.L_x,Ear.L_y,Ear.L_z,Ear.R_x,Ear.R_y,Ear.R_z,hip.Center_x,hip.Center_y,hip.Center_z
0,0.16260357,-0.43949115,-0.2742728,-0.12655643,-0.1539923,-0.116601236,-0.08016052,0.28585413,-0.111865826,0.07509646,0.25090736,0.07854747,-0.12398751,-0.12138074,0.09031656,-0.05241274,-0.53683585,-0.03831773,-0.6798037,0.65405595,0.038967386,-0.42784137,0.7275544,0.03195332,-0.15427914,0.7273096,0.101918675,0.062282182,0.59511757,0.24825919,-0.0057524787,0.32725036,0.25001767,-0.2412778,0.4143513,0.26143676,-0.04161349,0.714546,0.20155436,-0.026879074,0.91480917,0.25811225,-0.1257336,0.8246101,0.34117377,-0.07178879,0.85700756,0.34186417,-0.119220704,0.8686104,0.29622942,0.017635848,0.8282187,0.29780644,-0.08624515,0.8574545,0.19698165,-0.002532031387090683,0.2683807611465454,-0.016659177839756012
