frame,Ankle.R_x,Ankle.R_y,Ankle.R_z,Knee.R_x,Knee.R_y,Knee.R_z,Hip.R_x,Hip.R_y,Hip.R_z,Hip.L_x,Hip.L_y,Hip.L_z,Knee.L_x,Knee.L_y,Knee.L_z,Ankle.L_x,Ankle.L_y,Ankle.L_z,Wrist.R_x,Wrist.R_y,Wrist.R_z,Elbow.R_x,Elbow.R_y,Elbow.R_z,Shoulder.R_x,Shoulder.R_y,Shoulder.R_z,Shoulder.L_x,Shoulder.L_y,Shoulder.L_z,Elbow.L_x,Elbow.L_y,Elbow.L_z,Wrist.L_x,Wrist.L_y,Wrist.L_z,Neck_x,Neck_y,Neck_z,Head_x,Head_y,Head_z,Nose_x,Nose_y,Nose_z,Eye.L_x,Eye.L_y,Eye.L_z,Eye.R_x,Eye.R_y,Eye.R_z,Ear.L_x,Ear.L_y,Ear.L_z,Ear.R_x,Ear.R_y,Ear.R_z,hip.Center_x,hip.Center_y,hip.Center_z
0,0.09170488,-0.44137314,-0.26778722,-0.15453766,-0.10918217,-0.17421609,-0.023689128,0.29516613,-0.13349204,0.021666892,0.25657654,0.102454215,-0.17594431,-0.10480774,0.047273118,-0.07983667,-0.5135168,-0.039538063,-0.50112885,0.9726406,-0.14601873,-0.27031076,0.88197696,-0.20399928,-0.08203471,0.7766345,-0.039768074,-0.026926272,0.67377096,0.22134961,-0.13784474,0.44865856,0.32839328,-0.33004966,0.5555291,0.22274965,-0.060873494,0.77266693,0.10235317,-0.075209804,0.9802992,0.1325233,-0.17992091,0.889688,0.20857066,-0.12759423,0.9239787,0.21325012,-0.17024931,0.9314947,0.16219604,-0.033156242,0.8981674,0.18067423,-0.12615027,0.91662025,0.06489205,-0.0010111182928085327,0.2758713364601135,-0.015518911182880402
