frame,Ankle.R_x,Ankle.R_y,Ankle.R_z,Knee.R_x,Knee.R_y,Knee.R_z,Hip.R_x,Hip.R_y,Hip.R_z,Hip.L_x,Hip.L_y,Hip.L_z,Knee.L_x,Knee.L_y,Knee.L_z,Ankle.L_x,Ankle.L_y,Ankle.L_z,Wrist.R_x,Wrist.R_y,Wrist.R_z,Elbow.R_x,Elbow.R_y,Elbow.R_z,Shoulder.R_x,Shoulder.R_y,Shoulder.R_z,Shoulder.L_x,Shoulder.L_y,Shoulder.L_z,Elbow.L_x,Elbow.L_y,Elbow.L_z,Wrist.L_x,Wrist.L_y,Wrist.L_z,Neck_x,Neck_y,Neck_z,Head_x,Head_y,Head_z,Nose_x,Nose_y,Nose_z,Eye.L_x,Eye.L_y,Eye.L_z,Eye.R_x,Eye.R_y,Eye.R_z,Ear.L_x,Ear.L_y,Ear.L_z,Ear.R_x,Ear.R_y,Ear.R_z,hip.Center_x,hip.Center_y,hip.Center_z
0,0.1740501,-0.45634118,-0.30069843,-0.088779636,-0.14976062,-0.13861912,-0.08298306,0.2902385,-0.10823384,0.07411719,0.25037318,0.076749645,-0.10764857,-0.12765408,0.07544209,-0.054086093,-0.54152685,-0.058323935,-0.62943393,0.56512153,0.1161435,-0.42060328,0.70749414,0.054834478,-0.1462428,0.7321934,0.11832874,0.08329272,0.60001475,0.24491335,0.05873889,0.32607135,0.22330005,-0.18482427,0.3590298,0.26456916,-0.028468981,0.719121,0.20974769,0.00040913554,0.91586524,0.26028162,-0.1237286,0.8450309,0.32705367,-0.06769617,0.871714,0.3369143,-0.10239348,0.88285697,0.28089726,0.026110888,0.82910585,0.31667742,-0.051129423,0.85809577,0.19318801,-0.004432935267686844,0.2703058421611786,-0.015742097049951553
