frame,Ankle.R_x,Ankle.R_y,Ankle.R_z,Knee.R_x,Knee.R_y,Knee.R_z,Hip.R_x,Hip.R_y,Hip.R_z,Hip.L_x,Hip.L_y,Hip.L_z,Knee.L_x,Knee.L_y,Knee.L_z,Ankle.L_x,Ankle.L_y,Ankle.L_z,Wrist.R_x,Wrist.R_y,Wrist.R_z,Elbow.R_x,Elbow.R_y,Elbow.R_z,Shoulder.R_x,Shoulder.R_y,Shoulder.R_z,Shoulder.L_x,Shoulder.L_y,Shoulder.L_z,Elbow.L_x,Elbow.L_y,Elbow.L_z,Wrist.L_x,Wrist.L_y,Wrist.L_z,Neck_x,Neck_y,Neck_z,Head_x,Head_y,Head_z,Nose_x,Nose_y,Nose_z,Eye.L_x,Eye.L_y,Eye.L_z,Eye.R_x,Eye.R_y,Eye.R_z,Ear.L_x,Ear.L_y,Ear.L_z,Ear.R_x,Ear.R_y,Ear.R_z,hip.Center_x,hip.Center_y,hip.Center_z
0,0.11023849,-0.49753696,-0.27316943,-0.08641161,-0.12870277,-0.17422716,-0.034084845,0.29746073,-0.12779918,0.026402263,0.24343447,0.10049235,-0.17867482,-0.10873197,0.027020365,-0.043610837,-0.51079637,-0.052360594,-0.5192878,1.0085266,0.057482097,-0.32801682,0.88257855,-0.054076407,-0.11952642,0.75655746,0.060441967,-0.041622676,0.5786339,0.27295703,-0.12179197,0.32243955,0.2210069,-0.3498377,0.39520574,0.1672755,-0.08585704,0.7143303,0.19676164,-0.094924495,0.903165,0.2873971,-0.19402984,0.7932018,0.3386699,-0.14159366,0.82480836,0.3503031,-0.1875602,0.84675133,0.3070872,-0.05059974,0.8117292,0.3052313,-0.15039466,0.8623309,0.20846765,-0.003841291181743145,0.27044761180877686,-0.013653416186571121
