frame,Ankle.R_x,Ankle.R_y,Ankle.R_z,Knee.R_x,Knee.R_y,Knee.R_z,Hip.R_x,Hip.R_y,Hip.R_z,Hip.L_x,Hip.L_y,Hip.L_z,Knee.L_x,Knee.L_y,Knee.L_z,Ankle.L_x,Ankle.L_y,Ankle.L_z,Wrist.R_x,Wrist.R_y,Wrist.R_z,Elbow.R_x,Elbow.R_y,Elbow.R_z,Shoulder.R_x,Shoulder.R_y,Shoulder.R_z,Shoulder.L_x,Shoulder.L_y,Shoulder.L_z,Elbow.L_x,Elbow.L_y,Elbow.L_z,Wrist.L_x,Wrist.L_y,Wrist.L_z,Neck_x,Neck_y,Neck_z,Head_x,Head_y,Head_z,Nose_x,Nose_y,Nose_z,Eye.L_x,Eye.L_y,Eye.L_z,Eye.R_x,Eye.R_y,Eye.R_z,Ear.L_x,Ear.L_y,Ear.L_z,Ear.R_x,Ear.R_y,Ear.R_z,hip.Center_x,hip.Center_y,hip.Center_z
0,0.21492139,-0.31786287,-0.4289793,0.01618201,-0.20866191,-0.023120536,-0.13288848,0.24574342,-0.047265936,0.11927092,0.26874056,0.0054007275,0.05713725,-0.17654637,0.072920114,-0.0030428204,-0.61292416,-0.11070487,-0.16508956,0.16965236,0.105694145,-0.30167106,0.38092807,-0.008326152,-0.21116368,0.6492357,0.095747575,0.094317146,0.68831265,0.14369966,0.31592363,0.5221262,0.028892495,0.31113914,0.26333594,0.109577835,-0.070612445,0.72795635,0.15402487,-0.109550074,0.93346035,0.21478908,-0.18908556,0.81595993,0.27806425,-0.14797164,0.86384046,0.288458,-0.18721247,0.862543,0.2339989,-0.04559505,0.8633342,0.26573914,-0.13464925,0.8640677,0.1452916,-0.006808780133724213,0.25724199414253235,-0.020932603627443314
