frame,Ankle.R_x,Ankle.R_y,Ankle.R_z,Knee.R_x,Knee.R_y,Knee.R_z,Hip.R_x,Hip.R_y,Hip.R_z,Hip.L_x,Hip.L_y,Hip.L_z,Knee.L_x,Knee.L_y,Knee.L_z,Ankle.L_x,Ankle.L_y,Ankle.L_z,Wrist.R_x,Wrist.R_y,Wrist.R_z,Elbow.R_x,Elbow.R_y,Elbow.R_z,Shoulder.R_x,Shoulder.R_y,Shoulder.R_z,Shoulder.L_x,Shoulder.L_y,Shoulder.L_z,Elbow.L_x,Elbow.L_y,Elbow.L_z,Wrist.L_x,Wrist.L_y,Wrist.L_z,Neck_x,Neck_y,Neck_z,Head_x,Head_y,Head_z,Nose_x,Nose_y,Nose_z,Eye.L_x,Eye.L_y,Eye.L_z,Eye.R_x,Eye.R_y,Eye.R_z,Ear.L_x,Ear.L_y,Ear.L_z,Ear.R_x,Ear.R_y,Ear.R_z,hip.Center_x,hip.Center_y,hip.Center_z
0,0.07889337,-0.47106388,-0.26386893,-0.12904865,-0.11268037,-0.1747857,-0.02463654,0.29877323,-0.13033181,0.021249164,0.2504528,0.10183963,-0.19295734,-0.09576417,0.030708166,-0.06520612,-0.49064875,-0.06615426,-0.485758,1.0484253,-0.08832147,-0.29480556,0.8899045,-0.13744214,-0.09134191,0.7744249,-0.008099474,-0.021253582,0.6451171,0.23893377,-0.087763935,0.3852663,0.2734763,-0.31336495,0.4588384,0.2276605,-0.063718155,0.76013386,0.13118729,-0.071964934,0.9658405,0.17634209,-0.19695297,0.8787894,0.21509963,-0.14660566,0.9095254,0.23612359,-0.17258212,0.9216567,0.17584199,-0.047745313,0.87935627,0.22998187,-0.10436187,0.9085293,0.09523646,-0.0016936883330345154,0.27461302280426025,-0.01424609124660492
