frame,Ankle.R_x,Ankle.R_y,Ankle.R_z,Knee.R_x,Knee.R_y,Knee.R_z,Hip.R_x,Hip.R_y,Hip.R_z,Hip.L_x,Hip.L_y,Hip.L_z,Knee.L_x,Knee.L_y,Knee.L_z,Ankle.L_x,Ankle.L_y,Ankle.L_z,Wrist.R_x,Wrist.R_y,Wrist.R_z,Elbow.R_x,Elbow.R_y,Elbow.R_z,Shoulder.R_x,Shoulder.R_y,Shoulder.R_z,Shoulder.L_x,Shoulder.L_y,Shoulder.L_z,Elbow.L_x,Elbow.L_y,Elbow.L_z,Wrist.L_x,Wrist.L_y,Wrist.L_z,Neck_x,Neck_y,Neck_z,Head_x,Head_y,Head_z,Nose_x,Nose_y,Nose_z,Eye.L_x,Eye.L_y,Eye.L_z,Eye.R_x,Eye.R_y,Eye.R_z,Ear.L_x,Ear.L_y,Ear.L_z,Ear.R_x,Ear.R_y,Ear.R_z,hip.Center_x,hip.Center_y,hip.Center_z
0,0.25717247,-0.25897703,-0.43352735,-0.034746718,-0.14948833,-0.13327825,-0.113569744,0.29385018,-0.07825422,0.10029971,0.27827,0.045969665,-0.027373485,-0.12293231,0.09641097,-0.02601643,-0.5324573,-0.057022944,-0.29401508,0.36776796,0.025781749,-0.30097508,0.5924012,-0.10153901,-0.14242607,0.7625824,0.06563827,0.15190987,0.71452343,0.14695896,0.31033647,0.4952422,0.054772936,0.1623626,0.35358343,0.20245664,0.0007600719,0.79713356,0.14389552,-0.0012395589,1.010562,0.18314904,-0.11737342,0.92171663,0.2455188,-0.06761405,0.96102184,0.25733995,-0.0965244,0.95897615,0.19655317,0.036965393,0.9355965,0.25526822,-0.030253362,0.9352757,0.117312625,-0.006635017693042755,0.286060094833374,-0.016142278909683228
