frame,Ankle.R_x,Ankle.R_y,Ankle.R_z,Knee.R_x,Knee.R_y,Knee.R_z,Hip.R_x,Hip.R_y,Hip.R_z,Hip.L_x,Hip.L_y,Hip.L_z,Knee.L_x,Knee.L_y,Knee.L_z,Ankle.L_x,Ankle.L_y,Ankle.L_z,Wrist.R_x,Wrist.R_y,Wrist.R_z,Elbow.R_x,Elbow.R_y,Elbow.R_z,Shoulder.R_x,Shoulder.R_y,Shoulder.R_z,Shoulder.L_x,Shoulder.L_y,Shoulder.L_z,Elbow.L_x,Elbow.L_y,Elbow.L_z,Wrist.L_x,Wrist.L_y,Wrist.L_z,Neck_x,Neck_y,Neck_z,Head_x,Head_y,Head_z,Nose_x,Nose_y,Nose_z,Eye.L_x,Eye.L_y,Eye.L_z,Eye.R_x,Eye.R_y,Eye.R_z,Ear.L_x,Ear.L_y,Ear.L_z,Ear.R_x,Ear.R_y,Ear.R_z,hip.Center_x,hip.Center_y,hip.Center_z
0,0.1915136,-0.2953741,-0.5171284,0.015576822,-0.19206935,-0.10047101,-0.12976749,0.25702655,-0.05436362,0.11567718,0.26342282,0.020232035,0.03910953,-0.17972158,0.0058503645,-0.029166494,-0.6234899,-0.13689443,-0.15132774,0.20139006,0.091751345,-0.30871022,0.39669475,-0.018548688,-0.21583179,0.6535642,0.10665612,0.08300939,0.69448704,0.18075833,0.32771504,0.57213086,0.06479357,0.3114381,0.30758518,0.10600957,-0.08122059,0.7279562,0.17964736,-0.121960856,0.9287231,0.24542755,-0.20283304,0.81138957,0.30935174,-0.16030122,0.85864127,0.3194725,-0.20075318,0.8583525,0.26556987,-0.05800944,0.8568312,0.2950846,-0.14944436,0.8597052,0.1751807,-0.007045157253742218,0.26022469997406006,-0.01706579327583313
