frame,Ankle.R_x,Ankle.R_y,Ankle.R_z,Knee.R_x,Knee.R_y,Knee.R_z,Hip.R_x,Hip.R_y,Hip.R_z,Hip.L_x,Hip.L_y,Hip.L_z,Knee.L_x,Knee.L_y,Knee.L_z,Ankle.L_x,Ankle.L_y,Ankle.L_z,Wrist.R_x,Wrist.R_y,Wrist.R_z,Elbow.R_x,Elbow.R_y,Elbow.R_z,Shoulder.R_x,Shoulder.R_y,Shoulder.R_z,Shoulder.L_x,Shoulder.L_y,Shoulder.L_z,Elbow.L_x,Elbow.L_y,Elbow.L_z,Wrist.L_x,Wrist.L_y,Wrist.L_z,Neck_x,Neck_y,Neck_z,Head_x,Head_y,Head_z,Nose_x,Nose_y,Nose_z,Eye.L_x,Eye.L_y,Eye.L_z,Eye.R_x,Eye.R_y,Eye.R_z,Ear.L_x,Ear.L_y,Ear.L_z,Ear.R_x,Ear.R_y,Ear.R_z,hip.Center_x,hip.Center_y,hip.Center_z
0,0.22921932,-0.49163857,-0.015244695,-0.009251028,-0.1305996,0.20114455,-0.13982007,0.26393476,-0.037685115,0.12735274,0.27499846,-0.024020571,0.094817944,-0.19919296,0.044227544,-0.04109542,-0.49311513,-0.32921368,-0.20968258,0.1761842,0.0008258951,-0.3000782,0.44403395,-0.053550243,-0.17097014,0.698418,0.075231895,0.15139173,0.690223,0.1390695,0.357541,0.46173394,0.08474304,0.28760025,0.21523273,0.20495553,-0.017549809,0.7565001,0.14052005,-0.0505944,0.96921855,0.19510247,-0.14979571,0.85441583,0.23952514,-0.10884953,0.9007772,0.25873274,-0.1345849,0.9003413,0.19578499,-0.00032605976,0.8951915,0.26175335,-0.06110256,0.89768416,0.11990522,-0.006233662366867065,0.2694666087627411,-0.030852843075990677
