frame,Ankle.R_x,Ankle.R_y,Ankle.R_z,Knee.R_x,Knee.R_y,Knee.R_z,Hip.R_x,Hip.R_y,Hip.R_z,Hip.L_x,Hip.L_y,Hip.L_z,Knee.L_x,Knee.L_y,Knee.L_z,Ankle.L_x,Ankle.L_y,Ankle.L_z,Wrist.R_x,Wrist.R_y,Wrist.R_z,Elbow.R_x,Elbow.R_y,Elbow.R_z,Shoulder.R_x,Shoulder.R_y,Shoulder.R_z,Shoulder.L_x,Shoulder.L_y,Shoulder.L_z,Elbow.L_x,Elbow.L_y,Elbow.L_z,Wrist.L_x,Wrist.L_y,Wrist.L_z,Neck_x,Neck_y,Neck_z,Head_x,Head_y,Head_z,Nose_x,Nose_y,Nose_z,Eye.L_x,Eye.L_y,Eye.L_z,Eye.R_x,Eye.R_y,Eye.R_z,Ear.L_x,Ear.L_y,Ear.L_z,Ear.R_x,Ear.R_y,Ear.R_z,hip.Center_x,hip.Center_y,hip.Center_z
0,0.23250231,-0.46450964,0.13594903,0.08324841,-0.14648248,-0.083189026,0.098590404,0.26983824,-0.06543361,-0.11063352,0.28067398,0.024930153,-0.14016795,-0.12253834,-0.07349766,-0.04004344,-0.5112958,0.033553336,-0.18372905,0.8416003,-0.40956762,-0.01088369,0.69296217,-0.30723748,0.16831341,0.71928716,-0.14628728,0.017239183,0.78719586,0.021834582,-0.2197729,0.7286033,0.026747048,-0.3965968,0.8828837,-0.035609405,0.11452336,0.78870994,-0.07647844,0.17317002,0.9791776,-0.14391005,0.07434526,0.89323956,-0.22958733,0.080503486,0.943228,-0.1931319,0.13335022,0.9144055,-0.22184978,0.09152934,0.946614,-0.089021616,0.20825262,0.8810879,-0.15440913,-0.006021559238433838,0.27525609731674194,-0.020251726731657982
