frame,Ankle.R_x,Ankle.R_y,Ankle.R_z,Knee.R_x,Knee.R_y,Knee.R_z,Hip.R_x,Hip.R_y,Hip.R_z,Hip.L_x,Hip.L_y,Hip.L_z,Knee.L_x,Knee.L_y,Knee.L_z,Ankle.L_x,Ankle.L_y,Ankle.L_z,Wrist.R_x,Wrist.R_y,Wrist.R_z,Elbow.R_x,Elbow.R_y,Elbow.R_z,Shoulder.R_x,Shoulder.R_y,Shoulder.R_z,Shoulder.L_x,Shoulder.L_y,Shoulder.L_z,Elbow.L_x,Elbow.L_y,Elbow.L_z,Wrist.L_x,Wrist.L_y,Wrist.L_z,Neck_x,Neck_y,Neck_z,Head_x,Head_y,Head_z,Nose_x,Nose_y,Nose_z,Eye.L_x,Eye.L_y,Eye.L_z,Eye.R_x,Eye.R_y,Eye.R_z,Ear.L_x,Ear.L_y,Ear.L_z,Ear.R_x,Ear.R_y,Ear.R_z,hip.Center_x,hip.Center_y,hip.Center_z
0,0.20371059,-0.4049139,-0.39742118,-0.06200821,-0.13839379,-0.17399415,-0.08995408,0.29888517,-0.10216745,0.07787443,0.25681397,0.07350077,-0.076385334,-0.1353534,0.062154002,-0.049053513,-0.5545458,-0.068926774,-0.49508563,0.42742503,-0.0138482675,-0.37071848,0.6516814,-0.05766348,-0.1452553,0.7438438,0.097047955,0.1098274,0.63364685,0.22599168,0.1497598,0.3574941,0.17814264,-0.06753649,0.36113787,0.29954475,-0.019448083,0.74590296,0.19806628,-0.018361406,0.95258653,0.25608045,-0.13527195,0.861547,0.3123619,-0.084491864,0.8966727,0.32671398,-0.1158043,0.9032618,0.2678489,0.016981002,0.868737,0.31511682,-0.05409528,0.8880749,0.18378422,-0.006039824336767197,0.27784955501556396,-0.014333341270685196
