frame,Ankle.R_x,Ankle.R_y,Ankle.R_z,Knee.R_x,Knee.R_y,Knee.R_z,Hip.R_x,Hip.R_y,Hip.R_z,Hip.L_x,Hip.L_y,Hip.L_z,Knee.L_x,Knee.L_y,Knee.L_z,Ankle.L_x,Ankle.L_y,Ankle.L_z,Wrist.R_x,Wrist.R_y,Wrist.R_z,Elbow.R_x,Elbow.R_y,Elbow.R_z,Shoulder.R_x,Shoulder.R_y,Shoulder.R_z,Shoulder.L_x,Shoulder.L_y,Shoulder.L_z,Elbow.L_x,Elbow.L_y,Elbow.L_z,Wrist.L_x,Wrist.L_y,Wrist.L_z,Neck_x,Neck_y,Neck_z,Head_x,Head_y,Head_z,Nose_x,Nose_y,Nose_z,Eye.L_x,Eye.L_y,Eye.L_z,Eye.R_x,Eye.R_y,Eye.R_z,Ear.L_x,Ear.L_y,Ear.L_z,Ear.R_x,Ear.R_y,Ear.R_z,hip.Center_x,hip.Center_y,hip.Center_z
0,0.29612634,-0.39487422,0.18735532,0.07618398,-0.1624267,-0.08363471,0.10758094,0.25792116,-0.055183906,-0.11144164,0.2811687,0.018939052,-0.23557223,-0.07140065,-0.16550842,-0.1667113,-0.40296763,0.081842974,0.2126232,0.9489626,-0.3369837,0.29443985,0.72405636,-0.25842655,0.22608441,0.6926321,-0.013905146,0.032404553,0.7833435,0.07004092,-0.06376753,0.99695694,-0.032001548,0.02157868,1.2108096,-0.13859247,0.1389369,0.7651198,0.033140883,0.21399665,0.9403141,0.074822426,0.13322861,0.9395995,-0.05999901,0.13373326,0.95856667,-0.0008768216,0.18961746,0.94188154,-0.03272263,0.11973353,0.8995365,0.0832336,0.24435113,0.8620078,0.0128860995,-0.0019303523004055023,0.26954492926597595,-0.01812242716550827
