frame,Ankle.R_x,Ankle.R_y,Ankle.R_z,Knee.R_x,Knee.R_y,Knee.R_z,Hip.R_x,Hip.R_y,Hip.R_z,Hip.L_x,Hip.L_y,Hip.L_z,Knee.L_x,Knee.L_y,Knee.L_z,Ankle.L_x,Ankle.L_y,Ankle.L_z,Wrist.R_x,Wrist.R_y,Wrist.R_z,Elbow.R_x,Elbow.R_y,Elbow.R_z,Shoulder.R_x,Shoulder.R_y,Shoulder.R_z,Shoulder.L_x,Shoulder.L_y,Shoulder.L_z,Elbow.L_x,Elbow.L_y,Elbow.L_z,Wrist.L_x,Wrist.L_y,Wrist.L_z,Neck_x,Neck_y,Neck_z,Head_x,Head_y,Head_z,Nose_x,Nose_y,Nose_z,Eye.L_x,Eye.L_y,Eye.L_z,Eye.R_x,Eye.R_y,Eye.R_z,Ear.L_x,Ear.L_y,Ear.L_z,Ear.R_x,Ear.R_y,Ear.R_z,hip.Center_x,hip.Center_y,hip.Center_z
0,0.13302125,-0.5305599,-0.21123978,-0.048778433,-0.15070511,-0.12946136,-0.04138472,0.2778691,-0.12828061,0.027649209,0.24889117,0.09901231,-0.14559083,-0.1254104,0.05729658,-0.017704329,-0.53070325,-0.004613717,-0.34749746,1.1846676,0.08114817,-0.20541772,0.98381394,0.008278885,-0.056772042,0.7719513,0.014941978,0.012629809,0.63124275,0.2272521,-0.06549365,0.39625692,0.33386928,-0.30306855,0.3187572,0.33197725,-0.024361135,0.7422136,0.13278972,0.008619764,0.9300222,0.18346657,-0.11285809,0.86201143,0.2555997,-0.053762004,0.88121474,0.2607677,-0.09446941,0.90465164,0.21368429,0.029022574,0.8368707,0.22034767,-0.058405403,0.889523,0.11532712,-0.006867755204439163,0.26338014006614685,-0.014634151011705399
