frame,Ankle.R_x,Ankle.R_y,Ankle.R_z,Knee.R_x,Knee.R_y,Knee.R_z,Hip.R_x,Hip.R_y,Hip.R_z,Hip.L_x,Hip.L_y,Hip.L_z,Knee.L_x,Knee.L_y,Knee.L_z,Ankle.L_x,Ankle.L_y,Ankle.L_z,Wrist.R_x,Wrist.R_y,Wrist.R_z,Elbow.R_x,Elbow.R_y,Elbow.R_z,Shoulder.R_x,Shoulder.R_y,Shoulder.R_z,Shoulder.L_x,Shoulder.L_y,Shoulder.L_z,Elbow.L_x,Elbow.L_y,Elbow.L_z,Wrist.L_x,Wrist.L_y,Wrist.L_z,Neck_x,Neck_y,Neck_z,Head_x,Head_y,Head_z,Nose_x,Nose_y,Nose_z,Eye.L_x,Eye.L_y,Eye.L_z,Eye.R_x,Eye.R_y,Eye.R_z,Ear.L_x,Ear.L_y,Ear.L_z,Ear.R_x,Ear.R_y,Ear.R_z,hip.Center_x,hip.Center_y,hip.Center_z
0,0.08761084,-0.48223203,-0.27543712,-0.11221142,-0.1210976,-0.16729343,-0.035178352,0.29936945,-0.1279581,0.029932108,0.24797912,0.099958695,-0.18563062,-0.09966189,0.038302943,-0.03016623,-0.486419,-0.05965644,-0.4901227,1.0462142,-0.015027451,-0.3110631,0.88877404,-0.101459295,-0.110038,0.76673007,0.027374037,-0.03483992,0.61134624,0.26059958,-0.11339975,0.35039875,0.2434499,-0.34337485,0.41854355,0.19789807,-0.0802812,0.73843855,0.16802317,-0.10936777,0.938284,0.23891939,-0.20590287,0.8257096,0.28934106,-0.1576773,0.86250556,0.30368996,-0.19905366,0.8763661,0.25315452,-0.060566716,0.85274994,0.2716027,-0.1508201,0.88566947,0.15830319,-0.0026231221854686737,0.27367427945137024,-0.013999704271554947
