frame,Ankle.R_x,Ankle.R_y,Ankle.R_z,Knee.R_x,Knee.R_y,Knee.R_z,Hip.R_x,Hip.R_y,Hip.R_z,Hip.L_x,Hip.L_y,Hip.L_z,Knee.L_x,Knee.L_y,Knee.L_z,Ankle.L_x,Ankle.L_y,Ankle.L_z,Wrist.R_x,Wrist.R_y,Wrist.R_z,Elbow.R_x,Elbow.R_y,Elbow.R_z,Shoulder.R_x,Shoulder.R_y,Shoulder.R_z,Shoulder.L_x,Shoulder.L_y,Shoulder.L_z,Elbow.L_x,Elbow.L_y,Elbow.L_z,Wrist.L_x,Wrist.L_y,Wrist.L_z,Neck_x,Neck_y,Neck_z,Head_x,Head_y,Head_z,Nose_x,Nose_y,Nose_z,Eye.L_x,Eye.L_y,Eye.L_z,Eye.R_x,Eye.R_y,Eye.R_z,Ear.L_x,Ear.L_y,Ear.L_z,Ear.R_x,Ear.R_y,Ear.R_z,hip.Center_x,hip.Center_y,hip.Center_z
0,0.2565863,-0.2493317,-0.44397894,-0.031064853,-0.15249793,-0.13359076,-0.11684173,0.29029423,-0.073633045,0.10408799,0.27978304,0.03993565,-0.021509197,-0.1187746,0.11461748,-0.034267746,-0.5327215,-0.030010652,-0.29848358,0.35276595,0.036388986,-0.30947432,0.5797316,-0.08855456,-0.14528197,0.7581713,0.06656005,0.15418276,0.7159462,0.13585393,0.31450516,0.49513987,0.048064757,0.16031693,0.3609878,0.1982551,0.001582047,0.7962962,0.13716145,0.00056956295,1.0098783,0.17455478,-0.11326316,0.9209585,0.24056557,-0.06345155,0.96062124,0.25077245,-0.09396088,0.9580018,0.19081753,0.041119482,0.9356545,0.24612585,-0.029781785,0.93416184,0.110111095,-0.006376869976520538,0.28503865003585815,-0.016848698258399963
