frame,Ankle.R_x,Ankle.R_y,Ankle.R_z,Knee.R_x,Knee.R_y,Knee.R_z,Hip.R_x,Hip.R_y,Hip.R_z,Hip.L_x,Hip.L_y,Hip.L_z,Knee.L_x,Knee.L_y,Knee.L_z,Ankle.L_x,Ankle.L_y,Ankle.L_z,Wrist.R_x,Wrist.R_y,Wrist.R_z,Elbow.R_x,Elbow.R_y,Elbow.R_z,Shoulder.R_x,Shoulder.R_y,Shoulder.R_z,Shoulder.L_x,Shoulder.L_y,Shoulder.L_z,Elbow.L_x,Elbow.L_y,Elbow.L_z,Wrist.L_x,Wrist.L_y,Wrist.L_z,Neck_x,Neck_y,Neck_z,Head_x,Head_y,Head_z,Nose_x,Nose_y,Nose_z,Eye.L_x,Eye.L_y,Eye.L_z,Eye.R_x,Eye.R_y,Eye.R_z,Ear.L_x,Ear.L_y,Ear.L_z,Ear.R_x,Ear.R_y,Ear.R_z,hip.Center_x,hip.Center_y,hip.Center_z
0,0.3060156,-0.45215803,-0.06926285,0.016873546,-0.14922479,-0.049015015,-0.02327878,0.2644426,-0.13290592,0.008902697,0.2536312,0.09718216,-0.24693522,-0.06567071,0.10987078,-0.13668074,-0.46992937,0.1297583,0.011311255,0.98747474,-0.41289088,0.09313052,0.7666973,-0.3440801,0.15608947,0.7148619,-0.10325138,0.11040683,0.72105056,0.12667048,-0.0538438,0.8019147,0.30700365,-0.12334278,1.0348544,0.29123765,0.1337728,0.7492406,0.0094096325,0.17922038,0.9353109,-0.011963934,0.024576679,0.91001016,-0.00081872195,0.07424216,0.9332408,0.027060434,0.072060175,0.9239125,-0.03825424,0.15178862,0.880267,0.06893573,0.1478238,0.8599725,-0.07455005,-0.007188041694462299,0.2590368986129761,-0.017861876636743546
