frame,Ankle.R_x,Ankle.R_y,Ankle.R_z,Knee.R_x,Knee.R_y,Knee.R_z,Hip.R_x,Hip.R_y,Hip.R_z,Hip.L_x,Hip.L_y,Hip.L_z,Knee.L_x,Knee.L_y,Knee.L_z,Ankle.L_x,Ankle.L_y,Ankle.L_z,Wrist.R_x,Wrist.R_y,Wrist.R_z,Elbow.R_x,Elbow.R_y,Elbow.R_z,Shoulder.R_x,Shoulder.R_y,Shoulder.R_z,Shoulder.L_x,Shoulder.L_y,Shoulder.L_z,Elbow.L_x,Elbow.L_y,Elbow.L_z,Wrist.L_x,Wrist.L_y,Wrist.L_z,Neck_x,Neck_y,Neck_z,Head_x,Head_y,Head_z,Nose_x,Nose_y,Nose_z,Eye.L_x,Eye.L_y,Eye.L_z,Eye.R_x,Eye.R_y,Eye.R_z,Ear.L_x,Ear.L_y,Ear.L_z,Ear.R_x,Ear.R_y,Ear.R_z,hip.Center_x,hip.Center_y,hip.Center_z
0,0.285544,-0.24357168,-0.54227006,0.06746838,-0.12864408,-0.18424013,-0.12232237,0.2458643,-0.0598343,0.09962848,0.27846956,0.033201914,0.029195778,-0.104169644,0.16147622,0.020275291,-0.53769666,0.17132139,0.039451472,0.32595518,0.22701126,-0.20611693,0.4122482,0.23412462,-0.22370186,0.6555813,0.11301773,0.042823803,0.7297088,0.09164936,0.30948538,0.71366024,0.023184266,0.47094536,0.6273524,0.19597498,-0.105039515,0.7406552,0.12181799,-0.14199108,0.9375541,0.19314605,-0.22436981,0.8169799,0.24384478,-0.18474019,0.862716,0.25992686,-0.22028732,0.86561567,0.2037247,-0.08158878,0.8652316,0.24107708,-0.16374987,0.87378186,0.11814983,-0.011346947401762009,0.26216691732406616,-0.013316193595528603
