frame,Ankle.R_x,Ankle.R_y,Ankle.R_z,Knee.R_x,Knee.R_y,Knee.R_z,Hip.R_x,Hip.R_y,Hip.R_z,Hip.L_x,Hip.L_y,Hip.L_z,Knee.L_x,Knee.L_y,Knee.L_z,Ankle.L_x,Ankle.L_y,Ankle.L_z,Wrist.R_x,Wrist.R_y,Wrist.R_z,Elbow.R_x,Elbow.R_y,Elbow.R_z,Shoulder.R_x,Shoulder.R_y,Shoulder.R_z,Shoulder.L_x,Shoulder.L_y,Shoulder.L_z,Elbow.L_x,Elbow.L_y,Elbow.L_z,Wrist.L_x,Wrist.L_y,Wrist.L_z,Neck_x,Neck_y,Neck_z,Head_x,Head_y,Head_z,Nose_x,Nose_y,Nose_z,Eye.L_x,Eye.L_y,Eye.L_z,Eye.R_x,Eye.R_y,Eye.R_z,Ear.L_x,Ear.L_y,Ear.L_z,Ear.R_x,Ear.R_y,Ear.R_z,hip.Center_x,hip.Center_y,hip.Center_z
0,0.2922696,-0.48151207,0.009033494,0.029552795,-0.15133648,-0.042044416,-0.004926419,0.26247257,-0.13608027,-0.009108519,0.25179836,0.09768628,-0.24141376,-0.0884608,0.08340581,-0.1512493,-0.5025092,0.12759843,0.07774511,0.9477176,-0.46240583,0.1258679,0.73166335,-0.35089847,0.16012889,0.70402086,-0.09633608,0.08125235,0.7237228,0.13109317,-0.10096321,0.8045151,0.30000854,-0.20053719,1.0296266,0.32839754,0.120067514,0.7466134,0.014759656,0.1548419,0.9360131,-0.016918046,0.00381664,0.90295994,0.008353926,0.05486519,0.9284137,0.03174121,0.046470106,0.9194958,-0.03319526,0.138193,0.8794582,0.06496765,0.12195389,0.85919774,-0.07744493,-0.0070174690335989,0.25713545083999634,-0.019196990877389908
