frame,Ankle.R_x,Ankle.R_y,Ankle.R_z,Knee.R_x,Knee.R_y,Knee.R_z,Hip.R_x,Hip.R_y,Hip.R_z,Hip.L_x,Hip.L_y,Hip.L_z,Knee.L_x,Knee.L_y,Knee.L_z,Ankle.L_x,Ankle.L_y,Ankle.L_z,Wrist.R_x,Wrist.R_y,Wrist.R_z,Elbow.R_x,Elbow.R_y,Elbow.R_z,Shoulder.R_x,Shoulder.R_y,Shoulder.R_z,Shoulder.L_x,Shoulder.L_y,Shoulder.L_z,Elbow.L_x,Elbow.L_y,Elbow.L_z,Wrist.L_x,Wrist.L_y,Wrist.L_z,Neck_x,Neck_y,Neck_z,Head_x,Head_y,Head_z,Nose_x,Nose_y,Nose_z,Eye.L_x,Eye.L_y,Eye.L_z,Eye.R_x,Eye.R_y,Eye.R_z,Ear.L_x,Ear.L_y,Ear.L_z,Ear.R_x,Ear.R_y,Ear.R_z,hip.Center_x,hip.Center_y,hip.Center_z
0,-0.067350626,-0.40510154,-0.40664104,-0.09227809,-0.15219669,-0.066856004,-0.11471835,0.26874268,-0.04466348,0.104909755,0.24745092,0.022156397,-0.032337647,-0.08266659,0.24886528,0.04132804,-0.46132013,0.07478917,-0.22347678,1.028447,-0.038076267,-0.24845189,0.8033982,-0.1478332,-0.0351457,0.69307965,-0.22479887,0.1433028,0.7309046,-0.10483704,0.11247589,0.888122,0.09314237,-0.03270866,1.0905837,0.118693076,0.054867953,0.73634666,-0.17362338,0.06405779,0.9124569,-0.23774034,-0.010949644,0.90313923,-0.09952059,0.040107407,0.922223,-0.12809297,-0.016071603,0.9110988,-0.16122907,0.115532674,0.8622755,-0.16486782,-0.0073972465,0.8392625,-0.23777288,-0.00490429624915123,0.2580968141555786,-0.011253542266786098
