frame,Ankle.R_x,Ankle.R_y,Ankle.R_z,Knee.R_x,Knee.R_y,Knee.R_z,Hip.R_x,Hip.R_y,Hip.R_z,Hip.L_x,Hip.L_y,Hip.L_z,Knee.L_x,Knee.L_y,Knee.L_z,Ankle.L_x,Ankle.L_y,Ankle.L_z,Wrist.R_x,Wrist.R_y,Wrist.R_z,Elbow.R_x,Elbow.R_y,Elbow.R_z,Shoulder.R_x,Shoulder.R_y,Shoulder.R_z,Shoulder.L_x,Shoulder.L_y,Shoulder.L_z,Elbow.L_x,Elbow.L_y,Elbow.L_z,Wrist.L_x,Wrist.L_y,Wrist.L_z,Neck_x,Neck_y,Neck_z,Head_x,Head_y,Head_z,Nose_x,Nose_y,Nose_z,Eye.L_x,Eye.L_y,Eye.L_z,Eye.R_x,Eye.R_y,Eye.R_z,Ear.L_x,Ear.L_y,Ear.L_z,Ear.R_x,Ear.R_y,Ear.R_z,hip.Center_x,hip.Center_y,hip.Center_z
0,0.23751721,-0.236345,-0.60620105,0.033386268,-0.16208321,-0.19455978,-0.1249571,0.26018316,-0.06910526,0.10886375,0.26116863,0.036959756,0.008678649,-0.16335319,0.081928246,-0.048979037,-0.6196768,-0.0013509567,-0.13910796,0.19626723,0.08210481,-0.29759783,0.39433444,-0.018458229,-0.21692051,0.64602745,0.1211203,0.07668352,0.68572855,0.19647427,0.3290499,0.60242766,0.07036093,0.35506234,0.33797657,0.097776815,-0.08387751,0.7170756,0.19782104,-0.116547026,0.9157546,0.26730365,-0.19722672,0.8008299,0.33686823,-0.15297738,0.8468121,0.3443172,-0.19662374,0.8477156,0.2929191,-0.052725717,0.8419801,0.31324345,-0.15098092,0.84775126,0.19917941,-0.008046675473451614,0.26067590713500977,-0.016072751954197884
