frame,Ankle.R_x,Ankle.R_y,Ankle.R_z,Knee.R_x,Knee.R_y,Knee.R_z,Hip.R_x,Hip.R_y,Hip.R_z,Hip.L_x,Hip.L_y,Hip.L_z,Knee.L_x,Knee.L_y,Knee.L_z,Ankle.L_x,Ankle.L_y,Ankle.L_z,Wrist.R_x,Wrist.R_y,Wrist.R_z,Elbow.R_x,Elbow.R_y,Elbow.R_z,Shoulder.R_x,Shoulder.R_y,Shoulder.R_z,Shoulder.L_x,Shoulder.L_y,Shoulder.L_z,Elbow.L_x,Elbow.L_y,Elbow.L_z,Wrist.L_x,Wrist.L_y,Wrist.L_z,Neck_x,Neck_y,Neck_z,Head_x,Head_y,Head_z,Nose_x,Nose_y,Nose_z,Eye.L_x,Eye.L_y,Eye.L_z,Eye.R_x,Eye.R_y,Eye.R_z,Ear.L_x,Ear.L_y,Ear.L_z,Ear.R_x,Ear.R_y,Ear.R_z,hip.Center_x,hip.Center_y,hip.Center_z
0,0.26008865,-0.458995,0.10355554,0.08335608,-0.14364834,-0.10019628,0.0945684,0.27233577,-0.07315182,-0.10700502,0.2792623,0.03399639,-0.15281749,-0.12002203,-0.07258882,-0.044729996,-0.5120795,0.016869126,-0.16079214,0.8768829,-0.41759223,-0.0010552804,0.7205755,-0.3045535,0.16900079,0.7278874,-0.129727,0.024260841,0.78517604,0.0520327,-0.21386135,0.73109436,0.057533637,-0.39419198,0.8881848,0.009289055,0.11750961,0.7929653,-0.050884224,0.17982985,0.9871877,-0.10090062,0.07353531,0.9151269,-0.19086882,0.08367674,0.9605591,-0.14940676,0.13390076,0.9331763,-0.18367508,0.099132545,0.95147,-0.0462157,0.21047285,0.8896262,-0.12386784,-0.006218310445547104,0.275799036026001,-0.019577715545892715
