frame,Ankle.R_x,Ankle.R_y,Ankle.R_z,Knee.R_x,Knee.R_y,Knee.R_z,Hip.R_x,Hip.R_y,Hip.R_z,Hip.L_x,Hip.L_y,Hip.L_z,Knee.L_x,Knee.L_y,Knee.L_z,Ankle.L_x,Ankle.L_y,Ankle.L_z,Wrist.R_x,Wrist.R_y,Wrist.R_z,Elbow.R_x,Elbow.R_y,Elbow.R_z,Shoulder.R_x,Shoulder.R_y,Shoulder.R_z,Shoulder.L_x,Shoulder.L_y,Shoulder.L_z,Elbow.L_x,Elbow.L_y,Elbow.L_z,Wrist.L_x,Wrist.L_y,Wrist.L_z,Neck_x,Neck_y,Neck_z,Head_x,Head_y,Head_z,Nose_x,Nose_y,Nose_z,Eye.L_x,Eye.L_y,Eye.L_z,Eye.R_x,Eye.R_y,Eye.R_z,Ear.L_x,Ear.L_y,Ear.L_z,Ear.R_x,Ear.R_y,Ear.R_z,hip.Center_x,hip.Center_y,hip.Center_z
0,0.306727,-0.4006636,0.12867717,0.056784246,-0.15676257,-0.09810093,0.10505128,0.26101482,-0.062379673,-0.11109417,0.28343,0.024507806,-0.20912568,-0.096602894,-0.12781389,-0.066415,-0.40425795,0.11357802,0.33091664,0.7115342,-0.42352182,0.35911626,0.5431233,-0.2451325,0.24445412,0.66877365,-0.047739163,0.038322497,0.7933121,0.03044236,-0.09042318,0.99110955,-0.0730128,-0.023015466,1.203501,-0.18918478,0.15257542,0.7651969,-0.0073640174,0.24217129,0.9383007,0.019162364,0.13527238,0.9415712,-0.096188985,0.14811729,0.9583533,-0.03760702,0.1960172,0.9435818,-0.081310526,0.15155362,0.89652926,0.04506746,0.25943512,0.86186177,-0.051389392,-0.0030214451253414154,0.2722223997116089,-0.018935933709144592
