frame,Ankle.R_x,Ankle.R_y,Ankle.R_z,Knee.R_x,Knee.R_y,Knee.R_z,Hip.R_x,Hip.R_y,Hip.R_z,Hip.L_x,Hip.L_y,Hip.L_z,Knee.L_x,Knee.L_y,Knee.L_z,Ankle.L_x,Ankle.L_y,Ankle.L_z,Wrist.R_x,Wrist.R_y,Wrist.R_z,Elbow.R_x,Elbow.R_y,Elbow.R_z,Shoulder.R_x,Shoulder.R_y,Shoulder.R_z,Shoulder.L_x,Shoulder.L_y,Shoulder.L_z,Elbow.L_x,Elbow.L_y,Elbow.L_z,Wrist.L_x,Wrist.L_y,Wrist.L_z,Neck_x,Neck_y,Neck_z,Head_x,Head_y,Head_z,Nose_x,Nose_y,Nose_z,Eye.L_x,Eye.L_y,Eye.L_z,Eye.R_x,Eye.R_y,Eye.R_z,Ear.L_x,Ear.L_y,Ear.L_z,Ear.R_x,Ear.R_y,Ear.R_z,hip.Center_x,hip.Center_y,hip.Center_z
0,0.15927982,-0.44358355,-0.27933145,-0.121635154,-0.15406623,-0.11543153,-0.082988515,0.28605598,-0.10920663,0.07732369,0.2508201,0.07625609,-0.11738399,-0.12343613,0.08756587,-0.05628079,-0.539428,-0.04260624,-0.67177594,0.6268994,0.036668297,-0.42415202,0.71310043,0.030313665,-0.15167741,0.72546124,0.10443062,0.06721109,0.5945506,0.24855205,-0.011628464,0.3302346,0.25119048,-0.24540804,0.42278928,0.25761142,-0.03648311,0.7143561,0.20261413,-0.021343784,0.91546077,0.25949943,-0.12414948,0.82574767,0.33770835,-0.070374355,0.85813457,0.3410271,-0.1152814,0.8694037,0.2929322,0.021445129,0.829088,0.30197096,-0.07711567,0.85772955,0.19586079,-0.0028324127197265625,0.26843804121017456,-0.016475271433591843
