frame,Ankle.R_x,Ankle.R_y,Ankle.R_z,Knee.R_x,Knee.R_y,Knee.R_z,Hip.R_x,Hip.R_y,Hip.R_z,Hip.L_x,Hip.L_y,Hip.L_z,Knee.L_x,Knee.L_y,Knee.L_z,Ankle.L_x,Ankle.L_y,Ankle.L_z,Wrist.R_x,Wrist.R_y,Wrist.R_z,Elbow.R_x,Elbow.R_y,Elbow.R_z,Shoulder.R_x,Shoulder.R_y,Shoulder.R_z,Shoulder.L_x,Shoulder.L_y,Shoulder.L_z,Elbow.L_x,Elbow.L_y,Elbow.L_z,Wrist.L_x,Wrist.L_y,Wrist.L_z,Neck_x,Neck_y,Neck_z,Head_x,Head_y,Head_z,Nose_x,Nose_y,Nose_z,Eye.L_x,Eye.L_y,Eye.L_z,Eye.R_x,Eye.R_y,Eye.R_z,Ear.L_x,Ear.L_y,Ear.L_z,Ear.R_x,Ear.R_y,Ear.R_z,hip.Center_x,hip.Center_y,hip.Center_z
0,0.3163375,-0.24071272,-0.5226878,0.049659617,-0.16739249,-0.15675949,-0.1267257,0.2561401,-0.061654404,0.11067076,0.2677152,0.03121685,0.025891839,-0.16856669,0.035902314,-0.027878126,-0.58724046,-0.15444633,-0.16706216,0.19024962,0.13537084,-0.30666023,0.3854707,0.010083353,-0.22522168,0.65371126,0.1095758,0.07299159,0.69925797,0.17016518,0.30251902,0.56585735,0.043737564,0.30250734,0.30615446,0.09713176,-0.09058479,0.7336014,0.17500848,-0.13101733,0.93753755,0.23900548,-0.21256019,0.8201118,0.3018312,-0.17056149,0.86746484,0.31259832,-0.2099413,0.86697185,0.2580451,-0.067755505,0.86605895,0.28989726,-0.15690038,0.86847496,0.16862802,-0.008027471601963043,0.26192766427993774,-0.015218776650726795
