frame,Ankle.R_x,Ankle.R_y,Ankle.R_z,Knee.R_x,Knee.R_y,Knee.R_z,Hip.R_x,Hip.R_y,Hip.R_z,Hip.L_x,Hip.L_y,Hip.L_z,Knee.L_x,Knee.L_y,Knee.L_z,Ankle.L_x,Ankle.L_y,Ankle.L_z,Wrist.R_x,Wrist.R_y,Wrist.R_z,Elbow.R_x,Elbow.R_y,Elbow.R_z,Shoulder.R_x,Shoulder.R_y,Shoulder.R_z,Shoulder.L_x,Shoulder.L_y,Shoulder.L_z,Elbow.L_x,Elbow.L_y,Elbow.L_z,Wrist.L_x,Wrist.L_y,Wrist.L_z,Neck_x,Neck_y,Neck_z,Head_x,Head_y,Head_z,Nose_x,Nose_y,Nose_z,Eye.L_x,Eye.L_y,Eye.L_z,Eye.R_x,Eye.R_y,Eye.R_z,Ear.L_x,Ear.L_y,Ear.L_z,Ear.R_x,Ear.R_y,Ear.R_z,hip.Center_x,hip.Center_y,hip.Center_z
0,0.23945758,-0.30173773,-0.50820243,0.03198022,-0.1517076,-0.15029581,-0.120854415,0.2579803,-0.069498144,0.10045461,0.27855322,0.03762961,0.030205041,-0.12508796,0.13341574,0.030238293,-0.56407726,0.094459474,-0.036705658,0.30259314,0.10843843,-0.27353626,0.39944127,0.051421218,-0.21998441,0.67420214,0.062329233,0.058027443,0.74260587,0.10869583,0.33341664,0.7238095,0.060538933,0.50206983,0.5740638,0.18543875,-0.094943434,0.7580627,0.11061919,-0.13782519,0.9576065,0.17097452,-0.22284828,0.8404954,0.22838242,-0.1827737,0.88747156,0.24203488,-0.21717608,0.8863523,0.18460982,-0.07837023,0.8879767,0.2266549,-0.15774368,0.88778603,0.09925461,-0.010199900716543198,0.2682667374610901,-0.01593426614999771
