frame,Ankle.R_x,Ankle.R_y,Ankle.R_z,Knee.R_x,Knee.R_y,Knee.R_z,Hip.R_x,Hip.R_y,Hip.R_z,Hip.L_x,Hip.L_y,Hip.L_z,Knee.L_x,Knee.L_y,Knee.L_z,Ankle.L_x,Ankle.L_y,Ankle.L_z,Wrist.R_x,Wrist.R_y,Wrist.R_z,Elbow.R_x,Elbow.R_y,Elbow.R_z,Shoulder.R_x,Shoulder.R_y,Shoulder.R_z,Shoulder.L_x,Shoulder.L_y,Shoulder.L_z,Elbow.L_x,Elbow.L_y,Elbow.L_z,Wrist.L_x,Wrist.L_y,Wrist.L_z,Neck_x,Neck_y,Neck_z,Head_x,Head_y,Head_z,Nose_x,Nose_y,Nose_z,Eye.L_x,Eye.L_y,Eye.L_z,Eye.R_x,Eye.R_y,Eye.R_z,Ear.L_x,Ear.L_y,Ear.L_z,Ear.R_x,Ear.R_y,Ear.R_z,hip.Center_x,hip.Center_y,hip.Center_z
0,0.22424407,-0.35079873,-0.4573891,0.011951704,-0.15988791,-0.12658477,-0.11753501,0.25874043,-0.07514935,0.09845462,0.2772393,0.042012136,0.0028687601,-0.11987474,0.13739736,0.004598053,-0.5559422,0.09434801,-0.051998623,0.3172233,0.1317265,-0.29166844,0.3994046,0.075631395,-0.2266098,0.6707243,0.065195054,0.04547451,0.7484422,0.09435753,0.31271693,0.7639564,0.020868832,0.4711931,0.66734314,0.19262011,-0.10590124,0.75515944,0.105425686,-0.1525214,0.9516837,0.16352345,-0.24899007,0.8347132,0.19949703,-0.21276927,0.88066065,0.22226673,-0.23355004,0.8808944,0.15883645,-0.106938735,0.8801229,0.22993849,-0.1574179,0.8832983,0.088657014,-0.009540196508169174,0.2679898738861084,-0.016568606719374657
