frame,Ankle.R_x,Ankle.R_y,Ankle.R_z,Knee.R_x,Knee.R_y,Knee.R_z,Hip.R_x,Hip.R_y,Hip.R_z,Hip.L_x,Hip.L_y,Hip.L_z,Knee.L_x,Knee.L_y,Knee.L_z,Ankle.L_x,Ankle.L_y,Ankle.L_z,Wrist.R_x,Wrist.R_y,Wrist.R_z,Elbow.R_x,Elbow.R_y,Elbow.R_z,Shoulder.R_x,Shoulder.R_y,Shoulder.R_z,Shoulder.L_x,Shoulder.L_y,Shoulder.L_z,Elbow.L_x,Elbow.L_y,Elbow.L_z,Wrist.L_x,Wrist.L_y,Wrist.L_z,Neck_x,Neck_y,Neck_z,Head_x,Head_y,Head_z,Nose_x,Nose_y,Nose_z,Eye.L_x,Eye.L_y,Eye.L_z,Eye.R_x,Eye.R_y,Eye.R_z,Ear.L_x,Ear.L_y,Ear.L_z,Ear.R_x,Ear.R_y,Ear.R_z,hip.Center_x,hip.Center_y,hip.Center_z
0,0.33223426,-0.45511264,-0.018974328,0.03748972,-0.15134662,-0.05777224,-0.014347319,0.26445132,-0.1364507,-0.0016217957,0.25064203,0.098098606,-0.23149113,-0.09218797,0.0825558,-0.11472307,-0.49741945,0.13075516,-0.05189443,1.0406457,-0.35713154,0.038105413,0.8165131,-0.30013573,0.13376907,0.72802854,-0.07665892,0.11822925,0.69736296,0.16290072,0.014711296,0.6951164,0.40277976,-0.079830416,0.8949351,0.509556,0.12297473,0.74637043,0.04409143,0.15616958,0.93759173,0.043795135,0.007264789,0.8992278,0.07468215,0.05997534,0.9211829,0.09802297,0.046885204,0.9227209,0.03324049,0.14577699,0.8683015,0.116604626,0.11823745,0.871088,-0.02568058,-0.007984557189047337,0.25754666328430176,-0.019176043570041656
