frame,Ankle.R_x,Ankle.R_y,Ankle.R_z,Knee.R_x,Knee.R_y,Knee.R_z,Hip.R_x,Hip.R_y,Hip.R_z,Hip.L_x,Hip.L_y,Hip.L_z,Knee.L_x,Knee.L_y,Knee.L_z,Ankle.L_x,Ankle.L_y,Ankle.L_z,Wrist.R_x,Wrist.R_y,Wrist.R_z,Elbow.R_x,Elbow.R_y,Elbow.R_z,Shoulder.R_x,Shoulder.R_y,Shoulder.R_z,Shoulder.L_x,Shoulder.L_y,Shoulder.L_z,Elbow.L_x,Elbow.L_y,Elbow.L_z,Wrist.L_x,Wrist.L_y,Wrist.L_z,Neck_x,Neck_y,Neck_z,Head_x,Head_y,Head_z,Nose_x,Nose_y,Nose_z,Eye.L_x,Eye.L_y,Eye.L_z,Eye.R_x,Eye.R_y,Eye.R_z,Ear.L_x,Ear.L_y,Ear.L_z,Ear.R_x,Ear.R_y,Ear.R_z,hip.Center_x,hip.Center_y,hip.Center_z
0,0.24823679,-0.42061114,0.17635024,0.04729523,-0.15729938,-0.07558697,0.10926966,0.2615654,-0.04880239,-0.115356855,0.28539547,0.009870765,-0.17481023,-0.10663366,-0.1380827,-0.06464791,-0.4024911,0.1334769,0.34507227,0.74245405,-0.43945315,0.36286092,0.57921815,-0.25259078,0.23989567,0.6824556,-0.049101643,0.023583274,0.79795647,0.001002491,-0.13770866,0.967087,-0.11028235,-0.12863752,1.1920427,-0.22102565,0.14386307,0.7737415,-0.02508287,0.22967987,0.9502089,-0.008130542,0.13540684,0.939742,-0.13385332,0.14193082,0.9626813,-0.0762436,0.19424595,0.9439235,-0.11283249,0.13683794,0.9100543,0.012798727,0.2542118,0.8666775,-0.06790182,-0.00304359570145607,0.2734804153442383,-0.019465813413262367
