frame,Ankle.R_x,Ankle.R_y,Ankle.R_z,Knee.R_x,Knee.R_y,Knee.R_z,Hip.R_x,Hip.R_y,Hip.R_z,Hip.L_x,Hip.L_y,Hip.L_z,Knee.L_x,Knee.L_y,Knee.L_z,Ankle.L_x,Ankle.L_y,Ankle.L_z,Wrist.R_x,Wrist.R_y,Wrist.R_z,Elbow.R_x,Elbow.R_y,Elbow.R_z,Shoulder.R_x,Shoulder.R_y,Shoulder.R_z,Shoulder.L_x,Shoulder.L_y,Shoulder.L_z,Elbow.L_x,Elbow.L_y,Elbow.L_z,Wrist.L_x,Wrist.L_y,Wrist.L_z,Neck_x,Neck_y,Neck_z,Head_x,Head_y,Head_z,Nose_x,Nose_y,Nose_z,Eye.L_x,Eye.L_y,Eye.L_z,Eye.R_x,Eye.R_y,Eye.R_z,Ear.L_x,Ear.L_y,Ear.L_z,Ear.R_x,Ear.R_y,Ear.R_z,hip.Center_x,hip.Center_y,hip.Center_z
0,0.3902169,-0.30159712,0.13285194,0.11767206,-0.141544,-0.1335894,0.104213,0.26638246,-0.06045734,-0.111668155,0.28078043,0.02817464,-0.22546323,-0.07370764,-0.16109999,-0.07685273,-0.34516147,0.1099239,0.25033057,0.8180605,-0.45847112,0.29788178,0.6282394,-0.3029013,0.23190716,0.6752398,-0.05581279,0.045686428,0.793208,0.055136345,-0.04757567,1.0140318,-0.030241186,0.04932467,1.1897002,-0.18341374,0.15078472,0.7645916,0.0034013318,0.239512,0.9359163,0.04354644,0.14936954,0.9425124,-0.08510127,0.15512867,0.96001554,-0.025476985,0.2077773,0.9414753,-0.061746746,0.14344905,0.8992293,0.057978705,0.2620819,0.8574095,-0.022503503,-0.0037275776267051697,0.27358144521713257,-0.01614135131239891
