frame,Ankle.R_x,Ankle.R_y,Ankle.R_z,Knee.R_x,Knee.R_y,Knee.R_z,Hip.R_x,Hip.R_y,Hip.R_z,Hip.L_x,Hip.L_y,Hip.L_z,Knee.L_x,Knee.L_y,Knee.L_z,Ankle.L_x,Ankle.L_y,Ankle.L_z,Wrist.R_x,Wrist.R_y,Wrist.R_z,Elbow.R_x,Elbow.R_y,Elbow.R_z,Shoulder.R_x,Shoulder.R_y,Shoulder.R_z,Shoulder.L_x,Shoulder.L_y,Shoulder.L_z,Elbow.L_x,Elbow.L_y,Elbow.L_z,Wrist.L_x,Wrist.L_y,Wrist.L_z,Neck_x,Neck_y,Neck_z,Head_x,Head_y,Head_z,Nose_x,Nose_y,Nose_z,Eye.L_x,Eye.L_y,Eye.L_z,Eye.R_x,Eye.R_y,Eye.R_z,Ear.L_x,Ear.L_y,Ear.L_z,Ear.R_x,Ear.R_y,Ear.R_z,hip.Center_x,hip.Center_y,hip.Center_z
0,0.26354384,-0.28479677,-0.5100302,0.042404205,-0.15215684,-0.15480976,-0.119894594,0.25138536,-0.07049909,0.099352755,0.27836388,0.03810963,0.0190509,-0.115390524,0.15530328,0.015680237,-0.5543521,0.12839323,-0.018435987,0.3176459,0.17449509,-0.26362956,0.39518774,0.1258361,-0.22863527,0.6643146,0.07056693,0.0459155,0.7365482,0.08926284,0.31359056,0.70907784,0.015232772,0.5057475,0.603882,0.14774095,-0.106728986,0.7498506,0.10212353,-0.15010947,0.9485508,0.15858784,-0.24182197,0.8327013,0.20610428,-0.20348552,0.87891835,0.2243098,-0.23098859,0.8783035,0.1634913,-0.09801726,0.8785061,0.22030687,-0.16289343,0.8791946,0.08581379,-0.010270919650793076,0.2648746371269226,-0.01619473099708557
