frame,Ankle.R_x,Ankle.R_y,Ankle.R_z,Knee.R_x,Knee.R_y,Knee.R_z,Hip.R_x,Hip.R_y,Hip.R_z,Hip.L_x,Hip.L_y,Hip.L_z,Knee.L_x,Knee.L_y,Knee.L_z,Ankle.L_x,Ankle.L_y,Ankle.L_z,Wrist.R_x,Wrist.R_y,Wrist.R_z,Elbow.R_x,Elbow.R_y,Elbow.R_z,Shoulder.R_x,Shoulder.R_y,Shoulder.R_z,Shoulder.L_x,Shoulder.L_y,Shoulder.L_z,Elbow.L_x,Elbow.L_y,Elbow.L_z,Wrist.L_x,Wrist.L_y,Wrist.L_z,Neck_x,Neck_y,Neck_z,Head_x,Head_y,Head_z,Nose_x,Nose_y,Nose_z,Eye.L_x,Eye.L_y,Eye.L_z,Eye.R_x,Eye.R_y,Eye.R_z,Ear.L_x,Ear.L_y,Ear.L_z,Ear.R_x,Ear.R_y,Ear.R_z,hip.Center_x,hip.Center_y,hip.Center_z
0,0.36881828,-0.36771032,-0.2534666,0.040516894,-0.14226231,-0.116090246,-0.035721157,0.26973337,-0.12644958,0.017125696,0.25336516,0.09788454,-0.24158482,-0.07498816,0.102156594,-0.041966565,-0.4416325,0.06369302,-0.033778187,1.0950633,-0.16001098,0.034785062,0.88110924,-0.26970673,0.1619821,0.7174693,-0.12773335,0.13553804,0.7383276,0.082972616,-0.030434305,0.8891556,0.20103946,-0.114221364,1.0903186,0.085484125,0.15050676,0.7515336,-0.027687415,0.18992466,0.93916166,-0.04547579,0.035217635,0.90848094,-0.042634062,0.082324535,0.93254113,-0.011692697,0.0844358,0.9250504,-0.07731723,0.15953982,0.88049436,0.032178868,0.16419965,0.8648597,-0.11160016,-0.009297730401158333,0.2615492641925812,-0.014282520860433578
