frame,Ankle.R_x,Ankle.R_y,Ankle.R_z,Knee.R_x,Knee.R_y,Knee.R_z,Hip.R_x,Hip.R_y,Hip.R_z,Hip.L_x,Hip.L_y,Hip.L_z,Knee.L_x,Knee.L_y,Knee.L_z,Ankle.L_x,Ankle.L_y,Ankle.L_z,Wrist.R_x,Wrist.R_y,Wrist.R_z,Elbow.R_x,Elbow.R_y,Elbow.R_z,Shoulder.R_x,Shoulder.R_y,Shoulder.R_z,Shoulder.L_x,Shoulder.L_y,Shoulder.L_z,Elbow.L_x,Elbow.L_y,Elbow.L_z,Wrist.L_x,Wrist.L_y,Wrist.L_z,Neck_x,Neck_y,Neck_z,Head_x,Head_y,Head_z,Nose_x,Nose_y,Nose_z,Eye.L_x,Eye.L_y,Eye.L_z,Eye.R_x,Eye.R_y,Eye.R_z,Ear.L_x,Ear.L_y,Ear.L_z,Ear.R_x,Ear.R_y,Ear.R_z,hip.Center_x,hip.Center_y,hip.Center_z
0,0.18987796,-0.53109187,-0.0019208476,0.09500339,-0.1349681,-0.10397523,0.09940706,0.28113586,-0.06571679,-0.113638796,0.2711528,0.02012733,-0.09767557,-0.13418263,-0.063415095,-0.06894559,-0.55318284,-0.03991814,-0.32087272,0.9037927,-0.2698182,-0.08997695,0.7970011,-0.24004278,0.106501125,0.7661868,-0.08477605,-0.049469598,0.7390441,0.12482077,-0.20286444,0.5322151,0.12771556,-0.42294624,0.603542,0.061059073,0.044767864,0.80429846,0.019895727,0.091030076,1.0119007,0.040925145,-0.0047357157,0.9641366,-0.073736705,0.000111164525,0.9939848,-0.018646741,0.053438358,0.98433536,-0.057368383,0.013381608,0.9519175,0.07581614,0.13294566,0.9317372,-0.010786181,-0.007115866988897324,0.2761443257331848,-0.022794729098677635
