frame,Ankle.R_x,Ankle.R_y,Ankle.R_z,Knee.R_x,Knee.R_y,Knee.R_z,Hip.R_x,Hip.R_y,Hip.R_z,Hip.L_x,Hip.L_y,Hip.L_z,Knee.L_x,Knee.L_y,Knee.L_z,Ankle.L_x,Ankle.L_y,Ankle.L_z,Wrist.R_x,Wrist.R_y,Wrist.R_z,Elbow.R_x,Elbow.R_y,Elbow.R_z,Shoulder.R_x,Shoulder.R_y,Shoulder.R_z,Shoulder.L_x,Shoulder.L_y,Shoulder.L_z,Elbow.L_x,Elbow.L_y,Elbow.L_z,Wrist.L_x,Wrist.L_y,Wrist.L_z,Neck_x,Neck_y,Neck_z,Head_x,Head_y,Head_z,Nose_x,Nose_y,Nose_z,Eye.L_x,Eye.L_y,Eye.L_z,Eye.R_x,Eye.R_y,Eye.R_z,Ear.L_x,Ear.L_y,Ear.L_z,Ear.R_x,Ear.R_y,Ear.R_z,hip.Center_x,hip.Center_y,hip.Center_z
0,0.0881733,-0.55364174,-0.18220185,-0.01729727,-0.14327352,-0.14525637,-0.017069038,0.28142995,-0.13436835,4.8130285e-05,0.24115194,0.10040333,-0.12606692,-0.144216,0.011022416,-0.091342315,-0.5677483,-0.042394735,-0.15139747,1.0215365,-0.26341817,-0.07142536,0.7936524,-0.31587747,0.038063303,0.73551524,-0.08493777,0.046346143,0.73346746,0.16591258,-0.009958714,0.82679796,0.4047629,-0.085206166,1.0405184,0.5114584,0.03633136,0.76810384,0.047211222,0.07440361,0.95750904,0.040873457,-0.0357477,0.9219766,0.14835149,0.023855455,0.9352722,0.13883188,-0.023986168,0.9509795,0.0950039,0.095744334,0.87526464,0.09748061,-0.008046761,0.9084283,-0.003304813,-0.008510453626513481,0.26129093766212463,-0.016982506960630417
