frame,Ankle.R_x,Ankle.R_y,Ankle.R_z,Knee.R_x,Knee.R_y,Knee.R_z,Hip.R_x,Hip.R_y,Hip.R_z,Hip.L_x,Hip.L_y,Hip.L_z,Knee.L_x,Knee.L_y,Knee.L_z,Ankle.L_x,Ankle.L_y,Ankle.L_z,Wrist.R_x,Wrist.R_y,Wrist.R_z,Elbow.R_x,Elbow.R_y,Elbow.R_z,Shoulder.R_x,Shoulder.R_y,Shoulder.R_z,Shoulder.L_x,Shoulder.L_y,Shoulder.L_z,Elbow.L_x,Elbow.L_y,Elbow.L_z,Wrist.L_x,Wrist.L_y,Wrist.L_z,Neck_x,Neck_y,Neck_z,Head_x,Head_y,Head_z,Nose_x,Nose_y,Nose_z,Eye.L_x,Eye.L_y,Eye.L_z,Eye.R_x,Eye.R_y,Eye.R_z,Ear.L_x,Ear.L_y,Ear.L_z,Ear.R_x,Ear.R_y,Ear.R_z,hip.Center_x,hip.Center_y,hip.Center_z
0,0.27731317,-0.43799055,0.110166945,0.086561024,-0.13993526,-0.101444684,0.09377578,0.2744173,-0.07341525,-0.10721343,0.28102,0.033146676,-0.13684142,-0.12168176,-0.059312057,-0.030321103,-0.51317215,0.022427108,-0.18051307,0.8683157,-0.37656623,-0.013104942,0.70304596,-0.29495835,0.17070404,0.7258414,-0.1396825,0.026150493,0.79104626,0.043793865,-0.21075371,0.7348087,0.037529357,-0.37816584,0.89898986,-0.024708044,0.12087552,0.79562896,-0.06075112,0.18004279,0.9909807,-0.12346613,0.0741376,0.9093594,-0.20510837,0.08379577,0.95789844,-0.16717547,0.13408725,0.92978454,-0.20076422,0.10194963,0.95654833,-0.06396639,0.21380535,0.8929872,-0.14019732,-0.006718825548887253,0.2777186632156372,-0.02013428695499897
