frame,Ankle.R_x,Ankle.R_y,Ankle.R_z,Knee.R_x,Knee.R_y,Knee.R_z,Hip.R_x,Hip.R_y,Hip.R_z,Hip.L_x,Hip.L_y,Hip.L_z,Knee.L_x,Knee.L_y,Knee.L_z,Ankle.L_x,Ankle.L_y,Ankle.L_z,Wrist.R_x,Wrist.R_y,Wrist.R_z,Elbow.R_x,Elbow.R_y,Elbow.R_z,Shoulder.R_x,Shoulder.R_y,Shoulder.R_z,Shoulder.L_x,Shoulder.L_y,Shoulder.L_z,Elbow.L_x,Elbow.L_y,Elbow.L_z,Wrist.L_x,Wrist.L_y,Wrist.L_z,Neck_x,Neck_y,Neck_z,Head_x,Head_y,Head_z,Nose_x,Nose_y,Nose_z,Eye.L_x,Eye.L_y,Eye.L_z,Eye.R_x,Eye.R_y,Eye.R_z,Ear.L_x,Ear.L_y,Ear.L_z,Ear.R_x,Ear.R_y,Ear.R_z,hip.Center_x,hip.Center_y,hip.Center_z
0,-0.047525924,-0.6250919,-0.05495253,0.063376896,-0.17533572,0.041288245,-0.021283748,0.27255124,0.10775183,0.014182061,0.2864124,-0.14778522,0.10698866,-0.15038006,-0.16882409,-0.0019518628,-0.6098013,-0.23754829,0.06157658,0.1846549,0.30549416,-0.008975409,0.452106,0.25955862,0.04325767,0.7225474,0.14945683,0.06281933,0.72160625,-0.16643304,0.040150758,0.44851097,-0.2852524,0.13752122,0.19863358,-0.35679814,0.07647705,0.7961448,-0.006738457,0.07980861,1.0174032,0.020367404,0.21195397,0.9369322,0.053713143,0.18385702,0.979637,0.014581092,0.1581476,0.9651207,0.07573619,0.11570414,0.9598671,-0.065082416,0.058278665,0.9288858,0.07385829,-0.003550843335688114,0.27948182821273804,-0.020016692578792572
