frame,Ankle.R_x,Ankle.R_y,Ankle.R_z,Knee.R_x,Knee.R_y,Knee.R_z,Hip.R_x,Hip.R_y,Hip.R_z,Hip.L_x,Hip.L_y,Hip.L_z,Knee.L_x,Knee.L_y,Knee.L_z,Ankle.L_x,Ankle.L_y,Ankle.L_z,Wrist.R_x,Wrist.R_y,Wrist.R_z,Elbow.R_x,Elbow.R_y,Elbow.R_z,Shoulder.R_x,Shoulder.R_y,Shoulder.R_z,Shoulder.L_x,Shoulder.L_y,Shoulder.L_z,Elbow.L_x,Elbow.L_y,Elbow.L_z,Wrist.L_x,Wrist.L_y,Wrist.L_z,Neck_x,Neck_y,Neck_z,Head_x,Head_y,Head_z,Nose_x,Nose_y,Nose_z,Eye.L_x,Eye.L_y,Eye.L_z,Eye.R_x,Eye.R_y,Eye.R_z,Ear.L_x,Ear.L_y,Ear.L_z,Ear.R_x,Ear.R_y,Ear.R_z,hip.Center_x,hip.Center_y,hip.Center_z
0,0.14501925,-0.29464638,-0.07428595,0.3306173,0.07631242,0.07068844,-0.024680795,0.26767275,0.11823377,-0.02971511,0.31702155,-0.14847852,0.3213263,0.14258343,-0.19577698,0.13849945,-0.2606288,-0.23486906,0.098109804,0.04619696,0.19398858,0.15819463,0.31749666,0.22799075,0.28980687,0.57148564,0.17556497,0.2862844,0.6174992,-0.14050059,0.15731049,0.38235366,-0.25406426,0.12580498,0.10707584,-0.27282143,0.3351838,0.65300345,0.024806304,0.4019941,0.85384023,0.06302372,0.5217525,0.7490548,0.04764362,0.4902106,0.7987184,0.020831998,0.4843369,0.7826034,0.087713175,0.39572483,0.79894024,-0.032283895,0.383048,0.76313597,0.12139502,-0.027197953313589096,0.29234713315963745,-0.015122376382350922
