frame,Ankle.R_x,Ankle.R_y,Ankle.R_z,Knee.R_x,Knee.R_y,Knee.R_z,Hip.R_x,Hip.R_y,Hip.R_z,Hip.L_x,Hip.L_y,Hip.L_z,Knee.L_x,Knee.L_y,Knee.L_z,Ankle.L_x,Ankle.L_y,Ankle.L_z,Wrist.R_x,Wrist.R_y,Wrist.R_z,Elbow.R_x,Elbow.R_y,Elbow.R_z,Shoulder.R_x,Shoulder.R_y,Shoulder.R_z,Shoulder.L_x,Shoulder.L_y,Shoulder.L_z,Elbow.L_x,Elbow.L_y,Elbow.L_z,Wrist.L_x,Wrist.L_y,Wrist.L_z,Neck_x,Neck_y,Neck_z,Head_x,Head_y,Head_z,Nose_x,Nose_y,Nose_z,Eye.L_x,Eye.L_y,Eye.L_z,Eye.R_x,Eye.R_y,Eye.R_z,Ear.L_x,Ear.L_y,Ear.L_z,Ear.R_x,Ear.R_y,Ear.R_z,hip.Center_x,hip.Center_y,hip.Center_z
0,-0.23140387,-0.5645328,-0.37789315,-0.15859284,-0.20236509,-0.04985358,-0.13256255,0.26054874,-0.02004803,0.12519327,0.2603598,-0.014921189,0.16650048,-0.19823962,-0.03083393,0.24213424,-0.58795476,-0.33068907,-0.30242002,0.14639953,-0.01288023,-0.25073028,0.42052406,-0.07728186,-0.1612341,0.693498,0.004398115,0.14431036,0.7004619,0.018225133,0.241782,0.42843336,-0.061025836,0.29267654,0.15485469,-0.009312686,-0.010515128,0.7653628,0.044002566,-0.034339644,0.9781543,0.08798871,-0.045860928,0.874391,0.20583585,-0.01132866,0.92148185,0.17961156,-0.07648906,0.9134529,0.16398837,0.05034183,0.91405135,0.096206225,-0.09476136,0.8972504,0.061613884,-0.0036846399307250977,0.2604542672634125,-0.01748460903763771
