frame,Ankle.R_x,Ankle.R_y,Ankle.R_z,Knee.R_x,Knee.R_y,Knee.R_z,Hip.R_x,Hip.R_y,Hip.R_z,Hip.L_x,Hip.L_y,Hip.L_z,Knee.L_x,Knee.L_y,Knee.L_z,Ankle.L_x,Ankle.L_y,Ankle.L_z,Wrist.R_x,Wrist.R_y,Wrist.R_z,Elbow.R_x,Elbow.R_y,Elbow.R_z,Shoulder.R_x,Shoulder.R_y,Shoulder.R_z,Shoulder.L_x,Shoulder.L_y,Shoulder.L_z,Elbow.L_x,Elbow.L_y,Elbow.L_z,Wrist.L_x,Wrist.L_y,Wrist.L_z,Neck_x,Neck_y,Neck_z,Head_x,Head_y,Head_z,Nose_x,Nose_y,Nose_z,Eye.L_x,Eye.L_y,Eye.L_z,Eye.R_x,Eye.R_y,Eye.R_z,Ear.L_x,Ear.L_y,Ear.L_z,Ear.R_x,Ear.R_y,Ear.R_z,hip.Center_x,hip.Center_y,hip.Center_z
0,-0.2524706,-0.51824015,-0.24185677,-0.22040458,-0.16167648,0.08211182,-0.13191755,0.26699233,-0.042344898,0.12702462,0.2589169,-0.011601503,0.16725174,-0.18420847,0.082265824,0.24914038,-0.5508776,-0.23274133,-0.3158942,0.14280975,-0.0768008,-0.24698469,0.4191509,-0.06587592,-0.15485781,0.66914773,0.06978181,0.15061593,0.6600963,0.11920951,0.26809078,0.4049069,0.01383267,0.32816195,0.12929052,0.014064995,-0.0074545136,0.72552365,0.13962528,-0.03621701,0.91981983,0.24505651,-0.071411885,0.7841563,0.31250978,-0.032614473,0.8336835,0.31228554,-0.092807665,0.83660674,0.28255242,0.045090325,0.85176957,0.245614,-0.0899155,0.858675,0.18053916,-0.0024464651942253113,0.26295462250709534,-0.02697320096194744
