frame,Ankle.R_x,Ankle.R_y,Ankle.R_z,Knee.R_x,Knee.R_y,Knee.R_z,Hip.R_x,Hip.R_y,Hip.R_z,Hip.L_x,Hip.L_y,Hip.L_z,Knee.L_x,Knee.L_y,Knee.L_z,Ankle.L_x,Ankle.L_y,Ankle.L_z,Wrist.R_x,Wrist.R_y,Wrist.R_z,Elbow.R_x,Elbow.R_y,Elbow.R_z,Shoulder.R_x,Shoulder.R_y,Shoulder.R_z,Shoulder.L_x,Shoulder.L_y,Shoulder.L_z,Elbow.L_x,Elbow.L_y,Elbow.L_z,Wrist.L_x,Wrist.L_y,Wrist.L_z,Neck_x,Neck_y,Neck_z,Head_x,Head_y,Head_z,Nose_x,Nose_y,Nose_z,Eye.L_x,Eye.L_y,Eye.L_z,Eye.R_x,Eye.R_y,Eye.R_z,Ear.L_x,Ear.L_y,Ear.L_z,Ear.R_x,Ear.R_y,Ear.R_z,hip.Center_x,hip.Center_y,hip.Center_z
0,0.13423076,-0.3034958,-0.007329612,0.32403135,0.07600802,0.1117189,-0.034870103,0.27451673,0.114630654,-0.01879787,0.30223086,-0.1554646,0.33316535,0.0998739,-0.15776166,0.08045806,-0.26194453,-0.18071285,0.11023554,0.04191477,0.22604515,0.15198246,0.31850696,0.24148852,0.273131,0.5762342,0.17173298,0.28442875,0.606593,-0.14516278,0.16440925,0.36991096,-0.2683432,0.14569099,0.09414364,-0.2932297,0.32567045,0.6487098,0.020468453,0.40415978,0.8479133,0.047218096,0.51337,0.7323011,0.05858225,0.49119848,0.7812406,0.023273189,0.4747686,0.77288115,0.089588895,0.40517414,0.78432333,-0.0422668,0.36889562,0.7662815,0.109609246,-0.02683398686349392,0.28837379813194275,-0.020416975021362305
