frame,Ankle.R_x,Ankle.R_y,Ankle.R_z,Knee.R_x,Knee.R_y,Knee.R_z,Hip.R_x,Hip.R_y,Hip.R_z,Hip.L_x,Hip.L_y,Hip.L_z,Knee.L_x,Knee.L_y,Knee.L_z,Ankle.L_x,Ankle.L_y,Ankle.L_z,Wrist.R_x,Wrist.R_y,Wrist.R_z,Elbow.R_x,Elbow.R_y,Elbow.R_z,Shoulder.R_x,Shoulder.R_y,Shoulder.R_z,Shoulder.L_x,Shoulder.L_y,Shoulder.L_z,Elbow.L_x,Elbow.L_y,Elbow.L_z,Wrist.L_x,Wrist.L_y,Wrist.L_z,Neck_x,Neck_y,Neck_z,Head_x,Head_y,Head_z,Nose_x,Nose_y,Nose_z,Eye.L_x,Eye.L_y,Eye.L_z,Eye.R_x,Eye.R_y,Eye.R_z,Ear.L_x,Ear.L_y,Ear.L_z,Ear.R_x,Ear.R_y,Ear.R_z,hip.Center_x,hip.Center_y,hip.Center_z
0,-0.07150009,-0.67636836,-0.06695326,-0.00473447,-0.20207313,0.02677232,-0.028101768,0.2574349,0.10570605,0.033676796,0.27503255,-0.14677003,0.024288729,-0.18220043,-0.17391145,-0.038761463,-0.6629003,-0.25081748,-0.060913764,0.13380796,0.2706147,-0.09332684,0.41509128,0.22953954,-0.030191299,0.69932467,0.15909465,0.022598369,0.71856797,-0.14505905,-0.003529762,0.4429184,-0.26281732,0.050921217,0.17506288,-0.33557796,0.01930395,0.7821202,0.014716403,0.036482714,1.0009376,0.047281977,0.16025497,0.90831137,0.08110984,0.13686787,0.95342207,0.041888963,0.110071726,0.9418024,0.103163436,0.06697799,0.9402517,-0.03582982,0.007859836,0.91574,0.10046583,0.0027875136584043503,0.26623374223709106,-0.020531989634037018
