frame,Ankle.R_x,Ankle.R_y,Ankle.R_z,Knee.R_x,Knee.R_y,Knee.R_z,Hip.R_x,Hip.R_y,Hip.R_z,Hip.L_x,Hip.L_y,Hip.L_z,Knee.L_x,Knee.L_y,Knee.L_z,Ankle.L_x,Ankle.L_y,Ankle.L_z,Wrist.R_x,Wrist.R_y,Wrist.R_z,Elbow.R_x,Elbow.R_y,Elbow.R_z,Shoulder.R_x,Shoulder.R_y,Shoulder.R_z,Shoulder.L_x,Shoulder.L_y,Shoulder.L_z,Elbow.L_x,Elbow.L_y,Elbow.L_z,Wrist.L_x,Wrist.L_y,Wrist.L_z,Neck_x,Neck_y,Neck_z,Head_x,Head_y,Head_z,Nose_x,Nose_y,Nose_z,Eye.L_x,Eye.L_y,Eye.L_z,Eye.R_x,Eye.R_y,Eye.R_z,Ear.L_x,Ear.L_y,Ear.L_z,Ear.R_x,Ear.R_y,Ear.R_z,hip.Center_x,hip.Center_y,hip.Center_z
0,0.047983386,-0.50904286,-0.049628716,0.1645681,-0.09809064,0.056202568,-0.022295948,0.28845537,0.10961357,-0.0069811204,0.31077158,-0.14355764,0.22233325,-0.034368787,-0.17266405,0.08213665,-0.45312345,-0.20845884,0.11225415,0.16256338,0.26007634,0.0980196,0.4322825,0.261759,0.18139248,0.6906822,0.17045577,0.18878452,0.7136271,-0.15100926,0.11867121,0.47265106,-0.2928908,0.16518648,0.21399452,-0.34551445,0.22156717,0.7690203,0.013714932,0.26195374,0.98631805,0.03565268,0.388772,0.8917874,0.046404768,0.3572568,0.9356605,0.011275291,0.34346205,0.9260019,0.077194914,0.27219242,0.9223248,-0.05355158,0.24075392,0.9009917,0.0995906,-0.014638533815741539,0.29961347579956055,-0.01697203516960144
