frame,Ankle.R_x,Ankle.R_y,Ankle.R_z,Knee.R_x,Knee.R_y,Knee.R_z,Hip.R_x,Hip.R_y,Hip.R_z,Hip.L_x,Hip.L_y,Hip.L_z,Knee.L_x,Knee.L_y,Knee.L_z,Ankle.L_x,Ankle.L_y,Ankle.L_z,Wrist.R_x,Wrist.R_y,Wrist.R_z,Elbow.R_x,Elbow.R_y,Elbow.R_z,Shoulder.R_x,Shoulder.R_y,Shoulder.R_z,Shoulder.L_x,Shoulder.L_y,Shoulder.L_z,Elbow.L_x,Elbow.L_y,Elbow.L_z,Wrist.L_x,Wrist.L_y,Wrist.L_z,Neck_x,Neck_y,Neck_z,Head_x,Head_y,Head_z,Nose_x,Nose_y,Nose_z,Eye.L_x,Eye.L_y,Eye.L_z,Eye.R_x,Eye.R_y,Eye.R_z,Ear.L_x,Ear.L_y,Ear.L_z,Ear.R_x,Ear.R_y,Ear.R_z,hip.Center_x,hip.Center_y,hip.Center_z
0,-0.23389105,-0.5678454,-0.3736101,-0.15595299,-0.20344324,-0.049190883,-0.13257924,0.25957435,-0.017403744,0.12535001,0.25975648,-0.017289512,0.16548055,-0.19863363,-0.031191092,0.24114081,-0.5961648,-0.32068753,-0.29784113,0.14504777,0.0066437204,-0.25195116,0.41833872,-0.06454388,-0.15991652,0.69150203,0.013370237,0.14545095,0.6979153,0.015652413,0.23767804,0.42723328,-0.073262155,0.28785738,0.15302911,-0.025864478,-0.0075710826,0.76318306,0.047409672,-0.026773013,0.97635835,0.090090655,-0.033713125,0.8744674,0.20989665,0.00010634214,0.9206613,0.18125942,-0.06589331,0.9134052,0.16919313,0.057110675,0.91112626,0.09492368,-0.08968583,0.89611185,0.0681827,-0.0036146119236946106,0.25966542959213257,-0.01734662801027298
