frame,Ankle.R_x,Ankle.R_y,Ankle.R_z,Knee.R_x,Knee.R_y,Knee.R_z,Hip.R_x,Hip.R_y,Hip.R_z,Hip.L_x,Hip.L_y,Hip.L_z,Knee.L_x,Knee.L_y,Knee.L_z,Ankle.L_x,Ankle.L_y,Ankle.L_z,Wrist.R_x,Wrist.R_y,Wrist.R_z,Elbow.R_x,Elbow.R_y,Elbow.R_z,Shoulder.R_x,Shoulder.R_y,Shoulder.R_z,Shoulder.L_x,Shoulder.L_y,Shoulder.L_z,Elbow.L_x,Elbow.L_y,Elbow.L_z,Wrist.L_x,Wrist.L_y,Wrist.L_z,Neck_x,Neck_y,Neck_z,Head_x,Head_y,Head_z,Nose_x,Nose_y,Nose_z,Eye.L_x,Eye.L_y,Eye.L_z,Eye.R_x,Eye.R_y,Eye.R_z,Ear.L_x,Ear.L_y,Ear.L_z,Ear.R_x,Ear.R_y,Ear.R_z,hip.Center_x,hip.Center_y,hip.Center_z
0,0.009616888,-0.5497764,-0.07764491,0.16990116,-0.13424838,0.042002123,-0.014509138,0.27297282,0.11095497,-0.008477221,0.29754612,-0.14745897,0.20830512,-0.07891886,-0.19970405,0.009448518,-0.49739826,-0.22502805,0.047614805,0.15176167,0.26586097,0.029399674,0.42825893,0.24609171,0.11437428,0.69643015,0.16060266,0.1104622,0.71343696,-0.15671808,0.044116266,0.45287362,-0.28009367,0.10245904,0.19653061,-0.3621498,0.14644806,0.77681285,0.0049467403,0.18368387,0.9970957,0.03513647,0.3066804,0.89924395,0.04744877,0.27895433,0.9458251,0.013280965,0.26147148,0.93377936,0.07771751,0.1973235,0.937397,-0.05464544,0.15849523,0.9108435,0.09232152,-0.011493179947137833,0.285259485244751,-0.018252000212669373
