frame,Ankle.R_x,Ankle.R_y,Ankle.R_z,Knee.R_x,Knee.R_y,Knee.R_z,Hip.R_x,Hip.R_y,Hip.R_z,Hip.L_x,Hip.L_y,Hip.L_z,Knee.L_x,Knee.L_y,Knee.L_z,Ankle.L_x,Ankle.L_y,Ankle.L_z,Wrist.R_x,Wrist.R_y,Wrist.R_z,Elbow.R_x,Elbow.R_y,Elbow.R_z,Shoulder.R_x,Shoulder.R_y,Shoulder.R_z,Shoulder.L_x,Shoulder.L_y,Shoulder.L_z,Elbow.L_x,Elbow.L_y,Elbow.L_z,Wrist.L_x,Wrist.L_y,Wrist.L_z,Neck_x,Neck_y,Neck_z,Head_x,Head_y,Head_z,Nose_x,Nose_y,Nose_z,Eye.L_x,Eye.L_y,Eye.L_z,Eye.R_x,Eye.R_y,Eye.R_z,Ear.L_x,Ear.L_y,Ear.L_z,Ear.R_x,Ear.R_y,Ear.R_z,hip.Center_x,hip.Center_y,hip.Center_z
0,-0.20194387,-0.57227844,-0.35091883,-0.14696835,-0.20742399,-0.027351135,-0.13246861,0.2568305,-0.018538179,0.124688216,0.2579655,-0.018165017,0.16899621,-0.19844858,-0.0043198853,0.24429977,-0.5893885,-0.2984964,-0.30954838,0.14585182,0.01754498,-0.254768,0.41423127,-0.059342794,-0.15593737,0.68545824,0.01257206,0.1481123,0.68700665,0.014475405,0.23906828,0.41530803,-0.06910603,0.2912791,0.14365777,-0.018207842,-0.0030509857,0.75533736,0.044872873,-0.01726179,0.9690953,0.08132092,-0.025777737,0.87144697,0.20369093,0.008817259,0.9158376,0.17374915,-0.05724,0.90984654,0.16237822,0.06448365,0.9024147,0.08768374,-0.08193131,0.8902451,0.06251594,-0.0038901977241039276,0.25739800930023193,-0.0183515977114439
