frame,Ankle.R_x,Ankle.R_y,Ankle.R_z,Knee.R_x,Knee.R_y,Knee.R_z,Hip.R_x,Hip.R_y,Hip.R_z,Hip.L_x,Hip.L_y,Hip.L_z,Knee.L_x,Knee.L_y,Knee.L_z,Ankle.L_x,Ankle.L_y,Ankle.L_z,Wrist.R_x,Wrist.R_y,Wrist.R_z,Elbow.R_x,Elbow.R_y,Elbow.R_z,Shoulder.R_x,Shoulder.R_y,Shoulder.R_z,Shoulder.L_x,Shoulder.L_y,Shoulder.L_z,Elbow.L_x,Elbow.L_y,Elbow.L_z,Wrist.L_x,Wrist.L_y,Wrist.L_z,Neck_x,Neck_y,Neck_z,Head_x,Head_y,Head_z,Nose_x,Nose_y,Nose_z,Eye.L_x,Eye.L_y,Eye.L_z,Eye.R_x,Eye.R_y,Eye.R_z,Ear.L_x,Ear.L_y,Ear.L_z,Ear.R_x,Ear.R_y,Ear.R_z,hip.Center_x,hip.Center_y,hip.Center_z
0,-0.2193866,-0.5592166,-0.34364805,-0.17694974,-0.1987305,-0.011695181,-0.13279702,0.26273137,-0.025190601,0.12565511,0.26080722,-0.015401452,0.17927551,-0.19597462,-0.009330616,0.24530162,-0.5654461,-0.33506623,-0.31365326,0.15227225,-0.042050257,-0.25160533,0.42881233,-0.083203755,-0.15437013,0.69466907,0.014654889,0.15232635,0.69293016,0.038476985,0.25415736,0.42210114,-0.042831205,0.29849413,0.14652543,0.0057519255,-0.003460858,0.7601681,0.062152967,-0.029903773,0.96943915,0.12592572,-0.05568793,0.8519703,0.22671397,-0.018518765,0.9014022,0.21155672,-0.08090486,0.89614594,0.18655658,0.053866804,0.9041776,0.13658313,-0.085566685,0.89331585,0.08171893,-0.003570951521396637,0.26176929473876953,-0.02029602602124214
