frame,Ankle.R_x,Ankle.R_y,Ankle.R_z,Knee.R_x,Knee.R_y,Knee.R_z,Hip.R_x,Hip.R_y,Hip.R_z,Hip.L_x,Hip.L_y,Hip.L_z,Knee.L_x,Knee.L_y,Knee.L_z,Ankle.L_x,Ankle.L_y,Ankle.L_z,Wrist.R_x,Wrist.R_y,Wrist.R_z,Elbow.R_x,Elbow.R_y,Elbow.R_z,Shoulder.R_x,Shoulder.R_y,Shoulder.R_z,Shoulder.L_x,Shoulder.L_y,Shoulder.L_z,Elbow.L_x,Elbow.L_y,Elbow.L_z,Wrist.L_x,Wrist.L_y,Wrist.L_z,Neck_x,Neck_y,Neck_z,Head_x,Head_y,Head_z,Nose_x,Nose_y,Nose_z,Eye.L_x,Eye.L_y,Eye.L_z,Eye.R_x,Eye.R_y,Eye.R_z,Ear.L_x,Ear.L_y,Ear.L_z,Ear.R_x,Ear.R_y,Ear.R_z,hip.Center_x,hip.Center_y,hip.Center_z
0,-0.21154253,-0.5721459,-0.3520202,-0.14666916,-0.20730771,-0.029658498,-0.13239072,0.25686893,-0.017024195,0.1249191,0.25784138,-0.019136932,0.16701913,-0.19934392,-0.007904691,0.24057564,-0.5867636,-0.3073357,-0.30927965,0.14484173,0.021466143,-0.25488335,0.41347936,-0.055264156,-0.15604314,0.6855783,0.014020405,0.14815369,0.6873564,0.012019327,0.2350355,0.41455773,-0.07196471,0.28316098,0.14278704,-0.017760051,-0.0026616538,0.7560484,0.04384363,-0.016009638,0.9702134,0.07563392,-0.022754319,0.87593746,0.20090322,0.011467778,0.9194418,0.16914159,-0.05481535,0.9133249,0.15905082,0.065671,0.9034379,0.08254634,-0.08121179,0.89101964,0.060138814,-0.0037358105182647705,0.2573551535606384,-0.018080562353134155
