frame,Ankle.R_x,Ankle.R_y,Ankle.R_z,Knee.R_x,Knee.R_y,Knee.R_z,Hip.R_x,Hip.R_y,Hip.R_z,Hip.L_x,Hip.L_y,Hip.L_z,Knee.L_x,Knee.L_y,Knee.L_z,Ankle.L_x,Ankle.L_y,Ankle.L_z,Wrist.R_x,Wrist.R_y,Wrist.R_z,Elbow.R_x,Elbow.R_y,Elbow.R_z,Shoulder.R_x,Shoulder.R_y,Shoulder.R_z,Shoulder.L_x,Shoulder.L_y,Shoulder.L_z,Elbow.L_x,Elbow.L_y,Elbow.L_z,Wrist.L_x,Wrist.L_y,Wrist.L_z,Neck_x,Neck_y,Neck_z,Head_x,Head_y,Head_z,Nose_x,Nose_y,Nose_z,Eye.L_x,Eye.L_y,Eye.L_z,Eye.R_x,Eye.R_y,Eye.R_z,Ear.L_x,Ear.L_y,Ear.L_z,Ear.R_x,Ear.R_y,Ear.R_z,hip.Center_x,hip.Center_y,hip.Center_z
0,0.117468186,-0.37431252,-0.06411918,0.2923936,0.009014236,0.050700948,-0.017089471,0.28050295,0.11554573,-0.027828863,0.31501448,-0.1460628,0.27407467,0.047801703,-0.20607543,0.095704794,-0.35572237,-0.1993483,0.12257373,0.09695276,0.21636915,0.13646929,0.37030536,0.2391265,0.24325942,0.6309188,0.16740614,0.24623284,0.6635532,-0.15518036,0.16111377,0.41810855,-0.2869869,0.19953151,0.14989713,-0.31574818,0.2862557,0.7129128,0.011976776,0.33573884,0.92646736,0.038566314,0.45985234,0.827723,0.05107993,0.43097684,0.8734335,0.01586568,0.41500604,0.862446,0.0815537,0.34660798,0.8640825,-0.052060783,0.31079102,0.84027696,0.100144,-0.02245916798710823,0.29775869846343994,-0.015258539468050003
