frame,Ankle.R_x,Ankle.R_y,Ankle.R_z,Knee.R_x,Knee.R_y,Knee.R_z,Hip.R_x,Hip.R_y,Hip.R_z,Hip.L_x,Hip.L_y,Hip.L_z,Knee.L_x,Knee.L_y,Knee.L_z,Ankle.L_x,Ankle.L_y,Ankle.L_z,Wrist.R_x,Wrist.R_y,Wrist.R_z,Elbow.R_x,Elbow.R_y,Elbow.R_z,Shoulder.R_x,Shoulder.R_y,Shoulder.R_z,Shoulder.L_x,Shoulder.L_y,Shoulder.L_z,Elbow.L_x,Elbow.L_y,Elbow.L_z,Wrist.L_x,Wrist.L_y,Wrist.L_z,Neck_x,Neck_y,Neck_z,Head_x,Head_y,Head_z,Nose_x,Nose_y,Nose_z,Eye.L_x,Eye.L_y,Eye.L_z,Eye.R_x,Eye.R_y,Eye.R_z,Ear.L_x,Ear.L_y,Ear.L_z,Ear.R_x,Ear.R_y,Ear.R_z,hip.Center_x,hip.Center_y,hip.Center_z
0,0.120944634,-0.32844883,-0.014884283,0.31229967,0.048434094,0.110447414,-0.035797164,0.27182174,0.11401043,-0.016320398,0.30398053,-0.15427923,0.3334077,0.10240291,-0.15383346,0.098694235,-0.27045527,-0.19077769,0.103501566,0.038854368,0.22974491,0.14219671,0.31471038,0.24612235,0.26639944,0.57216084,0.18127301,0.28235993,0.6103527,-0.13462682,0.16441746,0.37786883,-0.2670874,0.15114826,0.10397676,-0.30195424,0.3211069,0.64929473,0.032170463,0.3935678,0.84967786,0.06311818,0.5071027,0.7382517,0.069495276,0.48239636,0.78698075,0.03579457,0.4679349,0.7766887,0.10222034,0.39503306,0.78817916,-0.027395254,0.36296576,0.7656665,0.12461616,-0.026058781892061234,0.2879011332988739,-0.020134400576353073
