frame,Ankle.R_x,Ankle.R_y,Ankle.R_z,Knee.R_x,Knee.R_y,Knee.R_z,Hip.R_x,Hip.R_y,Hip.R_z,Hip.L_x,Hip.L_y,Hip.L_z,Knee.L_x,Knee.L_y,Knee.L_z,Ankle.L_x,Ankle.L_y,Ankle.L_z,Wrist.R_x,Wrist.R_y,Wrist.R_z,Elbow.R_x,Elbow.R_y,Elbow.R_z,Shoulder.R_x,Shoulder.R_y,Shoulder.R_z,Shoulder.L_x,Shoulder.L_y,Shoulder.L_z,Elbow.L_x,Elbow.L_y,Elbow.L_z,Wrist.L_x,Wrist.L_y,Wrist.L_z,Neck_x,Neck_y,Neck_z,Head_x,Head_y,Head_z,Nose_x,Nose_y,Nose_z,Eye.L_x,Eye.L_y,Eye.L_z,Eye.R_x,Eye.R_y,Eye.R_z,Ear.L_x,Ear.L_y,Ear.L_z,Ear.R_x,Ear.R_y,Ear.R_z,hip.Center_x,hip.Center_y,hip.Center_z
0,0.10828514,-0.3464855,-0.022655154,0.3028097,0.030158756,0.09564272,-0.033751957,0.2752546,0.11369801,-0.015133497,0.30535161,-0.15278462,0.31990775,0.073261976,-0.1521055,0.09379597,-0.30612925,-0.18414041,0.10016986,0.05840552,0.22765514,0.13444369,0.3333823,0.24425572,0.25731552,0.59013677,0.18155105,0.2766418,0.6246877,-0.13606691,0.16443047,0.38888067,-0.26554197,0.15647177,0.11575566,-0.2981174,0.31209803,0.66765094,0.03149465,0.37143576,0.8721741,0.06229872,0.49143544,0.76841575,0.0746751,0.46499163,0.81537265,0.03953599,0.4482854,0.804538,0.1052625,0.3807233,0.8102468,-0.02783927,0.34345654,0.7867373,0.123083,-0.024442726746201515,0.290303111076355,-0.019543301314115524
