frame,Ankle.R_x,Ankle.R_y,Ankle.R_z,Knee.R_x,Knee.R_y,Knee.R_z,Hip.R_x,Hip.R_y,Hip.R_z,Hip.L_x,Hip.L_y,Hip.L_z,Knee.L_x,Knee.L_y,Knee.L_z,Ankle.L_x,Ankle.L_y,Ankle.L_z,Wrist.R_x,Wrist.R_y,Wrist.R_z,Elbow.R_x,Elbow.R_y,Elbow.R_z,Shoulder.R_x,Shoulder.R_y,Shoulder.R_z,Shoulder.L_x,Shoulder.L_y,Shoulder.L_z,Elbow.L_x,Elbow.L_y,Elbow.L_z,Wrist.L_x,Wrist.L_y,Wrist.L_z,Neck_x,Neck_y,Neck_z,Head_x,Head_y,Head_z,Nose_x,Nose_y,Nose_z,Eye.L_x,Eye.L_y,Eye.L_z,Eye.R_x,Eye.R_y,Eye.R_z,Ear.L_x,Ear.L_y,Ear.L_z,Ear.R_x,Ear.R_y,Ear.R_z,hip.Center_x,hip.Center_y,hip.Center_z
0,-0.2793505,-0.4943913,-0.23300868,-0.19951163,-0.16423735,0.1119697,-0.13470128,0.26548705,-0.0341645,0.12917054,0.2608659,-0.02499959,0.16343737,-0.16556934,0.13324876,0.24907885,-0.52488816,-0.18948206,-0.33077332,0.11701653,-0.003207684,-0.26527828,0.39610678,-0.011590172,-0.15710542,0.64462894,0.122382194,0.1557361,0.64140606,0.13863164,0.26870775,0.3989236,-0.0031356532,0.3306823,0.12304852,-0.029759528,-0.0024699047,0.6998385,0.18219994,-0.021326935,0.8769699,0.3203998,-0.04515522,0.7309749,0.36794776,-0.007289674,0.7809515,0.37075403,-0.0711471,0.7866661,0.35020718,0.060273603,0.81292564,0.29836932,-0.08309445,0.82570744,0.25367063,-0.002765372395515442,0.26317647099494934,-0.02958204597234726
