frame,Ankle.R_x,Ankle.R_y,Ankle.R_z,Knee.R_x,Knee.R_y,Knee.R_z,Hip.R_x,Hip.R_y,Hip.R_z,Hip.L_x,Hip.L_y,Hip.L_z,Knee.L_x,Knee.L_y,Knee.L_z,Ankle.L_x,Ankle.L_y,Ankle.L_z,Wrist.R_x,Wrist.R_y,Wrist.R_z,Elbow.R_x,Elbow.R_y,Elbow.R_z,Shoulder.R_x,Shoulder.R_y,Shoulder.R_z,Shoulder.L_x,Shoulder.L_y,Shoulder.L_z,Elbow.L_x,Elbow.L_y,Elbow.L_z,Wrist.L_x,Wrist.L_y,Wrist.L_z,Neck_x,Neck_y,Neck_z,Head_x,Head_y,Head_z,Nose_x,Nose_y,Nose_z,Eye.L_x,Eye.L_y,Eye.L_z,Eye.R_x,Eye.R_y,Eye.R_z,Ear.L_x,Ear.L_y,Ear.L_z,Ear.R_x,Ear.R_y,Ear.R_z,hip.Center_x,hip.Center_y,hip.Center_z
0,-0.08170347,-0.6545833,-0.067174874,0.0016710472,-0.19004336,0.022568839,-0.011086056,0.26575518,0.108624876,0.015126752,0.28306538,-0.1488588,0.020281766,-0.16775642,-0.18296851,-0.04961993,-0.6393989,-0.26271927,0.030856399,0.16072324,0.28086358,-0.03435238,0.43458673,0.24781585,0.005127349,0.71680176,0.15713002,0.016628511,0.72687596,-0.15561013,-0.0025808634,0.44936413,-0.26929668,0.09150731,0.19594745,-0.3423862,0.032526188,0.797295,0.0038624872,0.052133214,1.0204052,0.035101123,0.17709424,0.92628,0.059563324,0.15140958,0.97224295,0.022519745,0.12826166,0.95960176,0.08511384,0.07664724,0.96080214,-0.05197757,0.025422815,0.9339788,0.08857373,0.0020203478634357452,0.27441027760505676,-0.020116962492465973
