frame,Ankle.R_x,Ankle.R_y,Ankle.R_z,Knee.R_x,Knee.R_y,Knee.R_z,Hip.R_x,Hip.R_y,Hip.R_z,Hip.L_x,Hip.L_y,Hip.L_z,Knee.L_x,Knee.L_y,Knee.L_z,Ankle.L_x,Ankle.L_y,Ankle.L_z,Wrist.R_x,Wrist.R_y,Wrist.R_z,Elbow.R_x,Elbow.R_y,Elbow.R_z,Shoulder.R_x,Shoulder.R_y,Shoulder.R_z,Shoulder.L_x,Shoulder.L_y,Shoulder.L_z,Elbow.L_x,Elbow.L_y,Elbow.L_z,Wrist.L_x,Wrist.L_y,Wrist.L_z,Neck_x,Neck_y,Neck_z,Head_x,Head_y,Head_z,Nose_x,Nose_y,Nose_z,Eye.L_x,Eye.L_y,Eye.L_z,Eye.R_x,Eye.R_y,Eye.R_z,Ear.L_x,Ear.L_y,Ear.L_z,Ear.R_x,Ear.R_y,Ear.R_z,hip.Center_x,hip.Center_y,hip.Center_z
0,-0.051255807,-0.66763127,-0.06677835,0.01824676,-0.19690335,0.025444051,-0.014122726,0.26045722,0.10835585,0.017656941,0.27848607,-0.14954618,0.02549246,-0.17522806,-0.18146464,-0.024932142,-0.65436316,-0.2562244,-0.004584712,0.15171647,0.29419026,-0.047804683,0.42951238,0.24845496,0.013574379,0.7076639,0.15580119,0.03244904,0.71706986,-0.15467505,-0.0010249643,0.4423836,-0.27345517,0.06883686,0.1819122,-0.35440943,0.047978822,0.7851581,0.0041495813,0.0718427,1.004864,0.034149215,0.19440255,0.9091289,0.062754795,0.17081231,0.955166,0.024790853,0.14573687,0.94341755,0.08677153,0.097989835,0.9443649,-0.05120567,0.042962372,0.91981304,0.0873635,0.0017671072855591774,0.2694716453552246,-0.020595163106918335
