frame,Ankle.R_x,Ankle.R_y,Ankle.R_z,Knee.R_x,Knee.R_y,Knee.R_z,Hip.R_x,Hip.R_y,Hip.R_z,Hip.L_x,Hip.L_y,Hip.L_z,Knee.L_x,Knee.L_y,Knee.L_z,Ankle.L_x,Ankle.L_y,Ankle.L_z,Wrist.R_x,Wrist.R_y,Wrist.R_z,Elbow.R_x,Elbow.R_y,Elbow.R_z,Shoulder.R_x,Shoulder.R_y,Shoulder.R_z,Shoulder.L_x,Shoulder.L_y,Shoulder.L_z,Elbow.L_x,Elbow.L_y,Elbow.L_z,Wrist.L_x,Wrist.L_y,Wrist.L_z,Neck_x,Neck_y,Neck_z,Head_x,Head_y,Head_z,Nose_x,Nose_y,Nose_z,Eye.L_x,Eye.L_y,Eye.L_z,Eye.R_x,Eye.R_y,Eye.R_z,Ear.L_x,Ear.L_y,Ear.L_z,Ear.R_x,Ear.R_y,Ear.R_z,hip.Center_x,hip.Center_y,hip.Center_z
0,-0.20829277,-0.5739686,-0.34369296,-0.14608105,-0.20752704,-0.023615243,-0.13249503,0.25658205,-0.017413907,0.124876685,0.25758308,-0.019604448,0.17005368,-0.19850756,-0.0014055491,0.2417099,-0.58416826,-0.30267757,-0.30839422,0.14582339,0.018979833,-0.25350952,0.41361,-0.059151843,-0.15468614,0.6849671,0.011584635,0.14926156,0.68558013,0.012518696,0.23689522,0.41312605,-0.07126413,0.28441685,0.14089282,-0.0199801,-0.0014602244,0.754882,0.042592272,-0.014297487,0.9690664,0.07174357,-0.023217434,0.8764863,0.19801219,0.011582377,0.9194667,0.16629243,-0.054526925,0.9134203,0.15527174,0.06701603,0.90218097,0.080786765,-0.07943902,0.8899636,0.05634863,-0.003809172660112381,0.25708258152008057,-0.01850917749106884
