frame,Ankle.R_x,Ankle.R_y,Ankle.R_z,Knee.R_x,Knee.R_y,Knee.R_z,Hip.R_x,Hip.R_y,Hip.R_z,Hip.L_x,Hip.L_y,Hip.L_z,Knee.L_x,Knee.L_y,Knee.L_z,Ankle.L_x,Ankle.L_y,Ankle.L_z,Wrist.R_x,Wrist.R_y,Wrist.R_z,Elbow.R_x,Elbow.R_y,Elbow.R_z,Shoulder.R_x,Shoulder.R_y,Shoulder.R_z,Shoulder.L_x,Shoulder.L_y,Shoulder.L_z,Elbow.L_x,Elbow.L_y,Elbow.L_z,Wrist.L_x,Wrist.L_y,Wrist.L_z,Neck_x,Neck_y,Neck_z,Head_x,Head_y,Head_z,Nose_x,Nose_y,Nose_z,Eye.L_x,Eye.L_y,Eye.L_z,Eye.R_x,Eye.R_y,Eye.R_z,Ear.L_x,Ear.L_y,Ear.L_z,Ear.R_x,Ear.R_y,Ear.R_z,hip.Center_x,hip.Center_y,hip.Center_z
0,-0.011473099,-0.63115525,-0.032415066,0.0767473,-0.17198847,0.04448265,-0.009109146,0.27514547,0.10918814,-0.0008040711,0.28457707,-0.15006085,0.12990987,-0.13912989,-0.1785801,0.031645425,-0.60485554,-0.21325779,0.06406959,0.17673203,0.28941372,0.021871742,0.45083368,0.24699502,0.098913886,0.7139209,0.1351179,0.09720809,0.7089927,-0.18119659,0.047911316,0.43806842,-0.29581052,0.1355177,0.18360174,-0.36433563,0.12873463,0.7818083,-0.023821488,0.15609626,1.0007184,-0.0021724547,0.28078374,0.90766096,0.025975041,0.2553429,0.9523846,-0.012411252,0.2314468,0.94131213,0.050163083,0.18157399,0.9388831,-0.08842108,0.12871337,0.91561234,0.053978257,-0.004956608638167381,0.2798612713813782,-0.020436353981494904
