frame,Ankle.R_x,Ankle.R_y,Ankle.R_z,Knee.R_x,Knee.R_y,Knee.R_z,Hip.R_x,Hip.R_y,Hip.R_z,Hip.L_x,Hip.L_y,Hip.L_z,Knee.L_x,Knee.L_y,Knee.L_z,Ankle.L_x,Ankle.L_y,Ankle.L_z,Wrist.R_x,Wrist.R_y,Wrist.R_z,Elbow.R_x,Elbow.R_y,Elbow.R_z,Shoulder.R_x,Shoulder.R_y,Shoulder.R_z,Shoulder.L_x,Shoulder.L_y,Shoulder.L_z,Elbow.L_x,Elbow.L_y,Elbow.L_z,Wrist.L_x,Wrist.L_y,Wrist.L_z,Neck_x,Neck_y,Neck_z,Head_x,Head_y,Head_z,Nose_x,Nose_y,Nose_z,Eye.L_x,Eye.L_y,Eye.L_z,Eye.R_x,Eye.R_y,Eye.R_z,Ear.L_x,Ear.L_y,Ear.L_z,Ear.R_x,Ear.R_y,Ear.R_z,hip.Center_x,hip.Center_y,hip.Center_z
0,-0.07576479,-0.67852384,-0.060813956,-0.0016624416,-0.20302737,0.028815446,-0.029042186,0.2576266,0.10508689,0.035238147,0.27298516,-0.14690694,0.019921634,-0.18646272,-0.16132002,-0.048993915,-0.6693471,-0.22467962,-0.049903933,0.13429639,0.2679345,-0.10087984,0.41287526,0.22541972,-0.046203196,0.6991082,0.15372682,0.01136079,0.71755904,-0.14982013,-0.0025701458,0.43924138,-0.26425788,0.07382592,0.17376016,-0.32619658,0.003780365,0.78210354,0.009025074,0.021340065,1.0019858,0.038056318,0.14622223,0.9095255,0.067845866,0.1210175,0.9538525,0.028814934,0.09734328,0.9438079,0.091638856,0.047342084,0.93930006,-0.04473802,-0.005076252,0.91807234,0.09473942,0.003097980283200741,0.26530587673187256,-0.020910024642944336
