frame,Ankle.R_x,Ankle.R_y,Ankle.R_z,Knee.R_x,Knee.R_y,Knee.R_z,Hip.R_x,Hip.R_y,Hip.R_z,Hip.L_x,Hip.L_y,Hip.L_z,Knee.L_x,Knee.L_y,Knee.L_z,Ankle.L_x,Ankle.L_y,Ankle.L_z,Wrist.R_x,Wrist.R_y,Wrist.R_z,Elbow.R_x,Elbow.R_y,Elbow.R_z,Shoulder.R_x,Shoulder.R_y,Shoulder.R_z,Shoulder.L_x,Shoulder.L_y,Shoulder.L_z,Elbow.L_x,Elbow.L_y,Elbow.L_z,Wrist.L_x,Wrist.L_y,Wrist.L_z,Neck_x,Neck_y,Neck_z,Head_x,Head_y,Head_z,Nose_x,Nose_y,Nose_z,Eye.L_x,Eye.L_y,Eye.L_z,Eye.R_x,Eye.R_y,Eye.R_z,Ear.L_x,Ear.L_y,Ear.L_z,Ear.R_x,Ear.R_y,Ear.R_z,hip.Center_x,hip.Center_y,hip.Center_z
0,-0.07417643,-0.6660843,-0.06447773,0.0060317353,-0.19607972,0.023681272,-0.013502029,0.26234728,0.10821925,0.019027064,0.27813408,-0.14950553,0.010786121,-0.1768233,-0.17464557,-0.061310865,-0.6537374,-0.24683559,0.03432378,0.15461057,0.27642944,-0.039251193,0.42806387,0.24390987,-0.0056994203,0.7120098,0.15257001,0.013508785,0.71866447,-0.15932071,0.0075878194,0.4373943,-0.26828262,0.11142173,0.1826681,-0.3293201,0.023400437,0.79067516,-0.0007422529,0.037842236,1.0129484,0.027235636,0.16481657,0.9222865,0.053487696,0.13827014,0.9669823,0.015630573,0.1153948,0.955003,0.07845737,0.0639123,0.95244193,-0.058253426,0.013467551,0.92720366,0.0821402,0.002762517426162958,0.2702406644821167,-0.020643137395381927
