frame,Ankle.R_x,Ankle.R_y,Ankle.R_z,Knee.R_x,Knee.R_y,Knee.R_z,Hip.R_x,Hip.R_y,Hip.R_z,Hip.L_x,Hip.L_y,Hip.L_z,Knee.L_x,Knee.L_y,Knee.L_z,Ankle.L_x,Ankle.L_y,Ankle.L_z,Wrist.R_x,Wrist.R_y,Wrist.R_z,Elbow.R_x,Elbow.R_y,Elbow.R_z,Shoulder.R_x,Shoulder.R_y,Shoulder.R_z,Shoulder.L_x,Shoulder.L_y,Shoulder.L_z,Elbow.L_x,Elbow.L_y,Elbow.L_z,Wrist.L_x,Wrist.L_y,Wrist.L_z,Neck_x,Neck_y,Neck_z,Head_x,Head_y,Head_z,Nose_x,Nose_y,Nose_z,Eye.L_x,Eye.L_y,Eye.L_z,Eye.R_x,Eye.R_y,Eye.R_z,Ear.L_x,Ear.L_y,Ear.L_z,Ear.R_x,Ear.R_y,Ear.R_z,hip.Center_x,hip.Center_y,hip.Center_z
0,0.085250795,-0.41739738,-0.028830966,0.26064453,-0.02818057,0.074480005,-0.023659231,0.28478026,0.1127219,-0.018087763,0.30883273,-0.14801702,0.27218196,0.021012964,-0.18421796,0.109127685,-0.3916008,-0.18357268,0.10212259,0.11899982,0.22704296,0.10604406,0.39259642,0.2381843,0.21299122,0.6515376,0.16727728,0.23102717,0.67333883,-0.15529276,0.15671438,0.42156875,-0.2794975,0.2036436,0.15510474,-0.30613697,0.26257268,0.7289186,0.011736176,0.31391948,0.9432421,0.03754877,0.43405068,0.8414799,0.056601584,0.40818328,0.88744074,0.019777603,0.3888709,0.87782764,0.084546655,0.32719296,0.8796483,-0.051651515,0.2836314,0.8587662,0.098637745,-0.020873498171567917,0.2968065142631531,-0.01764756068587303
