frame,Ankle.R_x,Ankle.R_y,Ankle.R_z,Knee.R_x,Knee.R_y,Knee.R_z,Hip.R_x,Hip.R_y,Hip.R_z,Hip.L_x,Hip.L_y,Hip.L_z,Knee.L_x,Knee.L_y,Knee.L_z,Ankle.L_x,Ankle.L_y,Ankle.L_z,Wrist.R_x,Wrist.R_y,Wrist.R_z,Elbow.R_x,Elbow.R_y,Elbow.R_z,Shoulder.R_x,Shoulder.R_y,Shoulder.R_z,Shoulder.L_x,Shoulder.L_y,Shoulder.L_z,Elbow.L_x,Elbow.L_y,Elbow.L_z,Wrist.L_x,Wrist.L_y,Wrist.L_z,Neck_x,Neck_y,Neck_z,Head_x,Head_y,Head_z,Nose_x,Nose_y,Nose_z,Eye.L_x,Eye.L_y,Eye.L_z,Eye.R_x,Eye.R_y,Eye.R_z,Ear.L_x,Ear.L_y,Ear.L_z,Ear.R_x,Ear.R_y,Ear.R_z,hip.Center_x,hip.Center_y,hip.Center_z
0,0.17337608,-0.261431,-0.08913157,0.32566792,0.114458494,0.06673643,-0.030400887,0.27250215,0.11813592,-0.022151759,0.3268044,-0.14750582,0.31779504,0.1255114,-0.16795553,0.067029,-0.2266708,-0.22169718,0.1274132,0.04033982,0.217938,0.17722563,0.3128919,0.25139126,0.29369065,0.57463014,0.20038408,0.30498835,0.6252584,-0.11969434,0.18135193,0.39469862,-0.24689375,0.13867736,0.12378501,-0.2845912,0.3461399,0.6595554,0.050321154,0.4101156,0.86486834,0.09055756,0.5323273,0.76173794,0.07601148,0.49904215,0.8108039,0.04852877,0.4939071,0.7951566,0.11590528,0.40407223,0.8084811,-0.004612359,0.39231566,0.7736811,0.15080263,-0.026276323944330215,0.2996532917022705,-0.014684949070215225
