frame,Ankle.R_x,Ankle.R_y,Ankle.R_z,Knee.R_x,Knee.R_y,Knee.R_z,Hip.R_x,Hip.R_y,Hip.R_z,Hip.L_x,Hip.L_y,Hip.L_z,Knee.L_x,Knee.L_y,Knee.L_z,Ankle.L_x,Ankle.L_y,Ankle.L_z,Wrist.R_x,Wrist.R_y,Wrist.R_z,Elbow.R_x,Elbow.R_y,Elbow.R_z,Shoulder.R_x,Shoulder.R_y,Shoulder.R_z,Shoulder.L_x,Shoulder.L_y,Shoulder.L_z,Elbow.L_x,Elbow.L_y,Elbow.L_z,Wrist.L_x,Wrist.L_y,Wrist.L_z,Neck_x,Neck_y,Neck_z,Head_x,Head_y,Head_z,Nose_x,Nose_y,Nose_z,Eye.L_x,Eye.L_y,Eye.L_z,Eye.R_x,Eye.R_y,Eye.R_z,Ear.L_x,Ear.L_y,Ear.L_z,Ear.R_x,Ear.R_y,Ear.R_z,hip.Center_x,hip.Center_y,hip.Center_z
0,-0.06876996,-0.67257786,-0.05568304,-9.2416536e-05,-0.19910954,0.030866921,-0.022996642,0.2599544,0.10657371,0.02809831,0.27580625,-0.14824826,0.020833103,-0.17997137,-0.17368294,-0.03860642,-0.6599549,-0.24473967,-0.053862415,0.14278284,0.27548707,-0.08422263,0.4232994,0.23300403,-0.017361488,0.70451045,0.15623678,0.023707673,0.71947736,-0.15041845,-0.008417051,0.4441446,-0.26654238,0.048007607,0.17800196,-0.34102404,0.027666463,0.7848773,0.00901465,0.049920354,1.0039632,0.04054262,0.17264086,0.9087486,0.07088582,0.1491514,0.95439863,0.032384,0.123721026,0.9431279,0.094301365,0.07697506,0.9428649,-0.043715253,0.020904275,0.9191246,0.094310924,0.002550833858549595,0.26788032054901123,-0.020837273448705673
