frame,Ankle.R_x,Ankle.R_y,Ankle.R_z,Knee.R_x,Knee.R_y,Knee.R_z,Hip.R_x,Hip.R_y,Hip.R_z,Hip.L_x,Hip.L_y,Hip.L_z,Knee.L_x,Knee.L_y,Knee.L_z,Ankle.L_x,Ankle.L_y,Ankle.L_z,Wrist.R_x,Wrist.R_y,Wrist.R_z,Elbow.R_x,Elbow.R_y,Elbow.R_z,Shoulder.R_x,Shoulder.R_y,Shoulder.R_z,Shoulder.L_x,Shoulder.L_y,Shoulder.L_z,Elbow.L_x,Elbow.L_y,Elbow.L_z,Wrist.L_x,Wrist.L_y,Wrist.L_z,Neck_x,Neck_y,Neck_z,Head_x,Head_y,Head_z,Nose_x,Nose_y,Nose_z,Eye.L_x,Eye.L_y,Eye.L_z,Eye.R_x,Eye.R_y,Eye.R_z,Ear.L_x,Ear.L_y,Ear.L_z,Ear.R_x,Ear.R_y,Ear.R_z,hip.Center_x,hip.Center_y,hip.Center_z
0,-0.26673526,-0.49397224,-0.23662674,-0.19841394,-0.16330016,0.1068315,-0.13475263,0.26612034,-0.03373015,0.12859634,0.26181984,-0.023589803,0.17270878,-0.17090414,0.1082024,0.26139846,-0.5065612,-0.235322,-0.3322433,0.1204083,0.00022907241,-0.26335785,0.39781153,-0.0035493635,-0.1531955,0.64621013,0.12676208,0.15933278,0.63834846,0.14306074,0.2722718,0.39163446,0.010218375,0.33660188,0.11685866,-0.013195737,0.0021049008,0.699913,0.18591325,-0.014669653,0.87843,0.3230428,-0.04065118,0.7330911,0.37119547,-0.0021934435,0.7825389,0.37399232,-0.06580224,0.78894734,0.3531045,0.066166356,0.8132763,0.30176958,-0.07662599,0.8276162,0.25631264,-0.003078147768974304,0.2639700770378113,-0.02865997701883316
