frame,Ankle.R_x,Ankle.R_y,Ankle.R_z,Knee.R_x,Knee.R_y,Knee.R_z,Hip.R_x,Hip.R_y,Hip.R_z,Hip.L_x,Hip.L_y,Hip.L_z,Knee.L_x,Knee.L_y,Knee.L_z,Ankle.L_x,Ankle.L_y,Ankle.L_z,Wrist.R_x,Wrist.R_y,Wrist.R_z,Elbow.R_x,Elbow.R_y,Elbow.R_z,Shoulder.R_x,Shoulder.R_y,Shoulder.R_z,Shoulder.L_x,Shoulder.L_y,Shoulder.L_z,Elbow.L_x,Elbow.L_y,Elbow.L_z,Wrist.L_x,Wrist.L_y,Wrist.L_z,Neck_x,Neck_y,Neck_z,Head_x,Head_y,Head_z,Nose_x,Nose_y,Nose_z,Eye.L_x,Eye.L_y,Eye.L_z,Eye.R_x,Eye.R_y,Eye.R_z,Ear.L_x,Ear.L_y,Ear.L_z,Ear.R_x,Ear.R_y,Ear.R_z,hip.Center_x,hip.Center_y,hip.Center_z
0,0.013788948,-0.5312428,-0.0798587,0.18320085,-0.12263271,0.032004386,-0.008368032,0.27500495,0.11202178,-0.01730683,0.30337808,-0.14532407,0.2092459,-0.05599657,-0.22040635,0.027133252,-0.47704148,-0.24107023,0.044796035,0.15929547,0.2565181,0.042044416,0.43543077,0.2432889,0.1360642,0.6981702,0.15676892,0.120884255,0.71487343,-0.16140424,0.04828386,0.45670104,-0.28332898,0.10049054,0.19853415,-0.36018252,0.16451882,0.77717096,-0.00063657574,0.20868479,0.99618715,0.029238751,0.3301398,0.89548576,0.035771765,0.30195433,0.94293046,0.0031249225,0.2867257,0.930531,0.068110846,0.2173621,0.9370518,-0.062092386,0.18367466,0.90953827,0.08677115,-0.012837431393563747,0.28919151425361633,-0.01665114238858223
