frame,Ankle.R_x,Ankle.R_y,Ankle.R_z,Knee.R_x,Knee.R_y,Knee.R_z,Hip.R_x,Hip.R_y,Hip.R_z,Hip.L_x,Hip.L_y,Hip.L_z,Knee.L_x,Knee.L_y,Knee.L_z,Ankle.L_x,Ankle.L_y,Ankle.L_z,Wrist.R_x,Wrist.R_y,Wrist.R_z,Elbow.R_x,Elbow.R_y,Elbow.R_z,Shoulder.R_x,Shoulder.R_y,Shoulder.R_z,Shoulder.L_x,Shoulder.L_y,Shoulder.L_z,Elbow.L_x,Elbow.L_y,Elbow.L_z,Wrist.L_x,Wrist.L_y,Wrist.L_z,Neck_x,Neck_y,Neck_z,Head_x,Head_y,Head_z,Nose_x,Nose_y,Nose_z,Eye.L_x,Eye.L_y,Eye.L_z,Eye.R_x,Eye.R_y,Eye.R_z,Ear.L_x,Ear.L_y,Ear.L_z,Ear.R_x,Ear.R_y,Ear.R_z,hip.Center_x,hip.Center_y,hip.Center_z
0,-0.052665558,-0.64107406,-0.055425253,0.027639365,-0.18008591,0.02408617,-0.00016856217,0.27239928,0.1089675,3.5465462e-05,0.2883629,-0.1486404,0.03825372,-0.15565675,-0.18646954,-0.0025102352,-0.6258445,-0.25653493,0.06769907,0.17611894,0.26248822,-0.005234386,0.4476329,0.2471003,0.027367873,0.72751355,0.15149058,0.0123719545,0.7334795,-0.16385856,-0.0063809557,0.4562036,-0.27553368,0.1017576,0.21026923,-0.34803087,0.041041397,0.8067744,-0.005722536,0.06125036,1.0316466,0.024272123,0.1885665,0.9383943,0.03855948,0.1595466,0.98440635,0.0038413852,0.14117615,0.97094107,0.06789762,0.07947005,0.9728468,-0.06576659,0.038803052,0.9441742,0.07909848,-6.654835306107998e-05,0.28038108348846436,-0.01983644813299179
