frame,Ankle.R_x,Ankle.R_y,Ankle.R_z,Knee.R_x,Knee.R_y,Knee.R_z,Hip.R_x,Hip.R_y,Hip.R_z,Hip.L_x,Hip.L_y,Hip.L_z,Knee.L_x,Knee.L_y,Knee.L_z,Ankle.L_x,Ankle.L_y,Ankle.L_z,Wrist.R_x,Wrist.R_y,Wrist.R_z,Elbow.R_x,Elbow.R_y,Elbow.R_z,Shoulder.R_x,Shoulder.R_y,Shoulder.R_z,Shoulder.L_x,Shoulder.L_y,Shoulder.L_z,Elbow.L_x,Elbow.L_y,Elbow.L_z,Wrist.L_x,Wrist.L_y,Wrist.L_z,Neck_x,Neck_y,Neck_z,Head_x,Head_y,Head_z,Nose_x,Nose_y,Nose_z,Eye.L_x,Eye.L_y,Eye.L_z,Eye.R_x,Eye.R_y,Eye.R_z,Ear.L_x,Ear.L_y,Ear.L_z,Ear.R_x,Ear.R_y,Ear.R_z,hip.Center_x,hip.Center_y,hip.Center_z
0,-0.021453258,-0.60073256,-0.08912055,0.11942932,-0.17002912,0.050152276,-0.025869438,0.2638987,0.10823858,0.0123084765,0.2863779,-0.14926326,0.17256117,-0.13435456,-0.17292781,-0.030521234,-0.5616828,-0.24342495,0.015714705,0.14468913,0.29185432,-0.017912777,0.4209948,0.25251964,0.056971572,0.69549346,0.16609901,0.07651509,0.7126611,-0.14675677,0.020244274,0.4501014,-0.27762637,0.07623445,0.1939727,-0.37119174,0.09616913,0.7763601,0.015583058,0.12044475,0.99582124,0.051009897,0.24218607,0.9006355,0.08099024,0.21941191,0.94727635,0.043701276,0.19232568,0.9339254,0.104304135,0.14959437,0.9379885,-0.035394926,0.08970628,0.90906906,0.10163005,-0.006780480965971947,0.27513831853866577,-0.02051234245300293
