frame,Ankle.R_x,Ankle.R_y,Ankle.R_z,Knee.R_x,Knee.R_y,Knee.R_z,Hip.R_x,Hip.R_y,Hip.R_z,Hip.L_x,Hip.L_y,Hip.L_z,Knee.L_x,Knee.L_y,Knee.L_z,Ankle.L_x,Ankle.L_y,Ankle.L_z,Wrist.R_x,Wrist.R_y,Wrist.R_z,Elbow.R_x,Elbow.R_y,Elbow.R_z,Shoulder.R_x,Shoulder.R_y,Shoulder.R_z,Shoulder.L_x,Shoulder.L_y,Shoulder.L_z,Elbow.L_x,Elbow.L_y,Elbow.L_z,Wrist.L_x,Wrist.L_y,Wrist.L_z,Neck_x,Neck_y,Neck_z,Head_x,Head_y,Head_z,Nose_x,Nose_y,Nose_z,Eye.L_x,Eye.L_y,Eye.L_z,Eye.R_x,Eye.R_y,Eye.R_z,Ear.L_x,Ear.L_y,Ear.L_z,Ear.R_x,Ear.R_y,Ear.R_z,hip.Center_x,hip.Center_y,hip.Center_z
0,0.026661932,-0.48077166,-0.059391573,0.20364586,-0.08959719,0.06494497,-0.030073684,0.28216726,0.109726466,-0.002204801,0.30754745,-0.14660278,0.24839805,-0.037481133,-0.158416,0.06462292,-0.44661814,-0.20312831,0.070291065,0.14622307,0.2504599,0.057400808,0.42055163,0.2523746,0.14953725,0.6869896,0.18060015,0.1699698,0.7119998,-0.14124519,0.10040707,0.45874465,-0.27027035,0.14651953,0.19556892,-0.32479006,0.19611157,0.77032954,0.025881035,0.2325132,0.9899209,0.05595928,0.3614239,0.8976357,0.05887398,0.32770723,0.94201714,0.026159842,0.31701243,0.93048114,0.092607796,0.2402808,0.92842823,-0.034498706,0.2157758,0.90266526,0.11856895,-0.01613924279808998,0.29485735297203064,-0.018438156694173813
