frame,Ankle.R_x,Ankle.R_y,Ankle.R_z,Knee.R_x,Knee.R_y,Knee.R_z,Hip.R_x,Hip.R_y,Hip.R_z,Hip.L_x,Hip.L_y,Hip.L_z,Knee.L_x,Knee.L_y,Knee.L_z,Ankle.L_x,Ankle.L_y,Ankle.L_z,Wrist.R_x,Wrist.R_y,Wrist.R_z,Elbow.R_x,Elbow.R_y,Elbow.R_z,Shoulder.R_x,Shoulder.R_y,Shoulder.R_z,Shoulder.L_x,Shoulder.L_y,Shoulder.L_z,Elbow.L_x,Elbow.L_y,Elbow.L_z,Wrist.L_x,Wrist.L_y,Wrist.L_z,Neck_x,Neck_y,Neck_z,Head_x,Head_y,Head_z,Nose_x,Nose_y,Nose_z,Eye.L_x,Eye.L_y,Eye.L_z,Eye.R_x,Eye.R_y,Eye.R_z,Ear.L_x,Ear.L_y,Ear.L_z,Ear.R_x,Ear.R_y,Ear.R_z,hip.Center_x,hip.Center_y,hip.Center_z
0,0.13227284,-0.27262786,-0.061679658,0.30297184,0.087504506,0.11367023,-0.047961734,0.27320343,0.11359985,-0.003587294,0.32187238,-0.15015383,0.33056125,0.11316962,-0.12870193,0.086419955,-0.24303731,-0.20766808,0.13495089,0.0033091397,0.2226132,0.17110418,0.27823517,0.2621941,0.28823382,0.5436217,0.22708139,0.3393549,0.5860121,-0.086425826,0.2337428,0.34769005,-0.2167274,0.21114117,0.07156102,-0.23146002,0.3601253,0.62348616,0.08496694,0.4262387,0.8258288,0.12542377,0.5457036,0.7188845,0.13043284,0.5180233,0.76766026,0.097167365,0.5038717,0.75484836,0.16382559,0.43047288,0.7660593,0.03261687,0.39801866,0.73793006,0.18600789,-0.02577451430261135,0.2975379228591919,-0.018276989459991455
