frame,Ankle.R_x,Ankle.R_y,Ankle.R_z,Knee.R_x,Knee.R_y,Knee.R_z,Hip.R_x,Hip.R_y,Hip.R_z,Hip.L_x,Hip.L_y,Hip.L_z,Knee.L_x,Knee.L_y,Knee.L_z,Ankle.L_x,Ankle.L_y,Ankle.L_z,Wrist.R_x,Wrist.R_y,Wrist.R_z,Elbow.R_x,Elbow.R_y,Elbow.R_z,Shoulder.R_x,Shoulder.R_y,Shoulder.R_z,Shoulder.L_x,Shoulder.L_y,Shoulder.L_z,Elbow.L_x,Elbow.L_y,Elbow.L_z,Wrist.L_x,Wrist.L_y,Wrist.L_z,Neck_x,Neck_y,Neck_z,Head_x,Head_y,Head_z,Nose_x,Nose_y,Nose_z,Eye.L_x,Eye.L_y,Eye.L_z,Eye.R_x,Eye.R_y,Eye.R_z,Ear.L_x,Ear.L_y,Ear.L_z,Ear.R_x,Ear.R_y,Ear.R_z,hip.Center_x,hip.Center_y,hip.Center_z
0,-0.06635253,-0.64714175,-0.06352363,0.017430412,-0.18480948,0.023175025,-0.0072970223,0.26953524,0.10893749,0.008824137,0.2864862,-0.14868978,0.03139909,-0.16126171,-0.18445668,-0.016947055,-0.6330001,-0.2613069,0.054784223,0.17099023,0.26808697,-0.020780962,0.4425937,0.24758081,0.014938514,0.723985,0.15467507,0.01695976,0.7306437,-0.16042939,0.0028307047,0.4514928,-0.27036053,0.111654006,0.20214634,-0.33392543,0.03711999,0.8034035,-0.0010769404,0.058405288,1.0276207,0.030828927,0.18380076,0.93266237,0.049595907,0.1567705,0.97914267,0.013950445,0.13587166,0.9658353,0.0772671,0.079211965,0.96878743,-0.0583213,0.032893013,0.94043505,0.084494494,0.0007635573856532574,0.2780107259750366,-0.0198761448264122
