frame,Ankle.R_x,Ankle.R_y,Ankle.R_z,Knee.R_x,Knee.R_y,Knee.R_z,Hip.R_x,Hip.R_y,Hip.R_z,Hip.L_x,Hip.L_y,Hip.L_z,Knee.L_x,Knee.L_y,Knee.L_z,Ankle.L_x,Ankle.L_y,Ankle.L_z,Wrist.R_x,Wrist.R_y,Wrist.R_z,Elbow.R_x,Elbow.R_y,Elbow.R_z,Shoulder.R_x,Shoulder.R_y,Shoulder.R_z,Shoulder.L_x,Shoulder.L_y,Shoulder.L_z,Elbow.L_x,Elbow.L_y,Elbow.L_z,Wrist.L_x,Wrist.L_y,Wrist.L_z,Neck_x,Neck_y,Neck_z,Head_x,Head_y,Head_z,Nose_x,Nose_y,Nose_z,Eye.L_x,Eye.L_y,Eye.L_z,Eye.R_x,Eye.R_y,Eye.R_z,Ear.L_x,Ear.L_y,Ear.L_z,Ear.R_x,Ear.R_y,Ear.R_z,hip.Center_x,hip.Center_y,hip.Center_z
0,-0.069712706,-0.67975,-0.07014886,-0.002224558,-0.20420377,0.026482686,-0.034977544,0.25617558,0.1037346,0.040638693,0.27275807,-0.1448672,0.030292518,-0.18729766,-0.15965712,-0.036623806,-0.6703118,-0.22894894,-0.05110504,0.13104858,0.26249146,-0.10783344,0.4088078,0.22121628,-0.05507662,0.69633144,0.15333694,0.012234233,0.71563745,-0.14779833,0.0007757563,0.4363659,-0.2599551,0.07678516,0.1696226,-0.31700253,-0.000903693,0.7801423,0.010476957,0.014340289,1.0001998,0.038985487,0.13925059,0.908943,0.07177111,0.11443539,0.95278406,0.031974223,0.08971276,0.94304746,0.094416484,0.042314455,0.9371123,-0.042674616,-0.012526354,0.91660297,0.09582402,0.0028305742889642715,0.2644668221473694,-0.020566299557685852
