frame,Ankle.R_x,Ankle.R_y,Ankle.R_z,Knee.R_x,Knee.R_y,Knee.R_z,Hip.R_x,Hip.R_y,Hip.R_z,Hip.L_x,Hip.L_y,Hip.L_z,Knee.L_x,Knee.L_y,Knee.L_z,Ankle.L_x,Ankle.L_y,Ankle.L_z,Wrist.R_x,Wrist.R_y,Wrist.R_z,Elbow.R_x,Elbow.R_y,Elbow.R_z,Shoulder.R_x,Shoulder.R_y,Shoulder.R_z,Shoulder.L_x,Shoulder.L_y,Shoulder.L_z,Elbow.L_x,Elbow.L_y,Elbow.L_z,Wrist.L_x,Wrist.L_y,Wrist.L_z,Neck_x,Neck_y,Neck_z,Head_x,Head_y,Head_z,Nose_x,Nose_y,Nose_z,Eye.L_x,Eye.L_y,Eye.L_z,Eye.R_x,Eye.R_y,Eye.R_z,Ear.L_x,Ear.L_y,Ear.L_z,Ear.R_x,Ear.R_y,Ear.R_z,hip.Center_x,hip.Center_y,hip.Center_z
0,0.13588999,-0.26467845,-0.057482313,0.30538443,0.09646103,0.11537112,-0.04873972,0.27315277,0.113417566,-0.0036940915,0.3208907,-0.15065052,0.33377162,0.12172958,-0.12309604,0.09471442,-0.23701064,-0.20338686,0.13028745,0.005029365,0.22252138,0.16820326,0.27969503,0.2619015,0.28597295,0.5445728,0.22652496,0.33778995,0.5864551,-0.08715365,0.23131683,0.34925792,-0.21849167,0.20706622,0.0733999,-0.23400708,0.3578089,0.6243995,0.08430271,0.41900048,0.82752824,0.123856805,0.54102206,0.72365016,0.13099754,0.51255155,0.77156126,0.09709296,0.4978954,0.75873697,0.1636535,0.42591366,0.7673452,0.031460024,0.3922921,0.7393266,0.18462543,-0.026216905564069748,0.297021746635437,-0.01861647516489029
