frame,Ankle.R_x,Ankle.R_y,Ankle.R_z,Knee.R_x,Knee.R_y,Knee.R_z,Hip.R_x,Hip.R_y,Hip.R_z,Hip.L_x,Hip.L_y,Hip.L_z,Knee.L_x,Knee.L_y,Knee.L_z,Ankle.L_x,Ankle.L_y,Ankle.L_z,Wrist.R_x,Wrist.R_y,Wrist.R_z,Elbow.R_x,Elbow.R_y,Elbow.R_z,Shoulder.R_x,Shoulder.R_y,Shoulder.R_z,Shoulder.L_x,Shoulder.L_y,Shoulder.L_z,Elbow.L_x,Elbow.L_y,Elbow.L_z,Wrist.L_x,Wrist.L_y,Wrist.L_z,Neck_x,Neck_y,Neck_z,Head_x,Head_y,Head_z,Nose_x,Nose_y,Nose_z,Eye.L_x,Eye.L_y,Eye.L_z,Eye.R_x,Eye.R_y,Eye.R_z,Ear.L_x,Ear.L_y,Ear.L_z,Ear.R_x,Ear.R_y,Ear.R_z,hip.Center_x,hip.Center_y,hip.Center_z
0,-0.041629132,-0.62447506,-0.0867942,0.091899306,-0.18407662,0.04733,-0.02688221,0.26082408,0.10736327,0.01837239,0.27995047,-0.14961225,0.14806223,-0.15615796,-0.159578,-0.038812563,-0.59692526,-0.22952682,0.0050582164,0.14719799,0.3096854,-0.034944825,0.4213702,0.25645685,0.038137373,0.694834,0.16233635,0.06189272,0.70952606,-0.14824489,0.011325527,0.4454612,-0.2802962,0.07022166,0.19204119,-0.38186657,0.07793872,0.7741826,0.012374638,0.09925414,0.9931941,0.045920182,0.22438379,0.9008208,0.0699393,0.19866152,0.9464991,0.03347497,0.17558955,0.9336074,0.09577292,0.124611914,0.93468344,-0.040440638,0.073642485,0.9070089,0.099402815,-0.004254910163581371,0.27038729190826416,-0.02112448960542679
