frame,Ankle.R_x,Ankle.R_y,Ankle.R_z,Knee.R_x,Knee.R_y,Knee.R_z,Hip.R_x,Hip.R_y,Hip.R_z,Hip.L_x,Hip.L_y,Hip.L_z,Knee.L_x,Knee.L_y,Knee.L_z,Ankle.L_x,Ankle.L_y,Ankle.L_z,Wrist.R_x,Wrist.R_y,Wrist.R_z,Elbow.R_x,Elbow.R_y,Elbow.R_z,Shoulder.R_x,Shoulder.R_y,Shoulder.R_z,Shoulder.L_x,Shoulder.L_y,Shoulder.L_z,Elbow.L_x,Elbow.L_y,Elbow.L_z,Wrist.L_x,Wrist.L_y,Wrist.L_z,Neck_x,Neck_y,Neck_z,Head_x,Head_y,Head_z,Nose_x,Nose_y,Nose_z,Eye.L_x,Eye.L_y,Eye.L_z,Eye.R_x,Eye.R_y,Eye.R_z,Ear.L_x,Ear.L_y,Ear.L_z,Ear.R_x,Ear.R_y,Ear.R_z,hip.Center_x,hip.Center_y,hip.Center_z
0,0.1521231,-0.29636076,-0.10447437,0.32438418,0.07057485,0.060358074,-0.024777098,0.2614027,0.118217245,-0.02755411,0.32602802,-0.1445267,0.31525922,0.13954303,-0.19896457,0.14407223,-0.26419476,-0.2663715,0.11738768,0.022849882,0.20702264,0.1635121,0.29541355,0.24543066,0.28784028,0.55680513,0.19930434,0.2857242,0.6267924,-0.1144989,0.15512738,0.40521526,-0.2533876,0.12265336,0.13565193,-0.306729,0.33481252,0.6510737,0.053880937,0.40119782,0.85289824,0.10166681,0.5214901,0.75002366,0.08002177,0.4889427,0.8003882,0.05570749,0.48466647,0.781756,0.122050665,0.3934421,0.80162907,0.0046873037,0.38408357,0.76004696,0.1571816,-0.02616560459136963,0.29371535778045654,-0.013154730200767517
