frame,Ankle.R_x,Ankle.R_y,Ankle.R_z,Knee.R_x,Knee.R_y,Knee.R_z,Hip.R_x,Hip.R_y,Hip.R_z,Hip.L_x,Hip.L_y,Hip.L_z,Knee.L_x,Knee.L_y,Knee.L_z,Ankle.L_x,Ankle.L_y,Ankle.L_z,Wrist.R_x,Wrist.R_y,Wrist.R_z,Elbow.R_x,Elbow.R_y,Elbow.R_z,Shoulder.R_x,Shoulder.R_y,Shoulder.R_z,Shoulder.L_x,Shoulder.L_y,Shoulder.L_z,Elbow.L_x,Elbow.L_y,Elbow.L_z,Wrist.L_x,Wrist.L_y,Wrist.L_z,Neck_x,Neck_y,Neck_z,Head_x,Head_y,Head_z,Nose_x,Nose_y,Nose_z,Eye.L_x,Eye.L_y,Eye.L_z,Eye.R_x,Eye.R_y,Eye.R_z,Ear.L_x,Ear.L_y,Ear.L_z,Ear.R_x,Ear.R_y,Ear.R_z,hip.Center_x,hip.Center_y,hip.Center_z
0,0.015621507,-0.51204085,-0.06378853,0.17539595,-0.107045434,0.04858872,-0.023540126,0.28379816,0.11044127,-0.004253517,0.30984315,-0.1452868,0.22791256,-0.046312355,-0.17311984,0.04831536,-0.45724082,-0.22767287,-0.008936191,0.1834564,0.2398086,0.02759529,0.45490614,0.2441973,0.15637407,0.7024812,0.17131342,0.16477796,0.7211315,-0.14979744,0.06066718,0.47623795,-0.26736003,0.07717787,0.20789567,-0.3085656,0.2031361,0.77787566,0.014078666,0.2614772,0.9934985,0.041024182,0.37936747,0.88728863,0.04142387,0.3500929,0.9351971,0.009448394,0.33929354,0.9247674,0.07597064,0.2607355,0.93167514,-0.049889676,0.23628649,0.9082005,0.1036704,-0.013896821066737175,0.29682064056396484,-0.017422765493392944
