frame,Ankle.R_x,Ankle.R_y,Ankle.R_z,Knee.R_x,Knee.R_y,Knee.R_z,Hip.R_x,Hip.R_y,Hip.R_z,Hip.L_x,Hip.L_y,Hip.L_z,Knee.L_x,Knee.L_y,Knee.L_z,Ankle.L_x,Ankle.L_y,Ankle.L_z,Wrist.R_x,Wrist.R_y,Wrist.R_z,Elbow.R_x,Elbow.R_y,Elbow.R_z,Shoulder.R_x,Shoulder.R_y,Shoulder.R_z,Shoulder.L_x,Shoulder.L_y,Shoulder.L_z,Elbow.L_x,Elbow.L_y,Elbow.L_z,Wrist.L_x,Wrist.L_y,Wrist.L_z,Neck_x,Neck_y,Neck_z,Head_x,Head_y,Head_z,Nose_x,Nose_y,Nose_z,Eye.L_x,Eye.L_y,Eye.L_z,Eye.R_x,Eye.R_y,Eye.R_z,Ear.L_x,Ear.L_y,Ear.L_z,Ear.R_x,Ear.R_y,Ear.R_z,hip.Center_x,hip.Center_y,hip.Center_z
0,-0.22426462,-0.5621243,-0.34918684,-0.17863134,-0.19746052,-0.022589868,-0.1323791,0.26296642,-0.024561483,0.1256201,0.2598164,-0.014952882,0.1762789,-0.19685315,-0.010057648,0.23811811,-0.5682241,-0.33320257,-0.3073078,0.14839216,-0.026582286,-0.24865237,0.42362562,-0.07726821,-0.15410113,0.6926806,0.012905986,0.15196757,0.69317544,0.03387952,0.25238755,0.42194834,-0.04610364,0.29928464,0.14778984,0.0049038636,-0.0035037724,0.76008165,0.058146004,-0.030187901,0.970212,0.119040586,-0.054683596,0.8542236,0.22173892,-0.017833713,0.9035363,0.205577,-0.080388784,0.89772046,0.18122026,0.053775422,0.90540016,0.12997092,-0.08591248,0.89337254,0.076563984,-0.0033795014023780823,0.26139140129089355,-0.019757183268666267
