frame,Ankle.R_x,Ankle.R_y,Ankle.R_z,Knee.R_x,Knee.R_y,Knee.R_z,Hip.R_x,Hip.R_y,Hip.R_z,Hip.L_x,Hip.L_y,Hip.L_z,Knee.L_x,Knee.L_y,Knee.L_z,Ankle.L_x,Ankle.L_y,Ankle.L_z,Wrist.R_x,Wrist.R_y,Wrist.R_z,Elbow.R_x,Elbow.R_y,Elbow.R_z,Shoulder.R_x,Shoulder.R_y,Shoulder.R_z,Shoulder.L_x,Shoulder.L_y,Shoulder.L_z,Elbow.L_x,Elbow.L_y,Elbow.L_z,Wrist.L_x,Wrist.L_y,Wrist.L_z,Neck_x,Neck_y,Neck_z,Head_x,Head_y,Head_z,Nose_x,Nose_y,Nose_z,Eye.L_x,Eye.L_y,Eye.L_z,Eye.R_x,Eye.R_y,Eye.R_z,Ear.L_x,Ear.L_y,Ear.L_z,Ear.R_x,Ear.R_y,Ear.R_z,hip.Center_x,hip.Center_y,hip.Center_z
0,-0.070420586,-0.6817752,-0.062710345,-0.0013438641,-0.20529065,0.030960932,-0.03752925,0.25581035,0.10275921,0.043399826,0.27040112,-0.14441453,0.03013874,-0.19058506,-0.1514104,-0.040463105,-0.67451733,-0.21293047,-0.07208117,0.12929416,0.25499353,-0.121046424,0.40835363,0.21356615,-0.059200898,0.6945973,0.14962645,0.014496781,0.7143886,-0.14916672,-0.0012640078,0.43688455,-0.26414883,0.07352372,0.16992657,-0.32088602,-0.00095232204,0.7778271,0.008346695,0.015213283,0.9969529,0.03513659,0.14045432,0.905923,0.06727739,0.11513938,0.94927526,0.027323823,0.091389194,0.9404316,0.09025471,0.04193996,0.9328179,-0.04579447,-0.010815219,0.9142089,0.09358266,0.0029352884739637375,0.26310575008392334,-0.020827658474445343
