frame,Ankle.R_x,Ankle.R_y,Ankle.R_z,Knee.R_x,Knee.R_y,Knee.R_z,Hip.R_x,Hip.R_y,Hip.R_z,Hip.L_x,Hip.L_y,Hip.L_z,Knee.L_x,Knee.L_y,Knee.L_z,Ankle.L_x,Ankle.L_y,Ankle.L_z,Wrist.R_x,Wrist.R_y,Wrist.R_z,Elbow.R_x,Elbow.R_y,Elbow.R_z,Shoulder.R_x,Shoulder.R_y,Shoulder.R_z,Shoulder.L_x,Shoulder.L_y,Shoulder.L_z,Elbow.L_x,Elbow.L_y,Elbow.L_z,Wrist.L_x,Wrist.L_y,Wrist.L_z,Neck_x,Neck_y,Neck_z,Head_x,Head_y,Head_z,Nose_x,Nose_y,Nose_z,Eye.L_x,Eye.L_y,Eye.L_z,Eye.R_x,Eye.R_y,Eye.R_z,Ear.L_x,Ear.L_y,Ear.L_z,Ear.R_x,Ear.R_y,Ear.R_z,hip.Center_x,hip.Center_y,hip.Center_z
0,0.14134054,-0.2785057,-0.03884201,0.3215257,0.095850766,0.0953291,-0.033321127,0.2743917,0.11668098,-0.019810744,0.31480452,-0.15137658,0.32585093,0.12866755,-0.16292605,0.10760376,-0.25156438,-0.19815159,0.09841825,0.05067036,0.20977354,0.1606741,0.3207881,0.2431002,0.2937168,0.5711664,0.18377656,0.30013236,0.61022365,-0.1347897,0.1619905,0.38433057,-0.25419852,0.11348158,0.11498419,-0.29506928,0.34595793,0.6469022,0.032279115,0.41971612,0.84634197,0.071049064,0.5347407,0.7354651,0.063786656,0.5071727,0.7862035,0.034577325,0.49682403,0.77147543,0.10124161,0.41588053,0.7900609,-0.023888832,0.3929866,0.7576311,0.12965363,-0.02656593546271324,0.2945981025695801,-0.017347797751426697
