frame,Ankle.R_x,Ankle.R_y,Ankle.R_z,Knee.R_x,Knee.R_y,Knee.R_z,Hip.R_x,Hip.R_y,Hip.R_z,Hip.L_x,Hip.L_y,Hip.L_z,Knee.L_x,Knee.L_y,Knee.L_z,Ankle.L_x,Ankle.L_y,Ankle.L_z,Wrist.R_x,Wrist.R_y,Wrist.R_z,Elbow.R_x,Elbow.R_y,Elbow.R_z,Shoulder.R_x,Shoulder.R_y,Shoulder.R_z,Shoulder.L_x,Shoulder.L_y,Shoulder.L_z,Elbow.L_x,Elbow.L_y,Elbow.L_z,Wrist.L_x,Wrist.L_y,Wrist.L_z,Neck_x,Neck_y,Neck_z,Head_x,Head_y,Head_z,Nose_x,Nose_y,Nose_z,Eye.L_x,Eye.L_y,Eye.L_z,Eye.R_x,Eye.R_y,Eye.R_z,Ear.L_x,Ear.L_y,Ear.L_z,Ear.R_x,Ear.R_y,Ear.R_z,hip.Center_x,hip.Center_y,hip.Center_z
0,0.13297758,-0.26359907,-0.06203654,0.30709758,0.095137306,0.11159706,-0.047282264,0.27270588,0.1139829,-0.004939439,0.32148153,-0.15049757,0.33265755,0.12006278,-0.1277161,0.08753594,-0.23475675,-0.20691448,0.13178548,0.0051701306,0.222229,0.17076756,0.27999857,0.2608056,0.28838646,0.5449844,0.22434834,0.33714724,0.58718175,-0.0896618,0.23087147,0.34913695,-0.21999678,0.20768394,0.072973356,-0.23572692,0.35906446,0.6247006,0.08160144,0.42522025,0.82707757,0.12163763,0.54466105,0.72006655,0.12635091,0.5169328,0.7688806,0.09314592,0.50291586,0.7560369,0.15984334,0.4292261,0.7673331,0.028815556,0.39714244,0.73918056,0.1822288,-0.026110850274562836,0.2970936894416809,-0.01825733482837677
