frame,Ankle.R_x,Ankle.R_y,Ankle.R_z,Knee.R_x,Knee.R_y,Knee.R_z,Hip.R_x,Hip.R_y,Hip.R_z,Hip.L_x,Hip.L_y,Hip.L_z,Knee.L_x,Knee.L_y,Knee.L_z,Ankle.L_x,Ankle.L_y,Ankle.L_z,Wrist.R_x,Wrist.R_y,Wrist.R_z,Elbow.R_x,Elbow.R_y,Elbow.R_z,Shoulder.R_x,Shoulder.R_y,Shoulder.R_z,Shoulder.L_x,Shoulder.L_y,Shoulder.L_z,Elbow.L_x,Elbow.L_y,Elbow.L_z,Wrist.L_x,Wrist.L_y,Wrist.L_z,Neck_x,Neck_y,Neck_z,Head_x,Head_y,Head_z,Nose_x,Nose_y,Nose_z,Eye.L_x,Eye.L_y,Eye.L_z,Eye.R_x,Eye.R_y,Eye.R_z,Ear.L_x,Ear.L_y,Ear.L_z,Ear.R_x,Ear.R_y,Ear.R_z,hip.Center_x,hip.Center_y,hip.Center_z
0,0.14448923,-0.21728109,-0.030144604,0.32406875,0.15090191,0.103692494,-0.044803437,0.2762035,0.114497475,-0.00956616,0.31358746,-0.15357694,0.3379991,0.13075423,-0.11120547,0.058559544,-0.19444114,-0.16755527,0.11875769,0.03352794,0.22776313,0.15473944,0.3090005,0.25938386,0.27295506,0.57025903,0.21202451,0.3173117,0.6040938,-0.1053161,0.2004109,0.36789382,-0.22704706,0.16397169,0.0941809,-0.24823414,0.34168613,0.6455838,0.065603994,0.41609722,0.84790885,0.10406342,0.52950275,0.73464465,0.10500924,0.5033034,0.78480655,0.07260896,0.49094984,0.77287245,0.13977416,0.41378805,0.7878004,0.011718692,0.38560233,0.76188767,0.16580503,-0.027184799313545227,0.2948954701423645,-0.019539732486009598
