frame,Ankle.R_x,Ankle.R_y,Ankle.R_z,Knee.R_x,Knee.R_y,Knee.R_z,Hip.R_x,Hip.R_y,Hip.R_z,Hip.L_x,Hip.L_y,Hip.L_z,Knee.L_x,Knee.L_y,Knee.L_z,Ankle.L_x,Ankle.L_y,Ankle.L_z,Wrist.R_x,Wrist.R_y,Wrist.R_z,Elbow.R_x,Elbow.R_y,Elbow.R_z,Shoulder.R_x,Shoulder.R_y,Shoulder.R_z,Shoulder.L_x,Shoulder.L_y,Shoulder.L_z,Elbow.L_x,Elbow.L_y,Elbow.L_z,Wrist.L_x,Wrist.L_y,Wrist.L_z,Neck_x,Neck_y,Neck_z,Head_x,Head_y,Head_z,Nose_x,Nose_y,Nose_z,Eye.L_x,Eye.L_y,Eye.L_z,Eye.R_x,Eye.R_y,Eye.R_z,Ear.L_x,Ear.L_y,Ear.L_z,Ear.R_x,Ear.R_y,Ear.R_z,hip.Center_x,hip.Center_y,hip.Center_z
0,0.15182152,-0.26579154,-0.078983,0.31526276,0.097209565,0.09556284,-0.039348207,0.27465862,0.116186805,-0.014546147,0.32436097,-0.14885595,0.32847205,0.13407086,-0.15022846,0.10430348,-0.23639642,-0.21639301,0.12060635,0.04510707,0.2081993,0.16649593,0.3175594,0.24923632,0.2907385,0.5753611,0.20373428,0.30830175,0.62004805,-0.11601481,0.18169662,0.39028868,-0.24125133,0.14690319,0.118163124,-0.27847803,0.34658384,0.65674925,0.054095253,0.40457416,0.8610563,0.09705421,0.53025866,0.76155937,0.08717011,0.49697834,0.8100472,0.058710266,0.48898286,0.79331756,0.12557495,0.4047936,0.8057195,0.00080299564,0.3864879,0.7685542,0.1552971,-0.026947177946567535,0.29950979351997375,-0.016334574669599533
