frame,Ankle.R_x,Ankle.R_y,Ankle.R_z,Knee.R_x,Knee.R_y,Knee.R_z,Hip.R_x,Hip.R_y,Hip.R_z,Hip.L_x,Hip.L_y,Hip.L_z,Knee.L_x,Knee.L_y,Knee.L_z,Ankle.L_x,Ankle.L_y,Ankle.L_z,Wrist.R_x,Wrist.R_y,Wrist.R_z,Elbow.R_x,Elbow.R_y,Elbow.R_z,Shoulder.R_x,Shoulder.R_y,Shoulder.R_z,Shoulder.L_x,Shoulder.L_y,Shoulder.L_z,Elbow.L_x,Elbow.L_y,Elbow.L_z,Wrist.L_x,Wrist.L_y,Wrist.L_z,Neck_x,Neck_y,Neck_z,Head_x,Head_y,Head_z,Nose_x,Nose_y,Nose_z,Eye.L_x,Eye.L_y,Eye.L_z,Eye.R_x,Eye.R_y,Eye.R_z,Ear.L_x,Ear.L_y,Ear.L_z,Ear.R_x,Ear.R_y,Ear.R_z,hip.Center_x,hip.Center_y,hip.Center_z
0,0.14011791,-0.27008823,-0.06500683,0.31115022,0.09351114,0.103063606,-0.044412397,0.2687825,0.11467528,-0.008023475,0.32147843,-0.14995562,0.33388698,0.13086487,-0.13098103,0.10378831,-0.23204009,-0.22033496,0.12863003,0.0006123215,0.21335478,0.17228803,0.27399626,0.2548761,0.29074624,0.5384005,0.2213293,0.33167627,0.5884044,-0.09147085,0.22160779,0.35470268,-0.22490133,0.19644971,0.07957829,-0.24820973,0.3578224,0.62097913,0.079360455,0.4276413,0.82091725,0.12252828,0.5450266,0.71195525,0.12117134,0.51747847,0.76194215,0.09005126,0.50504136,0.7476982,0.15667765,0.42816675,0.76365054,0.028437704,0.3999305,0.732214,0.18153052,-0.026217935606837273,0.2951304614543915,-0.017640165984630585
