frame,Ankle.R_x,Ankle.R_y,Ankle.R_z,Knee.R_x,Knee.R_y,Knee.R_z,Hip.R_x,Hip.R_y,Hip.R_z,Hip.L_x,Hip.L_y,Hip.L_z,Knee.L_x,Knee.L_y,Knee.L_z,Ankle.L_x,Ankle.L_y,Ankle.L_z,Wrist.R_x,Wrist.R_y,Wrist.R_z,Elbow.R_x,Elbow.R_y,Elbow.R_z,Shoulder.R_x,Shoulder.R_y,Shoulder.R_z,Shoulder.L_x,Shoulder.L_y,Shoulder.L_z,Elbow.L_x,Elbow.L_y,Elbow.L_z,Wrist.L_x,Wrist.L_y,Wrist.L_z,Neck_x,Neck_y,Neck_z,Head_x,Head_y,Head_z,Nose_x,Nose_y,Nose_z,Eye.L_x,Eye.L_y,Eye.L_z,Eye.R_x,Eye.R_y,Eye.R_z,Ear.L_x,Ear.L_y,Ear.L_z,Ear.R_x,Ear.R_y,Ear.R_z,hip.Center_x,hip.Center_y,hip.Center_z
0,0.024242789,-0.4961617,-0.08079236,0.19953072,-0.10060748,0.033215024,-0.011809561,0.27835852,0.11251096,-0.018146327,0.31259426,-0.14327833,0.22223505,-0.028351044,-0.21974027,0.04191336,-0.43976322,-0.25640112,0.068298094,0.15407743,0.24854352,0.0652286,0.4283853,0.24977829,0.15287994,0.6942774,0.17072216,0.14010148,0.7215843,-0.14999567,0.067759894,0.46814752,-0.27754265,0.116703704,0.20916937,-0.34614897,0.18210243,0.77978367,0.01373604,0.22076385,1.0008948,0.043641146,0.34785813,0.9063411,0.04113147,0.31428248,0.9519669,0.010410652,0.30507725,0.9393215,0.07667813,0.22494262,0.941197,-0.04822151,0.2042855,0.91293913,0.10437015,-0.01497794408351183,0.29547637701034546,-0.015383686870336533
