frame,Ankle.R_x,Ankle.R_y,Ankle.R_z,Knee.R_x,Knee.R_y,Knee.R_z,Hip.R_x,Hip.R_y,Hip.R_z,Hip.L_x,Hip.L_y,Hip.L_z,Knee.L_x,Knee.L_y,Knee.L_z,Ankle.L_x,Ankle.L_y,Ankle.L_z,Wrist.R_x,Wrist.R_y,Wrist.R_z,Elbow.R_x,Elbow.R_y,Elbow.R_z,Shoulder.R_x,Shoulder.R_y,Shoulder.R_z,Shoulder.L_x,Shoulder.L_y,Shoulder.L_z,Elbow.L_x,Elbow.L_y,Elbow.L_z,Wrist.L_x,Wrist.L_y,Wrist.L_z,Neck_x,Neck_y,Neck_z,Head_x,Head_y,Head_z,Nose_x,Nose_y,Nose_z,Eye.L_x,Eye.L_y,Eye.L_z,Eye.R_x,Eye.R_y,Eye.R_z,Ear.L_x,Ear.L_y,Ear.L_z,Ear.R_x,Ear.R_y,Ear.R_z,hip.Center_x,hip.Center_y,hip.Center_z
0,0.14620396,-0.2613221,-0.068393506,0.3120141,0.101320736,0.1033222,-0.04432313,0.27657598,0.11473555,-0.009489501,0.3228933,-0.15003932,0.33313936,0.1330337,-0.1283655,0.09949336,-0.2286857,-0.2017476,0.11578227,0.04604817,0.21578068,0.1605939,0.3188218,0.25597245,0.2850628,0.57650435,0.21131131,0.31350824,0.6185632,-0.108572565,0.18922964,0.3898101,-0.23749965,0.15332106,0.11795557,-0.27534735,0.34608313,0.6562112,0.0627121,0.40318534,0.86068654,0.1054597,0.52878106,0.7606303,0.101236776,0.49662718,0.80891705,0.0710063,0.48620945,0.79298085,0.13776223,0.40656704,0.8041762,0.009874073,0.38261792,0.7688683,0.1641732,-0.026906315237283707,0.2997346520423889,-0.017651882022619247
