frame,Ankle.R_x,Ankle.R_y,Ankle.R_z,Knee.R_x,Knee.R_y,Knee.R_z,Hip.R_x,Hip.R_y,Hip.R_z,Hip.L_x,Hip.L_y,Hip.L_z,Knee.L_x,Knee.L_y,Knee.L_z,Ankle.L_x,Ankle.L_y,Ankle.L_z,Wrist.R_x,Wrist.R_y,Wrist.R_z,Elbow.R_x,Elbow.R_y,Elbow.R_z,Shoulder.R_x,Shoulder.R_y,Shoulder.R_z,Shoulder.L_x,Shoulder.L_y,Shoulder.L_z,Elbow.L_x,Elbow.L_y,Elbow.L_z,Wrist.L_x,Wrist.L_y,Wrist.L_z,Neck_x,Neck_y,Neck_z,Head_x,Head_y,Head_z,Nose_x,Nose_y,Nose_z,Eye.L_x,Eye.L_y,Eye.L_z,Eye.R_x,Eye.R_y,Eye.R_z,Ear.L_x,Ear.L_y,Ear.L_z,Ear.R_x,Ear.R_y,Ear.R_z,hip.Center_x,hip.Center_y,hip.Center_z
0,-0.2067774,-0.5736088,-0.34908736,-0.14339133,-0.20810649,-0.028013278,-0.13247183,0.2560572,-0.01639145,0.12468389,0.25829735,-0.02014682,0.17003632,-0.1978203,-0.002614243,0.2437641,-0.5870204,-0.29870826,-0.3136167,0.14809017,0.024790732,-0.25877702,0.41557157,-0.054457206,-0.15598245,0.68603337,0.014054889,0.14802507,0.6865444,0.0104543995,0.23755035,0.41463208,-0.073336124,0.28933653,0.14294724,-0.022987526,-0.0024819504,0.7551702,0.043266177,-0.015877392,0.9686774,0.079630606,-0.023772258,0.8711123,0.2020817,0.010681469,0.915436,0.17195213,-0.055428773,0.9095039,0.16094552,0.06583482,0.9019311,0.085553974,-0.0806747,0.8898897,0.061282005,-0.0038939714431762695,0.25717729330062866,-0.018269136548042297
