frame,Ankle.R_x,Ankle.R_y,Ankle.R_z,Knee.R_x,Knee.R_y,Knee.R_z,Hip.R_x,Hip.R_y,Hip.R_z,Hip.L_x,Hip.L_y,Hip.L_z,Knee.L_x,Knee.L_y,Knee.L_z,Ankle.L_x,Ankle.L_y,Ankle.L_z,Wrist.R_x,Wrist.R_y,Wrist.R_z,Elbow.R_x,Elbow.R_y,Elbow.R_z,Shoulder.R_x,Shoulder.R_y,Shoulder.R_z,Shoulder.L_x,Shoulder.L_y,Shoulder.L_z,Elbow.L_x,Elbow.L_y,Elbow.L_z,Wrist.L_x,Wrist.L_y,Wrist.L_z,Neck_x,Neck_y,Neck_z,Head_x,Head_y,Head_z,Nose_x,Nose_y,Nose_z,Eye.L_x,Eye.L_y,Eye.L_z,Eye.R_x,Eye.R_y,Eye.R_z,Ear.L_x,Ear.L_y,Ear.L_z,Ear.R_x,Ear.R_y,Ear.R_z,hip.Center_x,hip.Center_y,hip.Center_z
0,0.028311439,-0.47358415,-0.0139613375,0.17997581,-0.07364729,0.09157458,-0.047250528,0.2929876,0.10442301,0.016885424,0.31078148,-0.14263754,0.22175193,-0.055431392,-0.11993327,0.052980877,-0.4540892,-0.22101852,-0.006762026,0.18331334,0.23471491,0.054205567,0.44726425,0.25715917,0.18697004,0.6895988,0.1898337,0.23465593,0.69641125,-0.13031512,0.12975344,0.4604362,-0.2571032,0.100866735,0.19402686,-0.2906443,0.25387713,0.75596094,0.036957808,0.2943382,0.96899706,0.061556973,0.41656297,0.8745305,0.09966973,0.39281872,0.91830385,0.05808597,0.36525035,0.9089211,0.11984879,0.32314986,0.9037772,-0.02387658,0.26018316,0.8836137,0.12029801,-0.015182551927864552,0.3018845319747925,-0.019107263535261154
