frame,Ankle.R_x,Ankle.R_y,Ankle.R_z,Knee.R_x,Knee.R_y,Knee.R_z,Hip.R_x,Hip.R_y,Hip.R_z,Hip.L_x,Hip.L_y,Hip.L_z,Knee.L_x,Knee.L_y,Knee.L_z,Ankle.L_x,Ankle.L_y,Ankle.L_z,Wrist.R_x,Wrist.R_y,Wrist.R_z,Elbow.R_x,Elbow.R_y,Elbow.R_z,Shoulder.R_x,Shoulder.R_y,Shoulder.R_z,Shoulder.L_x,Shoulder.L_y,Shoulder.L_z,Elbow.L_x,Elbow.L_y,Elbow.L_z,Wrist.L_x,Wrist.L_y,Wrist.L_z,Neck_x,Neck_y,Neck_z,Head_x,Head_y,Head_z,Nose_x,Nose_y,Nose_z,Eye.L_x,Eye.L_y,Eye.L_z,Eye.R_x,Eye.R_y,Eye.R_z,Ear.L_x,Ear.L_y,Ear.L_z,Ear.R_x,Ear.R_y,Ear.R_z,hip.Center_x,hip.Center_y,hip.Center_z
0,0.14360611,-0.29068244,-0.08527203,0.31004518,0.07594595,0.084238276,-0.0376489,0.2719267,0.1162319,-0.01342564,0.32548675,-0.14777951,0.32210758,0.11696835,-0.15576388,0.089018196,-0.24835789,-0.22819386,0.14623636,0.02583194,0.22042313,0.1789341,0.30055892,0.25684997,0.29723957,0.5616698,0.20985791,0.32102883,0.60899085,-0.10723016,0.20389807,0.37709397,-0.23732889,0.18325765,0.102849886,-0.2660708,0.35568652,0.6433519,0.06284354,0.4175757,0.8458291,0.1039547,0.5406532,0.74296874,0.10023724,0.5098308,0.7916973,0.06982118,0.49909917,0.7765101,0.13657254,0.4194995,0.7888747,0.008978051,0.39520583,0.7551256,0.16298132,-0.025537271052598953,0.29870671033859253,-0.015773802995681763
