frame,Ankle.R_x,Ankle.R_y,Ankle.R_z,Knee.R_x,Knee.R_y,Knee.R_z,Hip.R_x,Hip.R_y,Hip.R_z,Hip.L_x,Hip.L_y,Hip.L_z,Knee.L_x,Knee.L_y,Knee.L_z,Ankle.L_x,Ankle.L_y,Ankle.L_z,Wrist.R_x,Wrist.R_y,Wrist.R_z,Elbow.R_x,Elbow.R_y,Elbow.R_z,Shoulder.R_x,Shoulder.R_y,Shoulder.R_z,Shoulder.L_x,Shoulder.L_y,Shoulder.L_z,Elbow.L_x,Elbow.L_y,Elbow.L_z,Wrist.L_x,Wrist.L_y,Wrist.L_z,Neck_x,Neck_y,Neck_z,Head_x,Head_y,Head_z,Nose_x,Nose_y,Nose_z,Eye.L_x,Eye.L_y,Eye.L_z,Eye.R_x,Eye.R_y,Eye.R_z,Ear.L_x,Ear.L_y,Ear.L_z,Ear.R_x,Ear.R_y,Ear.R_z,hip.Center_x,hip.Center_y,hip.Center_z
0,-0.27017462,-0.48208502,-0.26187402,-0.19428648,-0.17031598,0.10006437,-0.1349729,0.26650047,-0.03468774,0.12901057,0.2602533,-0.023335442,0.16110697,-0.16515718,0.13327478,0.25756255,-0.5260382,-0.18520184,-0.32951817,0.12345922,-0.004723161,-0.2602454,0.40183437,-0.009486209,-0.14891762,0.6446794,0.13186489,0.16411528,0.63016325,0.15302041,0.27766824,0.38308316,0.018287836,0.3375585,0.10558721,0.0029031201,0.0065895896,0.6935503,0.19474402,-0.013694046,0.86800313,0.33640203,-0.040048428,0.7211515,0.37968633,-0.001980137,0.7707657,0.3849503,-0.0650416,0.7774228,0.36234558,0.06834546,0.8038997,0.31557676,-0.07346496,0.81880575,0.26642054,-0.0029811635613441467,0.2633768916130066,-0.029011590406298637
