frame,Ankle.R_x,Ankle.R_y,Ankle.R_z,Knee.R_x,Knee.R_y,Knee.R_z,Hip.R_x,Hip.R_y,Hip.R_z,Hip.L_x,Hip.L_y,Hip.L_z,Knee.L_x,Knee.L_y,Knee.L_z,Ankle.L_x,Ankle.L_y,Ankle.L_z,Wrist.R_x,Wrist.R_y,Wrist.R_z,Elbow.R_x,Elbow.R_y,Elbow.R_z,Shoulder.R_x,Shoulder.R_y,Shoulder.R_z,Shoulder.L_x,Shoulder.L_y,Shoulder.L_z,Elbow.L_x,Elbow.L_y,Elbow.L_z,Wrist.L_x,Wrist.L_y,Wrist.L_z,Neck_x,Neck_y,Neck_z,Head_x,Head_y,Head_z,Nose_x,Nose_y,Nose_z,Eye.L_x,Eye.L_y,Eye.L_z,Eye.R_x,Eye.R_y,Eye.R_z,Ear.L_x,Ear.L_y,Ear.L_z,Ear.R_x,Ear.R_y,Ear.R_z,hip.Center_x,hip.Center_y,hip.Center_z
0,0.15056594,-0.29093376,-0.07810877,0.3089976,0.08072208,0.08686102,-0.040754642,0.27245542,0.11536026,-0.010563518,0.32456875,-0.14818811,0.32556605,0.11761586,-0.138088,0.1034512,-0.2519148,-0.22012107,0.1345559,0.02789151,0.21657959,0.17389873,0.30069986,0.25782275,0.29393762,0.5608813,0.21470048,0.32287732,0.60687,-0.1019987,0.20213419,0.37595358,-0.2287002,0.17150478,0.10253712,-0.25195196,0.35502198,0.641771,0.06825712,0.41701362,0.84424967,0.10930607,0.540034,0.7414764,0.104087114,0.5086751,0.7900536,0.07394723,0.4990495,0.77510893,0.14093293,0.4175498,0.7869518,0.014627059,0.39559752,0.75372815,0.16915165,-0.02565908059477806,0.2985121011734009,-0.01641392707824707
