frame,Ankle.R_x,Ankle.R_y,Ankle.R_z,Knee.R_x,Knee.R_y,Knee.R_z,Hip.R_x,Hip.R_y,Hip.R_z,Hip.L_x,Hip.L_y,Hip.L_z,Knee.L_x,Knee.L_y,Knee.L_z,Ankle.L_x,Ankle.L_y,Ankle.L_z,Wrist.R_x,Wrist.R_y,Wrist.R_z,Elbow.R_x,Elbow.R_y,Elbow.R_z,Shoulder.R_x,Shoulder.R_y,Shoulder.R_z,Shoulder.L_x,Shoulder.L_y,Shoulder.L_z,Elbow.L_x,Elbow.L_y,Elbow.L_z,Wrist.L_x,Wrist.L_y,Wrist.L_z,Neck_x,Neck_y,Neck_z,Head_x,Head_y,Head_z,Nose_x,Nose_y,Nose_z,Eye.L_x,Eye.L_y,Eye.L_z,Eye.R_x,Eye.R_y,Eye.R_z,Ear.L_x,Ear.L_y,Ear.L_z,Ear.R_x,Ear.R_y,Ear.R_z,hip.Center_x,hip.Center_y,hip.Center_z
0,-0.04483969,-0.6641558,-0.059908837,0.024245705,-0.19399105,0.030776886,-0.014108386,0.26354375,0.108466625,0.015885761,0.27843344,-0.14975262,0.037795126,-0.17369896,-0.17912923,-0.0047700102,-0.65360826,-0.2486601,0.01947777,0.15254939,0.29322752,-0.029677358,0.4291712,0.24693626,0.029068805,0.7074868,0.15235764,0.048128467,0.71536326,-0.15950002,0.018870063,0.440345,-0.2794146,0.09484304,0.18180038,-0.3607848,0.06369346,0.7847665,-8.951314e-05,0.084645696,1.0050011,0.03081571,0.2074613,0.9108644,0.06299679,0.18451795,0.9569101,0.024537258,0.15736811,0.94421285,0.08547545,0.11467758,0.94560784,-0.05444199,0.054998275,0.9191274,0.082241006,0.0008886875584721565,0.2709885835647583,-0.020642995834350586
