frame,Ankle.R_x,Ankle.R_y,Ankle.R_z,Knee.R_x,Knee.R_y,Knee.R_z,Hip.R_x,Hip.R_y,Hip.R_z,Hip.L_x,Hip.L_y,Hip.L_z,Knee.L_x,Knee.L_y,Knee.L_z,Ankle.L_x,Ankle.L_y,Ankle.L_z,Wrist.R_x,Wrist.R_y,Wrist.R_z,Elbow.R_x,Elbow.R_y,Elbow.R_z,Shoulder.R_x,Shoulder.R_y,Shoulder.R_z,Shoulder.L_x,Shoulder.L_y,Shoulder.L_z,Elbow.L_x,Elbow.L_y,Elbow.L_z,Wrist.L_x,Wrist.L_y,Wrist.L_z,Neck_x,Neck_y,Neck_z,Head_x,Head_y,Head_z,Nose_x,Nose_y,Nose_z,Eye.L_x,Eye.L_y,Eye.L_z,Eye.R_x,Eye.R_y,Eye.R_z,Ear.L_x,Ear.L_y,Ear.L_z,Ear.R_x,Ear.R_y,Ear.R_z,hip.Center_x,hip.Center_y,hip.Center_z
0,0.17193794,-0.26095146,-0.07766179,0.32938328,0.11978791,0.06316606,-0.03101443,0.27205867,0.11792806,-0.020980658,0.32353452,-0.14874528,0.32083914,0.11664813,-0.15930864,0.05072026,-0.22167417,-0.20832977,0.13273709,0.03707056,0.216114,0.16848946,0.3118395,0.25229627,0.28494987,0.57467604,0.20442411,0.30698666,0.6200395,-0.11509845,0.19064048,0.3809109,-0.23284386,0.16516085,0.105487004,-0.24855305,0.34332994,0.6568599,0.055203427,0.42206663,0.86006886,0.0936814,0.5344568,0.7464003,0.08064169,0.50557226,0.7975651,0.05237379,0.49945575,0.783767,0.120005384,0.41066593,0.8027772,-1.5096739e-06,0.39667982,0.77208304,0.1555803,-0.025997543707489967,0.2977966070175171,-0.015408612787723541
