frame,Ankle.R_x,Ankle.R_y,Ankle.R_z,Knee.R_x,Knee.R_y,Knee.R_z,Hip.R_x,Hip.R_y,Hip.R_z,Hip.L_x,Hip.L_y,Hip.L_z,Knee.L_x,Knee.L_y,Knee.L_z,Ankle.L_x,Ankle.L_y,Ankle.L_z,Wrist.R_x,Wrist.R_y,Wrist.R_z,Elbow.R_x,Elbow.R_y,Elbow.R_z,Shoulder.R_x,Shoulder.R_y,Shoulder.R_z,Shoulder.L_x,Shoulder.L_y,Shoulder.L_z,Elbow.L_x,Elbow.L_y,Elbow.L_z,Wrist.L_x,Wrist.L_y,Wrist.L_z,Neck_x,Neck_y,Neck_z,Head_x,Head_y,Head_z,Nose_x,Nose_y,Nose_z,Eye.L_x,Eye.L_y,Eye.L_z,Eye.R_x,Eye.R_y,Eye.R_z,Ear.L_x,Ear.L_y,Ear.L_z,Ear.R_x,Ear.R_y,Ear.R_z,hip.Center_x,hip.Center_y,hip.Center_z
0,0.13334295,-0.266367,-0.06059263,0.3058491,0.09335927,0.11285475,-0.04775972,0.27324906,0.113770515,-0.0043812143,0.32135138,-0.15050523,0.3325145,0.118555926,-0.12638731,0.08911422,-0.23763742,-0.20531802,0.13153346,0.0057139164,0.22168386,0.17031042,0.28046006,0.26082516,0.28716758,0.5459643,0.22502327,0.33714777,0.58783317,-0.08894728,0.23182388,0.34919786,-0.21906433,0.20888321,0.07297242,-0.23342732,0.3580578,0.6260367,0.08238246,0.42011726,0.8293928,0.12161173,0.54188025,0.7250772,0.1279946,0.5133312,0.7730968,0.09425329,0.4990509,0.76033205,0.16092117,0.42621595,0.7691647,0.029158415,0.39346316,0.7412502,0.18253514,-0.02607046626508236,0.29730021953582764,-0.018367357552051544
