frame,Ankle.R_x,Ankle.R_y,Ankle.R_z,Knee.R_x,Knee.R_y,Knee.R_z,Hip.R_x,Hip.R_y,Hip.R_z,Hip.L_x,Hip.L_y,Hip.L_z,Knee.L_x,Knee.L_y,Knee.L_z,Ankle.L_x,Ankle.L_y,Ankle.L_z,Wrist.R_x,Wrist.R_y,Wrist.R_z,Elbow.R_x,Elbow.R_y,Elbow.R_z,Shoulder.R_x,Shoulder.R_y,Shoulder.R_z,Shoulder.L_x,Shoulder.L_y,Shoulder.L_z,Elbow.L_x,Elbow.L_y,Elbow.L_z,Wrist.L_x,Wrist.L_y,Wrist.L_z,Neck_x,Neck_y,Neck_z,Head_x,Head_y,Head_z,Nose_x,Nose_y,Nose_z,Eye.L_x,Eye.L_y,Eye.L_z,Eye.R_x,Eye.R_y,Eye.R_z,Ear.L_x,Ear.L_y,Ear.L_z,Ear.R_x,Ear.R_y,Ear.R_z,hip.Center_x,hip.Center_y,hip.Center_z
0,0.05087153,-0.5059028,-0.055351146,0.16898502,-0.0962954,0.049049906,-0.018659703,0.28725028,0.11042339,-0.0114159575,0.31305867,-0.14275955,0.22468658,-0.023130693,-0.18498766,0.08543895,-0.44037887,-0.22256862,0.114307314,0.15782294,0.25279742,0.10607712,0.42742628,0.2585098,0.18975997,0.68618584,0.17007108,0.19031066,0.7130678,-0.15097894,0.115519784,0.47411603,-0.29300195,0.15289313,0.21424495,-0.34612846,0.22689557,0.76619613,0.013625302,0.26740372,0.98270386,0.0369535,0.39462686,0.8884566,0.04605092,0.36283007,0.93256855,0.011549059,0.34936094,0.9221457,0.077413455,0.27739006,0.91972023,-0.05310109,0.24684575,0.89657956,0.10000934,-0.015037830919027328,0.3001544773578644,-0.016168076545000076
