frame,Ankle.R_x,Ankle.R_y,Ankle.R_z,Knee.R_x,Knee.R_y,Knee.R_z,Hip.R_x,Hip.R_y,Hip.R_z,Hip.L_x,Hip.L_y,Hip.L_z,Knee.L_x,Knee.L_y,Knee.L_z,Ankle.L_x,Ankle.L_y,Ankle.L_z,Wrist.R_x,Wrist.R_y,Wrist.R_z,Elbow.R_x,Elbow.R_y,Elbow.R_z,Shoulder.R_x,Shoulder.R_y,Shoulder.R_z,Shoulder.L_x,Shoulder.L_y,Shoulder.L_z,Elbow.L_x,Elbow.L_y,Elbow.L_z,Wrist.L_x,Wrist.L_y,Wrist.L_z,Neck_x,Neck_y,Neck_z,Head_x,Head_y,Head_z,Nose_x,Nose_y,Nose_z,Eye.L_x,Eye.L_y,Eye.L_z,Eye.R_x,Eye.R_y,Eye.R_z,Ear.L_x,Ear.L_y,Ear.L_z,Ear.R_x,Ear.R_y,Ear.R_z,hip.Center_x,hip.Center_y,hip.Center_z
0,0.13220103,-0.364414,-0.05015515,0.30328926,0.024602149,0.055178978,-0.01600911,0.28052992,0.11583815,-0.031242955,0.31336516,-0.1471945,0.27951717,0.0603156,-0.21113214,0.100282386,-0.34274253,-0.18919136,0.1234231,0.091161825,0.21253619,0.14298947,0.36469012,0.23612636,0.2577716,0.62086016,0.16072133,0.25698292,0.65155715,-0.16161495,0.1631791,0.4078846,-0.29088503,0.19859163,0.13801275,-0.31246546,0.29991135,0.69987094,0.0045411615,0.34960198,0.9109606,0.028323917,0.47413018,0.8128009,0.04326934,0.44557226,0.85801804,0.007298831,0.42882964,0.8475002,0.07291868,0.36197355,0.8477292,-0.061773997,0.32454026,0.8251233,0.09042244,-0.02362603321671486,0.29694753885269165,-0.015678178519010544
