frame,Ankle.R_x,Ankle.R_y,Ankle.R_z,Knee.R_x,Knee.R_y,Knee.R_z,Hip.R_x,Hip.R_y,Hip.R_z,Hip.L_x,Hip.L_y,Hip.L_z,Knee.L_x,Knee.L_y,Knee.L_z,Ankle.L_x,Ankle.L_y,Ankle.L_z,Wrist.R_x,Wrist.R_y,Wrist.R_z,Elbow.R_x,Elbow.R_y,Elbow.R_z,Shoulder.R_x,Shoulder.R_y,Shoulder.R_z,Shoulder.L_x,Shoulder.L_y,Shoulder.L_z,Elbow.L_x,Elbow.L_y,Elbow.L_z,Wrist.L_x,Wrist.L_y,Wrist.L_z,Neck_x,Neck_y,Neck_z,Head_x,Head_y,Head_z,Nose_x,Nose_y,Nose_z,Eye.L_x,Eye.L_y,Eye.L_z,Eye.R_x,Eye.R_y,Eye.R_z,Ear.L_x,Ear.L_y,Ear.L_z,Ear.R_x,Ear.R_y,Ear.R_z,hip.Center_x,hip.Center_y,hip.Center_z
0,-0.059409063,-0.67684543,-0.06201199,0.009230363,-0.20213689,0.026970007,-0.018984688,0.25720954,0.107319705,0.024514716,0.27442747,-0.14920671,0.014140274,-0.18244351,-0.17473648,-0.043454528,-0.6645099,-0.2435093,-0.03678419,0.14227982,0.28610402,-0.07323074,0.4217416,0.23817721,-0.010016724,0.7024197,0.15393798,0.026589654,0.7127981,-0.15343446,-0.00034241844,0.43564957,-0.26871875,0.06298719,0.16922873,-0.3391643,0.0320552,0.78027093,0.005031472,0.052568924,0.999121,0.03183024,0.1754286,0.90561813,0.06597574,0.15234607,0.95031726,0.026231248,0.12601423,0.94007945,0.08794938,0.081407204,0.9367002,-0.050592564,0.023681335,0.9153968,0.08663221,0.002765013836324215,0.2658185064792633,-0.020943503826856613
