frame,Ankle.R_x,Ankle.R_y,Ankle.R_z,Knee.R_x,Knee.R_y,Knee.R_z,Hip.R_x,Hip.R_y,Hip.R_z,Hip.L_x,Hip.L_y,Hip.L_z,Knee.L_x,Knee.L_y,Knee.L_z,Ankle.L_x,Ankle.L_y,Ankle.L_z,Wrist.R_x,Wrist.R_y,Wrist.R_z,Elbow.R_x,Elbow.R_y,Elbow.R_z,Shoulder.R_x,Shoulder.R_y,Shoulder.R_z,Shoulder.L_x,Shoulder.L_y,Shoulder.L_z,Elbow.L_x,Elbow.L_y,Elbow.L_z,Wrist.L_x,Wrist.L_y,Wrist.L_z,Neck_x,Neck_y,Neck_z,Head_x,Head_y,Head_z,Nose_x,Nose_y,Nose_z,Eye.L_x,Eye.L_y,Eye.L_z,Eye.R_x,Eye.R_y,Eye.R_z,Ear.L_x,Ear.L_y,Ear.L_z,Ear.R_x,Ear.R_y,Ear.R_z,hip.Center_x,hip.Center_y,hip.Center_z
0,0.14875953,-0.29118627,-0.06314647,0.30433318,0.08110367,0.10328341,-0.046044677,0.27608323,0.11377854,-0.006511078,0.32348877,-0.14940156,0.33096305,0.120394774,-0.12543343,0.11107443,-0.2508759,-0.20378259,0.12775815,0.03808446,0.2162774,0.16467655,0.3113122,0.259043,0.2835933,0.5721779,0.21906932,0.31920168,0.6142137,-0.09886425,0.20029229,0.3809834,-0.2231395,0.17008941,0.10721336,-0.24646667,0.34754565,0.6520724,0.072555974,0.40520895,0.8564306,0.11406173,0.5297198,0.75517607,0.11506138,0.49899846,0.8031987,0.083207674,0.48649943,0.78850543,0.14981236,0.41067913,0.7984636,0.019518606,0.38202208,0.7658168,0.17355207,-0.026277877390384674,0.2997860014438629,-0.01781151071190834
