frame,Ankle.R_x,Ankle.R_y,Ankle.R_z,Knee.R_x,Knee.R_y,Knee.R_z,Hip.R_x,Hip.R_y,Hip.R_z,Hip.L_x,Hip.L_y,Hip.L_z,Knee.L_x,Knee.L_y,Knee.L_z,Ankle.L_x,Ankle.L_y,Ankle.L_z,Wrist.R_x,Wrist.R_y,Wrist.R_z,Elbow.R_x,Elbow.R_y,Elbow.R_z,Shoulder.R_x,Shoulder.R_y,Shoulder.R_z,Shoulder.L_x,Shoulder.L_y,Shoulder.L_z,Elbow.L_x,Elbow.L_y,Elbow.L_z,Wrist.L_x,Wrist.L_y,Wrist.L_z,Neck_x,Neck_y,Neck_z,Head_x,Head_y,Head_z,Nose_x,Nose_y,Nose_z,Eye.L_x,Eye.L_y,Eye.L_z,Eye.R_x,Eye.R_y,Eye.R_z,Ear.L_x,Ear.L_y,Ear.L_z,Ear.R_x,Ear.R_y,Ear.R_z,hip.Center_x,hip.Center_y,hip.Center_z
0,0.10310792,-0.38074785,-0.023561204,0.2782753,0.0026371356,0.0923152,-0.029107006,0.2842373,0.11308169,-0.016404059,0.30960983,-0.14945593,0.2933385,0.04800524,-0.17176656,0.11475985,-0.35564607,-0.16755366,0.118436076,0.09775139,0.22261734,0.11939758,0.37179273,0.24112646,0.22790833,0.63282657,0.17714946,0.25103387,0.6618486,-0.14437316,0.1656751,0.4157849,-0.2731741,0.20453145,0.14785129,-0.3018378,0.2814585,0.7128088,0.023801375,0.3345723,0.9264029,0.050727215,0.4568451,0.82528996,0.06208713,0.42824548,0.87109363,0.02685791,0.4134068,0.86128145,0.093036726,0.34266973,0.8627447,-0.038912944,0.30894524,0.8414911,0.11418625,-0.022755533456802368,0.29692357778549194,-0.01818712055683136
