frame,Ankle.R_x,Ankle.R_y,Ankle.R_z,Knee.R_x,Knee.R_y,Knee.R_z,Hip.R_x,Hip.R_y,Hip.R_z,Hip.L_x,Hip.L_y,Hip.L_z,Knee.L_x,Knee.L_y,Knee.L_z,Ankle.L_x,Ankle.L_y,Ankle.L_z,Wrist.R_x,Wrist.R_y,Wrist.R_z,Elbow.R_x,Elbow.R_y,Elbow.R_z,Shoulder.R_x,Shoulder.R_y,Shoulder.R_z,Shoulder.L_x,Shoulder.L_y,Shoulder.L_z,Elbow.L_x,Elbow.L_y,Elbow.L_z,Wrist.L_x,Wrist.L_y,Wrist.L_z,Neck_x,Neck_y,Neck_z,Head_x,Head_y,Head_z,Nose_x,Nose_y,Nose_z,Eye.L_x,Eye.L_y,Eye.L_z,Eye.R_x,Eye.R_y,Eye.R_z,Ear.L_x,Ear.L_y,Ear.L_z,Ear.R_x,Ear.R_y,Ear.R_z,hip.Center_x,hip.Center_y,hip.Center_z
0,-0.23049138,-0.5733871,-0.3428631,-0.17570712,-0.19837588,-0.028193591,-0.1323383,0.262142,-0.025032826,0.12542167,0.25916776,-0.013794567,0.17554724,-0.19739899,-0.0125715835,0.24499291,-0.57869446,-0.32329243,-0.3073987,0.1473932,-0.04255316,-0.24740854,0.42370427,-0.086676046,-0.15528756,0.6919248,0.0074999295,0.14988935,0.6931389,0.03435266,0.25059646,0.42184925,-0.044283543,0.2944126,0.14566736,-0.00046400708,-0.005880205,0.75936806,0.05542539,-0.03346192,0.9693198,0.1121194,-0.05767232,0.85590315,0.21789718,-0.020892166,0.904863,0.2004037,-0.0835024,0.8983168,0.17633057,0.05051315,0.9049135,0.12466937,-0.089141116,0.89130485,0.0718265,-0.0034583136439323425,0.26065486669540405,-0.019413696601986885
