frame,Ankle.R_x,Ankle.R_y,Ankle.R_z,Knee.R_x,Knee.R_y,Knee.R_z,Hip.R_x,Hip.R_y,Hip.R_z,Hip.L_x,Hip.L_y,Hip.L_z,Knee.L_x,Knee.L_y,Knee.L_z,Ankle.L_x,Ankle.L_y,Ankle.L_z,Wrist.R_x,Wrist.R_y,Wrist.R_z,Elbow.R_x,Elbow.R_y,Elbow.R_z,Shoulder.R_x,Shoulder.R_y,Shoulder.R_z,Shoulder.L_x,Shoulder.L_y,Shoulder.L_z,Elbow.L_x,Elbow.L_y,Elbow.L_z,Wrist.L_x,Wrist.L_y,Wrist.L_z,Neck_x,Neck_y,Neck_z,Head_x,Head_y,Head_z,Nose_x,Nose_y,Nose_z,Eye.L_x,Eye.L_y,Eye.L_z,Eye.R_x,Eye.R_y,Eye.R_z,Ear.L_x,Ear.L_y,Ear.L_z,Ear.R_x,Ear.R_y,Ear.R_z,hip.Center_x,hip.Center_y,hip.Center_z
0,-0.26338795,-0.51857024,-0.23815623,-0.2129176,-0.1625384,0.084050424,-0.13275382,0.26783958,-0.04044698,0.12754875,0.26008767,-0.01397396,0.16467217,-0.18146144,0.08789011,0.25797507,-0.5366067,-0.23585792,-0.32994953,0.13422738,-0.030472977,-0.25696176,0.4097797,-0.03904918,-0.15635869,0.6617959,0.08957,0.15232517,0.65323925,0.13061321,0.27112126,0.3995746,0.02001591,0.33347744,0.12422978,0.021199832,-0.006523581,0.71769583,0.15724443,-0.034857765,0.9057185,0.27732295,-0.06659293,0.7647431,0.3346436,-0.028354827,0.8145187,0.33726034,-0.08938259,0.8189719,0.3094375,0.047408354,0.8390275,0.27014974,-0.089732505,0.8492489,0.20927633,-0.0026025325059890747,0.26396363973617554,-0.027210470288991928
