frame,Ankle.R_x,Ankle.R_y,Ankle.R_z,Knee.R_x,Knee.R_y,Knee.R_z,Hip.R_x,Hip.R_y,Hip.R_z,Hip.L_x,Hip.L_y,Hip.L_z,Knee.L_x,Knee.L_y,Knee.L_z,Ankle.L_x,Ankle.L_y,Ankle.L_z,Wrist.R_x,Wrist.R_y,Wrist.R_z,Elbow.R_x,Elbow.R_y,Elbow.R_z,Shoulder.R_x,Shoulder.R_y,Shoulder.R_z,Shoulder.L_x,Shoulder.L_y,Shoulder.L_z,Elbow.L_x,Elbow.L_y,Elbow.L_z,Wrist.L_x,Wrist.L_y,Wrist.L_z,Neck_x,Neck_y,Neck_z,Head_x,Head_y,Head_z,Nose_x,Nose_y,Nose_z,Eye.L_x,Eye.L_y,Eye.L_z,Eye.R_x,Eye.R_y,Eye.R_z,Ear.L_x,Ear.L_y,Ear.L_z,Ear.R_x,Ear.R_y,Ear.R_z,hip.Center_x,hip.Center_y,hip.Center_z
0,-0.2714448,-0.49161935,-0.24382627,-0.19627805,-0.1679287,0.10919123,-0.1348625,0.26567718,-0.033924803,0.12914026,0.26042557,-0.025040237,0.16190258,-0.16565488,0.13542145,0.24863398,-0.5308407,-0.18216683,-0.3263879,0.11760052,-0.0012887525,-0.2614161,0.39721543,-0.01197136,-0.15382814,0.64702725,0.120384164,0.15943575,0.6413582,0.13703424,0.2718313,0.39613575,-0.0014787344,0.3333771,0.119123705,-0.021705534,0.0014402997,0.7012667,0.18015629,-0.01761416,0.87776315,0.31962067,-0.03812214,0.7310313,0.36647528,-0.0009917952,0.78166944,0.3688862,-0.06534996,0.7864674,0.3496092,0.06461929,0.81525743,0.2954914,-0.079885334,0.82601213,0.25351524,-0.00286111980676651,0.2630513906478882,-0.02948252111673355
