frame,Ankle.R_x,Ankle.R_y,Ankle.R_z,Knee.R_x,Knee.R_y,Knee.R_z,Hip.R_x,Hip.R_y,Hip.R_z,Hip.L_x,Hip.L_y,Hip.L_z,Knee.L_x,Knee.L_y,Knee.L_z,Ankle.L_x,Ankle.L_y,Ankle.L_z,Wrist.R_x,Wrist.R_y,Wrist.R_z,Elbow.R_x,Elbow.R_y,Elbow.R_z,Shoulder.R_x,Shoulder.R_y,Shoulder.R_z,Shoulder.L_x,Shoulder.L_y,Shoulder.L_z,Elbow.L_x,Elbow.L_y,Elbow.L_z,Wrist.L_x,Wrist.L_y,Wrist.L_z,Neck_x,Neck_y,Neck_z,Head_x,Head_y,Head_z,Nose_x,Nose_y,Nose_z,Eye.L_x,Eye.L_y,Eye.L_z,Eye.R_x,Eye.R_y,Eye.R_z,Ear.L_x,Ear.L_y,Ear.L_z,Ear.R_x,Ear.R_y,Ear.R_z,hip.Center_x,hip.Center_y,hip.Center_z
0,-0.23886189,-0.5230484,-0.27960253,-0.21608663,-0.17397253,0.05709572,-0.13202535,0.2657977,-0.038499914,0.1262212,0.2595508,-0.010897217,0.17930017,-0.19132605,0.033041947,0.25709733,-0.56470424,-0.28038436,-0.30408257,0.15054373,-0.0941376,-0.2394848,0.4287779,-0.08813566,-0.15160316,0.68261075,0.04299698,0.15299754,0.6739757,0.093017355,0.26619136,0.41003206,0.005033537,0.31766957,0.13293207,0.028528623,-0.004405966,0.7410164,0.109909,-0.035449676,0.93993044,0.20443463,-0.06695666,0.8073946,0.28035617,-0.029180609,0.85791135,0.27666628,-0.08981979,0.8577925,0.24754897,0.047389656,0.8735297,0.20801072,-0.08839061,0.8737736,0.1441872,-0.0029020756483078003,0.2626742720603943,-0.024698566645383835
