frame,Ankle.R_x,Ankle.R_y,Ankle.R_z,Knee.R_x,Knee.R_y,Knee.R_z,Hip.R_x,Hip.R_y,Hip.R_z,Hip.L_x,Hip.L_y,Hip.L_z,Knee.L_x,Knee.L_y,Knee.L_z,Ankle.L_x,Ankle.L_y,Ankle.L_z,Wrist.R_x,Wrist.R_y,Wrist.R_z,Elbow.R_x,Elbow.R_y,Elbow.R_z,Shoulder.R_x,Shoulder.R_y,Shoulder.R_z,Shoulder.L_x,Shoulder.L_y,Shoulder.L_z,Elbow.L_x,Elbow.L_y,Elbow.L_z,Wrist.L_x,Wrist.L_y,Wrist.L_z,Neck_x,Neck_y,Neck_z,Head_x,Head_y,Head_z,Nose_x,Nose_y,Nose_z,Eye.L_x,Eye.L_y,Eye.L_z,Eye.R_x,Eye.R_y,Eye.R_z,Ear.L_x,Ear.L_y,Ear.L_z,Ear.R_x,Ear.R_y,Ear.R_z,hip.Center_x,hip.Center_y,hip.Center_z
0,0.11672233,-0.33378044,-0.012692439,0.3070268,0.043479163,0.116955645,-0.03922943,0.27425134,0.11296138,-0.01204998,0.30271783,-0.15441518,0.33258468,0.08663568,-0.14574511,0.119717345,-0.30501387,-0.15355478,0.11863494,0.0334091,0.23170379,0.14391707,0.31143254,0.25270745,0.25633532,0.57624835,0.19197357,0.2858882,0.61671853,-0.12290032,0.17694375,0.38704783,-0.26949236,0.16413805,0.11546199,-0.32354048,0.3161675,0.6551953,0.045403175,0.3822999,0.85715556,0.079546995,0.5006411,0.75043476,0.08152909,0.4726939,0.79845524,0.049003176,0.4608553,0.78713506,0.11587901,0.3834777,0.79635316,-0.011318191,0.35689795,0.7713982,0.1416482,-0.02563970535993576,0.2884845733642578,-0.020726896822452545
