frame,Ankle.R_x,Ankle.R_y,Ankle.R_z,Knee.R_x,Knee.R_y,Knee.R_z,Hip.R_x,Hip.R_y,Hip.R_z,Hip.L_x,Hip.L_y,Hip.L_z,Knee.L_x,Knee.L_y,Knee.L_z,Ankle.L_x,Ankle.L_y,Ankle.L_z,Wrist.R_x,Wrist.R_y,Wrist.R_z,Elbow.R_x,Elbow.R_y,Elbow.R_z,Shoulder.R_x,Shoulder.R_y,Shoulder.R_z,Shoulder.L_x,Shoulder.L_y,Shoulder.L_z,Elbow.L_x,Elbow.L_y,Elbow.L_z,Wrist.L_x,Wrist.L_y,Wrist.L_z,Neck_x,Neck_y,Neck_z,Head_x,Head_y,Head_z,Nose_x,Nose_y,Nose_z,Eye.L_x,Eye.L_y,Eye.L_z,Eye.R_x,Eye.R_y,Eye.R_z,Ear.L_x,Ear.L_y,Ear.L_z,Ear.R_x,Ear.R_y,Ear.R_z,hip.Center_x,hip.Center_y,hip.Center_z
0,-0.06017651,-0.67952746,-0.05114974,0.0100089265,-0.20254312,0.033102006,-0.023633944,0.25844353,0.10595468,0.029307544,0.27152565,-0.14890577,0.02209007,-0.18827796,-0.15622011,-0.042905163,-0.6729172,-0.20915514,-0.044595566,0.13700025,0.27400956,-0.09343268,0.41508573,0.22700009,-0.040705983,0.7001049,0.14901008,0.004912762,0.7142979,-0.1566827,-0.0085235555,0.43498564,-0.26892215,0.07461262,0.17239965,-0.33361128,0.003263073,0.78117096,0.0013620537,0.021855254,1.001572,0.026890092,0.1475238,0.90924776,0.052997183,0.12101565,0.9531749,0.014472861,0.099719346,0.943892,0.07822442,0.044622023,0.9379609,-0.056006335,-0.0024544355,0.9185058,0.08542198,0.002836800180375576,0.2649846076965332,-0.021475546061992645
