frame,Ankle.R_x,Ankle.R_y,Ankle.R_z,Knee.R_x,Knee.R_y,Knee.R_z,Hip.R_x,Hip.R_y,Hip.R_z,Hip.L_x,Hip.L_y,Hip.L_z,Knee.L_x,Knee.L_y,Knee.L_z,Ankle.L_x,Ankle.L_y,Ankle.L_z,Wrist.R_x,Wrist.R_y,Wrist.R_z,Elbow.R_x,Elbow.R_y,Elbow.R_z,Shoulder.R_x,Shoulder.R_y,Shoulder.R_z,Shoulder.L_x,Shoulder.L_y,Shoulder.L_z,Elbow.L_x,Elbow.L_y,Elbow.L_z,Wrist.L_x,Wrist.L_y,Wrist.L_z,Neck_x,Neck_y,Neck_z,Head_x,Head_y,Head_z,Nose_x,Nose_y,Nose_z,Eye.L_x,Eye.L_y,Eye.L_z,Eye.R_x,Eye.R_y,Eye.R_z,Ear.L_x,Ear.L_y,Ear.L_z,Ear.R_x,Ear.R_y,Ear.R_z,hip.Center_x,hip.Center_y,hip.Center_z
0,0.16503908,-0.2918651,-0.028911157,0.33252415,0.09452585,0.1081192,-0.03561533,0.27163976,0.11535443,-0.02044102,0.30383143,-0.15600632,0.33989272,0.11789653,-0.15708078,0.106460094,-0.26025552,-0.1611167,0.11553608,0.02244261,0.22968566,0.15717107,0.30048752,0.24977288,0.27533135,0.56248665,0.18252108,0.2954375,0.60127443,-0.1327156,0.18310297,0.36687642,-0.27040398,0.15848143,0.09084359,-0.306087,0.33205605,0.6376897,0.034098424,0.41741896,0.8333196,0.06623092,0.52496105,0.71507066,0.061131194,0.50014204,0.7658905,0.030311948,0.49075404,0.7549517,0.09784068,0.40772086,0.7736946,-0.02518886,0.38689628,0.74932456,0.1291721,-0.028028175234794617,0.28773558139801025,-0.02032594382762909
