frame,Ankle.R_x,Ankle.R_y,Ankle.R_z,Knee.R_x,Knee.R_y,Knee.R_z,Hip.R_x,Hip.R_y,Hip.R_z,Hip.L_x,Hip.L_y,Hip.L_z,Knee.L_x,Knee.L_y,Knee.L_z,Ankle.L_x,Ankle.L_y,Ankle.L_z,Wrist.R_x,Wrist.R_y,Wrist.R_z,Elbow.R_x,Elbow.R_y,Elbow.R_z,Shoulder.R_x,Shoulder.R_y,Shoulder.R_z,Shoulder.L_x,Shoulder.L_y,Shoulder.L_z,Elbow.L_x,Elbow.L_y,Elbow.L_z,Wrist.L_x,Wrist.L_y,Wrist.L_z,Neck_x,Neck_y,Neck_z,Head_x,Head_y,Head_z,Nose_x,Nose_y,Nose_z,Eye.L_x,Eye.L_y,Eye.L_z,Eye.R_x,Eye.R_y,Eye.R_z,Ear.L_x,Ear.L_y,Ear.L_z,Ear.R_x,Ear.R_y,Ear.R_z,hip.Center_x,hip.Center_y,hip.Center_z
0,0.13524657,-0.37778974,-0.022551503,0.3001743,0.018527359,0.07908861,-0.023065962,0.28012884,0.11431222,-0.025834376,0.30310494,-0.15105437,0.30432224,0.07127348,-0.17724799,0.1547368,-0.34784403,-0.16282848,0.11477213,0.07654801,0.21747436,0.14782894,0.35016772,0.23317534,0.2698147,0.60023314,0.15366264,0.27160087,0.62376976,-0.16475901,0.1651519,0.38224974,-0.28623128,0.16457564,0.10900833,-0.3083231,0.3150877,0.67139405,-0.0019992366,0.37850326,0.87515205,0.019281281,0.49839595,0.7707013,0.017963119,0.46798205,0.8171567,-0.014177039,0.45967597,0.80749583,0.05320845,0.37602878,0.8118957,-0.07051003,0.3577941,0.79077005,0.0847594,-0.024450168013572693,0.29161688685417175,-0.01837107539176941
