frame,Ankle.R_x,Ankle.R_y,Ankle.R_z,Knee.R_x,Knee.R_y,Knee.R_z,Hip.R_x,Hip.R_y,Hip.R_z,Hip.L_x,Hip.L_y,Hip.L_z,Knee.L_x,Knee.L_y,Knee.L_z,Ankle.L_x,Ankle.L_y,Ankle.L_z,Wrist.R_x,Wrist.R_y,Wrist.R_z,Elbow.R_x,Elbow.R_y,Elbow.R_z,Shoulder.R_x,Shoulder.R_y,Shoulder.R_z,Shoulder.L_x,Shoulder.L_y,Shoulder.L_z,Elbow.L_x,Elbow.L_y,Elbow.L_z,Wrist.L_x,Wrist.L_y,Wrist.L_z,Neck_x,Neck_y,Neck_z,Head_x,Head_y,Head_z,Nose_x,Nose_y,Nose_z,Eye.L_x,Eye.L_y,Eye.L_z,Eye.R_x,Eye.R_y,Eye.R_z,Ear.L_x,Ear.L_y,Ear.L_z,Ear.R_x,Ear.R_y,Ear.R_z,hip.Center_x,hip.Center_y,hip.Center_z
0,-0.23861554,-0.56638163,-0.37536773,-0.16231427,-0.20150232,-0.050997306,-0.13243344,0.26057875,-0.0195394,0.12544206,0.25963482,-0.015238619,0.16391662,-0.19925448,-0.03281255,0.23438612,-0.5918938,-0.32987872,-0.29763424,0.14593999,-0.002392751,-0.25099236,0.41998577,-0.07055394,-0.16025025,0.6923773,0.011491245,0.14517237,0.6991714,0.021935923,0.24240687,0.4287485,-0.06297763,0.29266515,0.15421025,-0.016295644,-0.0094227055,0.7634143,0.050157696,-0.03401334,0.97505,0.09893776,-0.04644154,0.86810464,0.21367677,-0.011840377,0.91601014,0.18926959,-0.07674288,0.9081037,0.17256086,0.05094809,0.9111755,0.106446356,-0.09358098,0.89469945,0.06967278,-0.0034956932067871094,0.26010680198669434,-0.01738900877535343
