frame,Ankle.R_x,Ankle.R_y,Ankle.R_z,Knee.R_x,Knee.R_y,Knee.R_z,Hip.R_x,Hip.R_y,Hip.R_z,Hip.L_x,Hip.L_y,Hip.L_z,Knee.L_x,Knee.L_y,Knee.L_z,Ankle.L_x,Ankle.L_y,Ankle.L_z,Wrist.R_x,Wrist.R_y,Wrist.R_z,Elbow.R_x,Elbow.R_y,Elbow.R_z,Shoulder.R_x,Shoulder.R_y,Shoulder.R_z,Shoulder.L_x,Shoulder.L_y,Shoulder.L_z,Elbow.L_x,Elbow.L_y,Elbow.L_z,Wrist.L_x,Wrist.L_y,Wrist.L_z,Neck_x,Neck_y,Neck_z,Head_x,Head_y,Head_z,Nose_x,Nose_y,Nose_z,Eye.L_x,Eye.L_y,Eye.L_z,Eye.R_x,Eye.R_y,Eye.R_z,Ear.L_x,Ear.L_y,Ear.L_z,Ear.R_x,Ear.R_y,Ear.R_z,hip.Center_x,hip.Center_y,hip.Center_z
0,-0.26637462,-0.4949151,-0.24715455,-0.20044759,-0.16574843,0.099395186,-0.13460118,0.26615357,-0.03510908,0.12849973,0.2620096,-0.021390198,0.17115094,-0.17441471,0.10285514,0.26357967,-0.50832546,-0.24253255,-0.33488518,0.12296588,-0.002177357,-0.2650914,0.400483,-0.009323647,-0.15535966,0.65201885,0.11586129,0.15723765,0.64401364,0.13696858,0.27229837,0.3936426,0.012242564,0.33705515,0.11847894,-0.011846407,-0.00038290024,0.70715696,0.17568746,-0.016079482,0.891282,0.30484733,-0.04176123,0.74848294,0.36064017,-0.0031009354,0.7980242,0.3603661,-0.067047805,0.8035591,0.34013477,0.06424419,0.8248341,0.28571376,-0.07918236,0.837321,0.2415092,-0.0030507221817970276,0.26408159732818604,-0.02824964001774788
