frame,Ankle.R_x,Ankle.R_y,Ankle.R_z,Knee.R_x,Knee.R_y,Knee.R_z,Hip.R_x,Hip.R_y,Hip.R_z,Hip.L_x,Hip.L_y,Hip.L_z,Knee.L_x,Knee.L_y,Knee.L_z,Ankle.L_x,Ankle.L_y,Ankle.L_z,Wrist.R_x,Wrist.R_y,Wrist.R_z,Elbow.R_x,Elbow.R_y,Elbow.R_z,Shoulder.R_x,Shoulder.R_y,Shoulder.R_z,Shoulder.L_x,Shoulder.L_y,Shoulder.L_z,Elbow.L_x,Elbow.L_y,Elbow.L_z,Wrist.L_x,Wrist.L_y,Wrist.L_z,Neck_x,Neck_y,Neck_z,Head_x,Head_y,Head_z,Nose_x,Nose_y,Nose_z,Eye.L_x,Eye.L_y,Eye.L_z,Eye.R_x,Eye.R_y,Eye.R_z,Ear.L_x,Ear.L_y,Ear.L_z,Ear.R_x,Ear.R_y,Ear.R_z,hip.Center_x,hip.Center_y,hip.Center_z
0,-0.23662256,-0.5658557,-0.37648314,-0.16466391,-0.20026171,-0.051708173,-0.13243465,0.26176643,-0.022265099,0.12548523,0.25980803,-0.013157637,0.16282625,-0.2000116,-0.025490364,0.23511422,-0.5841489,-0.33316392,-0.3038608,0.1467562,-0.011921581,-0.2503149,0.4203644,-0.077618524,-0.1607211,0.6938192,0.0032643173,0.14485647,0.7010546,0.020172875,0.24236487,0.42915177,-0.05976492,0.2926062,0.15472458,-0.011235367,-0.010482899,0.76574606,0.04453614,-0.03559284,0.9783977,0.08906981,-0.04878677,0.8739993,0.20624267,-0.013950653,0.92129695,0.18083571,-0.07882929,0.9131783,0.16405171,0.049205367,0.91444653,0.09841319,-0.09534128,0.8974217,0.06125834,-0.003474712371826172,0.2607872486114502,-0.017711367458105087
