frame,Ankle.R_x,Ankle.R_y,Ankle.R_z,Knee.R_x,Knee.R_y,Knee.R_z,Hip.R_x,Hip.R_y,Hip.R_z,Hip.L_x,Hip.L_y,Hip.L_z,Knee.L_x,Knee.L_y,Knee.L_z,Ankle.L_x,Ankle.L_y,Ankle.L_z,Wrist.R_x,Wrist.R_y,Wrist.R_z,Elbow.R_x,Elbow.R_y,Elbow.R_z,Shoulder.R_x,Shoulder.R_y,Shoulder.R_z,Shoulder.L_x,Shoulder.L_y,Shoulder.L_z,Elbow.L_x,Elbow.L_y,Elbow.L_z,Wrist.L_x,Wrist.L_y,Wrist.L_z,Neck_x,Neck_y,Neck_z,Head_x,Head_y,Head_z,Nose_x,Nose_y,Nose_z,Eye.L_x,Eye.L_y,Eye.L_z,Eye.R_x,Eye.R_y,Eye.R_z,Ear.L_x,Ear.L_y,Ear.L_z,Ear.R_x,Ear.R_y,Ear.R_z,hip.Center_x,hip.Center_y,hip.Center_z
0,0.13536344,-0.3103322,-0.070933886,0.2995483,0.059915353,0.093622476,-0.0419951,0.27268004,0.11457111,-0.008719005,0.32483178,-0.14794935,0.32567853,0.11753406,-0.1399184,0.11235761,-0.2568693,-0.22396106,0.12342297,0.03390111,0.21361178,0.16638064,0.30568177,0.25594187,0.28942046,0.5642588,0.21686849,0.31883335,0.6121882,-0.099675536,0.19950685,0.3811652,-0.22644593,0.17516845,0.107636645,-0.25183013,0.3510699,0.6460768,0.07098293,0.41618758,0.8477161,0.11590336,0.5368049,0.742638,0.10826234,0.50653136,0.79240084,0.07929391,0.4966117,0.7763274,0.14588039,0.41544324,0.79248846,0.020049194,0.39285454,0.75651675,0.17386149,-0.02535705268383026,0.2987559139728546,-0.01668912172317505
