frame,Ankle.R_x,Ankle.R_y,Ankle.R_z,Knee.R_x,Knee.R_y,Knee.R_z,Hip.R_x,Hip.R_y,Hip.R_z,Hip.L_x,Hip.L_y,Hip.L_z,Knee.L_x,Knee.L_y,Knee.L_z,Ankle.L_x,Ankle.L_y,Ankle.L_z,Wrist.R_x,Wrist.R_y,Wrist.R_z,Elbow.R_x,Elbow.R_y,Elbow.R_z,Shoulder.R_x,Shoulder.R_y,Shoulder.R_z,Shoulder.L_x,Shoulder.L_y,Shoulder.L_z,Elbow.L_x,Elbow.L_y,Elbow.L_z,Wrist.L_x,Wrist.L_y,Wrist.L_z,Neck_x,Neck_y,Neck_z,Head_x,Head_y,Head_z,Nose_x,Nose_y,Nose_z,Eye.L_x,Eye.L_y,Eye.L_z,Eye.R_x,Eye.R_y,Eye.R_z,Ear.L_x,Ear.L_y,Ear.L_z,Ear.R_x,Ear.R_y,Ear.R_z,hip.Center_x,hip.Center_y,hip.Center_z
0,-0.21424517,-0.57243246,-0.35739088,-0.15086086,-0.20582578,-0.036214627,-0.13229644,0.257471,-0.0192242,0.124887876,0.25781348,-0.016494619,0.16478571,-0.19981804,-0.011740788,0.23865674,-0.59102577,-0.30638957,-0.3027944,0.14059728,0.018547302,-0.2522596,0.41037893,-0.057735413,-0.15875359,0.6843458,0.01218836,0.14560688,0.68927294,0.016486412,0.23696516,0.41665888,-0.06399587,0.28732857,0.14479606,-0.010891955,-0.0065988638,0.75656295,0.045117725,-0.022174515,0.97073805,0.07708825,-0.030558875,0.87611365,0.20204516,0.0039635915,0.91990507,0.17096777,-0.062113658,0.91340244,0.15968604,0.05984555,0.9044284,0.085294716,-0.086620875,0.8911485,0.06022556,-0.0037042833864688873,0.2576422393321991,-0.017859410494565964
