frame,Ankle.R_x,Ankle.R_y,Ankle.R_z,Knee.R_x,Knee.R_y,Knee.R_z,Hip.R_x,Hip.R_y,Hip.R_z,Hip.L_x,Hip.L_y,Hip.L_z,Knee.L_x,Knee.L_y,Knee.L_z,Ankle.L_x,Ankle.L_y,Ankle.L_z,Wrist.R_x,Wrist.R_y,Wrist.R_z,Elbow.R_x,Elbow.R_y,Elbow.R_z,Shoulder.R_x,Shoulder.R_y,Shoulder.R_z,Shoulder.L_x,Shoulder.L_y,Shoulder.L_z,Elbow.L_x,Elbow.L_y,Elbow.L_z,Wrist.L_x,Wrist.L_y,Wrist.L_z,Neck_x,Neck_y,Neck_z,Head_x,Head_y,Head_z,Nose_x,Nose_y,Nose_z,Eye.L_x,Eye.L_y,Eye.L_z,Eye.R_x,Eye.R_y,Eye.R_z,Ear.L_x,Ear.L_y,Ear.L_z,Ear.R_x,Ear.R_y,Ear.R_z,hip.Center_x,hip.Center_y,hip.Center_z
0,-0.06251175,-0.6567247,-0.055162553,0.02531062,-0.19107932,0.029929869,-0.0049371333,0.26591575,0.10881014,0.0061553726,0.2797969,-0.15052393,0.04494692,-0.1695955,-0.18138495,-0.019488163,-0.64595515,-0.24252482,0.0048789876,0.16141935,0.2959305,-0.03598678,0.43739855,0.246084,0.023872126,0.71319157,0.14806154,0.026517563,0.7205124,-0.16387796,-0.006318409,0.4466222,-0.28280923,0.075540125,0.19360611,-0.37094307,0.050120354,0.79042053,-0.0057697594,0.073208146,1.0112303,0.02585678,0.19727805,0.915971,0.04887519,0.17212659,0.9625799,0.0125832185,0.14889152,0.9493529,0.07493523,0.09728227,0.9526767,-0.061847012,0.04624206,0.92477554,0.078166395,0.0006091196555644274,0.27285632491111755,-0.020856894552707672
