frame,Ankle.R_x,Ankle.R_y,Ankle.R_z,Knee.R_x,Knee.R_y,Knee.R_z,Hip.R_x,Hip.R_y,Hip.R_z,Hip.L_x,Hip.L_y,Hip.L_z,Knee.L_x,Knee.L_y,Knee.L_z,Ankle.L_x,Ankle.L_y,Ankle.L_z,Wrist.R_x,Wrist.R_y,Wrist.R_z,Elbow.R_x,Elbow.R_y,Elbow.R_z,Shoulder.R_x,Shoulder.R_y,Shoulder.R_z,Shoulder.L_x,Shoulder.L_y,Shoulder.L_z,Elbow.L_x,Elbow.L_y,Elbow.L_z,Wrist.L_x,Wrist.L_y,Wrist.L_z,Neck_x,Neck_y,Neck_z,Head_x,Head_y,Head_z,Nose_x,Nose_y,Nose_z,Eye.L_x,Eye.L_y,Eye.L_z,Eye.R_x,Eye.R_y,Eye.R_z,Ear.L_x,Ear.L_y,Ear.L_z,Ear.R_x,Ear.R_y,Ear.R_z,hip.Center_x,hip.Center_y,hip.Center_z
0,0.100289054,-0.43821597,-0.035197817,0.23664396,-0.040837806,0.093528114,-0.032764398,0.28262123,0.11105386,-0.009732548,0.31151292,-0.14745232,0.2914164,0.04279366,-0.16335714,0.12779003,-0.36622572,-0.16658022,0.14977081,0.080027275,0.23126262,0.14973144,0.35258526,0.25647154,0.2454524,0.616947,0.18886639,0.2665844,0.6537595,-0.12934361,0.17896742,0.4183068,-0.2738167,0.19735515,0.15134555,-0.3195621,0.2971296,0.69833547,0.038383268,0.34531027,0.90790945,0.06593057,0.47156453,0.81183326,0.0762287,0.44093493,0.8563658,0.041270554,0.4268638,0.8459091,0.10746521,0.35543793,0.8450574,-0.023973152,0.32350335,0.82183313,0.12929225,-0.02124847285449505,0.2970670759677887,-0.01819923147559166
