frame,Ankle.R_x,Ankle.R_y,Ankle.R_z,Knee.R_x,Knee.R_y,Knee.R_z,Hip.R_x,Hip.R_y,Hip.R_z,Hip.L_x,Hip.L_y,Hip.L_z,Knee.L_x,Knee.L_y,Knee.L_z,Ankle.L_x,Ankle.L_y,Ankle.L_z,Wrist.R_x,Wrist.R_y,Wrist.R_z,Elbow.R_x,Elbow.R_y,Elbow.R_z,Shoulder.R_x,Shoulder.R_y,Shoulder.R_z,Shoulder.L_x,Shoulder.L_y,Shoulder.L_z,Elbow.L_x,Elbow.L_y,Elbow.L_z,Wrist.L_x,Wrist.L_y,Wrist.L_z,Neck_x,Neck_y,Neck_z,Head_x,Head_y,Head_z,Nose_x,Nose_y,Nose_z,Eye.L_x,Eye.L_y,Eye.L_z,Eye.R_x,Eye.R_y,Eye.R_z,Ear.L_x,Ear.L_y,Ear.L_z,Ear.R_x,Ear.R_y,Ear.R_z,hip.Center_x,hip.Center_y,hip.Center_z
0,0.08792271,-0.43389827,-0.07083676,0.24162866,-0.040298376,0.06358215,-0.029007267,0.28156826,0.112776,-0.0074150073,0.31930637,-0.14570902,0.24640307,-0.008541394,-0.18127547,0.063384496,-0.41327882,-0.23878428,0.053058922,0.12013264,0.20632617,0.10728225,0.38696033,0.24649447,0.23143196,0.64298314,0.1949926,0.24451278,0.68147635,-0.1278513,0.13307,0.44187424,-0.24955201,0.104130164,0.17247206,-0.28711098,0.28138402,0.72761655,0.04325606,0.32234105,0.93938583,0.087284796,0.4446749,0.8410878,0.11261681,0.42085904,0.889408,0.076687455,0.3941689,0.87306696,0.13751133,0.34961835,0.8843024,-0.0057139136,0.28933537,0.8484713,0.13637525,-0.018211137503385544,0.300437331199646,-0.01646651327610016
