frame,Ankle.R_x,Ankle.R_y,Ankle.R_z,Knee.R_x,Knee.R_y,Knee.R_z,Hip.R_x,Hip.R_y,Hip.R_z,Hip.L_x,Hip.L_y,Hip.L_z,Knee.L_x,Knee.L_y,Knee.L_z,Ankle.L_x,Ankle.L_y,Ankle.L_z,Wrist.R_x,Wrist.R_y,Wrist.R_z,Elbow.R_x,Elbow.R_y,Elbow.R_z,Shoulder.R_x,Shoulder.R_y,Shoulder.R_z,Shoulder.L_x,Shoulder.L_y,Shoulder.L_z,Elbow.L_x,Elbow.L_y,Elbow.L_z,Wrist.L_x,Wrist.L_y,Wrist.L_z,Neck_x,Neck_y,Neck_z,Head_x,Head_y,Head_z,Nose_x,Nose_y,Nose_z,Eye.L_x,Eye.L_y,Eye.L_z,Eye.R_x,Eye.R_y,Eye.R_z,Ear.L_x,Ear.L_y,Ear.L_z,Ear.R_x,Ear.R_y,Ear.R_z,hip.Center_x,hip.Center_y,hip.Center_z
0,0.14579086,-0.29111558,-0.0910104,0.31041712,0.07504339,0.08088516,-0.03610498,0.27116382,0.116563946,-0.014779052,0.32640967,-0.14706913,0.3198018,0.11759359,-0.16219516,0.0885098,-0.24921264,-0.23262051,0.14621241,0.0249511,0.217163,0.18153954,0.29903448,0.25527602,0.29949322,0.56033516,0.20861724,0.32050607,0.60932755,-0.10822161,0.20176968,0.37816954,-0.23799896,0.17736055,0.10432288,-0.2670377,0.35669276,0.64282614,0.06159752,0.41957465,0.84513897,0.10296461,0.5421514,0.74182475,0.09784992,0.5112979,0.790786,0.067889646,0.5010444,0.7753999,0.13464443,0.42048147,0.7885671,0.0077813435,0.39732224,0.7543435,0.16178489,-0.025442015379667282,0.2987867593765259,-0.01525259017944336
