frame,Ankle.R_x,Ankle.R_y,Ankle.R_z,Knee.R_x,Knee.R_y,Knee.R_z,Hip.R_x,Hip.R_y,Hip.R_z,Hip.L_x,Hip.L_y,Hip.L_z,Knee.L_x,Knee.L_y,Knee.L_z,Ankle.L_x,Ankle.L_y,Ankle.L_z,Wrist.R_x,Wrist.R_y,Wrist.R_z,Elbow.R_x,Elbow.R_y,Elbow.R_z,Shoulder.R_x,Shoulder.R_y,Shoulder.R_z,Shoulder.L_x,Shoulder.L_y,Shoulder.L_z,Elbow.L_x,Elbow.L_y,Elbow.L_z,Wrist.L_x,Wrist.L_y,Wrist.L_z,Neck_x,Neck_y,Neck_z,Head_x,Head_y,Head_z,Nose_x,Nose_y,Nose_z,Eye.L_x,Eye.L_y,Eye.L_z,Eye.R_x,Eye.R_y,Eye.R_z,Ear.L_x,Ear.L_y,Ear.L_z,Ear.R_x,Ear.R_y,Ear.R_z,hip.Center_x,hip.Center_y,hip.Center_z
0,0.05464236,-0.4505682,-0.02546477,0.22447859,-0.05830892,0.079802066,-0.031581774,0.28683573,0.10964528,-0.0051536476,0.30899796,-0.14676882,0.25714716,-0.015397754,-0.15603593,0.08720772,-0.42536235,-0.18044366,0.10381103,0.13405444,0.2553647,0.091188155,0.4067669,0.2582631,0.18293767,0.67040217,0.18207875,0.21305151,0.693836,-0.14018326,0.14241363,0.44555476,-0.27331638,0.18507074,0.18078534,-0.3119057,0.23575753,0.75054896,0.028044775,0.27169827,0.967843,0.052684423,0.399693,0.87645775,0.07339284,0.3698166,0.91951805,0.03564623,0.35148752,0.90981823,0.10069897,0.28981277,0.90358925,-0.035067033,0.24796939,0.8823312,0.11579715,-0.018367711454629898,0.29791682958602905,-0.018561773002147675
