frame,Ankle.R_x,Ankle.R_y,Ankle.R_z,Knee.R_x,Knee.R_y,Knee.R_z,Hip.R_x,Hip.R_y,Hip.R_z,Hip.L_x,Hip.L_y,Hip.L_z,Knee.L_x,Knee.L_y,Knee.L_z,Ankle.L_x,Ankle.L_y,Ankle.L_z,Wrist.R_x,Wrist.R_y,Wrist.R_z,Elbow.R_x,Elbow.R_y,Elbow.R_z,Shoulder.R_x,Shoulder.R_y,Shoulder.R_z,Shoulder.L_x,Shoulder.L_y,Shoulder.L_z,Elbow.L_x,Elbow.L_y,Elbow.L_z,Wrist.L_x,Wrist.L_y,Wrist.L_z,Neck_x,Neck_y,Neck_z,Head_x,Head_y,Head_z,Nose_x,Nose_y,Nose_z,Eye.L_x,Eye.L_y,Eye.L_z,Eye.R_x,Eye.R_y,Eye.R_z,Ear.L_x,Ear.L_y,Ear.L_z,Ear.R_x,Ear.R_y,Ear.R_z,hip.Center_x,hip.Center_y,hip.Center_z
0,-0.06981574,-0.6814349,-0.0660328,-0.0017904215,-0.20531765,0.029541094,-0.037559964,0.25555962,0.10281878,0.043327976,0.2706775,-0.14432451,0.0315502,-0.19019215,-0.15263067,-0.03736522,-0.6741091,-0.21563554,-0.064481445,0.1286731,0.25598568,-0.116083734,0.40740955,0.21539919,-0.057012342,0.694148,0.15079552,0.015409757,0.7138417,-0.14842153,-0.00049312506,0.435907,-0.26251405,0.07154848,0.16820182,-0.3194946,0.00021562539,0.77762985,0.00919942,0.013955617,0.9969109,0.03571402,0.13988176,0.9074239,0.069401324,0.11454304,0.95045817,0.029116962,0.09013241,0.9413508,0.091760054,0.042431194,0.9330572,-0.04491243,-0.011746067,0.9139376,0.09383234,0.0028840061277151108,0.26311856508255005,-0.020752865821123123
