frame,Ankle.R_x,Ankle.R_y,Ankle.R_z,Knee.R_x,Knee.R_y,Knee.R_z,Hip.R_x,Hip.R_y,Hip.R_z,Hip.L_x,Hip.L_y,Hip.L_z,Knee.L_x,Knee.L_y,Knee.L_z,Ankle.L_x,Ankle.L_y,Ankle.L_z,Wrist.R_x,Wrist.R_y,Wrist.R_z,Elbow.R_x,Elbow.R_y,Elbow.R_z,Shoulder.R_x,Shoulder.R_y,Shoulder.R_z,Shoulder.L_x,Shoulder.L_y,Shoulder.L_z,Elbow.L_x,Elbow.L_y,Elbow.L_z,Wrist.L_x,Wrist.L_y,Wrist.L_z,Neck_x,Neck_y,Neck_z,Head_x,Head_y,Head_z,Nose_x,Nose_y,Nose_z,Eye.L_x,Eye.L_y,Eye.L_z,Eye.R_x,Eye.R_y,Eye.R_z,Ear.L_x,Ear.L_y,Ear.L_z,Ear.R_x,Ear.R_y,Ear.R_z,hip.Center_x,hip.Center_y,hip.Center_z
0,0.04301678,-0.54370975,-0.05229933,0.14516191,-0.118002236,0.047819868,-0.024388703,0.2867027,0.108265445,0.00035259227,0.30328408,-0.14458248,0.19916257,-0.07460371,-0.15728283,0.06836526,-0.50547725,-0.20802397,0.10283582,0.18067335,0.2640256,0.057482228,0.4491579,0.2576998,0.1311371,0.71260905,0.1632602,0.14689739,0.722346,-0.15867832,0.09815188,0.46253905,-0.28120774,0.18583684,0.20872593,-0.3088325,0.17019829,0.7888574,0.0049683303,0.19098698,1.0095397,0.027058652,0.32404387,0.92534876,0.044483464,0.29104808,0.96703,0.0077591874,0.27451047,0.95591056,0.072799236,0.21122302,0.94702303,-0.061309367,0.1734308,0.9227408,0.08908144,-0.012018054723739624,0.29499340057373047,-0.01815851777791977
