frame,Ankle.R_x,Ankle.R_y,Ankle.R_z,Knee.R_x,Knee.R_y,Knee.R_z,Hip.R_x,Hip.R_y,Hip.R_z,Hip.L_x,Hip.L_y,Hip.L_z,Knee.L_x,Knee.L_y,Knee.L_z,Ankle.L_x,Ankle.L_y,Ankle.L_z,Wrist.R_x,Wrist.R_y,Wrist.R_z,Elbow.R_x,Elbow.R_y,Elbow.R_z,Shoulder.R_x,Shoulder.R_y,Shoulder.R_z,Shoulder.L_x,Shoulder.L_y,Shoulder.L_z,Elbow.L_x,Elbow.L_y,Elbow.L_z,Wrist.L_x,Wrist.L_y,Wrist.L_z,Neck_x,Neck_y,Neck_z,Head_x,Head_y,Head_z,Nose_x,Nose_y,Nose_z,Eye.L_x,Eye.L_y,Eye.L_z,Eye.R_x,Eye.R_y,Eye.R_z,Ear.L_x,Ear.L_y,Ear.L_z,Ear.R_x,Ear.R_y,Ear.R_z,hip.Center_x,hip.Center_y,hip.Center_z
0,-0.08398678,-0.67363465,-0.0645066,-0.0059480183,-0.20080599,0.027584925,-0.027600393,0.25929248,0.1055748,0.033656247,0.27447182,-0.1471911,0.016890457,-0.18344663,-0.16514018,-0.054408904,-0.6642153,-0.23046425,-0.047747627,0.13987057,0.2732915,-0.09224806,0.41894478,0.23006499,-0.032466516,0.70304775,0.15485412,0.018966068,0.7192254,-0.15050769,-0.001344204,0.44226193,-0.2672156,0.07062669,0.17815603,-0.33757597,0.016289378,0.78464925,0.008799337,0.039817005,1.0045621,0.039898105,0.1622485,0.90827215,0.067777574,0.1381205,0.9538388,0.029509626,0.11435962,0.94345164,0.09224579,0.063795626,0.9424205,-0.0442224,0.011190472,0.9204632,0.09539756,0.003027927130460739,0.26688215136528015,-0.020808152854442596
