frame,Ankle.R_x,Ankle.R_y,Ankle.R_z,Knee.R_x,Knee.R_y,Knee.R_z,Hip.R_x,Hip.R_y,Hip.R_z,Hip.L_x,Hip.L_y,Hip.L_z,Knee.L_x,Knee.L_y,Knee.L_z,Ankle.L_x,Ankle.L_y,Ankle.L_z,Wrist.R_x,Wrist.R_y,Wrist.R_z,Elbow.R_x,Elbow.R_y,Elbow.R_z,Shoulder.R_x,Shoulder.R_y,Shoulder.R_z,Shoulder.L_x,Shoulder.L_y,Shoulder.L_z,Elbow.L_x,Elbow.L_y,Elbow.L_z,Wrist.L_x,Wrist.L_y,Wrist.L_z,Neck_x,Neck_y,Neck_z,Head_x,Head_y,Head_z,Nose_x,Nose_y,Nose_z,Eye.L_x,Eye.L_y,Eye.L_z,Eye.R_x,Eye.R_y,Eye.R_z,Ear.L_x,Ear.L_y,Ear.L_z,Ear.R_x,Ear.R_y,Ear.R_z,hip.Center_x,hip.Center_y,hip.Center_z
0,-0.029248469,-0.62892246,-0.07701297,0.09451784,-0.18185563,0.041063197,-0.016678011,0.2624206,0.1091862,0.0074820137,0.28237793,-0.15087993,0.15030666,-0.14642552,-0.17713591,-0.03540239,-0.5885139,-0.22885934,0.027725607,0.14829645,0.3041723,-0.006713105,0.42405125,0.2561729,0.06502201,0.69634724,0.15848307,0.06892886,0.7092676,-0.15385228,0.011958778,0.44416058,-0.28034446,0.07583086,0.18968463,-0.37542167,0.09629807,0.7741208,0.0059806313,0.12330981,0.9926629,0.03854104,0.24494296,0.8962493,0.06500507,0.22165006,0.9430039,0.028331622,0.19636074,0.93018633,0.089791074,0.14922833,0.9341848,-0.04828062,0.093703784,0.90676403,0.09027487,-0.0045979986898601055,0.27239924669265747,-0.020846866071224213
