frame,Ankle.R_x,Ankle.R_y,Ankle.R_z,Knee.R_x,Knee.R_y,Knee.R_z,Hip.R_x,Hip.R_y,Hip.R_z,Hip.L_x,Hip.L_y,Hip.L_z,Knee.L_x,Knee.L_y,Knee.L_z,Ankle.L_x,Ankle.L_y,Ankle.L_z,Wrist.R_x,Wrist.R_y,Wrist.R_z,Elbow.R_x,Elbow.R_y,Elbow.R_z,Shoulder.R_x,Shoulder.R_y,Shoulder.R_z,Shoulder.L_x,Shoulder.L_y,Shoulder.L_z,Elbow.L_x,Elbow.L_y,Elbow.L_z,Wrist.L_x,Wrist.L_y,Wrist.L_z,Neck_x,Neck_y,Neck_z,Head_x,Head_y,Head_z,Nose_x,Nose_y,Nose_z,Eye.L_x,Eye.L_y,Eye.L_z,Eye.R_x,Eye.R_y,Eye.R_z,Ear.L_x,Ear.L_y,Ear.L_z,Ear.R_x,Ear.R_y,Ear.R_z,hip.Center_x,hip.Center_y,hip.Center_z
0,0.12790139,-0.30291206,-0.04775884,0.32482103,0.06594559,0.08802771,-0.031961285,0.27091926,0.11602344,-0.0219732,0.30882892,-0.15250218,0.33189866,0.120275125,-0.16365224,0.13288495,-0.27527413,-0.20548604,0.1092646,0.04767414,0.20597519,0.14815949,0.32291895,0.23474583,0.27441338,0.57826084,0.17789245,0.28549033,0.6146679,-0.13832793,0.17021817,0.3751766,-0.25764313,0.1508785,0.09955588,-0.2820436,0.32615203,0.65420467,0.027570453,0.40152407,0.8528228,0.06352065,0.5150472,0.74120003,0.05281835,0.48701534,0.7916265,0.024224456,0.4791534,0.77775025,0.09129019,0.39376354,0.7960312,-0.030073877,0.37652346,0.76508737,0.1237369,-0.02696724236011505,0.2898740768432617,-0.018239367753267288
