frame,Ankle.R_x,Ankle.R_y,Ankle.R_z,Knee.R_x,Knee.R_y,Knee.R_z,Hip.R_x,Hip.R_y,Hip.R_z,Hip.L_x,Hip.L_y,Hip.L_z,Knee.L_x,Knee.L_y,Knee.L_z,Ankle.L_x,Ankle.L_y,Ankle.L_z,Wrist.R_x,Wrist.R_y,Wrist.R_z,Elbow.R_x,Elbow.R_y,Elbow.R_z,Shoulder.R_x,Shoulder.R_y,Shoulder.R_z,Shoulder.L_x,Shoulder.L_y,Shoulder.L_z,Elbow.L_x,Elbow.L_y,Elbow.L_z,Wrist.L_x,Wrist.L_y,Wrist.L_z,Neck_x,Neck_y,Neck_z,Head_x,Head_y,Head_z,Nose_x,Nose_y,Nose_z,Eye.L_x,Eye.L_y,Eye.L_z,Eye.R_x,Eye.R_y,Eye.R_z,Ear.L_x,Ear.L_y,Ear.L_z,Ear.R_x,Ear.R_y,Ear.R_z,hip.Center_x,hip.Center_y,hip.Center_z
0,0.16160102,-0.28246891,-0.0739265,0.311153,0.09315188,0.08852394,-0.040973764,0.27337524,0.11517749,-0.00953714,0.32011285,-0.1495434,0.32497776,0.111713916,-0.13286315,0.08367942,-0.24668866,-0.20073017,0.14033772,0.020939995,0.21427521,0.17835678,0.29389012,0.25353432,0.29596868,0.5541783,0.21122989,0.33288705,0.59161305,-0.10333553,0.21497601,0.35690922,-0.2233093,0.1805435,0.08354133,-0.23520668,0.36168024,0.6291808,0.06590919,0.4398446,0.827814,0.10433891,0.55110574,0.71273744,0.10802368,0.5269029,0.763291,0.075234495,0.512301,0.7513756,0.14174871,0.4391506,0.7683451,0.011333709,0.40625936,0.74204135,0.16450916,-0.02525545284152031,0.29674404859542847,-0.017182957381010056
