frame,Ankle.R_x,Ankle.R_y,Ankle.R_z,Knee.R_x,Knee.R_y,Knee.R_z,Hip.R_x,Hip.R_y,Hip.R_z,Hip.L_x,Hip.L_y,Hip.L_z,Knee.L_x,Knee.L_y,Knee.L_z,Ankle.L_x,Ankle.L_y,Ankle.L_z,Wrist.R_x,Wrist.R_y,Wrist.R_z,Elbow.R_x,Elbow.R_y,Elbow.R_z,Shoulder.R_x,Shoulder.R_y,Shoulder.R_z,Shoulder.L_x,Shoulder.L_y,Shoulder.L_z,Elbow.L_x,Elbow.L_y,Elbow.L_z,Wrist.L_x,Wrist.L_y,Wrist.L_z,Neck_x,Neck_y,Neck_z,Head_x,Head_y,Head_z,Nose_x,Nose_y,Nose_z,Eye.L_x,Eye.L_y,Eye.L_z,Eye.R_x,Eye.R_y,Eye.R_z,Ear.L_x,Ear.L_y,Ear.L_z,Ear.R_x,Ear.R_y,Ear.R_z,hip.Center_x,hip.Center_y,hip.Center_z
0,0.1510747,-0.28186834,-0.07084953,0.30588207,0.08830711,0.10141877,-0.046869487,0.27448875,0.11364247,-0.0042255824,0.3218196,-0.14975539,0.32946613,0.10991804,-0.11661103,0.093346365,-0.24953179,-0.2050587,0.13203087,0.02183962,0.21285059,0.17170325,0.29465497,0.25798237,0.28984258,0.55684555,0.22225524,0.3316335,0.5987064,-0.0929862,0.21008077,0.3669355,-0.21715333,0.16739108,0.094063155,-0.234569,0.3574223,0.6352932,0.07797226,0.42330918,0.83690226,0.11956554,0.5431076,0.7302637,0.120586134,0.5145294,0.779446,0.088595845,0.5017042,0.7656108,0.15530834,0.425868,0.77845526,0.025629101,0.39657164,0.7478478,0.17939456,-0.025547534227371216,0.29815417528152466,-0.018056459724903107
