frame,Ankle.R_x,Ankle.R_y,Ankle.R_z,Knee.R_x,Knee.R_y,Knee.R_z,Hip.R_x,Hip.R_y,Hip.R_z,Hip.L_x,Hip.L_y,Hip.L_z,Knee.L_x,Knee.L_y,Knee.L_z,Ankle.L_x,Ankle.L_y,Ankle.L_z,Wrist.R_x,Wrist.R_y,Wrist.R_z,Elbow.R_x,Elbow.R_y,Elbow.R_z,Shoulder.R_x,Shoulder.R_y,Shoulder.R_z,Shoulder.L_x,Shoulder.L_y,Shoulder.L_z,Elbow.L_x,Elbow.L_y,Elbow.L_z,Wrist.L_x,Wrist.L_y,Wrist.L_z,Neck_x,Neck_y,Neck_z,Head_x,Head_y,Head_z,Nose_x,Nose_y,Nose_z,Eye.L_x,Eye.L_y,Eye.L_z,Eye.R_x,Eye.R_y,Eye.R_z,Ear.L_x,Ear.L_y,Ear.L_z,Ear.R_x,Ear.R_y,Ear.R_z,hip.Center_x,hip.Center_y,hip.Center_z
0,0.009008959,-0.60350513,-0.025188144,0.099283114,-0.15376844,0.052337583,-0.019879967,0.27976853,0.10821715,0.005174919,0.2910476,-0.14767155,0.15376808,-0.12043882,-0.16521798,0.050925635,-0.57543755,-0.21053182,0.07138603,0.17165187,0.26603648,0.03275286,0.445695,0.24427737,0.11623649,0.70991325,0.14963055,0.13265818,0.7098235,-0.16820818,0.082301006,0.44025037,-0.27662903,0.17147052,0.18263553,-0.31110772,0.15708512,0.7801625,-0.007571809,0.18675604,0.9990519,0.014304371,0.30952197,0.9055258,0.04856728,0.28562725,0.949867,0.008547038,0.25919235,0.93960404,0.070267156,0.21500956,0.9360051,-0.07078686,0.15588756,0.9142733,0.0707352,-0.007352523971349001,0.285408079624176,-0.019727200269699097
