frame,Ankle.R_x,Ankle.R_y,Ankle.R_z,Knee.R_x,Knee.R_y,Knee.R_z,Hip.R_x,Hip.R_y,Hip.R_z,Hip.L_x,Hip.L_y,Hip.L_z,Knee.L_x,Knee.L_y,Knee.L_z,Ankle.L_x,Ankle.L_y,Ankle.L_z,Wrist.R_x,Wrist.R_y,Wrist.R_z,Elbow.R_x,Elbow.R_y,Elbow.R_z,Shoulder.R_x,Shoulder.R_y,Shoulder.R_z,Shoulder.L_x,Shoulder.L_y,Shoulder.L_z,Elbow.L_x,Elbow.L_y,Elbow.L_z,Wrist.L_x,Wrist.L_y,Wrist.L_z,Neck_x,Neck_y,Neck_z,Head_x,Head_y,Head_z,Nose_x,Nose_y,Nose_z,Eye.L_x,Eye.L_y,Eye.L_z,Eye.R_x,Eye.R_y,Eye.R_z,Ear.L_x,Ear.L_y,Ear.L_z,Ear.R_x,Ear.R_y,Ear.R_z,hip.Center_x,hip.Center_y,hip.Center_z
0,0.08143988,-0.42534557,-0.015511431,0.25479314,-0.03241653,0.07749573,-0.024541834,0.28615993,0.11218246,-0.01683469,0.30833218,-0.1483884,0.27251327,0.018561369,-0.1788774,0.10539156,-0.39151523,-0.1712329,0.107259884,0.12126024,0.2351382,0.10752338,0.39479554,0.24370158,0.21036245,0.6542791,0.16897707,0.23073035,0.6761135,-0.15382014,0.15577596,0.42683476,-0.28244072,0.19749555,0.16029969,-0.3148307,0.26009014,0.73195887,0.013208439,0.30140358,0.9471221,0.036566366,0.4286097,0.85336506,0.051699314,0.398207,0.89704573,0.015409201,0.38242888,0.8873092,0.081181906,0.3149373,0.8829899,-0.052134663,0.27910313,0.8617418,0.100400515,-0.020688261836767197,0.2972460389137268,-0.018102969974279404
