frame,Ankle.R_x,Ankle.R_y,Ankle.R_z,Knee.R_x,Knee.R_y,Knee.R_z,Hip.R_x,Hip.R_y,Hip.R_z,Hip.L_x,Hip.L_y,Hip.L_z,Knee.L_x,Knee.L_y,Knee.L_z,Ankle.L_x,Ankle.L_y,Ankle.L_z,Wrist.R_x,Wrist.R_y,Wrist.R_z,Elbow.R_x,Elbow.R_y,Elbow.R_z,Shoulder.R_x,Shoulder.R_y,Shoulder.R_z,Shoulder.L_x,Shoulder.L_y,Shoulder.L_z,Elbow.L_x,Elbow.L_y,Elbow.L_z,Wrist.L_x,Wrist.L_y,Wrist.L_z,Neck_x,Neck_y,Neck_z,Head_x,Head_y,Head_z,Nose_x,Nose_y,Nose_z,Eye.L_x,Eye.L_y,Eye.L_z,Eye.R_x,Eye.R_y,Eye.R_z,Ear.L_x,Ear.L_y,Ear.L_z,Ear.R_x,Ear.R_y,Ear.R_z,hip.Center_x,hip.Center_y,hip.Center_z
0,0.008150437,-0.59516734,-0.03603742,0.09893902,-0.15090841,0.05148436,-0.020437604,0.28017214,0.108240336,0.0041982397,0.2933777,-0.14701004,0.17014712,-0.10887817,-0.16478226,0.05103808,-0.55656034,-0.20490983,0.07742955,0.16866046,0.26751366,0.037333626,0.44151947,0.2503394,0.119332895,0.7060777,0.15609072,0.13124071,0.71359897,-0.16213246,0.075353965,0.450507,-0.28182346,0.15662436,0.19471122,-0.33473727,0.15818301,0.78043234,-0.0008456856,0.18813793,1.0000393,0.021492701,0.31464583,0.90792596,0.04373518,0.28638637,0.9518173,0.006185945,0.26639843,0.9415523,0.07026921,0.20857471,0.93703747,-0.06550436,0.16362591,0.9150455,0.08127183,-0.008119681850075722,0.2867749333381653,-0.019384853541851044
