frame,Ankle.R_x,Ankle.R_y,Ankle.R_z,Knee.R_x,Knee.R_y,Knee.R_z,Hip.R_x,Hip.R_y,Hip.R_z,Hip.L_x,Hip.L_y,Hip.L_z,Knee.L_x,Knee.L_y,Knee.L_z,Ankle.L_x,Ankle.L_y,Ankle.L_z,Wrist.R_x,Wrist.R_y,Wrist.R_z,Elbow.R_x,Elbow.R_y,Elbow.R_z,Shoulder.R_x,Shoulder.R_y,Shoulder.R_z,Shoulder.L_x,Shoulder.L_y,Shoulder.L_z,Elbow.L_x,Elbow.L_y,Elbow.L_z,Wrist.L_x,Wrist.L_y,Wrist.L_z,Neck_x,Neck_y,Neck_z,Head_x,Head_y,Head_z,Nose_x,Nose_y,Nose_z,Eye.L_x,Eye.L_y,Eye.L_z,Eye.R_x,Eye.R_y,Eye.R_z,Ear.L_x,Ear.L_y,Ear.L_z,Ear.R_x,Ear.R_y,Ear.R_z,hip.Center_x,hip.Center_y,hip.Center_z
0,-0.0066184634,-0.60939646,-0.030640697,0.09140349,-0.15905869,0.04343497,-0.009399685,0.28010327,0.10913008,-0.003350228,0.29105446,-0.14802602,0.13234106,-0.12544087,-0.18073228,0.035312906,-0.5841624,-0.21577877,0.07355692,0.18426324,0.27680892,0.032284617,0.45763442,0.24607004,0.11108229,0.71929824,0.13847995,0.108288236,0.7158646,-0.1796914,0.059788793,0.44675818,-0.2935741,0.15314627,0.19466259,-0.3537569,0.14134102,0.7880376,-0.021259565,0.17097716,1.0075065,0.0010240744,0.29562134,0.9137382,0.027824923,0.26973563,0.9586561,-0.010292739,0.24630526,0.9473777,0.0524565,0.19527932,0.9457474,-0.08636248,0.14312299,0.92175746,0.05740512,-0.006374956574290991,0.2855788469314575,-0.019447971135377884
