frame,Ankle.R_x,Ankle.R_y,Ankle.R_z,Knee.R_x,Knee.R_y,Knee.R_z,Hip.R_x,Hip.R_y,Hip.R_z,Hip.L_x,Hip.L_y,Hip.L_z,Knee.L_x,Knee.L_y,Knee.L_z,Ankle.L_x,Ankle.L_y,Ankle.L_z,Wrist.R_x,Wrist.R_y,Wrist.R_z,Elbow.R_x,Elbow.R_y,Elbow.R_z,Shoulder.R_x,Shoulder.R_y,Shoulder.R_z,Shoulder.L_x,Shoulder.L_y,Shoulder.L_z,Elbow.L_x,Elbow.L_y,Elbow.L_z,Wrist.L_x,Wrist.L_y,Wrist.L_z,Neck_x,Neck_y,Neck_z,Head_x,Head_y,Head_z,Nose_x,Nose_y,Nose_z,Eye.L_x,Eye.L_y,Eye.L_z,Eye.R_x,Eye.R_y,Eye.R_z,Ear.L_x,Ear.L_y,Ear.L_z,Ear.R_x,Ear.R_y,Ear.R_z,hip.Center_x,hip.Center_y,hip.Center_z
0,-0.21457118,-0.57362175,-0.35607028,-0.15157233,-0.20556818,-0.036407877,-0.13225162,0.2575939,-0.01997672,0.12484537,0.25752938,-0.015719613,0.16404344,-0.20010257,-0.011804112,0.23968123,-0.59254074,-0.30446294,-0.29770356,0.13789997,0.014011034,-0.24921092,0.40872508,-0.060047135,-0.15896334,0.68341565,0.010989967,0.14525175,0.68926436,0.017707884,0.23708436,0.41683543,-0.06267585,0.28722808,0.14476928,-0.010403862,-0.007293137,0.7561804,0.0452897,-0.023529792,0.970339,0.07796949,-0.03264625,0.8751246,0.20238063,0.0020183641,0.9191221,0.171765,-0.06395505,0.91254985,0.15997228,0.05854501,0.9041537,0.08645238,-0.08768798,0.89073306,0.060255885,-0.0037031248211860657,0.2575616240501404,-0.017848167568445206
