frame,Ankle.R_x,Ankle.R_y,Ankle.R_z,Knee.R_x,Knee.R_y,Knee.R_z,Hip.R_x,Hip.R_y,Hip.R_z,Hip.L_x,Hip.L_y,Hip.L_z,Knee.L_x,Knee.L_y,Knee.L_z,Ankle.L_x,Ankle.L_y,Ankle.L_z,Wrist.R_x,Wrist.R_y,Wrist.R_z,Elbow.R_x,Elbow.R_y,Elbow.R_z,Shoulder.R_x,Shoulder.R_y,Shoulder.R_z,Shoulder.L_x,Shoulder.L_y,Shoulder.L_z,Elbow.L_x,Elbow.L_y,Elbow.L_z,Wrist.L_x,Wrist.L_y,Wrist.L_z,Neck_x,Neck_y,Neck_z,Head_x,Head_y,Head_z,Nose_x,Nose_y,Nose_z,Eye.L_x,Eye.L_y,Eye.L_z,Eye.R_x,Eye.R_y,Eye.R_z,Ear.L_x,Ear.L_y,Ear.L_z,Ear.R_x,Ear.R_y,Ear.R_z,hip.Center_x,hip.Center_y,hip.Center_z
0,0.043848597,-0.4736243,-0.03257186,0.19752559,-0.07303189,0.07212234,-0.034606688,0.2891056,0.108661555,0.002965498,0.31052116,-0.14482367,0.22725374,-0.042511664,-0.14951466,0.0659408,-0.4516205,-0.2220092,0.007119016,0.18227646,0.24598701,0.07507218,0.4455732,0.25638577,0.2045241,0.68476075,0.17167507,0.22107236,0.6939803,-0.15035157,0.110384576,0.46089172,-0.27913246,0.07850812,0.19734475,-0.3311797,0.25649044,0.7507888,0.014604891,0.30638143,0.9616133,0.041554693,0.4259373,0.86058474,0.0682347,0.40204126,0.9068029,0.030014202,0.37792635,0.8963235,0.09288819,0.32684684,0.89873934,-0.04766897,0.27241683,0.8759159,0.09896383,-0.015820594504475594,0.2998133897781372,-0.01808105781674385
