frame,Ankle.R_x,Ankle.R_y,Ankle.R_z,Knee.R_x,Knee.R_y,Knee.R_z,Hip.R_x,Hip.R_y,Hip.R_z,Hip.L_x,Hip.L_y,Hip.L_z,Knee.L_x,Knee.L_y,Knee.L_z,Ankle.L_x,Ankle.L_y,Ankle.L_z,Wrist.R_x,Wrist.R_y,Wrist.R_z,Elbow.R_x,Elbow.R_y,Elbow.R_z,Shoulder.R_x,Shoulder.R_y,Shoulder.R_z,Shoulder.L_x,Shoulder.L_y,Shoulder.L_z,Elbow.L_x,Elbow.L_y,Elbow.L_z,Wrist.L_x,Wrist.L_y,Wrist.L_z,Neck_x,Neck_y,Neck_z,Head_x,Head_y,Head_z,Nose_x,Nose_y,Nose_z,Eye.L_x,Eye.L_y,Eye.L_z,Eye.R_x,Eye.R_y,Eye.R_z,Ear.L_x,Ear.L_y,Ear.L_z,Ear.R_x,Ear.R_y,Ear.R_z,hip.Center_x,hip.Center_y,hip.Center_z
0,-0.049973797,-0.64763826,-0.053528238,0.053350624,-0.18713167,0.036011346,-0.01144727,0.26725832,0.10882987,0.007823657,0.2795767,-0.15098068,0.09701456,-0.16382608,-0.16985174,-0.027270183,-0.62946635,-0.21390389,-0.0018044809,0.17557442,0.31948417,-0.036854763,0.4477449,0.25350416,0.04255533,0.7135519,0.14500593,0.052525137,0.71712995,-0.16737042,0.0059398906,0.4499529,-0.29498702,0.081178404,0.19982436,-0.39397287,0.07584997,0.78639346,-0.00941272,0.09840101,1.0055481,0.018765671,0.22534096,0.9137214,0.039991237,0.19796693,0.95889515,0.0036658868,0.17692009,0.94649297,0.06692607,0.12139702,0.94577897,-0.06834755,0.07492482,0.91946113,0.074101254,-0.0018118065781891346,0.27341750264167786,-0.021075405180454254
