frame,Ankle.R_x,Ankle.R_y,Ankle.R_z,Knee.R_x,Knee.R_y,Knee.R_z,Hip.R_x,Hip.R_y,Hip.R_z,Hip.L_x,Hip.L_y,Hip.L_z,Knee.L_x,Knee.L_y,Knee.L_z,Ankle.L_x,Ankle.L_y,Ankle.L_z,Wrist.R_x,Wrist.R_y,Wrist.R_z,Elbow.R_x,Elbow.R_y,Elbow.R_z,Shoulder.R_x,Shoulder.R_y,Shoulder.R_z,Shoulder.L_x,Shoulder.L_y,Shoulder.L_z,Elbow.L_x,Elbow.L_y,Elbow.L_z,Wrist.L_x,Wrist.L_y,Wrist.L_z,Neck_x,Neck_y,Neck_z,Head_x,Head_y,Head_z,Nose_x,Nose_y,Nose_z,Eye.L_x,Eye.L_y,Eye.L_z,Eye.R_x,Eye.R_y,Eye.R_z,Ear.L_x,Ear.L_y,Ear.L_z,Ear.R_x,Ear.R_y,Ear.R_z,hip.Center_x,hip.Center_y,hip.Center_z
0,0.14214046,-0.28021276,-0.058269806,0.3256834,0.09057283,0.08098047,-0.028091442,0.2710986,0.117817745,-0.024339177,0.3186523,-0.1487911,0.31866977,0.12511335,-0.1832007,0.10298372,-0.25725752,-0.219094,0.09992091,0.05453286,0.21102083,0.1606243,0.32514033,0.24344814,0.28842205,0.5790702,0.1843396,0.28276485,0.62881386,-0.13339388,0.13980807,0.4071413,-0.25599158,0.08593291,0.14122665,-0.31047776,0.334942,0.660881,0.033205673,0.41204837,0.86061674,0.07605328,0.525145,0.7487159,0.0602541,0.49700937,0.8007111,0.033922825,0.4893453,0.78404677,0.10045941,0.40335476,0.80747527,-0.020231588,0.38666558,0.7704794,0.13286123,-0.026215309277176857,0.29487544298171997,-0.015486679971218109
