frame,Ankle.R_x,Ankle.R_y,Ankle.R_z,Knee.R_x,Knee.R_y,Knee.R_z,Hip.R_x,Hip.R_y,Hip.R_z,Hip.L_x,Hip.L_y,Hip.L_z,Knee.L_x,Knee.L_y,Knee.L_z,Ankle.L_x,Ankle.L_y,Ankle.L_z,Wrist.R_x,Wrist.R_y,Wrist.R_z,Elbow.R_x,Elbow.R_y,Elbow.R_z,Shoulder.R_x,Shoulder.R_y,Shoulder.R_z,Shoulder.L_x,Shoulder.L_y,Shoulder.L_z,Elbow.L_x,Elbow.L_y,Elbow.L_z,Wrist.L_x,Wrist.L_y,Wrist.L_z,Neck_x,Neck_y,Neck_z,Head_x,Head_y,Head_z,Nose_x,Nose_y,Nose_z,Eye.L_x,Eye.L_y,Eye.L_z,Eye.R_x,Eye.R_y,Eye.R_z,Ear.L_x,Ear.L_y,Ear.L_z,Ear.R_x,Ear.R_y,Ear.R_z,hip.Center_x,hip.Center_y,hip.Center_z
0,-0.06063636,-0.62781316,-0.047152277,0.0459251,-0.17576493,0.036536213,-0.015979538,0.2739452,0.10803331,0.01212649,0.28822845,-0.1472447,0.07186989,-0.15317225,-0.17443445,-0.013938611,-0.6154866,-0.2443742,0.060169443,0.1887805,0.29689732,-0.014872971,0.45587254,0.25807178,0.02840939,0.7287713,0.15115331,0.04091561,0.7305597,-0.16487995,0.02049129,0.45690942,-0.2820314,0.11730365,0.20752853,-0.35460773,0.0566503,0.80476916,-0.005490387,0.06160519,1.0279071,0.0213601,0.1948942,0.9462997,0.04781661,0.16481782,0.9889489,0.009886488,0.14262204,0.97519666,0.072619736,0.09189826,0.9691982,-0.065502584,0.042224415,0.9397793,0.076851025,-0.0019265240989625454,0.28108683228492737,-0.01960569992661476
