frame,Ankle.R_x,Ankle.R_y,Ankle.R_z,Knee.R_x,Knee.R_y,Knee.R_z,Hip.R_x,Hip.R_y,Hip.R_z,Hip.L_x,Hip.L_y,Hip.L_z,Knee.L_x,Knee.L_y,Knee.L_z,Ankle.L_x,Ankle.L_y,Ankle.L_z,Wrist.R_x,Wrist.R_y,Wrist.R_z,Elbow.R_x,Elbow.R_y,Elbow.R_z,Shoulder.R_x,Shoulder.R_y,Shoulder.R_z,Shoulder.L_x,Shoulder.L_y,Shoulder.L_z,Elbow.L_x,Elbow.L_y,Elbow.L_z,Wrist.L_x,Wrist.L_y,Wrist.L_z,Neck_x,Neck_y,Neck_z,Head_x,Head_y,Head_z,Nose_x,Nose_y,Nose_z,Eye.L_x,Eye.L_y,Eye.L_z,Eye.R_x,Eye.R_y,Eye.R_z,Ear.L_x,Ear.L_y,Ear.L_z,Ear.R_x,Ear.R_y,Ear.R_z,hip.Center_x,hip.Center_y,hip.Center_z
0,-0.23809245,-0.5341462,-0.28627113,-0.21311347,-0.17855552,0.045852136,-0.13200387,0.26554596,-0.036808856,0.1259402,0.25925332,-0.0109650865,0.18302578,-0.19245484,0.022374671,0.26452622,-0.5654642,-0.29284889,-0.30175832,0.15314338,-0.09577637,-0.23850524,0.43210217,-0.095368184,-0.14926878,0.6878499,0.030742077,0.15519613,0.6784586,0.07775305,0.26180068,0.41144788,-0.008832438,0.30442274,0.13259223,0.015747128,-0.0014298493,0.7463905,0.09485433,-0.032250285,0.9465716,0.1856596,-0.061020456,0.81525725,0.26508263,-0.023765214,0.86609364,0.2595153,-0.08497134,0.8648155,0.23159271,0.051249187,0.8809344,0.18905276,-0.08568021,0.87855446,0.1277941,-0.0030318349599838257,0.2623996436595917,-0.023886971175670624
