frame,Ankle.R_x,Ankle.R_y,Ankle.R_z,Knee.R_x,Knee.R_y,Knee.R_z,Hip.R_x,Hip.R_y,Hip.R_z,Hip.L_x,Hip.L_y,Hip.L_z,Knee.L_x,Knee.L_y,Knee.L_z,Ankle.L_x,Ankle.L_y,Ankle.L_z,Wrist.R_x,Wrist.R_y,Wrist.R_z,Elbow.R_x,Elbow.R_y,Elbow.R_z,Shoulder.R_x,Shoulder.R_y,Shoulder.R_z,Shoulder.L_x,Shoulder.L_y,Shoulder.L_z,Elbow.L_x,Elbow.L_y,Elbow.L_z,Wrist.L_x,Wrist.L_y,Wrist.L_z,Neck_x,Neck_y,Neck_z,Head_x,Head_y,Head_z,Nose_x,Nose_y,Nose_z,Eye.L_x,Eye.L_y,Eye.L_z,Eye.R_x,Eye.R_y,Eye.R_z,Ear.L_x,Ear.L_y,Ear.L_z,Ear.R_x,Ear.R_y,Ear.R_z,hip.Center_x,hip.Center_y,hip.Center_z
0,0.15501499,-0.2884831,-0.07344197,0.3366555,0.08272896,0.07863603,-0.024347465,0.26507944,0.11819962,-0.03154286,0.31352097,-0.14949036,0.32698396,0.15453012,-0.19651236,0.14530636,-0.25049278,-0.23126727,0.08937945,0.04065165,0.18729413,0.15269648,0.31178293,0.22311394,0.28487048,0.56771016,0.17003931,0.27150813,0.6164941,-0.14525208,0.1322504,0.3830282,-0.2535012,0.0908905,0.108593546,-0.2743992,0.3266403,0.65144026,0.018418055,0.40131256,0.8526961,0.052520126,0.5158217,0.74346095,0.031986084,0.4849073,0.7938714,0.0062391534,0.4822218,0.7788731,0.07355052,0.38793486,0.79708385,-0.041058816,0.38244998,0.76387644,0.11295913,-0.02794516272842884,0.28930020332336426,-0.01564536988735199
