frame,Ankle.R_x,Ankle.R_y,Ankle.R_z,Knee.R_x,Knee.R_y,Knee.R_z,Hip.R_x,Hip.R_y,Hip.R_z,Hip.L_x,Hip.L_y,Hip.L_z,Knee.L_x,Knee.L_y,Knee.L_z,Ankle.L_x,Ankle.L_y,Ankle.L_z,Wrist.R_x,Wrist.R_y,Wrist.R_z,Elbow.R_x,Elbow.R_y,Elbow.R_z,Shoulder.R_x,Shoulder.R_y,Shoulder.R_z,Shoulder.L_x,Shoulder.L_y,Shoulder.L_z,Elbow.L_x,Elbow.L_y,Elbow.L_z,Wrist.L_x,Wrist.L_y,Wrist.L_z,Neck_x,Neck_y,Neck_z,Head_x,Head_y,Head_z,Nose_x,Nose_y,Nose_z,Eye.L_x,Eye.L_y,Eye.L_z,Eye.R_x,Eye.R_y,Eye.R_z,Ear.L_x,Ear.L_y,Ear.L_z,Ear.R_x,Ear.R_y,Ear.R_z,hip.Center_x,hip.Center_y,hip.Center_z
0,-0.08287273,-0.6522476,-0.068683706,0.001112234,-0.18890014,0.022086762,-0.011047204,0.26639664,0.108676925,0.015060689,0.28383964,-0.14866,0.018349806,-0.166345,-0.18358837,-0.0503523,-0.6371378,-0.2638099,0.032749064,0.16295059,0.2800883,-0.033649005,0.43632758,0.24799603,0.0055816183,0.71832985,0.1571153,0.016789053,0.7279893,-0.15582755,-0.0022976995,0.45057425,-0.26939973,0.094613604,0.19842099,-0.341813,0.032856558,0.7987545,0.003642315,0.05318084,1.0222207,0.034981996,0.17778634,0.92752147,0.059277512,0.15223818,0.9736265,0.022277802,0.12908721,0.96101415,0.08488554,0.07735072,0.96257067,-0.05225449,0.026068982,0.9357935,0.088419184,0.002006742637604475,0.2751181423664093,-0.019991539418697357
