frame,Ankle.R_x,Ankle.R_y,Ankle.R_z,Knee.R_x,Knee.R_y,Knee.R_z,Hip.R_x,Hip.R_y,Hip.R_z,Hip.L_x,Hip.L_y,Hip.L_z,Knee.L_x,Knee.L_y,Knee.L_z,Ankle.L_x,Ankle.L_y,Ankle.L_z,Wrist.R_x,Wrist.R_y,Wrist.R_z,Elbow.R_x,Elbow.R_y,Elbow.R_z,Shoulder.R_x,Shoulder.R_y,Shoulder.R_z,Shoulder.L_x,Shoulder.L_y,Shoulder.L_z,Elbow.L_x,Elbow.L_y,Elbow.L_z,Wrist.L_x,Wrist.L_y,Wrist.L_z,Neck_x,Neck_y,Neck_z,Head_x,Head_y,Head_z,Nose_x,Nose_y,Nose_z,Eye.L_x,Eye.L_y,Eye.L_z,Eye.R_x,Eye.R_y,Eye.R_z,Ear.L_x,Ear.L_y,Ear.L_z,Ear.R_x,Ear.R_y,Ear.R_z,hip.Center_x,hip.Center_y,hip.Center_z
0,-0.06367345,-0.65913737,-0.062348295,0.019976402,-0.19190311,0.025246618,-0.009871129,0.26511675,0.108677834,0.01305707,0.2812765,-0.14970972,0.01957091,-0.17127177,-0.17933646,-0.03402881,-0.6481421,-0.25139052,0.03433697,0.1595768,0.2742469,-0.0346994,0.43372083,0.24416688,0.0040480373,0.71629375,0.15251201,0.016091945,0.72269404,-0.160795,0.006075926,0.44248676,-0.27143607,0.10869726,0.18905547,-0.33663246,0.030850213,0.794955,-0.0016843174,0.050284825,1.017756,0.029643858,0.17483696,0.92331135,0.05402466,0.14945434,0.9695134,0.017103396,0.12606539,0.9566308,0.07958569,0.07491059,0.95853436,-0.057633676,0.023353718,0.9312895,0.082546465,0.0015929704532027245,0.27319663763046265,-0.020515941083431244
