frame,Ankle.R_x,Ankle.R_y,Ankle.R_z,Knee.R_x,Knee.R_y,Knee.R_z,Hip.R_x,Hip.R_y,Hip.R_z,Hip.L_x,Hip.L_y,Hip.L_z,Knee.L_x,Knee.L_y,Knee.L_z,Ankle.L_x,Ankle.L_y,Ankle.L_z,Wrist.R_x,Wrist.R_y,Wrist.R_z,Elbow.R_x,Elbow.R_y,Elbow.R_z,Shoulder.R_x,Shoulder.R_y,Shoulder.R_z,Shoulder.L_x,Shoulder.L_y,Shoulder.L_z,Elbow.L_x,Elbow.L_y,Elbow.L_z,Wrist.L_x,Wrist.L_y,Wrist.L_z,Neck_x,Neck_y,Neck_z,Head_x,Head_y,Head_z,Nose_x,Nose_y,Nose_z,Eye.L_x,Eye.L_y,Eye.L_z,Eye.R_x,Eye.R_y,Eye.R_z,Ear.L_x,Ear.L_y,Ear.L_z,Ear.R_x,Ear.R_y,Ear.R_z,hip.Center_x,hip.Center_y,hip.Center_z
0,-0.066420935,-0.67037266,-0.056050286,0.0010324367,-0.19765137,0.03057741,-0.022032436,0.26083294,0.10680779,0.026772263,0.277274,-0.14832102,0.019245837,-0.17758611,-0.17645578,-0.038020503,-0.6566664,-0.24935143,-0.042737596,0.1436801,0.27815488,-0.07570061,0.42385775,0.23656155,-0.011812087,0.7055322,0.15839839,0.025619587,0.7213774,-0.14940327,-0.006171042,0.4466168,-0.26715678,0.052583545,0.18186982,-0.34398505,0.03114619,0.7867513,0.010523549,0.0509368,1.0063846,0.04213472,0.17486827,0.91279566,0.072968766,0.15090142,0.9581949,0.034382872,0.12529105,0.94644475,0.09616561,0.07926589,0.94576275,-0.042302888,0.022733541,0.9209851,0.09563612,0.002369913272559643,0.26905345916748047,-0.020756613463163376
