frame,Ankle.R_x,Ankle.R_y,Ankle.R_z,Knee.R_x,Knee.R_y,Knee.R_z,Hip.R_x,Hip.R_y,Hip.R_z,Hip.L_x,Hip.L_y,Hip.L_z,Knee.L_x,Knee.L_y,Knee.L_z,Ankle.L_x,Ankle.L_y,Ankle.L_z,Wrist.R_x,Wrist.R_y,Wrist.R_z,Elbow.R_x,Elbow.R_y,Elbow.R_z,Shoulder.R_x,Shoulder.R_y,Shoulder.R_z,Shoulder.L_x,Shoulder.L_y,Shoulder.L_z,Elbow.L_x,Elbow.L_y,Elbow.L_z,Wrist.L_x,Wrist.L_y,Wrist.L_z,Neck_x,Neck_y,Neck_z,Head_x,Head_y,Head_z,Nose_x,Nose_y,Nose_z,Eye.L_x,Eye.L_y,Eye.L_z,Eye.R_x,Eye.R_y,Eye.R_z,Ear.L_x,Ear.L_y,Ear.L_z,Ear.R_x,Ear.R_y,Ear.R_z,hip.Center_x,hip.Center_y,hip.Center_z
0,0.14352053,-0.2880713,-0.08622226,0.3120282,0.0789785,0.079627894,-0.037503883,0.27094918,0.11626759,-0.013453368,0.32564914,-0.14777814,0.32241482,0.1158049,-0.15118778,0.091774255,-0.24968633,-0.22987726,0.1401376,0.024903886,0.21751095,0.17630336,0.29881653,0.25614166,0.29599968,0.55975217,0.21169627,0.32141218,0.6080112,-0.105133325,0.20370993,0.37563717,-0.23347865,0.17971492,0.10120972,-0.25703663,0.35537073,0.6420404,0.06503839,0.41878194,0.8444295,0.1063456,0.54120255,0.74103546,0.099288404,0.5098069,0.7899258,0.06972223,0.50082654,0.7747278,0.13674574,0.4179522,0.78758776,0.011457654,0.39756083,0.7537848,0.16595101,-0.025478625670075417,0.2982991635799408,-0.015755273401737213
