frame,Ankle.R_x,Ankle.R_y,Ankle.R_z,Knee.R_x,Knee.R_y,Knee.R_z,Hip.R_x,Hip.R_y,Hip.R_z,Hip.L_x,Hip.L_y,Hip.L_z,Knee.L_x,Knee.L_y,Knee.L_z,Ankle.L_x,Ankle.L_y,Ankle.L_z,Wrist.R_x,Wrist.R_y,Wrist.R_z,Elbow.R_x,Elbow.R_y,Elbow.R_z,Shoulder.R_x,Shoulder.R_y,Shoulder.R_z,Shoulder.L_x,Shoulder.L_y,Shoulder.L_z,Elbow.L_x,Elbow.L_y,Elbow.L_z,Wrist.L_x,Wrist.L_y,Wrist.L_z,Neck_x,Neck_y,Neck_z,Head_x,Head_y,Head_z,Nose_x,Nose_y,Nose_z,Eye.L_x,Eye.L_y,Eye.L_z,Eye.R_x,Eye.R_y,Eye.R_z,Ear.L_x,Ear.L_y,Ear.L_z,Ear.R_x,Ear.R_y,Ear.R_z,hip.Center_x,hip.Center_y,hip.Center_z
0,0.12941018,-0.30112228,-0.03454777,0.3268211,0.069732085,0.0931872,-0.02991664,0.27063602,0.11613664,-0.02405527,0.30818182,-0.15291192,0.32873476,0.11633589,-0.17604072,0.07957356,-0.24499445,-0.20921992,0.10046379,0.04802209,0.22298048,0.15003484,0.32237715,0.24003169,0.27736834,0.57668704,0.17010011,0.27777928,0.61227834,-0.14750296,0.15493195,0.37590575,-0.26788643,0.14113083,0.10017646,-0.2888022,0.32478824,0.65272284,0.01738816,0.39916164,0.85358757,0.044064652,0.5126676,0.74152243,0.045848846,0.48657322,0.7903693,0.013045583,0.47486663,0.78017074,0.08015327,0.39641222,0.7917892,-0.04663082,0.37070754,0.7694701,0.10705319,-0.026985954493284225,0.28940892219543457,-0.01838763803243637
