frame,Ankle.R_x,Ankle.R_y,Ankle.R_z,Knee.R_x,Knee.R_y,Knee.R_z,Hip.R_x,Hip.R_y,Hip.R_z,Hip.L_x,Hip.L_y,Hip.L_z,Knee.L_x,Knee.L_y,Knee.L_z,Ankle.L_x,Ankle.L_y,Ankle.L_z,Wrist.R_x,Wrist.R_y,Wrist.R_z,Elbow.R_x,Elbow.R_y,Elbow.R_z,Shoulder.R_x,Shoulder.R_y,Shoulder.R_z,Shoulder.L_x,Shoulder.L_y,Shoulder.L_z,Elbow.L_x,Elbow.L_y,Elbow.L_z,Wrist.L_x,Wrist.L_y,Wrist.L_z,Neck_x,Neck_y,Neck_z,Head_x,Head_y,Head_z,Nose_x,Nose_y,Nose_z,Eye.L_x,Eye.L_y,Eye.L_z,Eye.R_x,Eye.R_y,Eye.R_z,Ear.L_x,Ear.L_y,Ear.L_z,Ear.R_x,Ear.R_y,Ear.R_z,hip.Center_x,hip.Center_y,hip.Center_z
0,0.17046939,-0.26168168,-0.049484313,0.31435612,0.1195977,0.10429089,-0.044980753,0.2763072,0.11413865,-0.0068027643,0.31778225,-0.15180019,0.32879853,0.105501615,-0.121966094,0.056797564,-0.23015673,-0.18431973,0.1183716,0.026635926,0.20355995,0.16274989,0.29837242,0.25212038,0.28291276,0.56044906,0.21797709,0.32698053,0.59889185,-0.09828699,0.20264204,0.36464393,-0.2158814,0.14766945,0.09351946,-0.23317526,0.35200933,0.6383346,0.073046155,0.42047146,0.8410405,0.11337567,0.537586,0.7316989,0.11745361,0.51073635,0.7811385,0.08450684,0.49662608,0.76841456,0.15111491,0.42315963,0.78140676,0.020324215,0.39092025,0.75356567,0.17362499,-0.025891758501529694,0.2970447242259979,-0.018830768764019012
