frame,Ankle.R_x,Ankle.R_y,Ankle.R_z,Knee.R_x,Knee.R_y,Knee.R_z,Hip.R_x,Hip.R_y,Hip.R_z,Hip.L_x,Hip.L_y,Hip.L_z,Knee.L_x,Knee.L_y,Knee.L_z,Ankle.L_x,Ankle.L_y,Ankle.L_z,Wrist.R_x,Wrist.R_y,Wrist.R_z,Elbow.R_x,Elbow.R_y,Elbow.R_z,Shoulder.R_x,Shoulder.R_y,Shoulder.R_z,Shoulder.L_x,Shoulder.L_y,Shoulder.L_z,Elbow.L_x,Elbow.L_y,Elbow.L_z,Wrist.L_x,Wrist.L_y,Wrist.L_z,Neck_x,Neck_y,Neck_z,Head_x,Head_y,Head_z,Nose_x,Nose_y,Nose_z,Eye.L_x,Eye.L_y,Eye.L_z,Eye.R_x,Eye.R_y,Eye.R_z,Ear.L_x,Ear.L_y,Ear.L_z,Ear.R_x,Ear.R_y,Ear.R_z,hip.Center_x,hip.Center_y,hip.Center_z
0,0.17081088,-0.27773923,-0.073075846,0.31505895,0.102072984,0.08408799,-0.03687586,0.2782173,0.11656179,-0.016144466,0.32599306,-0.14843449,0.32162997,0.12774445,-0.15128872,0.11421454,-0.25372016,-0.21239376,0.12591875,0.05691377,0.20887555,0.17654201,0.32759392,0.25108746,0.2981575,0.58367115,0.19991717,0.31207943,0.6236563,-0.12121725,0.1775006,0.3950587,-0.2352729,0.13350444,0.12316747,-0.25445634,0.3523766,0.66154075,0.0484138,0.41170466,0.8660509,0.087649934,0.5358552,0.7640796,0.085063,0.504541,0.8125571,0.054323226,0.49335587,0.79732704,0.1210271,0.4147236,0.80868554,-0.007992731,0.3893871,0.7748562,0.14688952,-0.02651016227900982,0.302105188369751,-0.01593634858727455
