frame,Ankle.R_x,Ankle.R_y,Ankle.R_z,Knee.R_x,Knee.R_y,Knee.R_z,Hip.R_x,Hip.R_y,Hip.R_z,Hip.L_x,Hip.L_y,Hip.L_z,Knee.L_x,Knee.L_y,Knee.L_z,Ankle.L_x,Ankle.L_y,Ankle.L_z,Wrist.R_x,Wrist.R_y,Wrist.R_z,Elbow.R_x,Elbow.R_y,Elbow.R_z,Shoulder.R_x,Shoulder.R_y,Shoulder.R_z,Shoulder.L_x,Shoulder.L_y,Shoulder.L_z,Elbow.L_x,Elbow.L_y,Elbow.L_z,Wrist.L_x,Wrist.L_y,Wrist.L_z,Neck_x,Neck_y,Neck_z,Head_x,Head_y,Head_z,Nose_x,Nose_y,Nose_z,Eye.L_x,Eye.L_y,Eye.L_z,Eye.R_x,Eye.R_y,Eye.R_z,Ear.L_x,Ear.L_y,Ear.L_z,Ear.R_x,Ear.R_y,Ear.R_z,hip.Center_x,hip.Center_y,hip.Center_z
0,-0.21509774,-0.5723711,-0.349276,-0.14931215,-0.2066517,-0.02812404,-0.13234454,0.25717688,-0.017641693,0.1250695,0.25759774,-0.01877183,0.16528423,-0.1998007,-0.00728452,0.23736511,-0.58936566,-0.30422288,-0.30046088,0.13897869,0.01910184,-0.25154608,0.40973517,-0.05426034,-0.15724085,0.68340683,0.015600453,0.147103,0.68772084,0.014331862,0.23525167,0.4156164,-0.07084727,0.28375226,0.14358075,-0.018151939,-0.0044044806,0.75542945,0.04587977,-0.019427553,0.9697087,0.076998375,-0.026458679,0.87576294,0.2024807,0.0076973457,0.9194313,0.17086428,-0.058463804,0.91280115,0.1602751,0.06272408,0.9035349,0.084745504,-0.08392124,0.8900474,0.06124907,-0.0036375224590301514,0.25738731026649475,-0.01820676028728485
