frame,Ankle.R_x,Ankle.R_y,Ankle.R_z,Knee.R_x,Knee.R_y,Knee.R_z,Hip.R_x,Hip.R_y,Hip.R_z,Hip.L_x,Hip.L_y,Hip.L_z,Knee.L_x,Knee.L_y,Knee.L_z,Ankle.L_x,Ankle.L_y,Ankle.L_z,Wrist.R_x,Wrist.R_y,Wrist.R_z,Elbow.R_x,Elbow.R_y,Elbow.R_z,Shoulder.R_x,Shoulder.R_y,Shoulder.R_z,Shoulder.L_x,Shoulder.L_y,Shoulder.L_z,Elbow.L_x,Elbow.L_y,Elbow.L_z,Wrist.L_x,Wrist.L_y,Wrist.L_z,Neck_x,Neck_y,Neck_z,Head_x,Head_y,Head_z,Nose_x,Nose_y,Nose_z,Eye.L_x,Eye.L_y,Eye.L_z,Eye.R_x,Eye.R_y,Eye.R_z,Ear.L_x,Ear.L_y,Ear.L_z,Ear.R_x,Ear.R_y,Ear.R_z,hip.Center_x,hip.Center_y,hip.Center_z
0,0.17348498,-0.2607057,-0.09033099,0.33180878,0.11517309,0.061369747,-0.02493378,0.26912493,0.11910578,-0.02831614,0.3254702,-0.14636642,0.3163324,0.14142972,-0.1867778,0.0849392,-0.22706342,-0.2261343,0.121902205,0.039486185,0.20717616,0.17453057,0.31148803,0.24265492,0.295724,0.5709454,0.19119462,0.29625022,0.6251949,-0.12710422,0.16809484,0.39527988,-0.25092888,0.13112688,0.12334605,-0.28778225,0.34373796,0.65701133,0.04108166,0.41447026,0.8600716,0.08333706,0.5324252,0.7537751,0.061026648,0.49984252,0.8044207,0.03626959,0.49703622,0.78731054,0.10333827,0.40283805,0.8064111,-0.0124836285,0.39663333,0.76829463,0.14189534,-0.026624958962202072,0.29729756712913513,-0.013630319386720657
