frame,Ankle.R_x,Ankle.R_y,Ankle.R_z,Knee.R_x,Knee.R_y,Knee.R_z,Hip.R_x,Hip.R_y,Hip.R_z,Hip.L_x,Hip.L_y,Hip.L_z,Knee.L_x,Knee.L_y,Knee.L_z,Ankle.L_x,Ankle.L_y,Ankle.L_z,Wrist.R_x,Wrist.R_y,Wrist.R_z,Elbow.R_x,Elbow.R_y,Elbow.R_z,Shoulder.R_x,Shoulder.R_y,Shoulder.R_z,Shoulder.L_x,Shoulder.L_y,Shoulder.L_z,Elbow.L_x,Elbow.L_y,Elbow.L_z,Wrist.L_x,Wrist.L_y,Wrist.L_z,Neck_x,Neck_y,Neck_z,Head_x,Head_y,Head_z,Nose_x,Nose_y,Nose_z,Eye.L_x,Eye.L_y,Eye.L_z,Eye.R_x,Eye.R_y,Eye.R_z,Ear.L_x,Ear.L_y,Ear.L_z,Ear.R_x,Ear.R_y,Ear.R_z,hip.Center_x,hip.Center_y,hip.Center_z
0,0.14189155,-0.2658241,-0.032562736,0.31747544,0.10665064,0.11258361,-0.041631673,0.27680343,0.11468393,-0.012404265,0.31185406,-0.15369944,0.33684143,0.13657442,-0.13002014,0.108394384,-0.23609069,-0.17157508,0.101237565,0.043701097,0.20935103,0.15880057,0.31514126,0.24542199,0.29064918,0.5672345,0.19297461,0.3113431,0.6025535,-0.12508717,0.17570825,0.37659445,-0.24645521,0.125454,0.10708332,-0.28756228,0.34949133,0.640519,0.0433703,0.42115775,0.8396477,0.08242139,0.53693175,0.729017,0.081906214,0.51037765,0.7792431,0.05064746,0.49719536,0.76540124,0.11711322,0.42165983,0.7818798,-0.011849342,0.3921472,0.75154555,0.14126346,-0.027017969638109207,0.2943287491798401,-0.0195077545940876
