frame,Ankle.R_x,Ankle.R_y,Ankle.R_z,Knee.R_x,Knee.R_y,Knee.R_z,Hip.R_x,Hip.R_y,Hip.R_z,Hip.L_x,Hip.L_y,Hip.L_z,Knee.L_x,Knee.L_y,Knee.L_z,Ankle.L_x,Ankle.L_y,Ankle.L_z,Wrist.R_x,Wrist.R_y,Wrist.R_z,Elbow.R_x,Elbow.R_y,Elbow.R_z,Shoulder.R_x,Shoulder.R_y,Shoulder.R_z,Shoulder.L_x,Shoulder.L_y,Shoulder.L_z,Elbow.L_x,Elbow.L_y,Elbow.L_z,Wrist.L_x,Wrist.L_y,Wrist.L_z,Neck_x,Neck_y,Neck_z,Head_x,Head_y,Head_z,Nose_x,Nose_y,Nose_z,Eye.L_x,Eye.L_y,Eye.L_z,Eye.R_x,Eye.R_y,Eye.R_z,Ear.L_x,Ear.L_y,Ear.L_z,Ear.R_x,Ear.R_y,Ear.R_z,hip.Center_x,hip.Center_y,hip.Center_z
0,0.13568357,-0.27946293,-0.059163082,0.30976838,0.08824469,0.09698468,-0.045020673,0.27356258,0.11404512,-0.0060358956,0.3185013,-0.15075745,0.33146536,0.11446534,-0.11619256,0.08804956,-0.23906216,-0.20107299,0.12704742,0.023842761,0.2258658,0.16509402,0.29817277,0.25921035,0.2877437,0.55688196,0.21573456,0.32995278,0.5942192,-0.09917515,0.21687101,0.35907376,-0.22496521,0.19422567,0.08432632,-0.24303964,0.35556763,0.6323889,0.070960246,0.4260061,0.8322917,0.11180126,0.54227215,0.72211444,0.115227364,0.5160378,0.7719307,0.082675606,0.50156975,0.7587482,0.14907844,0.42853412,0.7735788,0.018353477,0.39577025,0.7445643,0.17115125,-0.025528283789753914,0.2960319519042969,-0.018356163054704666
