frame,Ankle.R_x,Ankle.R_y,Ankle.R_z,Knee.R_x,Knee.R_y,Knee.R_z,Hip.R_x,Hip.R_y,Hip.R_z,Hip.L_x,Hip.L_y,Hip.L_z,Knee.L_x,Knee.L_y,Knee.L_z,Ankle.L_x,Ankle.L_y,Ankle.L_z,Wrist.R_x,Wrist.R_y,Wrist.R_z,Elbow.R_x,Elbow.R_y,Elbow.R_z,Shoulder.R_x,Shoulder.R_y,Shoulder.R_z,Shoulder.L_x,Shoulder.L_y,Shoulder.L_z,Elbow.L_x,Elbow.L_y,Elbow.L_z,Wrist.L_x,Wrist.L_y,Wrist.L_z,Neck_x,Neck_y,Neck_z,Head_x,Head_y,Head_z,Nose_x,Nose_y,Nose_z,Eye.L_x,Eye.L_y,Eye.L_z,Eye.R_x,Eye.R_y,Eye.R_z,Ear.L_x,Ear.L_y,Ear.L_z,Ear.R_x,Ear.R_y,Ear.R_z,hip.Center_x,hip.Center_y,hip.Center_z
0,-0.0821875,-0.67490923,-0.07087869,-0.0068184324,-0.20230794,0.024020357,-0.024966717,0.25682956,0.10646634,0.031042263,0.2758808,-0.14722697,0.017605098,-0.18005125,-0.18162443,-0.04985256,-0.65864474,-0.26662615,-0.03552071,0.1337343,0.27509192,-0.07760018,0.4139032,0.23466748,-0.023959566,0.69937056,0.15972841,0.023099266,0.71643114,-0.14605662,0.0028774273,0.43880683,-0.26155594,0.063842915,0.17108385,-0.33010718,0.021474274,0.7817445,0.013739107,0.036518563,1.0010834,0.04567432,0.16052088,0.909402,0.08094887,0.13735145,0.9543999,0.041489903,0.10980638,0.94246936,0.1023668,0.06854263,0.9407984,-0.037234873,0.007904252,0.9156362,0.098199956,0.003037773072719574,0.2663551867008209,-0.02038031816482544
