frame,Ankle.R_x,Ankle.R_y,Ankle.R_z,Knee.R_x,Knee.R_y,Knee.R_z,Hip.R_x,Hip.R_y,Hip.R_z,Hip.L_x,Hip.L_y,Hip.L_z,Knee.L_x,Knee.L_y,Knee.L_z,Ankle.L_x,Ankle.L_y,Ankle.L_z,Wrist.R_x,Wrist.R_y,Wrist.R_z,Elbow.R_x,Elbow.R_y,Elbow.R_z,Shoulder.R_x,Shoulder.R_y,Shoulder.R_z,Shoulder.L_x,Shoulder.L_y,Shoulder.L_z,Elbow.L_x,Elbow.L_y,Elbow.L_z,Wrist.L_x,Wrist.L_y,Wrist.L_z,Neck_x,Neck_y,Neck_z,Head_x,Head_y,Head_z,Nose_x,Nose_y,Nose_z,Eye.L_x,Eye.L_y,Eye.L_z,Eye.R_x,Eye.R_y,Eye.R_z,Ear.L_x,Ear.L_y,Ear.L_z,Ear.R_x,Ear.R_y,Ear.R_z,hip.Center_x,hip.Center_y,hip.Center_z
0,0.15699564,-0.26647592,-0.041944776,0.31735432,0.11013716,0.110056855,-0.04290267,0.2762213,0.1146521,-0.011486566,0.31395584,-0.15278515,0.33686125,0.13674766,-0.12970787,0.11916717,-0.24208346,-0.17949547,0.098346785,0.04543832,0.20763607,0.15473399,0.31648123,0.24673186,0.2882464,0.5684602,0.19744007,0.3149212,0.5997847,-0.12074883,0.17975058,0.37055066,-0.23600659,0.13452056,0.09832777,-0.25900775,0.34973323,0.6408791,0.047897857,0.41544965,0.84240896,0.083349906,0.5343747,0.73517835,0.08980724,0.5073999,0.7838369,0.056271195,0.4923664,0.7712972,0.12263538,0.42075548,0.7822015,-0.009444893,0.3869201,0.75497365,0.14355786,-0.027194619178771973,0.29508858919143677,-0.019066527485847473
