frame,Ankle.R_x,Ankle.R_y,Ankle.R_z,Knee.R_x,Knee.R_y,Knee.R_z,Hip.R_x,Hip.R_y,Hip.R_z,Hip.L_x,Hip.L_y,Hip.L_z,Knee.L_x,Knee.L_y,Knee.L_z,Ankle.L_x,Ankle.L_y,Ankle.L_z,Wrist.R_x,Wrist.R_y,Wrist.R_z,Elbow.R_x,Elbow.R_y,Elbow.R_z,Shoulder.R_x,Shoulder.R_y,Shoulder.R_z,Shoulder.L_x,Shoulder.L_y,Shoulder.L_z,Elbow.L_x,Elbow.L_y,Elbow.L_z,Wrist.L_x,Wrist.L_y,Wrist.L_z,Neck_x,Neck_y,Neck_z,Head_x,Head_y,Head_z,Nose_x,Nose_y,Nose_z,Eye.L_x,Eye.L_y,Eye.L_z,Eye.R_x,Eye.R_y,Eye.R_z,Ear.L_x,Ear.L_y,Ear.L_z,Ear.R_x,Ear.R_y,Ear.R_z,hip.Center_x,hip.Center_y,hip.Center_z
0,0.13320205,-0.26205742,-0.059331123,0.30601397,0.09661254,0.11534941,-0.04859209,0.2730585,0.11355257,-0.003697107,0.3208654,-0.15068483,0.33376175,0.119876966,-0.1237554,0.08786878,-0.23392719,-0.20472632,0.13208786,0.003862238,0.22397073,0.16977279,0.27896506,0.26224887,0.28648126,0.5444923,0.22622135,0.33804703,0.5861198,-0.087333664,0.2326576,0.34808272,-0.21847984,0.20913571,0.07194364,-0.23445536,0.35838255,0.624006,0.08398643,0.4235642,0.8265818,0.12393361,0.54353297,0.720186,0.12925558,0.5156304,0.7687702,0.09582962,0.50153583,0.756052,0.16254544,0.4280989,0.76657665,0.031351328,0.3957716,0.7387326,0.18475643,-0.02614459954202175,0.2969619631767273,-0.018566131591796875
