frame,Ankle.R_x,Ankle.R_y,Ankle.R_z,Knee.R_x,Knee.R_y,Knee.R_z,Hip.R_x,Hip.R_y,Hip.R_z,Hip.L_x,Hip.L_y,Hip.L_z,Knee.L_x,Knee.L_y,Knee.L_z,Ankle.L_x,Ankle.L_y,Ankle.L_z,Wrist.R_x,Wrist.R_y,Wrist.R_z,Elbow.R_x,Elbow.R_y,Elbow.R_z,Shoulder.R_x,Shoulder.R_y,Shoulder.R_z,Shoulder.L_x,Shoulder.L_y,Shoulder.L_z,Elbow.L_x,Elbow.L_y,Elbow.L_z,Wrist.L_x,Wrist.L_y,Wrist.L_z,Neck_x,Neck_y,Neck_z,Head_x,Head_y,Head_z,Nose_x,Nose_y,Nose_z,Eye.L_x,Eye.L_y,Eye.L_z,Eye.R_x,Eye.R_y,Eye.R_z,Ear.L_x,Ear.L_y,Ear.L_z,Ear.R_x,Ear.R_y,Ear.R_z,hip.Center_x,hip.Center_y,hip.Center_z
0,0.059375092,-0.45971388,-0.026716402,0.21552125,-0.059628196,0.081758775,-0.034507636,0.28742892,0.10933843,0.0012452374,0.31040335,-0.14603338,0.23307848,-0.038209315,-0.15453507,0.06986808,-0.4503128,-0.2179613,0.0063672513,0.16146784,0.22344469,0.07311407,0.4257591,0.24569072,0.2061849,0.670431,0.17913365,0.22880492,0.68800056,-0.1429553,0.12168443,0.44921502,-0.2664702,0.09841623,0.181829,-0.30894002,0.2609911,0.7427997,0.02458412,0.30702522,0.9545374,0.05951571,0.4267522,0.8540025,0.08670701,0.40367863,0.9013649,0.049346216,0.377645,0.8884108,0.11103849,0.33117312,0.8949883,-0.031073883,0.27236894,0.86686885,0.112766966,-0.016631199046969414,0.29891613125801086,-0.018347471952438354
