frame,Ankle.R_x,Ankle.R_y,Ankle.R_z,Knee.R_x,Knee.R_y,Knee.R_z,Hip.R_x,Hip.R_y,Hip.R_z,Hip.L_x,Hip.L_y,Hip.L_z,Knee.L_x,Knee.L_y,Knee.L_z,Ankle.L_x,Ankle.L_y,Ankle.L_z,Wrist.R_x,Wrist.R_y,Wrist.R_z,Elbow.R_x,Elbow.R_y,Elbow.R_z,Shoulder.R_x,Shoulder.R_y,Shoulder.R_z,Shoulder.L_x,Shoulder.L_y,Shoulder.L_z,Elbow.L_x,Elbow.L_y,Elbow.L_z,Wrist.L_x,Wrist.L_y,Wrist.L_z,Neck_x,Neck_y,Neck_z,Head_x,Head_y,Head_z,Nose_x,Nose_y,Nose_z,Eye.L_x,Eye.L_y,Eye.L_z,Eye.R_x,Eye.R_y,Eye.R_z,Ear.L_x,Ear.L_y,Ear.L_z,Ear.R_x,Ear.R_y,Ear.R_z,hip.Center_x,hip.Center_y,hip.Center_z
0,0.13385043,-0.31184122,-0.006795981,0.32508442,0.070341416,0.10039498,-0.030225527,0.2761504,0.11528468,-0.022929467,0.30299163,-0.15453109,0.32705688,0.09969793,-0.1691444,0.07849503,-0.2647384,-0.17835191,0.108704366,0.052870326,0.22644809,0.15227526,0.32875502,0.23876265,0.27504224,0.5835348,0.16358349,0.27888963,0.6122152,-0.154516,0.1557485,0.37640414,-0.27567655,0.13771363,0.101031475,-0.299999,0.32404298,0.65523493,0.010305205,0.40182424,0.85522914,0.034670506,0.5115019,0.7401464,0.046402775,0.4890141,0.7888083,0.0109217055,0.47271878,0.7807524,0.07726293,0.40285242,0.791132,-0.054669462,0.36697778,0.7737502,0.09755959,-0.026577496901154518,0.28957101702690125,-0.019623205065727234
