frame,Ankle.R_x,Ankle.R_y,Ankle.R_z,Knee.R_x,Knee.R_y,Knee.R_z,Hip.R_x,Hip.R_y,Hip.R_z,Hip.L_x,Hip.L_y,Hip.L_z,Knee.L_x,Knee.L_y,Knee.L_z,Ankle.L_x,Ankle.L_y,Ankle.L_z,Wrist.R_x,Wrist.R_y,Wrist.R_z,Elbow.R_x,Elbow.R_y,Elbow.R_z,Shoulder.R_x,Shoulder.R_y,Shoulder.R_z,Shoulder.L_x,Shoulder.L_y,Shoulder.L_z,Elbow.L_x,Elbow.L_y,Elbow.L_z,Wrist.L_x,Wrist.L_y,Wrist.L_z,Neck_x,Neck_y,Neck_z,Head_x,Head_y,Head_z,Nose_x,Nose_y,Nose_z,Eye.L_x,Eye.L_y,Eye.L_z,Eye.R_x,Eye.R_y,Eye.R_z,Ear.L_x,Ear.L_y,Ear.L_z,Ear.R_x,Ear.R_y,Ear.R_z,hip.Center_x,hip.Center_y,hip.Center_z
0,-0.06682801,-0.6639561,-0.070901796,0.01050695,-0.19597957,0.024751604,-0.018913072,0.26105356,0.10767284,0.023033133,0.2793315,-0.14849652,0.014907634,-0.17410399,-0.18110828,-0.048848476,-0.6503088,-0.2585229,-0.0118939765,0.14847946,0.28373158,-0.0543835,0.42705113,0.24333441,0.0033309367,0.7081283,0.15799662,0.033328798,0.7192466,-0.15206462,0.005400003,0.44341055,-0.2694052,0.07280581,0.18075372,-0.3448316,0.041724414,0.78767633,0.0078572435,0.056374364,1.0079647,0.039294865,0.18050054,0.9167887,0.07568599,0.15762493,0.9620842,0.036274478,0.12900448,0.9491253,0.096488334,0.090361536,0.9488106,-0.04453212,0.027307667,0.92153156,0.090282075,0.002060030587017536,0.27019253373146057,-0.020411841571331024
