frame,Ankle.R_x,Ankle.R_y,Ankle.R_z,Knee.R_x,Knee.R_y,Knee.R_z,Hip.R_x,Hip.R_y,Hip.R_z,Hip.L_x,Hip.L_y,Hip.L_z,Knee.L_x,Knee.L_y,Knee.L_z,Ankle.L_x,Ankle.L_y,Ankle.L_z,Wrist.R_x,Wrist.R_y,Wrist.R_z,Elbow.R_x,Elbow.R_y,Elbow.R_z,Shoulder.R_x,Shoulder.R_y,Shoulder.R_z,Shoulder.L_x,Shoulder.L_y,Shoulder.L_z,Elbow.L_x,Elbow.L_y,Elbow.L_z,Wrist.L_x,Wrist.L_y,Wrist.L_z,Neck_x,Neck_y,Neck_z,Head_x,Head_y,Head_z,Nose_x,Nose_y,Nose_z,Eye.L_x,Eye.L_y,Eye.L_z,Eye.R_x,Eye.R_y,Eye.R_z,Ear.L_x,Ear.L_y,Ear.L_z,Ear.R_x,Ear.R_y,Ear.R_z,hip.Center_x,hip.Center_y,hip.Center_z
0,0.14464736,-0.22326216,-0.027537279,0.3241324,0.14695287,0.10258059,-0.0440577,0.27612296,0.114601836,-0.009908643,0.3130663,-0.15361261,0.33706224,0.12743932,-0.11240862,0.062137894,-0.20273712,-0.16875924,0.11967418,0.031134289,0.22733939,0.15688205,0.3065035,0.25818706,0.27536646,0.56755495,0.2105862,0.31729683,0.60301226,-0.10647811,0.19891441,0.36829162,-0.22948907,0.16240047,0.09497346,-0.25456664,0.34325442,0.64316523,0.064342,0.41962695,0.8443788,0.104018666,0.5319059,0.7300576,0.10372279,0.5061798,0.7806924,0.07183617,0.4938551,0.76834047,0.13889495,0.4165511,0.785089,0.011219622,0.38852298,0.7582023,0.16506328,-0.026983171701431274,0.2945946455001831,-0.019505389034748077
