frame,Ankle.R_x,Ankle.R_y,Ankle.R_z,Knee.R_x,Knee.R_y,Knee.R_z,Hip.R_x,Hip.R_y,Hip.R_z,Hip.L_x,Hip.L_y,Hip.L_z,Knee.L_x,Knee.L_y,Knee.L_z,Ankle.L_x,Ankle.L_y,Ankle.L_z,Wrist.R_x,Wrist.R_y,Wrist.R_z,Elbow.R_x,Elbow.R_y,Elbow.R_z,Shoulder.R_x,Shoulder.R_y,Shoulder.R_z,Shoulder.L_x,Shoulder.L_y,Shoulder.L_z,Elbow.L_x,Elbow.L_y,Elbow.L_z,Wrist.L_x,Wrist.L_y,Wrist.L_z,Neck_x,Neck_y,Neck_z,Head_x,Head_y,Head_z,Nose_x,Nose_y,Nose_z,Eye.L_x,Eye.L_y,Eye.L_z,Eye.R_x,Eye.R_y,Eye.R_z,Ear.L_x,Ear.L_y,Ear.L_z,Ear.R_x,Ear.R_y,Ear.R_z,hip.Center_x,hip.Center_y,hip.Center_z
0,-0.08266971,-0.65248317,-0.06731197,0.0012624073,-0.18889949,0.022404531,-0.010903415,0.26644108,0.10863843,0.014914934,0.28365347,-0.14871696,0.018578287,-0.16657262,-0.1830386,-0.049726464,-0.63753414,-0.26256728,0.032415412,0.16276254,0.27907336,-0.033909667,0.43618658,0.24736084,0.0054096077,0.71823114,0.15677321,0.016606394,0.72775084,-0.15615396,-0.002309747,0.45013654,-0.2691744,0.095107205,0.1979736,-0.340823,0.032669693,0.7986024,0.0032674903,0.05314602,1.0220588,0.034475002,0.17764291,0.9272525,0.058766223,0.15213181,0.97336113,0.02175472,0.12899488,0.9608095,0.084375,0.077213734,0.96234214,-0.052728657,0.025971916,0.935702,0.087969184,0.002005759160965681,0.27504727244377136,-0.020039264112710953
