frame,Ankle.R_x,Ankle.R_y,Ankle.R_z,Knee.R_x,Knee.R_y,Knee.R_z,Hip.R_x,Hip.R_y,Hip.R_z,Hip.L_x,Hip.L_y,Hip.L_z,Knee.L_x,Knee.L_y,Knee.L_z,Ankle.L_x,Ankle.L_y,Ankle.L_z,Wrist.R_x,Wrist.R_y,Wrist.R_z,Elbow.R_x,Elbow.R_y,Elbow.R_z,Shoulder.R_x,Shoulder.R_y,Shoulder.R_z,Shoulder.L_x,Shoulder.L_y,Shoulder.L_z,Elbow.L_x,Elbow.L_y,Elbow.L_z,Wrist.L_x,Wrist.L_y,Wrist.L_z,Neck_x,Neck_y,Neck_z,Head_x,Head_y,Head_z,Nose_x,Nose_y,Nose_z,Eye.L_x,Eye.L_y,Eye.L_z,Eye.R_x,Eye.R_y,Eye.R_z,Ear.L_x,Ear.L_y,Ear.L_z,Ear.R_x,Ear.R_y,Ear.R_z,hip.Center_x,hip.Center_y,hip.Center_z
0,0.116471745,-0.35344082,-0.042049907,0.30296946,0.02591256,0.07417998,-0.024957253,0.27671108,0.11525893,-0.023022205,0.3102138,-0.14967734,0.3015547,0.06948256,-0.18495049,0.0955034,-0.32148018,-0.19215956,0.105607785,0.07065719,0.21406515,0.14053155,0.34376788,0.2384261,0.26238906,0.59974307,0.17189585,0.26928797,0.63461584,-0.14740282,0.15763295,0.3977909,-0.27549833,0.15944847,0.12514168,-0.30266777,0.31080595,0.6787828,0.019427292,0.3687062,0.88596034,0.047642034,0.4886018,0.7826005,0.06390817,0.46292728,0.8293281,0.027875517,0.4443855,0.8187867,0.09304736,0.38045236,0.8234858,-0.042409115,0.33917645,0.80076516,0.10790929,-0.023989729583263397,0.29346245527267456,-0.01720920205116272
