frame,Ankle.R_x,Ankle.R_y,Ankle.R_z,Knee.R_x,Knee.R_y,Knee.R_z,Hip.R_x,Hip.R_y,Hip.R_z,Hip.L_x,Hip.L_y,Hip.L_z,Knee.L_x,Knee.L_y,Knee.L_z,Ankle.L_x,Ankle.L_y,Ankle.L_z,Wrist.R_x,Wrist.R_y,Wrist.R_z,Elbow.R_x,Elbow.R_y,Elbow.R_z,Shoulder.R_x,Shoulder.R_y,Shoulder.R_z,Shoulder.L_x,Shoulder.L_y,Shoulder.L_z,Elbow.L_x,Elbow.L_y,Elbow.L_z,Wrist.L_x,Wrist.L_y,Wrist.L_z,Neck_x,Neck_y,Neck_z,Head_x,Head_y,Head_z,Nose_x,Nose_y,Nose_z,Eye.L_x,Eye.L_y,Eye.L_z,Eye.R_x,Eye.R_y,Eye.R_z,Ear.L_x,Ear.L_y,Ear.L_z,Ear.R_x,Ear.R_y,Ear.R_z,hip.Center_x,hip.Center_y,hip.Center_z
0,-0.21510352,-0.5734158,-0.34930307,-0.14945138,-0.20643878,-0.029467065,-0.13232616,0.2572977,-0.017809559,0.12505262,0.25752378,-0.018512374,0.16491787,-0.19987328,-0.0075158,0.23699948,-0.5903127,-0.30328953,-0.29664755,0.13813475,0.019134518,-0.24976107,0.40900135,-0.055130154,-0.15722358,0.6832529,0.014553556,0.14707208,0.68789786,0.0139545025,0.23522088,0.41554654,-0.070462614,0.2840752,0.14362434,-0.017501973,-0.004544532,0.7556227,0.045033857,-0.019947408,0.9700095,0.07538971,-0.027070696,0.8765279,0.20122147,0.007076459,0.9201368,0.16950637,-0.059053257,0.9133533,0.15881205,0.062310066,0.9039911,0.08356071,-0.08426887,0.89018667,0.059821248,-0.003636769950389862,0.2574107348918915,-0.01816096529364586
