frame,Ankle.R_x,Ankle.R_y,Ankle.R_z,Knee.R_x,Knee.R_y,Knee.R_z,Hip.R_x,Hip.R_y,Hip.R_z,Hip.L_x,Hip.L_y,Hip.L_z,Knee.L_x,Knee.L_y,Knee.L_z,Ankle.L_x,Ankle.L_y,Ankle.L_z,Wrist.R_x,Wrist.R_y,Wrist.R_z,Elbow.R_x,Elbow.R_y,Elbow.R_z,Shoulder.R_x,Shoulder.R_y,Shoulder.R_z,Shoulder.L_x,Shoulder.L_y,Shoulder.L_z,Elbow.L_x,Elbow.L_y,Elbow.L_z,Wrist.L_x,Wrist.L_y,Wrist.L_z,Neck_x,Neck_y,Neck_z,Head_x,Head_y,Head_z,Nose_x,Nose_y,Nose_z,Eye.L_x,Eye.L_y,Eye.L_z,Eye.R_x,Eye.R_y,Eye.R_z,Ear.L_x,Ear.L_y,Ear.L_z,Ear.R_x,Ear.R_y,Ear.R_z,hip.Center_x,hip.Center_y,hip.Center_z
0,0.08942288,-0.43974692,-0.04675603,0.24297845,-0.039544247,0.06915601,-0.03028781,0.2819554,0.111750275,-0.005575187,0.31491938,-0.14685047,0.24800783,-0.018071186,-0.16396444,0.056202102,-0.41823617,-0.2224827,0.034530047,0.1279658,0.2091348,0.09271157,0.3938116,0.24642573,0.22513355,0.64446586,0.19289738,0.24359788,0.6796136,-0.12921363,0.13155667,0.4411832,-0.25101092,0.10666118,0.17102152,-0.2812136,0.27812922,0.7263284,0.04106967,0.3204135,0.93723565,0.08177168,0.4440868,0.83977854,0.10291561,0.41844067,0.88729346,0.0673245,0.3948935,0.8721196,0.1297104,0.3434205,0.8804193,-0.010847449,0.29030955,0.8473215,0.13433443,-0.0179314985871315,0.2984373867511749,-0.017550095915794373
