frame,Ankle.R_x,Ankle.R_y,Ankle.R_z,Knee.R_x,Knee.R_y,Knee.R_z,Hip.R_x,Hip.R_y,Hip.R_z,Hip.L_x,Hip.L_y,Hip.L_z,Knee.L_x,Knee.L_y,Knee.L_z,Ankle.L_x,Ankle.L_y,Ankle.L_z,Wrist.R_x,Wrist.R_y,Wrist.R_z,Elbow.R_x,Elbow.R_y,Elbow.R_z,Shoulder.R_x,Shoulder.R_y,Shoulder.R_z,Shoulder.L_x,Shoulder.L_y,Shoulder.L_z,Elbow.L_x,Elbow.L_y,Elbow.L_z,Wrist.L_x,Wrist.L_y,Wrist.L_z,Neck_x,Neck_y,Neck_z,Head_x,Head_y,Head_z,Nose_x,Nose_y,Nose_z,Eye.L_x,Eye.L_y,Eye.L_z,Eye.R_x,Eye.R_y,Eye.R_z,Ear.L_x,Ear.L_y,Ear.L_z,Ear.R_x,Ear.R_y,Ear.R_z,hip.Center_x,hip.Center_y,hip.Center_z
0,0.14192149,-0.23503743,-0.007994965,0.31453684,0.13869184,0.12842457,-0.051665746,0.27945554,0.111774825,-0.0031360635,0.3088083,-0.15500636,0.34392413,0.13750954,-0.09399603,0.101547346,-0.22145474,-0.14977205,0.10436698,0.041943662,0.2223816,0.14548919,0.31643882,0.25782552,0.27181053,0.57236433,0.20994003,0.32054502,0.5966311,-0.1067607,0.19491929,0.3635985,-0.22494073,0.1494068,0.09112498,-0.24583499,0.3433643,0.64153725,0.063237265,0.41453177,0.8430549,0.10025195,0.5285497,0.73106784,0.11008854,0.50414824,0.78039795,0.07543709,0.4875561,0.7693516,0.14174901,0.4187739,0.78151524,0.008651543,0.38113877,0.75777805,0.16117947,-0.027400905266404152,0.29413193464279175,-0.02161576971411705
