frame,Ankle.R_x,Ankle.R_y,Ankle.R_z,Knee.R_x,Knee.R_y,Knee.R_z,Hip.R_x,Hip.R_y,Hip.R_z,Hip.L_x,Hip.L_y,Hip.L_z,Knee.L_x,Knee.L_y,Knee.L_z,Ankle.L_x,Ankle.L_y,Ankle.L_z,Wrist.R_x,Wrist.R_y,Wrist.R_z,Elbow.R_x,Elbow.R_y,Elbow.R_z,Shoulder.R_x,Shoulder.R_y,Shoulder.R_z,Shoulder.L_x,Shoulder.L_y,Shoulder.L_z,Elbow.L_x,Elbow.L_y,Elbow.L_z,Wrist.L_x,Wrist.L_y,Wrist.L_z,Neck_x,Neck_y,Neck_z,Head_x,Head_y,Head_z,Nose_x,Nose_y,Nose_z,Eye.L_x,Eye.L_y,Eye.L_z,Eye.R_x,Eye.R_y,Eye.R_z,Ear.L_x,Ear.L_y,Ear.L_z,Ear.R_x,Ear.R_y,Ear.R_z,hip.Center_x,hip.Center_y,hip.Center_z
0,0.14763731,-0.25520068,-0.03423841,0.31906086,0.11937823,0.10398844,-0.041713037,0.2763573,0.1149898,-0.011466004,0.31498092,-0.15245433,0.33293524,0.12567146,-0.12920482,0.08737499,-0.23299819,-0.17573327,0.11752836,0.035031687,0.2142063,0.1619344,0.30829772,0.25216094,0.28495777,0.5666232,0.20458606,0.31583947,0.6042506,-0.113233715,0.18692978,0.3746071,-0.23531756,0.14021446,0.103666976,-0.26740405,0.34809077,0.64294404,0.05684973,0.41896275,0.8445869,0.09671062,0.535247,0.734477,0.09535256,0.5078354,0.7844595,0.06407131,0.4958084,0.77098274,0.13088968,0.41820687,0.7861881,0.0029958365,0.39098105,0.7567193,0.1567375,-0.026589520275592804,0.2956691086292267,-0.018732264637947083
