frame,Ankle.R_x,Ankle.R_y,Ankle.R_z,Knee.R_x,Knee.R_y,Knee.R_z,Hip.R_x,Hip.R_y,Hip.R_z,Hip.L_x,Hip.L_y,Hip.L_z,Knee.L_x,Knee.L_y,Knee.L_z,Ankle.L_x,Ankle.L_y,Ankle.L_z,Wrist.R_x,Wrist.R_y,Wrist.R_z,Elbow.R_x,Elbow.R_y,Elbow.R_z,Shoulder.R_x,Shoulder.R_y,Shoulder.R_z,Shoulder.L_x,Shoulder.L_y,Shoulder.L_z,Elbow.L_x,Elbow.L_y,Elbow.L_z,Wrist.L_x,Wrist.L_y,Wrist.L_z,Neck_x,Neck_y,Neck_z,Head_x,Head_y,Head_z,Nose_x,Nose_y,Nose_z,Eye.L_x,Eye.L_y,Eye.L_z,Eye.R_x,Eye.R_y,Eye.R_z,Ear.L_x,Ear.L_y,Ear.L_z,Ear.R_x,Ear.R_y,Ear.R_z,hip.Center_x,hip.Center_y,hip.Center_z
0,-0.0741687,-0.66608965,-0.06447358,0.0060297297,-0.19608127,0.023680868,-0.013495692,0.26234716,0.108219504,0.019023715,0.2781289,-0.14950769,0.01075674,-0.17683235,-0.1746225,-0.06134644,-0.65375125,-0.24677528,0.034318384,0.15461062,0.27641806,-0.039253253,0.42806554,0.24390276,-0.005708323,0.7120113,0.152561,0.013488634,0.718661,-0.15932925,0.007575467,0.4373881,-0.26828408,0.11142007,0.18266462,-0.32931504,0.023383275,0.79067427,-0.00075343065,0.03781667,1.0129472,0.027216123,0.1647993,0.92229366,0.053458877,0.13824639,0.9669862,0.015602522,0.11537859,0.9550084,0.078432456,0.063881405,0.95243835,-0.058272406,0.013453297,0.9272034,0.08212716,0.0027640112675726414,0.2702380418777466,-0.020644091069698334
