frame,Ankle.R_x,Ankle.R_y,Ankle.R_z,Knee.R_x,Knee.R_y,Knee.R_z,Hip.R_x,Hip.R_y,Hip.R_z,Hip.L_x,Hip.L_y,Hip.L_z,Knee.L_x,Knee.L_y,Knee.L_z,Ankle.L_x,Ankle.L_y,Ankle.L_z,Wrist.R_x,Wrist.R_y,Wrist.R_z,Elbow.R_x,Elbow.R_y,Elbow.R_z,Shoulder.R_x,Shoulder.R_y,Shoulder.R_z,Shoulder.L_x,Shoulder.L_y,Shoulder.L_z,Elbow.L_x,Elbow.L_y,Elbow.L_z,Wrist.L_x,Wrist.L_y,Wrist.L_z,Neck_x,Neck_y,Neck_z,Head_x,Head_y,Head_z,Nose_x,Nose_y,Nose_z,Eye.L_x,Eye.L_y,Eye.L_z,Eye.R_x,Eye.R_y,Eye.R_z,Ear.L_x,Ear.L_y,Ear.L_z,Ear.R_x,Ear.R_y,Ear.R_z,hip.Center_x,hip.Center_y,hip.Center_z
0,0.14592895,-0.2887691,-0.09009571,0.3127401,0.07866283,0.07676807,-0.0348566,0.27217415,0.11690252,-0.015943404,0.32593662,-0.14736073,0.31847817,0.11522236,-0.16271725,0.08201877,-0.24905464,-0.22620514,0.14487475,0.027970964,0.21601607,0.18254028,0.30197334,0.25290337,0.30106115,0.5626217,0.20504758,0.32158756,0.60844344,-0.11230305,0.20350838,0.37475866,-0.23791394,0.17901501,0.100227274,-0.2607586,0.3580272,0.64359057,0.057184294,0.42237878,0.84592694,0.09733765,0.5441592,0.7415706,0.09244544,0.5135906,0.7906482,0.06231176,0.50337005,0.7756491,0.12917702,0.42257634,0.7888671,0.0023635374,0.39952195,0.7555412,0.1566247,-0.02540000155568123,0.29905539751052856,-0.015229102224111557
