frame,Ankle.R_x,Ankle.R_y,Ankle.R_z,Knee.R_x,Knee.R_y,Knee.R_z,Hip.R_x,Hip.R_y,Hip.R_z,Hip.L_x,Hip.L_y,Hip.L_z,Knee.L_x,Knee.L_y,Knee.L_z,Ankle.L_x,Ankle.L_y,Ankle.L_z,Wrist.R_x,Wrist.R_y,Wrist.R_z,Elbow.R_x,Elbow.R_y,Elbow.R_z,Shoulder.R_x,Shoulder.R_y,Shoulder.R_z,Shoulder.L_x,Shoulder.L_y,Shoulder.L_z,Elbow.L_x,Elbow.L_y,Elbow.L_z,Wrist.L_x,Wrist.L_y,Wrist.L_z,Neck_x,Neck_y,Neck_z,Head_x,Head_y,Head_z,Nose_x,Nose_y,Nose_z,Eye.L_x,Eye.L_y,Eye.L_z,Eye.R_x,Eye.R_y,Eye.R_z,Ear.L_x,Ear.L_y,Ear.L_z,Ear.R_x,Ear.R_y,Ear.R_z,hip.Center_x,hip.Center_y,hip.Center_z
0,0.097040705,-0.43969488,-0.05243979,0.23413935,-0.046191398,0.08067908,-0.029909348,0.27898675,0.1118781,-0.011932101,0.31586456,-0.14513202,0.2828049,0.04405782,-0.17974108,0.1357606,-0.36939877,-0.21337745,0.16682944,0.08256318,0.23081014,0.15698078,0.35323745,0.26115063,0.24226634,0.6202163,0.19378182,0.2572031,0.6637845,-0.123573,0.1740893,0.43092117,-0.27278867,0.19673468,0.1664473,-0.3238637,0.28936577,0.70542616,0.04424314,0.33362538,0.91564536,0.073369175,0.4615255,0.8217536,0.08259633,0.43010572,0.8660008,0.04812796,0.4163286,0.85473347,0.11415093,0.34468126,0.8538123,-0.017061904,0.31350237,0.8287171,0.13593522,-0.02092072367668152,0.29742565751075745,-0.016626961529254913
