frame,Ankle.R_x,Ankle.R_y,Ankle.R_z,Knee.R_x,Knee.R_y,Knee.R_z,Hip.R_x,Hip.R_y,Hip.R_z,Hip.L_x,Hip.L_y,Hip.L_z,Knee.L_x,Knee.L_y,Knee.L_z,Ankle.L_x,Ankle.L_y,Ankle.L_z,Wrist.R_x,Wrist.R_y,Wrist.R_z,Elbow.R_x,Elbow.R_y,Elbow.R_z,Shoulder.R_x,Shoulder.R_y,Shoulder.R_z,Shoulder.L_x,Shoulder.L_y,Shoulder.L_z,Elbow.L_x,Elbow.L_y,Elbow.L_z,Wrist.L_x,Wrist.L_y,Wrist.L_z,Neck_x,Neck_y,Neck_z,Head_x,Head_y,Head_z,Nose_x,Nose_y,Nose_z,Eye.L_x,Eye.L_y,Eye.L_z,Eye.R_x,Eye.R_y,Eye.R_z,Ear.L_x,Ear.L_y,Ear.L_z,Ear.R_x,Ear.R_y,Ear.R_z,hip.Center_x,hip.Center_y,hip.Center_z
0,0.15248552,-0.24628124,-0.06259178,0.32609308,0.12482435,0.0793112,-0.035371117,0.27298594,0.11683618,-0.016388953,0.31949458,-0.1507448,0.32482126,0.11485688,-0.1449819,0.03836087,-0.20843208,-0.18558142,0.12907854,0.027700797,0.22027685,0.17246695,0.3017702,0.25420088,0.28696778,0.56529534,0.20748955,0.31495494,0.6110101,-0.11002909,0.19586366,0.3772666,-0.23468016,0.15660256,0.104556926,-0.26381758,0.34776002,0.6464065,0.060769282,0.42321366,0.84772223,0.103136554,0.5367358,0.7347564,0.097083606,0.50965846,0.78595924,0.06723639,0.49908572,0.77173734,0.13418059,0.41845214,0.7909026,0.008732361,0.39452273,0.7595302,0.16246466,-0.025880035012960434,0.29624027013778687,-0.01695430651307106
