frame,Ankle.R_x,Ankle.R_y,Ankle.R_z,Knee.R_x,Knee.R_y,Knee.R_z,Hip.R_x,Hip.R_y,Hip.R_z,Hip.L_x,Hip.L_y,Hip.L_z,Knee.L_x,Knee.L_y,Knee.L_z,Ankle.L_x,Ankle.L_y,Ankle.L_z,Wrist.R_x,Wrist.R_y,Wrist.R_z,Elbow.R_x,Elbow.R_y,Elbow.R_z,Shoulder.R_x,Shoulder.R_y,Shoulder.R_z,Shoulder.L_x,Shoulder.L_y,Shoulder.L_z,Elbow.L_x,Elbow.L_y,Elbow.L_z,Wrist.L_x,Wrist.L_y,Wrist.L_z,Neck_x,Neck_y,Neck_z,Head_x,Head_y,Head_z,Nose_x,Nose_y,Nose_z,Eye.L_x,Eye.L_y,Eye.L_z,Eye.R_x,Eye.R_y,Eye.R_z,Ear.L_x,Ear.L_y,Ear.L_z,Ear.R_x,Ear.R_y,Ear.R_z,hip.Center_x,hip.Center_y,hip.Center_z
0,0.18764932,-0.2715538,-0.082157135,0.33071825,0.11778606,0.05698759,-0.027851576,0.27413875,0.118578486,-0.025267944,0.32425332,-0.14859253,0.32019395,0.12998118,-0.16498902,0.08981757,-0.24014941,-0.21071662,0.12450394,0.048142448,0.20747693,0.17565048,0.32075137,0.24370529,0.29542834,0.5799359,0.19117461,0.3017717,0.6254293,-0.1297352,0.17704636,0.38988099,-0.24524309,0.14202712,0.11559179,-0.2681735,0.3461962,0.6612178,0.039217327,0.41979468,0.86409503,0.07884899,0.5360249,0.7544603,0.06284619,0.50530005,0.8053014,0.035882954,0.4997241,0.78968054,0.10319698,0.40994626,0.80857813,-0.016753916,0.3974712,0.7736304,0.13880649,-0.02655975893139839,0.2991960346698761,-0.015007022768259048
