frame,Ankle.R_x,Ankle.R_y,Ankle.R_z,Knee.R_x,Knee.R_y,Knee.R_z,Hip.R_x,Hip.R_y,Hip.R_z,Hip.L_x,Hip.L_y,Hip.L_z,Knee.L_x,Knee.L_y,Knee.L_z,Ankle.L_x,Ankle.L_y,Ankle.L_z,Wrist.R_x,Wrist.R_y,Wrist.R_z,Elbow.R_x,Elbow.R_y,Elbow.R_z,Shoulder.R_x,Shoulder.R_y,Shoulder.R_z,Shoulder.L_x,Shoulder.L_y,Shoulder.L_z,Elbow.L_x,Elbow.L_y,Elbow.L_z,Wrist.L_x,Wrist.L_y,Wrist.L_z,Neck_x,Neck_y,Neck_z,Head_x,Head_y,Head_z,Nose_x,Nose_y,Nose_z,Eye.L_x,Eye.L_y,Eye.L_z,Eye.R_x,Eye.R_y,Eye.R_z,Ear.L_x,Ear.L_y,Ear.L_z,Ear.R_x,Ear.R_y,Ear.R_z,hip.Center_x,hip.Center_y,hip.Center_z
0,0.15882346,-0.259523,-0.105448596,0.34078163,0.10236723,0.055811133,-0.012871338,0.26463473,0.119596876,-0.041068032,0.32313666,-0.14350532,0.30128935,0.15984552,-0.23516142,0.08808337,-0.2235999,-0.24593924,0.09106001,0.058544524,0.20755076,0.16697851,0.32612056,0.23243468,0.30149314,0.5758337,0.1606602,0.2609697,0.6349816,-0.15410995,0.10541345,0.41584948,-0.26851222,0.06298237,0.146129,-0.3136589,0.33157247,0.6634743,0.0064623496,0.40919647,0.8653813,0.040672235,0.5218721,0.7554945,0.013005152,0.49029112,0.80699325,-0.010213658,0.4899882,0.7903042,0.056778237,0.39142045,0.81203437,-0.054069433,0.39163974,0.7750467,0.09975956,-0.026969686150550842,0.2938857078552246,-0.011954221874475479
