frame,Ankle.R_x,Ankle.R_y,Ankle.R_z,Knee.R_x,Knee.R_y,Knee.R_z,Hip.R_x,Hip.R_y,Hip.R_z,Hip.L_x,Hip.L_y,Hip.L_z,Knee.L_x,Knee.L_y,Knee.L_z,Ankle.L_x,Ankle.L_y,Ankle.L_z,Wrist.R_x,Wrist.R_y,Wrist.R_z,Elbow.R_x,Elbow.R_y,Elbow.R_z,Shoulder.R_x,Shoulder.R_y,Shoulder.R_z,Shoulder.L_x,Shoulder.L_y,Shoulder.L_z,Elbow.L_x,Elbow.L_y,Elbow.L_z,Wrist.L_x,Wrist.L_y,Wrist.L_z,Neck_x,Neck_y,Neck_z,Head_x,Head_y,Head_z,Nose_x,Nose_y,Nose_z,Eye.L_x,Eye.L_y,Eye.L_z,Eye.R_x,Eye.R_y,Eye.R_z,Ear.L_x,Ear.L_y,Ear.L_z,Ear.R_x,Ear.R_y,Ear.R_z,hip.Center_x,hip.Center_y,hip.Center_z
0,-0.22765145,-0.57802695,-0.36847526,-0.15871221,-0.20167777,-0.05504752,-0.13260251,0.2605474,-0.019078763,0.12564963,0.25930277,-0.016024489,0.16479146,-0.20024613,-0.03192582,0.22841954,-0.5830581,-0.34359062,-0.30062684,0.14633264,-0.008483727,-0.25098592,0.4213506,-0.07103352,-0.15865563,0.6930879,0.012423711,0.14687814,0.6980406,0.022477526,0.24048044,0.4284078,-0.068618104,0.2848069,0.15187296,-0.027717877,-0.007436594,0.762883,0.051516376,-0.030213015,0.97431034,0.10197452,-0.047950167,0.8660632,0.21481776,-0.011944022,0.91381514,0.19227336,-0.07629366,0.90693456,0.1731416,0.053798974,0.90928245,0.1116253,-0.08954773,0.8950763,0.06958416,-0.003476440906524658,0.25992506742477417,-0.01755162701010704
