frame,Ankle.R_x,Ankle.R_y,Ankle.R_z,Knee.R_x,Knee.R_y,Knee.R_z,Hip.R_x,Hip.R_y,Hip.R_z,Hip.L_x,Hip.L_y,Hip.L_z,Knee.L_x,Knee.L_y,Knee.L_z,Ankle.L_x,Ankle.L_y,Ankle.L_z,Wrist.R_x,Wrist.R_y,Wrist.R_z,Elbow.R_x,Elbow.R_y,Elbow.R_z,Shoulder.R_x,Shoulder.R_y,Shoulder.R_z,Shoulder.L_x,Shoulder.L_y,Shoulder.L_z,Elbow.L_x,Elbow.L_y,Elbow.L_z,Wrist.L_x,Wrist.L_y,Wrist.L_z,Neck_x,Neck_y,Neck_z,Head_x,Head_y,Head_z,Nose_x,Nose_y,Nose_z,Eye.L_x,Eye.L_y,Eye.L_z,Eye.R_x,Eye.R_y,Eye.R_z,Ear.L_x,Ear.L_y,Ear.L_z,Ear.R_x,Ear.R_y,Ear.R_z,hip.Center_x,hip.Center_y,hip.Center_z
0,-0.2789224,-0.47973347,-0.2487419,-0.20002325,-0.16276875,0.10567154,-0.13441002,0.26793382,-0.037713673,0.12920347,0.2588151,-0.020984337,0.15608247,-0.16540028,0.13449065,0.25010318,-0.52576005,-0.18254784,-0.33345595,0.1259718,-0.012745052,-0.26022583,0.40253425,-0.010741677,-0.1486145,0.6398214,0.13834114,0.16298017,0.62063605,0.16947922,0.28016347,0.37491202,0.03681749,0.3358453,0.097301185,0.026030827,0.00437426,0.6855943,0.20617433,-0.023581605,0.86224705,0.34150156,-0.06372349,0.7181984,0.3833765,-0.024447463,0.7659367,0.39341533,-0.08288398,0.77504325,0.3613905,0.057493858,0.793571,0.33455914,-0.07455473,0.81404066,0.26495805,-0.002603277564048767,0.2633744478225708,-0.029349004849791527
