frame,Ankle.R_x,Ankle.R_y,Ankle.R_z,Knee.R_x,Knee.R_y,Knee.R_z,Hip.R_x,Hip.R_y,Hip.R_z,Hip.L_x,Hip.L_y,Hip.L_z,Knee.L_x,Knee.L_y,Knee.L_z,Ankle.L_x,Ankle.L_y,Ankle.L_z,Wrist.R_x,Wrist.R_y,Wrist.R_z,Elbow.R_x,Elbow.R_y,Elbow.R_z,Shoulder.R_x,Shoulder.R_y,Shoulder.R_z,Shoulder.L_x,Shoulder.L_y,Shoulder.L_z,Elbow.L_x,Elbow.L_y,Elbow.L_z,Wrist.L_x,Wrist.L_y,Wrist.L_z,Neck_x,Neck_y,Neck_z,Head_x,Head_y,Head_z,Nose_x,Nose_y,Nose_z,Eye.L_x,Eye.L_y,Eye.L_z,Eye.R_x,Eye.R_y,Eye.R_z,Ear.L_x,Ear.L_y,Ear.L_z,Ear.R_x,Ear.R_y,Ear.R_z,hip.Center_x,hip.Center_y,hip.Center_z
0,-0.23674561,-0.52928424,-0.26700935,-0.21705747,-0.17185892,0.060773395,-0.13160083,0.26609406,-0.041901298,0.1260064,0.25849968,-0.008585176,0.17297682,-0.19160275,0.047814257,0.2556091,-0.56962645,-0.25825605,-0.3028539,0.15245202,-0.104848884,-0.23661894,0.43006095,-0.09210559,-0.14972806,0.68189484,0.04269385,0.1533548,0.66982096,0.098843105,0.26581985,0.4073707,0.0060137026,0.31967956,0.12979485,0.012879765,-0.003795472,0.7383851,0.11294825,-0.03608538,0.9382323,0.20357369,-0.07470069,0.80753636,0.2791854,-0.035914257,0.8573121,0.27725732,-0.09451468,0.857759,0.24427696,0.045264192,0.87052125,0.21344689,-0.08611539,0.8721392,0.14124343,-0.0027972161769866943,0.2622968554496765,-0.025243237614631653
