frame,Ankle.R_x,Ankle.R_y,Ankle.R_z,Knee.R_x,Knee.R_y,Knee.R_z,Hip.R_x,Hip.R_y,Hip.R_z,Hip.L_x,Hip.L_y,Hip.L_z,Knee.L_x,Knee.L_y,Knee.L_z,Ankle.L_x,Ankle.L_y,Ankle.L_z,Wrist.R_x,Wrist.R_y,Wrist.R_z,Elbow.R_x,Elbow.R_y,Elbow.R_z,Shoulder.R_x,Shoulder.R_y,Shoulder.R_z,Shoulder.L_x,Shoulder.L_y,Shoulder.L_z,Elbow.L_x,Elbow.L_y,Elbow.L_z,Wrist.L_x,Wrist.L_y,Wrist.L_z,Neck_x,Neck_y,Neck_z,Head_x,Head_y,Head_z,Nose_x,Nose_y,Nose_z,Eye.L_x,Eye.L_y,Eye.L_z,Eye.R_x,Eye.R_y,Eye.R_z,Ear.L_x,Ear.L_y,Ear.L_z,Ear.R_x,Ear.R_y,Ear.R_z,hip.Center_x,hip.Center_y,hip.Center_z
0,-0.035021532,-0.6361766,-0.0686956,0.085107744,-0.18404678,0.03938187,-0.014174128,0.2645356,0.10920504,0.006083702,0.28042203,-0.15144671,0.14293832,-0.15163931,-0.17266873,-0.034382876,-0.59967226,-0.21364209,0.01760895,0.15969226,0.314224,-0.01799417,0.43345666,0.2548933,0.056233004,0.7028894,0.1503486,0.062062588,0.7103889,-0.16238275,0.010763419,0.4435995,-0.2892822,0.07980052,0.19099185,-0.38715574,0.08795001,0.7779849,-0.0035049617,0.11280775,0.99696803,0.026561119,0.23739426,0.90304375,0.049233012,0.21167131,0.94895214,0.012960337,0.18914306,0.93639386,0.07558798,0.13641101,0.9378586,-0.06051242,0.08684904,0.9110056,0.08050583,-0.0040452126413583755,0.2724788188934326,-0.021120838820934296
