frame,Ankle.R_x,Ankle.R_y,Ankle.R_z,Knee.R_x,Knee.R_y,Knee.R_z,Hip.R_x,Hip.R_y,Hip.R_z,Hip.L_x,Hip.L_y,Hip.L_z,Knee.L_x,Knee.L_y,Knee.L_z,Ankle.L_x,Ankle.L_y,Ankle.L_z,Wrist.R_x,Wrist.R_y,Wrist.R_z,Elbow.R_x,Elbow.R_y,Elbow.R_z,Shoulder.R_x,Shoulder.R_y,Shoulder.R_z,Shoulder.L_x,Shoulder.L_y,Shoulder.L_z,Elbow.L_x,Elbow.L_y,Elbow.L_z,Wrist.L_x,Wrist.L_y,Wrist.L_z,Neck_x,Neck_y,Neck_z,Head_x,Head_y,Head_z,Nose_x,Nose_y,Nose_z,Eye.L_x,Eye.L_y,Eye.L_z,Eye.R_x,Eye.R_y,Eye.R_z,Ear.L_x,Ear.L_y,Ear.L_z,Ear.R_x,Ear.R_y,Ear.R_z,hip.Center_x,hip.Center_y,hip.Center_z
0,0.15344004,-0.27960584,-0.07808387,0.30799824,0.08939202,0.09717802,-0.04584802,0.27315277,0.114072025,-0.005445689,0.32303944,-0.14935954,0.3302867,0.11500418,-0.11794484,0.09615909,-0.2446071,-0.21029606,0.13460709,0.02217827,0.21179263,0.17449065,0.2949062,0.25788847,0.29169545,0.55737835,0.2212202,0.32761842,0.6026103,-0.09451877,0.20351376,0.37292778,-0.22002812,0.15957682,0.10066556,-0.24416721,0.35670942,0.6370782,0.07643934,0.4257251,0.83793944,0.11939012,0.5438511,0.7294718,0.117396675,0.5155997,0.77945125,0.086401366,0.50348145,0.7650211,0.15312056,0.42604572,0.78061175,0.024711624,0.39845595,0.7485671,0.17851225,-0.02564685419201851,0.2980961203575134,-0.017643757164478302
