frame,Ankle.R_x,Ankle.R_y,Ankle.R_z,Knee.R_x,Knee.R_y,Knee.R_z,Hip.R_x,Hip.R_y,Hip.R_z,Hip.L_x,Hip.L_y,Hip.L_z,Knee.L_x,Knee.L_y,Knee.L_z,Ankle.L_x,Ankle.L_y,Ankle.L_z,Wrist.R_x,Wrist.R_y,Wrist.R_z,Elbow.R_x,Elbow.R_y,Elbow.R_z,Shoulder.R_x,Shoulder.R_y,Shoulder.R_z,Shoulder.L_x,Shoulder.L_y,Shoulder.L_z,Elbow.L_x,Elbow.L_y,Elbow.L_z,Wrist.L_x,Wrist.L_y,Wrist.L_z,Neck_x,Neck_y,Neck_z,Head_x,Head_y,Head_z,Nose_x,Nose_y,Nose_z,Eye.L_x,Eye.L_y,Eye.L_z,Eye.R_x,Eye.R_y,Eye.R_z,Ear.L_x,Ear.L_y,Ear.L_z,Ear.R_x,Ear.R_y,Ear.R_z,hip.Center_x,hip.Center_y,hip.Center_z
0,-0.22742845,-0.53981507,-0.33669716,-0.19723508,-0.1917005,0.0068597146,-0.13238682,0.26391965,-0.031261705,0.12574597,0.26023266,-0.012079798,0.18325418,-0.19445671,-0.0013779417,0.25170434,-0.5689021,-0.3200603,-0.3092234,0.15337048,-0.06865234,-0.24609679,0.43142477,-0.09534289,-0.1523205,0.69318986,0.015819792,0.15308891,0.6874213,0.056241494,0.25793397,0.4155845,-0.018622506,0.2953611,0.13771057,0.02420705,-0.0033337856,0.755634,0.0729345,-0.031568598,0.9619012,0.14715877,-0.059584334,0.83855915,0.23955287,-0.022081424,0.88857794,0.22839704,-0.08393468,0.8851403,0.20189935,0.051678628,0.89599717,0.15527737,-0.08651073,0.88895196,0.09704217,-0.0033204257488250732,0.26207613945007324,-0.02167075127363205
