frame,Ankle.R_x,Ankle.R_y,Ankle.R_z,Knee.R_x,Knee.R_y,Knee.R_z,Hip.R_x,Hip.R_y,Hip.R_z,Hip.L_x,Hip.L_y,Hip.L_z,Knee.L_x,Knee.L_y,Knee.L_z,Ankle.L_x,Ankle.L_y,Ankle.L_z,Wrist.R_x,Wrist.R_y,Wrist.R_z,Elbow.R_x,Elbow.R_y,Elbow.R_z,Shoulder.R_x,Shoulder.R_y,Shoulder.R_z,Shoulder.L_x,Shoulder.L_y,Shoulder.L_z,Elbow.L_x,Elbow.L_y,Elbow.L_z,Wrist.L_x,Wrist.L_y,Wrist.L_z,Neck_x,Neck_y,Neck_z,Head_x,Head_y,Head_z,Nose_x,Nose_y,Nose_z,Eye.L_x,Eye.L_y,Eye.L_z,Eye.R_x,Eye.R_y,Eye.R_z,Ear.L_x,Ear.L_y,Ear.L_z,Ear.R_x,Ear.R_y,Ear.R_z,hip.Center_x,hip.Center_y,hip.Center_z
0,0.14251563,-0.26741567,-0.056575514,0.31453052,0.10059223,0.0993217,-0.043923907,0.27170575,0.11454275,-0.00806189,0.31729776,-0.15104611,0.33316925,0.12101316,-0.125813,0.08071546,-0.22829634,-0.19659813,0.1370576,0.016358815,0.21821907,0.17262045,0.29094762,0.25464368,0.28766298,0.5537324,0.21331985,0.3298502,0.5885063,-0.10026981,0.2192981,0.34822616,-0.21827544,0.19158627,0.07307464,-0.22581105,0.35456243,0.6290067,0.06876856,0.42497352,0.8298143,0.1055193,0.54095685,0.7195528,0.110639855,0.51471657,0.76866573,0.07717881,0.5007075,0.7570038,0.14394036,0.42679486,0.76912177,0.013655817,0.39513603,0.7436769,0.16687687,-0.025992898270487785,0.29450175166130066,-0.018251679837703705
