frame,Ankle.R_x,Ankle.R_y,Ankle.R_z,Knee.R_x,Knee.R_y,Knee.R_z,Hip.R_x,Hip.R_y,Hip.R_z,Hip.L_x,Hip.L_y,Hip.L_z,Knee.L_x,Knee.L_y,Knee.L_z,Ankle.L_x,Ankle.L_y,Ankle.L_z,Wrist.R_x,Wrist.R_y,Wrist.R_z,Elbow.R_x,Elbow.R_y,Elbow.R_z,Shoulder.R_x,Shoulder.R_y,Shoulder.R_z,Shoulder.L_x,Shoulder.L_y,Shoulder.L_z,Elbow.L_x,Elbow.L_y,Elbow.L_z,Wrist.L_x,Wrist.L_y,Wrist.L_z,Neck_x,Neck_y,Neck_z,Head_x,Head_y,Head_z,Nose_x,Nose_y,Nose_z,Eye.L_x,Eye.L_y,Eye.L_z,Eye.R_x,Eye.R_y,Eye.R_z,Ear.L_x,Ear.L_y,Ear.L_z,Ear.R_x,Ear.R_y,Ear.R_z,hip.Center_x,hip.Center_y,hip.Center_z
0,-0.2343433,-0.56823385,-0.37445447,-0.1613416,-0.20175268,-0.050886635,-0.13245802,0.26069078,-0.02059165,0.1253068,0.25961524,-0.014174754,0.16352998,-0.19919086,-0.033498157,0.23780128,-0.59504086,-0.32581574,-0.29845062,0.14541836,-0.008775251,-0.24985144,0.41998655,-0.07401253,-0.16049531,0.6925773,0.0090084225,0.14481895,0.6995548,0.022227762,0.24244764,0.42885554,-0.061378337,0.29334876,0.1544108,-0.014292063,-0.009938385,0.7638977,0.04896525,-0.03438792,0.9758877,0.09605321,-0.046925075,0.8700943,0.21190761,-0.012234092,0.9177034,0.18694237,-0.07719033,0.90976036,0.17041668,0.050428756,0.91190195,0.10410298,-0.09420723,0.8953506,0.067649245,-0.0035756081342697144,0.26015299558639526,-0.01738320291042328
