frame,Ankle.R_x,Ankle.R_y,Ankle.R_z,Knee.R_x,Knee.R_y,Knee.R_z,Hip.R_x,Hip.R_y,Hip.R_z,Hip.L_x,Hip.L_y,Hip.L_z,Knee.L_x,Knee.L_y,Knee.L_z,Ankle.L_x,Ankle.L_y,Ankle.L_z,Wrist.R_x,Wrist.R_y,Wrist.R_z,Elbow.R_x,Elbow.R_y,Elbow.R_z,Shoulder.R_x,Shoulder.R_y,Shoulder.R_z,Shoulder.L_x,Shoulder.L_y,Shoulder.L_z,Elbow.L_x,Elbow.L_y,Elbow.L_z,Wrist.L_x,Wrist.L_y,Wrist.L_z,Neck_x,Neck_y,Neck_z,Head_x,Head_y,Head_z,Nose_x,Nose_y,Nose_z,Eye.L_x,Eye.L_y,Eye.L_z,Eye.R_x,Eye.R_y,Eye.R_z,Ear.L_x,Ear.L_y,Ear.L_z,Ear.R_x,Ear.R_y,Ear.R_z,hip.Center_x,hip.Center_y,hip.Center_z
0,0.14342941,-0.2745718,-0.03981522,0.32477304,0.09945053,0.093372546,-0.030743193,0.27475363,0.117020875,-0.02197851,0.3140186,-0.1510491,0.32115382,0.11835038,-0.17393458,0.090357654,-0.25525722,-0.19533606,0.10202409,0.053880315,0.21825138,0.1602222,0.3255846,0.24521193,0.29071242,0.5766218,0.18031427,0.29323936,0.61671305,-0.13848153,0.1533831,0.39322674,-0.26149422,0.104650915,0.12536359,-0.3106478,0.34138793,0.65258396,0.02829387,0.4201321,0.8513549,0.06717442,0.53174496,0.7372577,0.059062872,0.5055605,0.7888497,0.030156393,0.49508297,0.7743187,0.096789956,0.41417086,0.7954686,-0.027757095,0.39113897,0.7634486,0.1255615,-0.026360850781202316,0.2943861186504364,-0.017014116048812866
