frame,Ankle.R_x,Ankle.R_y,Ankle.R_z,Knee.R_x,Knee.R_y,Knee.R_z,Hip.R_x,Hip.R_y,Hip.R_z,Hip.L_x,Hip.L_y,Hip.L_z,Knee.L_x,Knee.L_y,Knee.L_z,Ankle.L_x,Ankle.L_y,Ankle.L_z,Wrist.R_x,Wrist.R_y,Wrist.R_z,Elbow.R_x,Elbow.R_y,Elbow.R_z,Shoulder.R_x,Shoulder.R_y,Shoulder.R_z,Shoulder.L_x,Shoulder.L_y,Shoulder.L_z,Elbow.L_x,Elbow.L_y,Elbow.L_z,Wrist.L_x,Wrist.L_y,Wrist.L_z,Neck_x,Neck_y,Neck_z,Head_x,Head_y,Head_z,Nose_x,Nose_y,Nose_z,Eye.L_x,Eye.L_y,Eye.L_z,Eye.R_x,Eye.R_y,Eye.R_z,Ear.L_x,Ear.L_y,Ear.L_z,Ear.R_x,Ear.R_y,Ear.R_z,hip.Center_x,hip.Center_y,hip.Center_z
0,0.07262822,-0.47591582,-0.069403276,0.21671878,-0.07383282,0.0377526,-0.011753122,0.28362054,0.11238183,-0.02306306,0.31434637,-0.14266881,0.2303074,-0.004887335,-0.21338186,0.09237705,-0.42663723,-0.22432423,0.13321276,0.14451893,0.2464159,0.11984788,0.41600913,0.2531391,0.19795018,0.67864645,0.16429216,0.18805625,0.70601964,-0.15790516,0.121071875,0.46032566,-0.2966197,0.16807514,0.20091555,-0.35618693,0.22914496,0.76022995,0.0066539086,0.26926228,0.97713625,0.032225296,0.39677712,0.8831177,0.03741048,0.3644016,0.9277798,0.004259359,0.3521105,0.9161686,0.07022922,0.2776845,0.91581774,-0.059149247,0.25014538,0.8899402,0.09411312,-0.017408091574907303,0.29898345470428467,-0.015143491327762604
