frame,Ankle.R_x,Ankle.R_y,Ankle.R_z,Knee.R_x,Knee.R_y,Knee.R_z,Hip.R_x,Hip.R_y,Hip.R_z,Hip.L_x,Hip.L_y,Hip.L_z,Knee.L_x,Knee.L_y,Knee.L_z,Ankle.L_x,Ankle.L_y,Ankle.L_z,Wrist.R_x,Wrist.R_y,Wrist.R_z,Elbow.R_x,Elbow.R_y,Elbow.R_z,Shoulder.R_x,Shoulder.R_y,Shoulder.R_z,Shoulder.L_x,Shoulder.L_y,Shoulder.L_z,Elbow.L_x,Elbow.L_y,Elbow.L_z,Wrist.L_x,Wrist.L_y,Wrist.L_z,Neck_x,Neck_y,Neck_z,Head_x,Head_y,Head_z,Nose_x,Nose_y,Nose_z,Eye.L_x,Eye.L_y,Eye.L_z,Eye.R_x,Eye.R_y,Eye.R_z,Ear.L_x,Ear.L_y,Ear.L_z,Ear.R_x,Ear.R_y,Ear.R_z,hip.Center_x,hip.Center_y,hip.Center_z
0,-0.23522346,-0.5681361,-0.37395734,-0.16170841,-0.20175448,-0.05042671,-0.13245338,0.26066378,-0.020416416,0.12534969,0.25953534,-0.014408363,0.16361284,-0.19930834,-0.033256456,0.2370631,-0.594404,-0.32674313,-0.29795325,0.1455283,-0.00631319,-0.25006765,0.41983667,-0.07303977,-0.16021544,0.6925393,0.009093079,0.14513767,0.699373,0.021562498,0.24277495,0.42866945,-0.062099352,0.29349032,0.15433419,-0.014339674,-0.009598658,0.7637833,0.048555728,-0.034380723,0.9757346,0.09541526,-0.04723466,0.8699605,0.21124214,-0.012527607,0.9176277,0.18643737,-0.077385224,0.9095506,0.16959798,0.050548553,0.9119177,0.103883706,-0.093878776,0.8950838,0.06677708,-0.0035518482327461243,0.2600995600223541,-0.017412390559911728
