frame,Ankle.R_x,Ankle.R_y,Ankle.R_z,Knee.R_x,Knee.R_y,Knee.R_z,Hip.R_x,Hip.R_y,Hip.R_z,Hip.L_x,Hip.L_y,Hip.L_z,Knee.L_x,Knee.L_y,Knee.L_z,Ankle.L_x,Ankle.L_y,Ankle.L_z,Wrist.R_x,Wrist.R_y,Wrist.R_z,Elbow.R_x,Elbow.R_y,Elbow.R_z,Shoulder.R_x,Shoulder.R_y,Shoulder.R_z,Shoulder.L_x,Shoulder.L_y,Shoulder.L_z,Elbow.L_x,Elbow.L_y,Elbow.L_z,Wrist.L_x,Wrist.L_y,Wrist.L_z,Neck_x,Neck_y,Neck_z,Head_x,Head_y,Head_z,Nose_x,Nose_y,Nose_z,Eye.L_x,Eye.L_y,Eye.L_z,Eye.R_x,Eye.R_y,Eye.R_z,Ear.L_x,Ear.L_y,Ear.L_z,Ear.R_x,Ear.R_y,Ear.R_z,hip.Center_x,hip.Center_y,hip.Center_z
0,0.14941387,-0.274525,-0.07629715,0.32227844,0.09205853,0.08377157,-0.02855805,0.27518022,0.117682785,-0.023762597,0.3217067,-0.14817958,0.31539473,0.122568265,-0.18278244,0.10262754,-0.26091856,-0.21899785,0.09594045,0.07247392,0.20851484,0.15614624,0.34192148,0.24587888,0.29066315,0.5910838,0.18110073,0.27583107,0.6417569,-0.13870111,0.116494045,0.42880636,-0.25724062,0.061045695,0.16336139,-0.30824602,0.33441228,0.6729463,0.027844265,0.41520873,0.8724501,0.07501789,0.52603555,0.7582043,0.057756938,0.49929065,0.81169975,0.032455094,0.49008983,0.79335374,0.09840801,0.40657416,0.8220662,-0.023514826,0.38649476,0.7812267,0.1289918,-0.02616032212972641,0.298443466424942,-0.015248395502567291
