frame,Ankle.R_x,Ankle.R_y,Ankle.R_z,Knee.R_x,Knee.R_y,Knee.R_z,Hip.R_x,Hip.R_y,Hip.R_z,Hip.L_x,Hip.L_y,Hip.L_z,Knee.L_x,Knee.L_y,Knee.L_z,Ankle.L_x,Ankle.L_y,Ankle.L_z,Wrist.R_x,Wrist.R_y,Wrist.R_z,Elbow.R_x,Elbow.R_y,Elbow.R_z,Shoulder.R_x,Shoulder.R_y,Shoulder.R_z,Shoulder.L_x,Shoulder.L_y,Shoulder.L_z,Elbow.L_x,Elbow.L_y,Elbow.L_z,Wrist.L_x,Wrist.L_y,Wrist.L_z,Neck_x,Neck_y,Neck_z,Head_x,Head_y,Head_z,Nose_x,Nose_y,Nose_z,Eye.L_x,Eye.L_y,Eye.L_z,Eye.R_x,Eye.R_y,Eye.R_z,Ear.L_x,Ear.L_y,Ear.L_z,Ear.R_x,Ear.R_y,Ear.R_z,hip.Center_x,hip.Center_y,hip.Center_z
0,-0.09136543,-0.67627674,-0.08060915,-0.013895277,-0.20396443,0.023298534,-0.04080992,0.25623888,0.102323115,0.04671424,0.27411485,-0.14252177,0.027053926,-0.18525298,-0.16442259,-0.05158109,-0.66457814,-0.24531054,-0.05450255,0.12818876,0.25934747,-0.10800685,0.4072172,0.2217057,-0.051637866,0.6953868,0.15924518,0.024005353,0.71896756,-0.1400767,0.0062214117,0.44240093,-0.25845528,0.06585611,0.17343305,-0.32470378,0.007795033,0.78115475,0.019229423,0.023717625,1.0007637,0.052421845,0.14756934,0.9084367,0.086739674,0.1238514,0.95306516,0.047083944,0.097504854,0.94231445,0.10872154,0.053586457,0.9389611,-0.029789727,-0.0049867183,0.9161385,0.10713875,0.0029521603137254715,0.2651768624782562,-0.020099326968193054
