frame,Ankle.R_x,Ankle.R_y,Ankle.R_z,Knee.R_x,Knee.R_y,Knee.R_z,Hip.R_x,Hip.R_y,Hip.R_z,Hip.L_x,Hip.L_y,Hip.L_z,Knee.L_x,Knee.L_y,Knee.L_z,Ankle.L_x,Ankle.L_y,Ankle.L_z,Wrist.R_x,Wrist.R_y,Wrist.R_z,Elbow.R_x,Elbow.R_y,Elbow.R_z,Shoulder.R_x,Shoulder.R_y,Shoulder.R_z,Shoulder.L_x,Shoulder.L_y,Shoulder.L_z,Elbow.L_x,Elbow.L_y,Elbow.L_z,Wrist.L_x,Wrist.L_y,Wrist.L_z,Neck_x,Neck_y,Neck_z,Head_x,Head_y,Head_z,Nose_x,Nose_y,Nose_z,Eye.L_x,Eye.L_y,Eye.L_z,Eye.R_x,Eye.R_y,Eye.R_z,Ear.L_x,Ear.L_y,Ear.L_z,Ear.R_x,Ear.R_y,Ear.R_z,hip.Center_x,hip.Center_y,hip.Center_z
0,0.11900328,-0.32967395,-0.0141651295,0.3102492,0.047252517,0.11426546,-0.039152775,0.2724505,0.11320998,-0.0130511755,0.30272686,-0.15483855,0.33736742,0.10127428,-0.14121507,0.122480586,-0.28620398,-0.18068738,0.09667219,0.039467867,0.23683296,0.13576326,0.31587976,0.25120634,0.26157436,0.5728915,0.18585137,0.28447306,0.60996467,-0.13017873,0.16623513,0.3802408,-0.2683651,0.1465041,0.107679844,-0.31329948,0.31965065,0.6492468,0.037450656,0.38856524,0.84984666,0.06994295,0.5042749,0.7407123,0.07775931,0.47900924,0.7890241,0.04377082,0.46384752,0.7783232,0.11000262,0.3925467,0.78850293,-0.020654593,0.35879225,0.76514024,0.13098362,-0.02610197477042675,0.2875886857509613,-0.020814284682273865
