frame,Ankle.R_x,Ankle.R_y,Ankle.R_z,Knee.R_x,Knee.R_y,Knee.R_z,Hip.R_x,Hip.R_y,Hip.R_z,Hip.L_x,Hip.L_y,Hip.L_z,Knee.L_x,Knee.L_y,Knee.L_z,Ankle.L_x,Ankle.L_y,Ankle.L_z,Wrist.R_x,Wrist.R_y,Wrist.R_z,Elbow.R_x,Elbow.R_y,Elbow.R_z,Shoulder.R_x,Shoulder.R_y,Shoulder.R_z,Shoulder.L_x,Shoulder.L_y,Shoulder.L_z,Elbow.L_x,Elbow.L_y,Elbow.L_z,Wrist.L_x,Wrist.L_y,Wrist.L_z,Neck_x,Neck_y,Neck_z,Head_x,Head_y,Head_z,Nose_x,Nose_y,Nose_z,Eye.L_x,Eye.L_y,Eye.L_z,Eye.R_x,Eye.R_y,Eye.R_z,Ear.L_x,Ear.L_y,Ear.L_z,Ear.R_x,Ear.R_y,Ear.R_z,hip.Center_x,hip.Center_y,hip.Center_z
0,0.06863379,-0.43629056,-0.02456379,0.24428487,-0.04449518,0.07027423,-0.024963321,0.2856067,0.11164655,-0.0137597285,0.3092402,-0.1472937,0.26010853,-0.0010201987,-0.17321952,0.09589617,-0.41334355,-0.18091816,0.09940777,0.12706144,0.23854227,0.10087537,0.40025297,0.24722606,0.19996738,0.6614421,0.17350905,0.21923986,0.6861049,-0.14917393,0.14556815,0.43761367,-0.2800039,0.18531758,0.17217372,-0.3201138,0.24857171,0.7412698,0.018414523,0.28961572,0.957103,0.044904195,0.41597134,0.8625612,0.06063874,0.38629586,0.90695226,0.024516694,0.36938968,0.89637494,0.08981311,0.30412623,0.8942083,-0.04450599,0.26580375,0.87101805,0.10692577,-0.019361525774002075,0.29742345213890076,-0.01782357692718506
