frame,Ankle.R_x,Ankle.R_y,Ankle.R_z,Knee.R_x,Knee.R_y,Knee.R_z,Hip.R_x,Hip.R_y,Hip.R_z,Hip.L_x,Hip.L_y,Hip.L_z,Knee.L_x,Knee.L_y,Knee.L_z,Ankle.L_x,Ankle.L_y,Ankle.L_z,Wrist.R_x,Wrist.R_y,Wrist.R_z,Elbow.R_x,Elbow.R_y,Elbow.R_z,Shoulder.R_x,Shoulder.R_y,Shoulder.R_z,Shoulder.L_x,Shoulder.L_y,Shoulder.L_z,Elbow.L_x,Elbow.L_y,Elbow.L_z,Wrist.L_x,Wrist.L_y,Wrist.L_z,Neck_x,Neck_y,Neck_z,Head_x,Head_y,Head_z,Nose_x,Nose_y,Nose_z,Eye.L_x,Eye.L_y,Eye.L_z,Eye.R_x,Eye.R_y,Eye.R_z,Ear.L_x,Ear.L_y,Ear.L_z,Ear.R_x,Ear.R_y,Ear.R_z,hip.Center_x,hip.Center_y,hip.Center_z
0,-0.048340917,-0.6688454,-0.061606914,0.018526042,-0.1970327,0.027571509,-0.015165326,0.2604365,0.1080155,0.01905946,0.27781072,-0.14951852,0.019295458,-0.17654961,-0.17836724,-0.03148275,-0.65621746,-0.24899289,-0.0128629515,0.14930516,0.28841245,-0.0525885,0.42804322,0.24491963,0.0089221755,0.707133,0.15561074,0.030803423,0.71721756,-0.15449558,-0.0018718643,0.44201607,-0.27191693,0.066736355,0.18004383,-0.3492015,0.044590503,0.78504765,0.004384335,0.06798407,1.0047289,0.033413533,0.19071078,0.9093971,0.06269947,0.16702764,0.9551015,0.024384357,0.14202619,0.94379795,0.08648426,0.09418227,0.94364053,-0.051421084,0.03929707,0.92001116,0.08730006,0.0019470672123134136,0.2691236138343811,-0.020751509815454483
