frame,Ankle.R_x,Ankle.R_y,Ankle.R_z,Knee.R_x,Knee.R_y,Knee.R_z,Hip.R_x,Hip.R_y,Hip.R_z,Hip.L_x,Hip.L_y,Hip.L_z,Knee.L_x,Knee.L_y,Knee.L_z,Ankle.L_x,Ankle.L_y,Ankle.L_z,Wrist.R_x,Wrist.R_y,Wrist.R_z,Elbow.R_x,Elbow.R_y,Elbow.R_z,Shoulder.R_x,Shoulder.R_y,Shoulder.R_z,Shoulder.L_x,Shoulder.L_y,Shoulder.L_z,Elbow.L_x,Elbow.L_y,Elbow.L_z,Wrist.L_x,Wrist.L_y,Wrist.L_z,Neck_x,Neck_y,Neck_z,Head_x,Head_y,Head_z,Nose_x,Nose_y,Nose_z,Eye.L_x,Eye.L_y,Eye.L_z,Eye.R_x,Eye.R_y,Eye.R_z,Ear.L_x,Ear.L_y,Ear.L_z,Ear.R_x,Ear.R_y,Ear.R_z,hip.Center_x,hip.Center_y,hip.Center_z
0,-0.004527611,-0.56512296,-0.0884593,0.15337655,-0.14863761,0.05109212,-0.02471939,0.26793194,0.10912648,0.0055088773,0.29217994,-0.1483921,0.19774812,-0.10807273,-0.1754567,-0.00715237,-0.5279615,-0.2340318,0.028010344,0.14349033,0.27345714,0.0045294054,0.42091274,0.2496787,0.0878343,0.69279826,0.1684979,0.100750715,0.71158653,-0.14689091,0.039689824,0.4512571,-0.27682117,0.09536731,0.19566086,-0.36756685,0.12650064,0.77440584,0.015953906,0.15823802,0.9945283,0.048328456,0.28087038,0.89800054,0.06896055,0.25524732,0.94436085,0.032993693,0.23360017,0.93225396,0.09608586,0.17854124,0.93498623,-0.039683145,0.1304577,0.9085541,0.10348719,-0.009605255909264088,0.2800559401512146,-0.01963280886411667
