frame,Ankle.R_x,Ankle.R_y,Ankle.R_z,Knee.R_x,Knee.R_y,Knee.R_z,Hip.R_x,Hip.R_y,Hip.R_z,Hip.L_x,Hip.L_y,Hip.L_z,Knee.L_x,Knee.L_y,Knee.L_z,Ankle.L_x,Ankle.L_y,Ankle.L_z,Wrist.R_x,Wrist.R_y,Wrist.R_z,Elbow.R_x,Elbow.R_y,Elbow.R_z,Shoulder.R_x,Shoulder.R_y,Shoulder.R_z,Shoulder.L_x,Shoulder.L_y,Shoulder.L_z,Elbow.L_x,Elbow.L_y,Elbow.L_z,Wrist.L_x,Wrist.L_y,Wrist.L_z,Neck_x,Neck_y,Neck_z,Head_x,Head_y,Head_z,Nose_x,Nose_y,Nose_z,Eye.L_x,Eye.L_y,Eye.L_z,Eye.R_x,Eye.R_y,Eye.R_z,Ear.L_x,Ear.L_y,Ear.L_z,Ear.R_x,Ear.R_y,Ear.R_z,hip.Center_x,hip.Center_y,hip.Center_z
0,-0.074582845,-0.676776,-0.06204942,-0.0053152624,-0.20210376,0.029742012,-0.033417426,0.25817275,0.10429667,0.03888615,0.27365503,-0.1453902,0.025483973,-0.18431154,-0.16619442,-0.04253165,-0.66501796,-0.23969562,-0.06885597,0.13987516,0.2715411,-0.103796914,0.4199506,0.22562523,-0.03428878,0.7021455,0.15342581,0.02957242,0.7167002,-0.14905769,0.0053817052,0.44029328,-0.26546857,0.06842655,0.17303,-0.3326551,0.021570962,0.78213453,0.0096297525,0.042790905,1.000974,0.040019013,0.1644463,0.90618515,0.07531938,0.14202525,0.9512092,0.035449646,0.114963666,0.9410516,0.09686081,0.07199853,0.93845636,-0.042103868,0.0121486345,0.917114,0.09452637,0.0027343612164258957,0.2659139037132263,-0.020546764135360718
