frame,Ankle.R_x,Ankle.R_y,Ankle.R_z,Knee.R_x,Knee.R_y,Knee.R_z,Hip.R_x,Hip.R_y,Hip.R_z,Hip.L_x,Hip.L_y,Hip.L_z,Knee.L_x,Knee.L_y,Knee.L_z,Ankle.L_x,Ankle.L_y,Ankle.L_z,Wrist.R_x,Wrist.R_y,Wrist.R_z,Elbow.R_x,Elbow.R_y,Elbow.R_z,Shoulder.R_x,Shoulder.R_y,Shoulder.R_z,Shoulder.L_x,Shoulder.L_y,Shoulder.L_z,Elbow.L_x,Elbow.L_y,Elbow.L_z,Wrist.L_x,Wrist.L_y,Wrist.L_z,Neck_x,Neck_y,Neck_z,Head_x,Head_y,Head_z,Nose_x,Nose_y,Nose_z,Eye.L_x,Eye.L_y,Eye.L_z,Eye.R_x,Eye.R_y,Eye.R_z,Ear.L_x,Ear.L_y,Ear.L_z,Ear.R_x,Ear.R_y,Ear.R_z,hip.Center_x,hip.Center_y,hip.Center_z
0,-0.23470728,-0.5421309,-0.31179497,-0.20777947,-0.18505056,0.021134067,-0.13208543,0.2652198,-0.03428324,0.12578493,0.25957832,-0.01091523,0.18355778,-0.19352983,0.0068952003,0.25940695,-0.57020515,-0.30657864,-0.31068814,0.15614676,-0.07513369,-0.24394265,0.4337535,-0.093851104,-0.14964153,0.691667,0.024633715,0.15517966,0.6828084,0.06869702,0.2610058,0.41350067,-0.012583718,0.3010502,0.13472545,0.01926554,-0.0010774406,0.7508828,0.085847154,-0.029968588,0.95240635,0.17345022,-0.057677817,0.8226036,0.2561143,-0.020319737,0.8732358,0.24878764,-0.0821109,0.87165374,0.22207746,0.05340195,0.88644934,0.17655021,-0.0847569,0.88335264,0.11786506,-0.003150247037410736,0.2623990774154663,-0.0225992351770401
