frame,Ankle.R_x,Ankle.R_y,Ankle.R_z,Knee.R_x,Knee.R_y,Knee.R_z,Hip.R_x,Hip.R_y,Hip.R_z,Hip.L_x,Hip.L_y,Hip.L_z,Knee.L_x,Knee.L_y,Knee.L_z,Ankle.L_x,Ankle.L_y,Ankle.L_z,Wrist.R_x,Wrist.R_y,Wrist.R_z,Elbow.R_x,Elbow.R_y,Elbow.R_z,Shoulder.R_x,Shoulder.R_y,Shoulder.R_z,Shoulder.L_x,Shoulder.L_y,Shoulder.L_z,Elbow.L_x,Elbow.L_y,Elbow.L_z,Wrist.L_x,Wrist.L_y,Wrist.L_z,Neck_x,Neck_y,Neck_z,Head_x,Head_y,Head_z,Nose_x,Nose_y,Nose_z,Eye.L_x,Eye.L_y,Eye.L_z,Eye.R_x,Eye.R_y,Eye.R_z,Ear.L_x,Ear.L_y,Ear.L_z,Ear.R_x,Ear.R_y,Ear.R_z,hip.Center_x,hip.Center_y,hip.Center_z
0,0.13558733,-0.27600637,-0.037749447,0.32244563,0.09574019,0.09343146,-0.032847676,0.2752376,0.116716474,-0.020279318,0.3146373,-0.15151474,0.3254515,0.12654047,-0.16276164,0.103004575,-0.25109887,-0.19505407,0.097619236,0.055529658,0.21273528,0.16018201,0.3259516,0.24346535,0.29163176,0.5766389,0.1820851,0.29677266,0.6148778,-0.13710602,0.1612772,0.3879097,-0.2576865,0.11487798,0.11864789,-0.3020897,0.342739,0.6523386,0.030022427,0.41430014,0.8526203,0.06862617,0.5305418,0.74290943,0.06226146,0.50260043,0.7933725,0.03281511,0.49192825,0.77858984,0.099426866,0.41164088,0.7961804,-0.026360545,0.38802472,0.7636564,0.12712917,-0.026563497260212898,0.2949374318122864,-0.017399132251739502
