frame,Ankle.R_x,Ankle.R_y,Ankle.R_z,Knee.R_x,Knee.R_y,Knee.R_z,Hip.R_x,Hip.R_y,Hip.R_z,Hip.L_x,Hip.L_y,Hip.L_z,Knee.L_x,Knee.L_y,Knee.L_z,Ankle.L_x,Ankle.L_y,Ankle.L_z,Wrist.R_x,Wrist.R_y,Wrist.R_z,Elbow.R_x,Elbow.R_y,Elbow.R_z,Shoulder.R_x,Shoulder.R_y,Shoulder.R_z,Shoulder.L_x,Shoulder.L_y,Shoulder.L_z,Elbow.L_x,Elbow.L_y,Elbow.L_z,Wrist.L_x,Wrist.L_y,Wrist.L_z,Neck_x,Neck_y,Neck_z,Head_x,Head_y,Head_z,Nose_x,Nose_y,Nose_z,Eye.L_x,Eye.L_y,Eye.L_z,Eye.R_x,Eye.R_y,Eye.R_z,Ear.L_x,Ear.L_y,Ear.L_z,Ear.R_x,Ear.R_y,Ear.R_z,hip.Center_x,hip.Center_y,hip.Center_z
0,0.16286348,-0.30677506,-0.08884912,0.3232638,0.07213232,0.0582381,-0.016677737,0.27568257,0.11740565,-0.033851534,0.324258,-0.14533524,0.29084867,0.10062207,-0.21809353,0.09457349,-0.29407623,-0.22664818,0.06487488,0.105113655,0.19781768,0.12575161,0.3716136,0.23968284,0.26649904,0.61797416,0.17783245,0.2414164,0.6738851,-0.14341313,0.09579988,0.44963947,-0.25747848,0.07198074,0.18017468,-0.30361748,0.3031444,0.70714766,0.023356162,0.37046078,0.9142864,0.06763725,0.48680532,0.8053889,0.05848594,0.4589504,0.85697865,0.030917756,0.44718963,0.839684,0.09642916,0.36906064,0.86159277,-0.030461755,0.34320828,0.8232057,0.12196178,-0.025264635682106018,0.29997026920318604,-0.01396479457616806
