frame,Ankle.R_x,Ankle.R_y,Ankle.R_z,Knee.R_x,Knee.R_y,Knee.R_z,Hip.R_x,Hip.R_y,Hip.R_z,Hip.L_x,Hip.L_y,Hip.L_z,Knee.L_x,Knee.L_y,Knee.L_z,Ankle.L_x,Ankle.L_y,Ankle.L_z,Wrist.R_x,Wrist.R_y,Wrist.R_z,Elbow.R_x,Elbow.R_y,Elbow.R_z,Shoulder.R_x,Shoulder.R_y,Shoulder.R_z,Shoulder.L_x,Shoulder.L_y,Shoulder.L_z,Elbow.L_x,Elbow.L_y,Elbow.L_z,Wrist.L_x,Wrist.L_y,Wrist.L_z,Neck_x,Neck_y,Neck_z,Head_x,Head_y,Head_z,Nose_x,Nose_y,Nose_z,Eye.L_x,Eye.L_y,Eye.L_z,Eye.R_x,Eye.R_y,Eye.R_z,Ear.L_x,Ear.L_y,Ear.L_z,Ear.R_x,Ear.R_y,Ear.R_z,hip.Center_x,hip.Center_y,hip.Center_z
0,0.14318345,-0.27225837,-0.05085693,0.3253113,0.0990515,0.08792843,-0.031247031,0.27260268,0.117205724,-0.02150712,0.316702,-0.15022144,0.3234446,0.124437615,-0.16972457,0.09602776,-0.25046524,-0.20352443,0.09215072,0.052905183,0.20141119,0.15543306,0.32211438,0.24078895,0.2866025,0.5755844,0.18832567,0.29007262,0.6238983,-0.12953582,0.14497553,0.40328896,-0.251161,0.08248018,0.13780183,-0.29883546,0.33726534,0.6569717,0.038433194,0.40612525,0.8577505,0.082384795,0.5240596,0.750102,0.07287848,0.4952044,0.8009045,0.04480128,0.4850673,0.78430915,0.11106677,0.40402997,0.8036264,-0.0138416495,0.3816158,0.7670647,0.13863717,-0.026377074420452118,0.2946523427963257,-0.01650785654783249
