frame,Ankle.R_x,Ankle.R_y,Ankle.R_z,Knee.R_x,Knee.R_y,Knee.R_z,Hip.R_x,Hip.R_y,Hip.R_z,Hip.L_x,Hip.L_y,Hip.L_z,Knee.L_x,Knee.L_y,Knee.L_z,Ankle.L_x,Ankle.L_y,Ankle.L_z,Wrist.R_x,Wrist.R_y,Wrist.R_z,Elbow.R_x,Elbow.R_y,Elbow.R_z,Shoulder.R_x,Shoulder.R_y,Shoulder.R_z,Shoulder.L_x,Shoulder.L_y,Shoulder.L_z,Elbow.L_x,Elbow.L_y,Elbow.L_z,Wrist.L_x,Wrist.L_y,Wrist.L_z,Neck_x,Neck_y,Neck_z,Head_x,Head_y,Head_z,Nose_x,Nose_y,Nose_z,Eye.L_x,Eye.L_y,Eye.L_z,Eye.R_x,Eye.R_y,Eye.R_z,Ear.L_x,Ear.L_y,Ear.L_z,Ear.R_x,Ear.R_y,Ear.R_z,hip.Center_x,hip.Center_y,hip.Center_z
0,-0.03124127,-0.61079395,-0.040686056,0.08484429,-0.16477971,0.04655955,-0.019438256,0.2770118,0.10787162,0.008338074,0.2887689,-0.14828919,0.13395935,-0.13693075,-0.16297191,0.015104083,-0.59148973,-0.2175736,0.074986026,0.18849374,0.3010938,0.008197747,0.45619908,0.2600156,0.06293337,0.724209,0.14793518,0.07263455,0.72443867,-0.17005205,0.038343687,0.45459497,-0.2902433,0.13547413,0.20551707,-0.35926843,0.09283406,0.7978303,-0.01001578,0.09609725,1.0189065,0.014198614,0.23056978,0.9408213,0.044310458,0.20034733,0.98242366,0.005440496,0.17694065,0.9685086,0.06769245,0.12986669,0.9604267,-0.07192381,0.0774097,0.9306046,0.070185475,-0.005550090689212084,0.28289034962654114,-0.020208783447742462
