frame,Ankle.R_x,Ankle.R_y,Ankle.R_z,Knee.R_x,Knee.R_y,Knee.R_z,Hip.R_x,Hip.R_y,Hip.R_z,Hip.L_x,Hip.L_y,Hip.L_z,Knee.L_x,Knee.L_y,Knee.L_z,Ankle.L_x,Ankle.L_y,Ankle.L_z,Wrist.R_x,Wrist.R_y,Wrist.R_z,Elbow.R_x,Elbow.R_y,Elbow.R_z,Shoulder.R_x,Shoulder.R_y,Shoulder.R_z,Shoulder.L_x,Shoulder.L_y,Shoulder.L_z,Elbow.L_x,Elbow.L_y,Elbow.L_z,Wrist.L_x,Wrist.L_y,Wrist.L_z,Neck_x,Neck_y,Neck_z,Head_x,Head_y,Head_z,Nose_x,Nose_y,Nose_z,Eye.L_x,Eye.L_y,Eye.L_z,Eye.R_x,Eye.R_y,Eye.R_z,Ear.L_x,Ear.L_y,Ear.L_z,Ear.R_x,Ear.R_y,Ear.R_z,hip.Center_x,hip.Center_y,hip.Center_z
0,-0.26519975,-0.51034105,-0.22946994,-0.21533933,-0.15694132,0.094307914,-0.13314211,0.2682395,-0.041945323,0.12793833,0.26194644,-0.014679727,0.16420583,-0.17649694,0.09929238,0.25701326,-0.53068906,-0.22417025,-0.3377582,0.1318005,-0.013602585,-0.2645421,0.40694112,-0.030553024,-0.16070625,0.6584009,0.09820301,0.14934194,0.6504991,0.13886964,0.2711085,0.3985956,0.026146093,0.33478254,0.1233987,0.025886582,-0.010336902,0.7140584,0.16653563,-0.03746447,0.89988446,0.2913746,-0.07114952,0.7578058,0.34478995,-0.032302372,0.80696493,0.34883696,-0.09320919,0.812908,0.32091454,0.044206586,0.832422,0.28262964,-0.09290604,0.84593993,0.22145602,-0.0026018917560577393,0.26509296894073486,-0.028312524780631065
