frame,Ankle.R_x,Ankle.R_y,Ankle.R_z,Knee.R_x,Knee.R_y,Knee.R_z,Hip.R_x,Hip.R_y,Hip.R_z,Hip.L_x,Hip.L_y,Hip.L_z,Knee.L_x,Knee.L_y,Knee.L_z,Ankle.L_x,Ankle.L_y,Ankle.L_z,Wrist.R_x,Wrist.R_y,Wrist.R_z,Elbow.R_x,Elbow.R_y,Elbow.R_z,Shoulder.R_x,Shoulder.R_y,Shoulder.R_z,Shoulder.L_x,Shoulder.L_y,Shoulder.L_z,Elbow.L_x,Elbow.L_y,Elbow.L_z,Wrist.L_x,Wrist.L_y,Wrist.L_z,Neck_x,Neck_y,Neck_z,Head_x,Head_y,Head_z,Nose_x,Nose_y,Nose_z,Eye.L_x,Eye.L_y,Eye.L_z,Eye.R_x,Eye.R_y,Eye.R_z,Ear.L_x,Ear.L_y,Ear.L_z,Ear.R_x,Ear.R_y,Ear.R_z,hip.Center_x,hip.Center_y,hip.Center_z
0,0.10800266,-0.32252124,-0.019059684,0.30167487,0.046732184,0.116384916,-0.04419442,0.27686256,0.11145258,-0.0062824287,0.3041726,-0.15395965,0.3324446,0.081730016,-0.11773748,0.11031557,-0.29796317,-0.16382244,0.0948706,0.05194582,0.23228769,0.12899256,0.32753932,0.2516575,0.24937318,0.58724004,0.19545467,0.28577757,0.6206359,-0.12113446,0.176312,0.38552636,-0.25465733,0.15969388,0.11280875,-0.29248402,0.3125591,0.6640509,0.048112042,0.37298506,0.86808497,0.08375097,0.4929472,0.7636632,0.093066245,0.46598178,0.81121325,0.0587797,0.45026767,0.7995385,0.12477964,0.38072953,0.8072275,-0.0072108125,0.34531957,0.78175974,0.14419313,-0.02523842453956604,0.29051756858825684,-0.02125353366136551
