frame,Ankle.R_x,Ankle.R_y,Ankle.R_z,Knee.R_x,Knee.R_y,Knee.R_z,Hip.R_x,Hip.R_y,Hip.R_z,Hip.L_x,Hip.L_y,Hip.L_z,Knee.L_x,Knee.L_y,Knee.L_z,Ankle.L_x,Ankle.L_y,Ankle.L_z,Wrist.R_x,Wrist.R_y,Wrist.R_z,Elbow.R_x,Elbow.R_y,Elbow.R_z,Shoulder.R_x,Shoulder.R_y,Shoulder.R_z,Shoulder.L_x,Shoulder.L_y,Shoulder.L_z,Elbow.L_x,Elbow.L_y,Elbow.L_z,Wrist.L_x,Wrist.L_y,Wrist.L_z,Neck_x,Neck_y,Neck_z,Head_x,Head_y,Head_z,Nose_x,Nose_y,Nose_z,Eye.L_x,Eye.L_y,Eye.L_z,Eye.R_x,Eye.R_y,Eye.R_z,Ear.L_x,Ear.L_y,Ear.L_z,Ear.R_x,Ear.R_y,Ear.R_z,hip.Center_x,hip.Center_y,hip.Center_z
0,-0.07523696,-0.67838025,-0.06213475,-0.0012058867,-0.203082,0.028640185,-0.029490538,0.2574884,0.10500496,0.03560074,0.27312925,-0.14673883,0.0201379,-0.18625098,-0.16214919,-0.048095286,-0.66912615,-0.22656183,-0.049293593,0.13314827,0.2672592,-0.10044758,0.41181433,0.225155,-0.04699379,0.69849783,0.15424688,0.011225922,0.71754545,-0.14910051,-0.0030481042,0.4391315,-0.26331276,0.07012365,0.17281087,-0.32580826,0.0031243255,0.78195757,0.009873175,0.019550033,1.0018896,0.039527997,0.1443819,0.9098544,0.070724666,0.11953747,0.9542029,0.031484157,0.09504029,0.9438695,0.093944,0.04692779,0.9395623,-0.043131985,-0.007278096,0.9177251,0.095547445,0.0030551012605428696,0.26530882716178894,-0.020866934210062027
