frame,Ankle.R_x,Ankle.R_y,Ankle.R_z,Knee.R_x,Knee.R_y,Knee.R_z,Hip.R_x,Hip.R_y,Hip.R_z,Hip.L_x,Hip.L_y,Hip.L_z,Knee.L_x,Knee.L_y,Knee.L_z,Ankle.L_x,Ankle.L_y,Ankle.L_z,Wrist.R_x,Wrist.R_y,Wrist.R_z,Elbow.R_x,Elbow.R_y,Elbow.R_z,Shoulder.R_x,Shoulder.R_y,Shoulder.R_z,Shoulder.L_x,Shoulder.L_y,Shoulder.L_z,Elbow.L_x,Elbow.L_y,Elbow.L_z,Wrist.L_x,Wrist.L_y,Wrist.L_z,Neck_x,Neck_y,Neck_z,Head_x,Head_y,Head_z,Nose_x,Nose_y,Nose_z,Eye.L_x,Eye.L_y,Eye.L_z,Eye.R_x,Eye.R_y,Eye.R_z,Ear.L_x,Ear.L_y,Ear.L_z,Ear.R_x,Ear.R_y,Ear.R_z,hip.Center_x,hip.Center_y,hip.Center_z
0,-0.28013206,-0.4874491,-0.24722913,-0.19991285,-0.16709855,0.10719236,-0.13462612,0.26544687,-0.03294073,0.12922172,0.26042992,-0.025442282,0.16267733,-0.16790944,0.12925397,0.24636608,-0.5281998,-0.19387805,-0.32866955,0.1168133,-0.0062522474,-0.26385775,0.39630777,-0.012020275,-0.15638193,0.64499074,0.12241447,0.15647833,0.6435013,0.13600297,0.26801848,0.40249676,-0.009392508,0.32940707,0.12654871,-0.037402727,-0.0016486924,0.7008902,0.18115102,-0.021528047,0.87718725,0.3204052,-0.042621914,0.7305457,0.3673177,-0.0054726526,0.78112453,0.37000525,-0.06963292,0.7859932,0.3501752,0.060781233,0.8144947,0.29710796,-0.0832214,0.82540303,0.25399858,-0.0027021989226341248,0.26293838024139404,-0.029191505163908005
