frame,Ankle.R_x,Ankle.R_y,Ankle.R_z,Knee.R_x,Knee.R_y,Knee.R_z,Hip.R_x,Hip.R_y,Hip.R_z,Hip.L_x,Hip.L_y,Hip.L_z,Knee.L_x,Knee.L_y,Knee.L_z,Ankle.L_x,Ankle.L_y,Ankle.L_z,Wrist.R_x,Wrist.R_y,Wrist.R_z,Elbow.R_x,Elbow.R_y,Elbow.R_z,Shoulder.R_x,Shoulder.R_y,Shoulder.R_z,Shoulder.L_x,Shoulder.L_y,Shoulder.L_z,Elbow.L_x,Elbow.L_y,Elbow.L_z,Wrist.L_x,Wrist.L_y,Wrist.L_z,Neck_x,Neck_y,Neck_z,Head_x,Head_y,Head_z,Nose_x,Nose_y,Nose_z,Eye.L_x,Eye.L_y,Eye.L_z,Eye.R_x,Eye.R_y,Eye.R_z,Ear.L_x,Ear.L_y,Ear.L_z,Ear.R_x,Ear.R_y,Ear.R_z,hip.Center_x,hip.Center_y,hip.Center_z
0,-0.22804816,-0.57697433,-0.35400245,-0.16837889,-0.19998524,-0.04082496,-0.13242123,0.2618943,-0.023384389,0.12552111,0.25900006,-0.013916585,0.16864577,-0.19961715,-0.01545177,0.23558451,-0.5830066,-0.3250166,-0.30597928,0.14689441,-0.024336098,-0.24926905,0.42194143,-0.08019294,-0.15680568,0.6923072,0.008177856,0.14866021,0.6957708,0.029364865,0.24758726,0.42523438,-0.05413091,0.29270497,0.14939302,-0.00937729,-0.006780958,0.76134986,0.052818958,-0.03249311,0.9725335,0.10448209,-0.054468866,0.8627324,0.21476933,-0.017865844,0.91095054,0.19457725,-0.081199005,0.9039667,0.17246494,0.051465575,0.90795976,0.11695963,-0.08973901,0.89350784,0.06835491,-0.003450058400630951,0.2604471743106842,-0.018650487065315247
