frame,Ankle.R_x,Ankle.R_y,Ankle.R_z,Knee.R_x,Knee.R_y,Knee.R_z,Hip.R_x,Hip.R_y,Hip.R_z,Hip.L_x,Hip.L_y,Hip.L_z,Knee.L_x,Knee.L_y,Knee.L_z,Ankle.L_x,Ankle.L_y,Ankle.L_z,Wrist.R_x,Wrist.R_y,Wrist.R_z,Elbow.R_x,Elbow.R_y,Elbow.R_z,Shoulder.R_x,Shoulder.R_y,Shoulder.R_z,Shoulder.L_x,Shoulder.L_y,Shoulder.L_z,Elbow.L_x,Elbow.L_y,Elbow.L_z,Wrist.L_x,Wrist.L_y,Wrist.L_z,Neck_x,Neck_y,Neck_z,Head_x,Head_y,Head_z,Nose_x,Nose_y,Nose_z,Eye.L_x,Eye.L_y,Eye.L_z,Eye.R_x,Eye.R_y,Eye.R_z,Ear.L_x,Ear.L_y,Ear.L_z,Ear.R_x,Ear.R_y,Ear.R_z,hip.Center_x,hip.Center_y,hip.Center_z
0,-0.16868342,-0.5254584,-0.23233405,-0.15170485,-0.14507842,-0.01111379,-0.12538928,0.28214186,-0.026101181,0.11538442,0.28565505,-0.0035453485,0.1296659,-0.14161237,0.0021555114,0.19171263,-0.52567226,-0.2099227,-0.17105585,1.2344195,0.14623298,-0.27130675,1.004855,0.08107766,-0.11883063,0.8143624,-0.031131133,0.13272019,0.7813406,-0.011598591,0.34590435,0.7564683,0.14256126,0.19996893,0.89144367,0.2933378,-0.00019291043,0.82981265,-0.009000372,-0.0044574067,1.0417866,0.049969282,-0.051947586,0.9317379,0.15212034,-0.007815763,0.974418,0.13715391,-0.06843123,0.9764666,0.10869474,0.07042928,0.9662181,0.06512369,-0.068198666,0.9719256,0.0008560866,-0.005002427846193314,0.2838984727859497,-0.014823265373706818
