frame,Ankle.R_x,Ankle.R_y,Ankle.R_z,Knee.R_x,Knee.R_y,Knee.R_z,Hip.R_x,Hip.R_y,Hip.R_z,Hip.L_x,Hip.L_y,Hip.L_z,Knee.L_x,Knee.L_y,Knee.L_z,Ankle.L_x,Ankle.L_y,Ankle.L_z,Wrist.R_x,Wrist.R_y,Wrist.R_z,Elbow.R_x,Elbow.R_y,Elbow.R_z,Shoulder.R_x,Shoulder.R_y,Shoulder.R_z,Shoulder.L_x,Shoulder.L_y,Shoulder.L_z,Elbow.L_x,Elbow.L_y,Elbow.L_z,Wrist.L_x,Wrist.L_y,Wrist.L_z,Neck_x,Neck_y,Neck_z,Head_x,Head_y,Head_z,Nose_x,Nose_y,Nose_z,Eye.L_x,Eye.L_y,Eye.L_z,Eye.R_x,Eye.R_y,Eye.R_z,Ear.L_x,Ear.L_y,Ear.L_z,Ear.R_x,Ear.R_y,Ear.R_z,hip.Center_x,hip.Center_y,hip.Center_z
0,-0.1853241,-0.4634336,-0.30323204,-0.13458373,-0.12849666,-0.038443595,-0.12075792,0.2941739,0.019475099,0.1103263,0.30743086,-0.040538263,0.13592933,-0.11516963,-0.06777895,0.1560569,-0.4493884,-0.3453768,0.074799,0.87477326,0.1179077,-0.013823771,0.72659105,0.30321872,-0.14306411,0.81245315,0.10059588,0.09135437,0.8121813,-0.05213695,0.22570813,0.58207184,-0.09226313,0.1800505,0.65795004,0.13555822,-0.039988212,0.866875,0.03190314,-0.079220325,1.0885067,0.06802423,-0.07374801,0.9844512,0.18861347,-0.045328934,1.0342339,0.15880328,-0.109855056,1.0185286,0.14583401,0.017570378,1.0328364,0.06933874,-0.13175571,0.9991977,0.041206963,-0.005215812474489212,0.3008023798465729,-0.010531581938266754
