frame,Ankle.R_x,Ankle.R_y,Ankle.R_z,Knee.R_x,Knee.R_y,Knee.R_z,Hip.R_x,Hip.R_y,Hip.R_z,Hip.L_x,Hip.L_y,Hip.L_z,Knee.L_x,Knee.L_y,Knee.L_z,Ankle.L_x,Ankle.L_y,Ankle.L_z,Wrist.R_x,Wrist.R_y,Wrist.R_z,Elbow.R_x,Elbow.R_y,Elbow.R_z,Shoulder.R_x,Shoulder.R_y,Shoulder.R_z,Shoulder.L_x,Shoulder.L_y,Shoulder.L_z,Elbow.L_x,Elbow.L_y,Elbow.L_z,Wrist.L_x,Wrist.L_y,Wrist.L_z,Neck_x,Neck_y,Neck_z,Head_x,Head_y,Head_z,Nose_x,Nose_y,Nose_z,Eye.L_x,Eye.L_y,Eye.L_z,Eye.R_x,Eye.R_y,Eye.R_z,Ear.L_x,Ear.L_y,Ear.L_z,Ear.R_x,Ear.R_y,Ear.R_z,hip.Center_x,hip.Center_y,hip.Center_z
0,-0.14928685,-0.52571034,-0.24451528,-0.14788638,-0.1486744,-0.018287923,-0.12576294,0.27816796,-0.02818676,0.11447575,0.28144208,-0.002212489,0.13278829,-0.14399004,0.005883307,0.19441359,-0.5279364,-0.20567311,-0.06413638,1.1871854,0.10925668,-0.23810045,0.9952855,0.098455265,-0.120480016,0.7998613,-0.036016453,0.11496727,0.7936508,0.0071337856,0.1823151,0.9262624,0.21954075,-0.02205043,1.0780265,0.2118216,-0.0059932387,0.82143676,-0.010436601,-0.017377192,1.0345192,0.04124919,-0.049099613,0.92738533,0.1512724,-0.008937571,0.97114927,0.13076252,-0.07202956,0.9691449,0.108626336,0.062080756,0.9634694,0.052093223,-0.081784464,0.96027875,0.00086410344,-0.0056435950100421906,0.2798050045967102,-0.015199624933302402
