frame,Ankle.R_x,Ankle.R_y,Ankle.R_z,Knee.R_x,Knee.R_y,Knee.R_z,Hip.R_x,Hip.R_y,Hip.R_z,Hip.L_x,Hip.L_y,Hip.L_z,Knee.L_x,Knee.L_y,Knee.L_z,Ankle.L_x,Ankle.L_y,Ankle.L_z,Wrist.R_x,Wrist.R_y,Wrist.R_z,Elbow.R_x,Elbow.R_y,Elbow.R_z,Shoulder.R_x,Shoulder.R_y,Shoulder.R_z,Shoulder.L_x,Shoulder.L_y,Shoulder.L_z,Elbow.L_x,Elbow.L_y,Elbow.L_z,Wrist.L_x,Wrist.L_y,Wrist.L_z,Neck_x,Neck_y,Neck_z,Head_x,Head_y,Head_z,Nose_x,Nose_y,Nose_z,Eye.L_x,Eye.L_y,Eye.L_z,Eye.R_x,Eye.R_y,Eye.R_z,Ear.L_x,Ear.L_y,Ear.L_z,Ear.R_x,Ear.R_y,Ear.R_z,hip.Center_x,hip.Center_y,hip.Center_z
0,-0.17454584,-0.518625,-0.21235256,-0.12061732,-0.13942035,-0.012170213,-0.12072141,0.28653422,0.019051116,0.111127876,0.29823047,-0.040353257,0.13117038,-0.12501235,-0.059391,0.15946248,-0.50197464,-0.27875715,0.05199385,0.90160805,0.14521706,-0.006370211,0.7081187,0.2955265,-0.13949406,0.7910234,0.09751709,0.09641978,0.7932888,-0.041473515,0.21209627,0.5561762,-0.077331804,0.1508653,0.61806697,0.15140814,-0.034850847,0.84547716,0.036848664,-0.06783336,1.0633451,0.0753731,-0.07704444,0.9573815,0.19266927,-0.044283587,1.0063875,0.167478,-0.107852966,0.9934491,0.14850461,0.02534629,1.00465,0.084033564,-0.120284945,0.9776343,0.043437347,-0.004796765744686127,0.2923823595046997,-0.01065107062458992
