frame,Ankle.R_x,Ankle.R_y,Ankle.R_z,Knee.R_x,Knee.R_y,Knee.R_z,Hip.R_x,Hip.R_y,Hip.R_z,Hip.L_x,Hip.L_y,Hip.L_z,Knee.L_x,Knee.L_y,Knee.L_z,Ankle.L_x,Ankle.L_y,Ankle.L_z,Wrist.R_x,Wrist.R_y,Wrist.R_z,Elbow.R_x,Elbow.R_y,Elbow.R_z,Shoulder.R_x,Shoulder.R_y,Shoulder.R_z,Shoulder.L_x,Shoulder.L_y,Shoulder.L_z,Elbow.L_x,Elbow.L_y,Elbow.L_z,Wrist.L_x,Wrist.L_y,Wrist.L_z,Neck_x,Neck_y,Neck_z,Head_x,Head_y,Head_z,Nose_x,Nose_y,Nose_z,Eye.L_x,Eye.L_y,Eye.L_z,Eye.R_x,Eye.R_y,Eye.R_z,Ear.L_x,Ear.L_y,Ear.L_z,Ear.R_x,Ear.R_y,Ear.R_z,hip.Center_x,hip.Center_y,hip.Center_z
0,-0.17481844,-0.5185641,-0.21275777,-0.12093678,-0.1394239,-0.012468267,-0.12080425,0.28647923,0.018761188,0.111203164,0.29806864,-0.040062763,0.13101196,-0.1251599,-0.05894989,0.15981346,-0.50221217,-0.2780633,0.053002145,0.90086126,0.14433472,-0.00616837,0.70762956,0.2946359,-0.13937317,0.7910044,0.0970159,0.09659707,0.79312754,-0.04140629,0.21249563,0.5560787,-0.07603432,0.14981234,0.6201516,0.15166187,-0.034744058,0.84532756,0.03654832,-0.06764404,1.0631493,0.0749769,-0.07744073,0.9571365,0.19216867,-0.044542402,1.0061257,0.16715994,-0.1080303,0.9932446,0.14789835,0.025435682,1.0043805,0.08402002,-0.12000548,0.97750777,0.042789068,-0.004800543189048767,0.29227393865585327,-0.010650787502527237
