frame,Ankle.R_x,Ankle.R_y,Ankle.R_z,Knee.R_x,Knee.R_y,Knee.R_z,Hip.R_x,Hip.R_y,Hip.R_z,Hip.L_x,Hip.L_y,Hip.L_z,Knee.L_x,Knee.L_y,Knee.L_z,Ankle.L_x,Ankle.L_y,Ankle.L_z,Wrist.R_x,Wrist.R_y,Wrist.R_z,Elbow.R_x,Elbow.R_y,Elbow.R_z,Shoulder.R_x,Shoulder.R_y,Shoulder.R_z,Shoulder.L_x,Shoulder.L_y,Shoulder.L_z,Elbow.L_x,Elbow.L_y,Elbow.L_z,Wrist.L_x,Wrist.L_y,Wrist.L_z,Neck_x,Neck_y,Neck_z,Head_x,Head_y,Head_z,Nose_x,Nose_y,Nose_z,Eye.L_x,Eye.L_y,Eye.L_z,Eye.R_x,Eye.R_y,Eye.R_z,Ear.L_x,Ear.L_y,Ear.L_z,Ear.R_x,Ear.R_y,Ear.R_z,hip.Center_x,hip.Center_y,hip.Center_z
0,-0.17694718,-0.48711097,-0.2398954,-0.11643638,-0.13311294,-0.008749826,-0.11443396,0.29064494,0.03449572,0.10497255,0.3029905,-0.053824358,0.13617873,-0.11687885,-0.05749798,0.13889357,-0.4783497,-0.2953658,0.067838214,0.8929563,0.10714404,-0.0019749445,0.7283635,0.28146717,-0.13426468,0.8077848,0.08358795,0.08280892,0.8002787,-0.08644803,0.18931985,0.56492937,-0.15785164,0.22862269,0.57410675,0.0812203,-0.035960913,0.85827106,0.008840907,-0.06594566,1.0796005,0.052742142,-0.043491177,0.97371835,0.16893008,-0.019111648,1.0231527,0.13600229,-0.08516637,1.0091363,0.13376749,0.027049433,1.0225337,0.03777384,-0.12430806,0.9922145,0.03435082,-0.004730705171823502,0.29681771993637085,-0.009664319455623627
