frame,Ankle.R_x,Ankle.R_y,Ankle.R_z,Knee.R_x,Knee.R_y,Knee.R_z,Hip.R_x,Hip.R_y,Hip.R_z,Hip.L_x,Hip.L_y,Hip.L_z,Knee.L_x,Knee.L_y,Knee.L_z,Ankle.L_x,Ankle.L_y,Ankle.L_z,Wrist.R_x,Wrist.R_y,Wrist.R_z,Elbow.R_x,Elbow.R_y,Elbow.R_z,Shoulder.R_x,Shoulder.R_y,Shoulder.R_z,Shoulder.L_x,Shoulder.L_y,Shoulder.L_z,Elbow.L_x,Elbow.L_y,Elbow.L_z,Wrist.L_x,Wrist.L_y,Wrist.L_z,Neck_x,Neck_y,Neck_z,Head_x,Head_y,Head_z,Nose_x,Nose_y,Nose_z,Eye.L_x,Eye.L_y,Eye.L_z,Eye.R_x,Eye.R_y,Eye.R_z,Ear.L_x,Ear.L_y,Ear.L_z,Ear.R_x,Ear.R_y,Ear.R_z,hip.Center_x,hip.Center_y,hip.Center_z
0,-0.14259234,-0.50891346,-0.26326454,-0.14699116,-0.15116079,-0.013411018,-0.12556694,0.27406204,-0.03295914,0.113094874,0.2725561,0.0020620022,0.13713925,-0.14754827,0.022316236,0.2040198,-0.51998615,-0.20312901,-0.053212415,1.165443,0.17434123,-0.21707448,0.9694069,0.12543511,-0.100397475,0.7814409,-0.018034887,0.12996995,0.7692471,0.046802096,0.14529368,0.9417935,0.24108875,-0.027209334,1.1351519,0.23794198,0.01907919,0.80003023,0.013653691,0.03683263,1.0096145,0.035767585,0.013527742,0.9267922,0.16647042,0.054136593,0.9597444,0.13240048,-0.011671646,0.9653218,0.123145096,0.10464354,0.92956805,0.04537764,-0.04398386,0.9433115,0.02181381,-0.006236035376787186,0.27330905199050903,-0.01544856932014227
