frame,Ankle.R_x,Ankle.R_y,Ankle.R_z,Knee.R_x,Knee.R_y,Knee.R_z,Hip.R_x,Hip.R_y,Hip.R_z,Hip.L_x,Hip.L_y,Hip.L_z,Knee.L_x,Knee.L_y,Knee.L_z,Ankle.L_x,Ankle.L_y,Ankle.L_z,Wrist.R_x,Wrist.R_y,Wrist.R_z,Elbow.R_x,Elbow.R_y,Elbow.R_z,Shoulder.R_x,Shoulder.R_y,Shoulder.R_z,Shoulder.L_x,Shoulder.L_y,Shoulder.L_z,Elbow.L_x,Elbow.L_y,Elbow.L_z,Wrist.L_x,Wrist.L_y,Wrist.L_z,Neck_x,Neck_y,Neck_z,Head_x,Head_y,Head_z,Nose_x,Nose_y,Nose_z,Eye.L_x,Eye.L_y,Eye.L_z,Eye.R_x,Eye.R_y,Eye.R_z,Ear.L_x,Ear.L_y,Ear.L_z,Ear.R_x,Ear.R_y,Ear.R_z,hip.Center_x,hip.Center_y,hip.Center_z
0,-0.17019667,-0.48301753,-0.2668433,-0.12280406,-0.13671376,-0.01665766,-0.11951699,0.28899896,0.02128544,0.11048075,0.29988545,-0.039022997,0.1152534,-0.12534076,-0.06798527,0.11488269,-0.47999358,-0.31997398,0.047174435,0.8983192,0.118508555,-0.0176168,0.7300464,0.29464734,-0.1456871,0.79772663,0.08603567,0.08859874,0.79372305,-0.064669386,0.17323485,0.5505054,-0.150341,0.20286353,0.43842292,0.06741457,-0.04060015,0.85199237,0.02014957,-0.07757718,1.074041,0.056185503,-0.07150175,0.9712192,0.17641157,-0.042480923,1.0198901,0.14602318,-0.1078675,1.0059566,0.13546202,0.016493715,1.0168059,0.055034485,-0.13294607,0.9865068,0.03242062,-0.0045181214809417725,0.29444220662117004,-0.008868778124451637
