frame,Ankle.R_x,Ankle.R_y,Ankle.R_z,Knee.R_x,Knee.R_y,Knee.R_z,Hip.R_x,Hip.R_y,Hip.R_z,Hip.L_x,Hip.L_y,Hip.L_z,Knee.L_x,Knee.L_y,Knee.L_z,Ankle.L_x,Ankle.L_y,Ankle.L_z,Wrist.R_x,Wrist.R_y,Wrist.R_z,Elbow.R_x,Elbow.R_y,Elbow.R_z,Shoulder.R_x,Shoulder.R_y,Shoulder.R_z,Shoulder.L_x,Shoulder.L_y,Shoulder.L_z,Elbow.L_x,Elbow.L_y,Elbow.L_z,Wrist.L_x,Wrist.L_y,Wrist.L_z,Neck_x,Neck_y,Neck_z,Head_x,Head_y,Head_z,Nose_x,Nose_y,Nose_z,Eye.L_x,Eye.L_y,Eye.L_z,Eye.R_x,Eye.R_y,Eye.R_z,Ear.L_x,Ear.L_y,Ear.L_z,Ear.R_x,Ear.R_y,Ear.R_z,hip.Center_x,hip.Center_y,hip.Center_z
0,-0.17131406,-0.48052502,-0.28956008,-0.12928416,-0.13454443,-0.037825324,-0.12151067,0.2887857,0.015536008,0.11240226,0.2985189,-0.03340655,0.11760745,-0.12538326,-0.06828731,0.12812087,-0.47293705,-0.32914358,0.03818844,0.89898926,0.14105365,-0.03325501,0.71693003,0.29812634,-0.1462763,0.79762,0.08771512,0.096114665,0.7986259,-0.041256808,0.21295351,0.5637926,-0.09739318,0.19082445,0.590187,0.1433182,-0.038588986,0.8521596,0.032289196,-0.079112,1.071365,0.07348568,-0.08083612,0.9630051,0.1893962,-0.050444618,1.013371,0.16368447,-0.11443521,0.9991042,0.14723033,0.015613679,1.0150149,0.07750821,-0.13085382,0.98455083,0.041808125,-0.0045542046427726746,0.2936522960662842,-0.00893526989966631
