frame,Ankle.R_x,Ankle.R_y,Ankle.R_z,Knee.R_x,Knee.R_y,Knee.R_z,Hip.R_x,Hip.R_y,Hip.R_z,Hip.L_x,Hip.L_y,Hip.L_z,Knee.L_x,Knee.L_y,Knee.L_z,Ankle.L_x,Ankle.L_y,Ankle.L_z,Wrist.R_x,Wrist.R_y,Wrist.R_z,Elbow.R_x,Elbow.R_y,Elbow.R_z,Shoulder.R_x,Shoulder.R_y,Shoulder.R_z,Shoulder.L_x,Shoulder.L_y,Shoulder.L_z,Elbow.L_x,Elbow.L_y,Elbow.L_z,Wrist.L_x,Wrist.L_y,Wrist.L_z,Neck_x,Neck_y,Neck_z,Head_x,Head_y,Head_z,Nose_x,Nose_y,Nose_z,Eye.L_x,Eye.L_y,Eye.L_z,Eye.R_x,Eye.R_y,Eye.R_z,Ear.L_x,Ear.L_y,Ear.L_z,Ear.R_x,Ear.R_y,Ear.R_z,hip.Center_x,hip.Center_y,hip.Center_z
0,-0.16212237,-0.5970866,-0.3228016,-0.13405162,-0.21113393,-0.014235735,-0.13291667,0.25978,-0.01779671,0.1264939,0.2566477,-0.020142425,0.13307169,-0.20900835,-0.0018816987,0.160705,-0.61369455,-0.29116732,-0.28461707,0.17863025,0.05774189,-0.2598539,0.430011,-0.072920606,-0.14899793,0.6992977,-0.0010319967,0.15797965,0.69809085,-0.0030398052,0.2639631,0.42875558,-0.08381221,0.2888737,0.18608962,0.054368455,0.006858697,0.7651112,0.028300697,-0.0011951327,0.9776296,0.07464627,-0.0004248228,0.87310016,0.19251594,0.032339443,0.9185369,0.1613534,-0.03491514,0.9142414,0.15620218,0.079664305,0.9089548,0.06950566,-0.06986444,0.9003471,0.057661153,-0.003211386501789093,0.2582138478755951,-0.018969567492604256
