frame,Ankle.R_x,Ankle.R_y,Ankle.R_z,Knee.R_x,Knee.R_y,Knee.R_z,Hip.R_x,Hip.R_y,Hip.R_z,Hip.L_x,Hip.L_y,Hip.L_z,Knee.L_x,Knee.L_y,Knee.L_z,Ankle.L_x,Ankle.L_y,Ankle.L_z,Wrist.R_x,Wrist.R_y,Wrist.R_z,Elbow.R_x,Elbow.R_y,Elbow.R_z,Shoulder.R_x,Shoulder.R_y,Shoulder.R_z,Shoulder.L_x,Shoulder.L_y,Shoulder.L_z,Elbow.L_x,Elbow.L_y,Elbow.L_z,Wrist.L_x,Wrist.L_y,Wrist.L_z,Neck_x,Neck_y,Neck_z,Head_x,Head_y,Head_z,Nose_x,Nose_y,Nose_z,Eye.L_x,Eye.L_y,Eye.L_z,Eye.R_x,Eye.R_y,Eye.R_z,Ear.L_x,Ear.L_y,Ear.L_z,Ear.R_x,Ear.R_y,Ear.R_z,hip.Center_x,hip.Center_y,hip.Center_z
0,-0.1777961,-0.60343343,-0.33767214,-0.13359986,-0.20863186,-0.038855337,-0.13294512,0.2619746,-0.013242485,0.12656993,0.2578168,-0.024213562,0.13467224,-0.20754698,0.0043142084,0.15614043,-0.62626296,-0.26711714,-0.24404764,0.17756867,0.10292539,-0.24874832,0.42284885,-0.044093452,-0.14773177,0.7015444,0.00028679892,0.16036713,0.6973859,-0.014513131,0.2396684,0.41751897,-0.09270794,0.2525133,0.15138562,0.0028429846,0.009868445,0.7682129,0.021354059,0.0011149228,0.981918,0.06657814,0.0046632867,0.8779788,0.18517926,0.03666166,0.92345965,0.15310998,-0.030754516,0.9185428,0.14895271,0.0829564,0.91380185,0.0603076,-0.06710254,0.90360963,0.05074837,-0.0031875967979431152,0.2598956823348999,-0.018728023394942284
