frame,Ankle.R_x,Ankle.R_y,Ankle.R_z,Knee.R_x,Knee.R_y,Knee.R_z,Hip.R_x,Hip.R_y,Hip.R_z,Hip.L_x,Hip.L_y,Hip.L_z,Knee.L_x,Knee.L_y,Knee.L_z,Ankle.L_x,Ankle.L_y,Ankle.L_z,Wrist.R_x,Wrist.R_y,Wrist.R_z,Elbow.R_x,Elbow.R_y,Elbow.R_z,Shoulder.R_x,Shoulder.R_y,Shoulder.R_z,Shoulder.L_x,Shoulder.L_y,Shoulder.L_z,Elbow.L_x,Elbow.L_y,Elbow.L_z,Wrist.L_x,Wrist.L_y,Wrist.L_z,Neck_x,Neck_y,Neck_z,Head_x,Head_y,Head_z,Nose_x,Nose_y,Nose_z,Eye.L_x,Eye.L_y,Eye.L_z,Eye.R_x,Eye.R_y,Eye.R_z,Ear.L_x,Ear.L_y,Ear.L_z,Ear.R_x,Ear.R_y,Ear.R_z,hip.Center_x,hip.Center_y,hip.Center_z
0,-0.1890951,-0.4903039,-0.23495951,-0.11609223,-0.13383864,-0.005903335,-0.11425771,0.29208568,0.035103694,0.10477825,0.30573216,-0.055153195,0.13714504,-0.11606665,-0.07157802,0.1325416,-0.4730012,-0.3209467,0.05215294,0.908223,0.11983602,-0.011394608,0.73738146,0.293221,-0.14083248,0.8102626,0.08832106,0.08323485,0.8065273,-0.07676552,0.20266128,0.5730381,-0.13637957,0.21773496,0.6000773,0.10613191,-0.039668716,0.8623618,0.016136661,-0.06809186,1.0840306,0.061997976,-0.051591106,0.97666,0.17815867,-0.02525457,1.0261407,0.14630789,-0.09148827,1.0131167,0.14134687,0.025058933,1.0254965,0.049682572,-0.12721117,0.99742687,0.04014525,-0.004739727824926376,0.29890891909599304,-0.010024750605225563
