frame,Ankle.R_x,Ankle.R_y,Ankle.R_z,Knee.R_x,Knee.R_y,Knee.R_z,Hip.R_x,Hip.R_y,Hip.R_z,Hip.L_x,Hip.L_y,Hip.L_z,Knee.L_x,Knee.L_y,Knee.L_z,Ankle.L_x,Ankle.L_y,Ankle.L_z,Wrist.R_x,Wrist.R_y,Wrist.R_z,Elbow.R_x,Elbow.R_y,Elbow.R_z,Shoulder.R_x,Shoulder.R_y,Shoulder.R_z,Shoulder.L_x,Shoulder.L_y,Shoulder.L_z,Elbow.L_x,Elbow.L_y,Elbow.L_z,Wrist.L_x,Wrist.L_y,Wrist.L_z,Neck_x,Neck_y,Neck_z,Head_x,Head_y,Head_z,Nose_x,Nose_y,Nose_z,Eye.L_x,Eye.L_y,Eye.L_z,Eye.R_x,Eye.R_y,Eye.R_z,Ear.L_x,Ear.L_y,Ear.L_z,Ear.R_x,Ear.R_y,Ear.R_z,hip.Center_x,hip.Center_y,hip.Center_z
0,-0.16308887,-0.515859,-0.2309422,-0.14637025,-0.138474,-0.005138465,-0.125309,0.2926518,-0.016416412,0.11475163,0.2946219,-0.009294817,0.1339303,-0.1328892,-0.021924872,0.18334095,-0.51042306,-0.25019562,-0.170734,1.1885026,0.24484281,-0.3007573,0.98712,0.15297145,-0.12145299,0.83557725,0.015904585,0.13667275,0.7693549,-0.024774741,0.19991139,0.54111564,-0.1541762,0.1784022,0.4402234,0.07078356,0.008078985,0.84507877,0.026549159,0.005895098,1.0503064,0.12505332,-0.057278227,0.9246011,0.19663751,-0.009546358,0.9670153,0.19533041,-0.06658567,0.9783944,0.16114374,0.0774875,0.9682802,0.13183802,-0.05329298,0.9951461,0.055899024,-0.005278687924146652,0.29363685846328735,-0.01285561453551054
