frame,Ankle.R_x,Ankle.R_y,Ankle.R_z,Knee.R_x,Knee.R_y,Knee.R_z,Hip.R_x,Hip.R_y,Hip.R_z,Hip.L_x,Hip.L_y,Hip.L_z,Knee.L_x,Knee.L_y,Knee.L_z,Ankle.L_x,Ankle.L_y,Ankle.L_z,Wrist.R_x,Wrist.R_y,Wrist.R_z,Elbow.R_x,Elbow.R_y,Elbow.R_z,Shoulder.R_x,Shoulder.R_y,Shoulder.R_z,Shoulder.L_x,Shoulder.L_y,Shoulder.L_z,Elbow.L_x,Elbow.L_y,Elbow.L_z,Wrist.L_x,Wrist.L_y,Wrist.L_z,Neck_x,Neck_y,Neck_z,Head_x,Head_y,Head_z,Nose_x,Nose_y,Nose_z,Eye.L_x,Eye.L_y,Eye.L_z,Eye.R_x,Eye.R_y,Eye.R_z,Ear.L_x,Ear.L_y,Ear.L_z,Ear.R_x,Ear.R_y,Ear.R_z,hip.Center_x,hip.Center_y,hip.Center_z
0,-0.04280318,-0.54607004,0.06311438,0.044950787,-0.12778603,0.08929401,-0.024816038,0.2943272,0.10252248,0.017752094,0.3047093,-0.13053659,0.10813348,-0.1048981,-0.15104713,0.030064713,-0.5184539,-0.2515701,0.10600908,0.90414417,0.037412807,0.1536908,0.7248635,0.20646864,-0.075780325,0.8035725,0.13546392,-0.05868511,0.8033803,-0.14323035,0.0014342032,0.5809952,-0.27958423,0.20559655,0.5802146,-0.1420218,-0.06889237,0.85664254,0.007951556,-0.07751659,1.0763983,0.052176062,0.050137237,0.9917397,0.09609333,0.026233323,1.036613,0.056330957,-0.006974958,1.0184196,0.11256794,-0.0329931,1.0231953,-0.03407145,-0.10825103,0.9833092,0.09609283,-0.0035319719463586807,0.2995182275772095,-0.014007054269313812
