frame,Ankle.R_x,Ankle.R_y,Ankle.R_z,Knee.R_x,Knee.R_y,Knee.R_z,Hip.R_x,Hip.R_y,Hip.R_z,Hip.L_x,Hip.L_y,Hip.L_z,Knee.L_x,Knee.L_y,Knee.L_z,Ankle.L_x,Ankle.L_y,Ankle.L_z,Wrist.R_x,Wrist.R_y,Wrist.R_z,Elbow.R_x,Elbow.R_y,Elbow.R_z,Shoulder.R_x,Shoulder.R_y,Shoulder.R_z,Shoulder.L_x,Shoulder.L_y,Shoulder.L_z,Elbow.L_x,Elbow.L_y,Elbow.L_z,Wrist.L_x,Wrist.L_y,Wrist.L_z,Neck_x,Neck_y,Neck_z,Head_x,Head_y,Head_z,Nose_x,Nose_y,Nose_z,Eye.L_x,Eye.L_y,Eye.L_z,Eye.R_x,Eye.R_y,Eye.R_z,Ear.L_x,Ear.L_y,Ear.L_z,Ear.R_x,Ear.R_y,Ear.R_z,hip.Center_x,hip.Center_y,hip.Center_z
0,-0.1881642,-0.4641582,-0.29889143,-0.13503322,-0.12875137,-0.034963544,-0.12002287,0.29389822,0.021770202,0.10973549,0.3077596,-0.043504104,0.13709585,-0.11480019,-0.06751828,0.15588371,-0.44868118,-0.3459753,0.07860346,0.8727851,0.11498562,-0.0033044918,0.7263719,0.304736,-0.14052525,0.8110361,0.105976686,0.08707795,0.81123936,-0.059224866,0.22186708,0.5822493,-0.10893817,0.19107868,0.66737264,0.1177523,-0.040503353,0.86592126,0.03190633,-0.079685435,1.0871165,0.0722424,-0.06844525,0.981373,0.1908058,-0.041675564,1.0318141,0.16063079,-0.10650963,1.015757,0.15002395,0.017548613,1.032296,0.068754375,-0.13255814,0.9978196,0.0461269,-0.005143690854310989,0.3008289337158203,-0.010866951197385788
