frame,Ankle.R_x,Ankle.R_y,Ankle.R_z,Knee.R_x,Knee.R_y,Knee.R_z,Hip.R_x,Hip.R_y,Hip.R_z,Hip.L_x,Hip.L_y,Hip.L_z,Knee.L_x,Knee.L_y,Knee.L_z,Ankle.L_x,Ankle.L_y,Ankle.L_z,Wrist.R_x,Wrist.R_y,Wrist.R_z,Elbow.R_x,Elbow.R_y,Elbow.R_z,Shoulder.R_x,Shoulder.R_y,Shoulder.R_z,Shoulder.L_x,Shoulder.L_y,Shoulder.L_z,Elbow.L_x,Elbow.L_y,Elbow.L_z,Wrist.L_x,Wrist.L_y,Wrist.L_z,Neck_x,Neck_y,Neck_z,Head_x,Head_y,Head_z,Nose_x,Nose_y,Nose_z,Eye.L_x,Eye.L_y,Eye.L_z,Eye.R_x,Eye.R_y,Eye.R_z,Ear.L_x,Ear.L_y,Ear.L_z,Ear.R_x,Ear.R_y,Ear.R_z,hip.Center_x,hip.Center_y,hip.Center_z
0,-0.1699263,-0.5995608,-0.3334256,-0.12903427,-0.20679127,-0.036638137,-0.13327682,0.2620867,-0.01387618,0.12666926,0.26160672,-0.023343958,0.13238417,-0.20235,0.010501747,0.15738565,-0.6157188,-0.26216057,-0.18388268,0.17665192,0.13654949,-0.23540232,0.4132745,-0.013133402,-0.15596117,0.70084417,0.0065009845,0.1540514,0.7001147,-0.01236143,0.225661,0.41078478,-0.043247707,0.19387688,0.18681537,0.12348269,0.002396036,0.7737137,0.017566191,-0.0015913986,0.99179703,0.034792747,0.007855965,0.90501195,0.1665072,0.038551077,0.94483066,0.12631746,-0.029158536,0.9414096,0.1274691,0.07811551,0.9209418,0.03289171,-0.07258606,0.9140556,0.03472422,-0.0033037811517715454,0.26184672117233276,-0.018610069528222084
