frame,Ankle.R_x,Ankle.R_y,Ankle.R_z,Knee.R_x,Knee.R_y,Knee.R_z,Hip.R_x,Hip.R_y,Hip.R_z,Hip.L_x,Hip.L_y,Hip.L_z,Knee.L_x,Knee.L_y,Knee.L_z,Ankle.L_x,Ankle.L_y,Ankle.L_z,Wrist.R_x,Wrist.R_y,Wrist.R_z,Elbow.R_x,Elbow.R_y,Elbow.R_z,Shoulder.R_x,Shoulder.R_y,Shoulder.R_z,Shoulder.L_x,Shoulder.L_y,Shoulder.L_z,Elbow.L_x,Elbow.L_y,Elbow.L_z,Wrist.L_x,Wrist.L_y,Wrist.L_z,Neck_x,Neck_y,Neck_z,Head_x,Head_y,Head_z,Nose_x,Nose_y,Nose_z,Eye.L_x,Eye.L_y,Eye.L_z,Eye.R_x,Eye.R_y,Eye.R_z,Ear.L_x,Ear.L_y,Ear.L_z,Ear.R_x,Ear.R_y,Ear.R_z,hip.Center_x,hip.Center_y,hip.Center_z
0,-0.1595723,-0.6053985,-0.31209573,-0.13304669,-0.21208724,-0.011299448,-0.1327304,0.25912914,-0.014260704,0.12591513,0.2578708,-0.02364608,0.14316055,-0.20669459,-0.0037277993,0.17771994,-0.6233183,-0.27685001,-0.282171,0.17417802,0.060076285,-0.2613617,0.4293151,-0.065717354,-0.14872965,0.6997997,-0.00046700332,0.15839803,0.6987141,-0.012681256,0.27143905,0.42907342,-0.0854034,0.3158885,0.19062015,0.057037853,0.008541759,0.76564157,0.022920243,0.004001873,0.9780739,0.072227545,0.015120168,0.8717998,0.18791336,0.04504107,0.91762257,0.15447526,-0.022401331,0.9135174,0.15547638,0.08363512,0.9094256,0.058678087,-0.06640299,0.9011475,0.06024576,-0.0034076347947120667,0.25849997997283936,-0.018953392282128334
