frame,Ankle.R_x,Ankle.R_y,Ankle.R_z,Knee.R_x,Knee.R_y,Knee.R_z,Hip.R_x,Hip.R_y,Hip.R_z,Hip.L_x,Hip.L_y,Hip.L_z,Knee.L_x,Knee.L_y,Knee.L_z,Ankle.L_x,Ankle.L_y,Ankle.L_z,Wrist.R_x,Wrist.R_y,Wrist.R_z,Elbow.R_x,Elbow.R_y,Elbow.R_z,Shoulder.R_x,Shoulder.R_y,Shoulder.R_z,Shoulder.L_x,Shoulder.L_y,Shoulder.L_z,Elbow.L_x,Elbow.L_y,Elbow.L_z,Wrist.L_x,Wrist.L_y,Wrist.L_z,Neck_x,Neck_y,Neck_z,Head_x,Head_y,Head_z,Nose_x,Nose_y,Nose_z,Eye.L_x,Eye.L_y,Eye.L_z,Eye.R_x,Eye.R_y,Eye.R_z,Ear.L_x,Ear.L_y,Ear.L_z,Ear.R_x,Ear.R_y,Ear.R_z,hip.Center_x,hip.Center_y,hip.Center_z
0,-0.1616594,-0.5071525,-0.19899283,-0.107556865,-0.13592866,0.004309895,-0.11764176,0.2880873,0.027695633,0.10739786,0.3019297,-0.04803958,0.14076002,-0.11780619,-0.040729936,0.15606849,-0.48551133,-0.26698893,0.0416909,0.91042674,0.14848848,-0.006568295,0.718219,0.3006488,-0.13769773,0.79411393,0.10086608,0.09303159,0.79606754,-0.049820807,0.19319919,0.55758923,-0.11161004,0.1736936,0.5360665,0.13033417,-0.034252986,0.84975475,0.035155654,-0.0689607,1.0702748,0.0673878,-0.06478766,0.9700147,0.19001125,-0.035553023,1.0181922,0.1593262,-0.10048908,1.0036039,0.14753279,0.02531286,1.0132601,0.06944482,-0.12331461,0.9824434,0.044799436,-0.005121950060129166,0.29500851035118103,-0.010171974077820778
