frame,Ankle.R_x,Ankle.R_y,Ankle.R_z,Knee.R_x,Knee.R_y,Knee.R_z,Hip.R_x,Hip.R_y,Hip.R_z,Hip.L_x,Hip.L_y,Hip.L_z,Knee.L_x,Knee.L_y,Knee.L_z,Ankle.L_x,Ankle.L_y,Ankle.L_z,Wrist.R_x,Wrist.R_y,Wrist.R_z,Elbow.R_x,Elbow.R_y,Elbow.R_z,Shoulder.R_x,Shoulder.R_y,Shoulder.R_z,Shoulder.L_x,Shoulder.L_y,Shoulder.L_z,Elbow.L_x,Elbow.L_y,Elbow.L_z,Wrist.L_x,Wrist.L_y,Wrist.L_z,Neck_x,Neck_y,Neck_z,Head_x,Head_y,Head_z,Nose_x,Nose_y,Nose_z,Eye.L_x,Eye.L_y,Eye.L_z,Eye.R_x,Eye.R_y,Eye.R_z,Ear.L_x,Ear.L_y,Ear.L_z,Ear.R_x,Ear.R_y,Ear.R_z,hip.Center_x,hip.Center_y,hip.Center_z
0,-0.17947905,-0.5999661,-0.34116215,-0.13560115,-0.20711535,-0.040865514,-0.13307403,0.26275167,-0.013217878,0.12675323,0.25910026,-0.025828466,0.13584484,-0.20303135,0.03179684,0.15522796,-0.6297529,-0.22468963,-0.21379548,0.17117476,0.119813904,-0.24246669,0.41600943,-0.025195993,-0.14982024,0.69941485,0.007661132,0.15814203,0.6987019,-0.019362131,0.23258945,0.41877815,-0.101302266,0.24431472,0.1553279,0.00016280089,0.008019291,0.7696734,0.020890238,-0.00073616573,0.9856976,0.054669898,0.0031379312,0.8889706,0.17935085,0.03499784,0.9326787,0.14462304,-0.03243152,0.9272435,0.140698,0.081598945,0.9175252,0.05254077,-0.06864813,0.90644586,0.043527134,-0.0031604021787643433,0.26092594861984253,-0.019523171707987785
