frame,Ankle.R_x,Ankle.R_y,Ankle.R_z,Knee.R_x,Knee.R_y,Knee.R_z,Hip.R_x,Hip.R_y,Hip.R_z,Hip.L_x,Hip.L_y,Hip.L_z,Knee.L_x,Knee.L_y,Knee.L_z,Ankle.L_x,Ankle.L_y,Ankle.L_z,Wrist.R_x,Wrist.R_y,Wrist.R_z,Elbow.R_x,Elbow.R_y,Elbow.R_z,Shoulder.R_x,Shoulder.R_y,Shoulder.R_z,Shoulder.L_x,Shoulder.L_y,Shoulder.L_z,Elbow.L_x,Elbow.L_y,Elbow.L_z,Wrist.L_x,Wrist.L_y,Wrist.L_z,Neck_x,Neck_y,Neck_z,Head_x,Head_y,Head_z,Nose_x,Nose_y,Nose_z,Eye.L_x,Eye.L_y,Eye.L_z,Eye.R_x,Eye.R_y,Eye.R_z,Ear.L_x,Ear.L_y,Ear.L_z,Ear.R_x,Ear.R_y,Ear.R_z,hip.Center_x,hip.Center_y,hip.Center_z
0,-0.110558756,-0.67090726,0.107706085,-0.005302062,-0.20175412,0.096454084,-0.017692253,0.2557925,0.10049684,0.02697001,0.2334175,-0.14527325,0.12683472,-0.2033455,-0.06606939,-0.010087493,-0.66706395,-0.09963183,0.01910054,0.16690382,0.32842776,-0.07908393,0.39725572,0.21093598,-0.0386479,0.66077036,0.0964656,0.015464412,0.6550471,-0.18883789,-0.03217915,0.3809557,-0.2692138,0.03478641,0.117026865,-0.28280714,0.014258273,0.7241486,-0.04298444,0.0769219,0.929157,-0.024619685,0.16357908,0.81207997,0.022561394,0.15767795,0.8575771,-0.019414686,0.12557814,0.85909903,0.038589805,0.09326129,0.8586923,-0.09699386,0.02542895,0.8630277,0.029106759,0.004638878628611565,0.24460500478744507,-0.02238820493221283
