frame,Ankle.R_x,Ankle.R_y,Ankle.R_z,Knee.R_x,Knee.R_y,Knee.R_z,Hip.R_x,Hip.R_y,Hip.R_z,Hip.L_x,Hip.L_y,Hip.L_z,Knee.L_x,Knee.L_y,Knee.L_z,Ankle.L_x,Ankle.L_y,Ankle.L_z,Wrist.R_x,Wrist.R_y,Wrist.R_z,Elbow.R_x,Elbow.R_y,Elbow.R_z,Shoulder.R_x,Shoulder.R_y,Shoulder.R_z,Shoulder.L_x,Shoulder.L_y,Shoulder.L_z,Elbow.L_x,Elbow.L_y,Elbow.L_z,Wrist.L_x,Wrist.L_y,Wrist.L_z,Neck_x,Neck_y,Neck_z,Head_x,Head_y,Head_z,Nose_x,Nose_y,Nose_z,Eye.L_x,Eye.L_y,Eye.L_z,Eye.R_x,Eye.R_y,Eye.R_z,Ear.L_x,Ear.L_y,Ear.L_z,Ear.R_x,Ear.R_y,Ear.R_z,hip.Center_x,hip.Center_y,hip.Center_z
0,-0.1785746,-0.48917744,-0.23622382,-0.14511696,-0.13209769,-0.01431467,-0.11793806,0.28560776,0.020901388,0.10884292,0.2904861,-0.043032054,0.13968869,-0.12103909,-0.06003699,0.17538479,-0.47732836,-0.29467785,0.29131615,0.7348185,0.27303642,0.049480017,0.69887125,0.34103522,-0.0852331,0.7838458,0.14034782,0.11082266,0.7680899,-0.045669988,0.2718127,0.5686285,-0.09973619,0.22684349,0.71847826,0.08325324,0.0058125276,0.82713926,0.0554881,-0.009741031,1.0411489,0.058944,-0.034761213,0.95700794,0.18978927,0.0014824793,1.0003693,0.16107626,-0.05918543,0.9853834,0.13701288,0.079007074,0.9837621,0.08805114,-0.060920767,0.9532232,0.036657445,-0.004547569900751114,0.2880469262599945,-0.011065333150327206
