frame,Ankle.R_x,Ankle.R_y,Ankle.R_z,Knee.R_x,Knee.R_y,Knee.R_z,Hip.R_x,Hip.R_y,Hip.R_z,Hip.L_x,Hip.L_y,Hip.L_z,Knee.L_x,Knee.L_y,Knee.L_z,Ankle.L_x,Ankle.L_y,Ankle.L_z,Wrist.R_x,Wrist.R_y,Wrist.R_z,Elbow.R_x,Elbow.R_y,Elbow.R_z,Shoulder.R_x,Shoulder.R_y,Shoulder.R_z,Shoulder.L_x,Shoulder.L_y,Shoulder.L_z,Elbow.L_x,Elbow.L_y,Elbow.L_z,Wrist.L_x,Wrist.L_y,Wrist.L_z,Neck_x,Neck_y,Neck_z,Head_x,Head_y,Head_z,Nose_x,Nose_y,Nose_z,Eye.L_x,Eye.L_y,Eye.L_z,Eye.R_x,Eye.R_y,Eye.R_z,Ear.L_x,Ear.L_y,Ear.L_z,Ear.R_x,Ear.R_y,Ear.R_z,hip.Center_x,hip.Center_y,hip.Center_z
0,-0.18945466,-0.4807421,-0.26092178,-0.12447235,-0.13198952,-0.017615654,-0.11737583,0.29282194,0.029258404,0.10773591,0.30685306,-0.05009774,0.13065587,-0.11613602,-0.071099006,0.1356331,-0.4672349,-0.32824692,0.07062751,0.8849981,0.1117029,0.011184735,0.71352315,0.28695697,-0.13575658,0.8095502,0.10504724,0.08661369,0.8123584,-0.06149367,0.22348633,0.58429855,-0.09348681,0.17579287,0.6857735,0.1236165,-0.038537383,0.8650962,0.030336943,-0.075484514,1.0857503,0.07203258,-0.06040726,0.9799942,0.19034503,-0.034560435,1.0303967,0.15932193,-0.09982649,1.0144029,0.15097967,0.02119568,1.0307981,0.065258995,-0.12931505,0.9965793,0.0481335,-0.004819959402084351,0.29983749985694885,-0.01041966862976551
