frame,Ankle.R_x,Ankle.R_y,Ankle.R_z,Knee.R_x,Knee.R_y,Knee.R_z,Hip.R_x,Hip.R_y,Hip.R_z,Hip.L_x,Hip.L_y,Hip.L_z,Knee.L_x,Knee.L_y,Knee.L_z,Ankle.L_x,Ankle.L_y,Ankle.L_z,Wrist.R_x,Wrist.R_y,Wrist.R_z,Elbow.R_x,Elbow.R_y,Elbow.R_z,Shoulder.R_x,Shoulder.R_y,Shoulder.R_z,Shoulder.L_x,Shoulder.L_y,Shoulder.L_z,Elbow.L_x,Elbow.L_y,Elbow.L_z,Wrist.L_x,Wrist.L_y,Wrist.L_z,Neck_x,Neck_y,Neck_z,Head_x,Head_y,Head_z,Nose_x,Nose_y,Nose_z,Eye.L_x,Eye.L_y,Eye.L_z,Eye.R_x,Eye.R_y,Eye.R_z,Ear.L_x,Ear.L_y,Ear.L_z,Ear.R_x,Ear.R_y,Ear.R_z,hip.Center_x,hip.Center_y,hip.Center_z
0,-0.16226557,-0.49759525,-0.23298639,-0.10943572,-0.13770963,-0.008599531,-0.11845332,0.28564823,0.026451636,0.10803163,0.30343303,-0.046763234,0.14105223,-0.11692353,-0.04927171,0.16580473,-0.47300816,-0.2929864,0.060034342,0.9042538,0.13666694,0.014701877,0.71812123,0.2977473,-0.13557597,0.7961482,0.114291824,0.0854804,0.8027737,-0.03925437,0.21598063,0.5760237,-0.06683074,0.16625978,0.6521594,0.1586998,-0.039438464,0.8510471,0.0463573,-0.0795267,1.0682772,0.08136419,-0.059090782,0.96934646,0.20401761,-0.03523013,1.0185084,0.17030269,-0.10020495,1.0008881,0.16480085,0.01697385,1.0151653,0.07506395,-0.13178694,0.97776103,0.064527914,-0.005210842937231064,0.2945406436920166,-0.010155798867344856
