frame,Ankle.R_x,Ankle.R_y,Ankle.R_z,Knee.R_x,Knee.R_y,Knee.R_z,Hip.R_x,Hip.R_y,Hip.R_z,Hip.L_x,Hip.L_y,Hip.L_z,Knee.L_x,Knee.L_y,Knee.L_z,Ankle.L_x,Ankle.L_y,Ankle.L_z,Wrist.R_x,Wrist.R_y,Wrist.R_z,Elbow.R_x,Elbow.R_y,Elbow.R_z,Shoulder.R_x,Shoulder.R_y,Shoulder.R_z,Shoulder.L_x,Shoulder.L_y,Shoulder.L_z,Elbow.L_x,Elbow.L_y,Elbow.L_z,Wrist.L_x,Wrist.L_y,Wrist.L_z,Neck_x,Neck_y,Neck_z,Head_x,Head_y,Head_z,Nose_x,Nose_y,Nose_z,Eye.L_x,Eye.L_y,Eye.L_z,Eye.R_x,Eye.R_y,Eye.R_z,Ear.L_x,Ear.L_y,Ear.L_z,Ear.R_x,Ear.R_y,Ear.R_z,hip.Center_x,hip.Center_y,hip.Center_z
0,-0.18022062,-0.49615136,-0.22601204,-0.13288097,-0.13449332,0.00038892915,-0.11917874,0.28870842,0.023619525,0.10977671,0.30008635,-0.04540783,0.13441826,-0.12051585,-0.058297805,0.16226485,-0.48467213,-0.2951672,0.16075169,0.8513977,0.15639928,0.005837697,0.7688201,0.34075052,-0.11971627,0.8028131,0.11194359,0.08414406,0.7835451,-0.08109173,0.1648958,0.5571548,-0.21428236,0.21707465,0.5912771,0.018914768,-0.022988655,0.8470272,0.028603226,-0.039487988,1.0686326,0.08311663,-0.036292117,0.95368487,0.19156805,-0.0054990333,1.0032218,0.16534108,-0.07156673,0.9945073,0.15551005,0.05038067,1.0057993,0.072592564,-0.10114966,0.9883741,0.05223845,-0.00470101460814476,0.29439738392829895,-0.010894153267145157
