frame,Ankle.R_x,Ankle.R_y,Ankle.R_z,Knee.R_x,Knee.R_y,Knee.R_z,Hip.R_x,Hip.R_y,Hip.R_z,Hip.L_x,Hip.L_y,Hip.L_z,Knee.L_x,Knee.L_y,Knee.L_z,Ankle.L_x,Ankle.L_y,Ankle.L_z,Wrist.R_x,Wrist.R_y,Wrist.R_z,Elbow.R_x,Elbow.R_y,Elbow.R_z,Shoulder.R_x,Shoulder.R_y,Shoulder.R_z,Shoulder.L_x,Shoulder.L_y,Shoulder.L_z,Elbow.L_x,Elbow.L_y,Elbow.L_z,Wrist.L_x,Wrist.L_y,Wrist.L_z,Neck_x,Neck_y,Neck_z,Head_x,Head_y,Head_z,Nose_x,Nose_y,Nose_z,Eye.L_x,Eye.L_y,Eye.L_z,Eye.R_x,Eye.R_y,Eye.R_z,Ear.L_x,Ear.L_y,Ear.L_z,Ear.R_x,Ear.R_y,Ear.R_z,hip.Center_x,hip.Center_y,hip.Center_z
0,-0.16064464,-0.5035883,-0.2455777,-0.14746054,-0.13544741,-0.004186204,-0.12556173,0.2959479,-0.016091114,0.11433989,0.29971883,-0.010307494,0.13854846,-0.12839742,-0.01983785,0.18967721,-0.49838775,-0.26051134,-0.16122937,1.1801261,0.15690781,-0.32317206,0.9834081,0.14223048,-0.13699384,0.83926284,0.006681393,0.12775439,0.78696966,-0.03025817,0.20927387,0.5648401,-0.1634525,0.20768455,0.4609881,0.061320134,-0.0052741794,0.8566288,0.019681308,-0.012459763,1.0633194,0.12227233,-0.06168639,0.932926,0.19676316,-0.01637089,0.9781821,0.19153859,-0.077199906,0.9869188,0.16326642,0.06443247,0.9852003,0.12016222,-0.07530385,1.0060418,0.05661963,-0.005610920488834381,0.2978333830833435,-0.013199303299188614
