frame,Ankle.R_x,Ankle.R_y,Ankle.R_z,Knee.R_x,Knee.R_y,Knee.R_z,Hip.R_x,Hip.R_y,Hip.R_z,Hip.L_x,Hip.L_y,Hip.L_z,Knee.L_x,Knee.L_y,Knee.L_z,Ankle.L_x,Ankle.L_y,Ankle.L_z,Wrist.R_x,Wrist.R_y,Wrist.R_z,Elbow.R_x,Elbow.R_y,Elbow.R_z,Shoulder.R_x,Shoulder.R_y,Shoulder.R_z,Shoulder.L_x,Shoulder.L_y,Shoulder.L_z,Elbow.L_x,Elbow.L_y,Elbow.L_z,Wrist.L_x,Wrist.L_y,Wrist.L_z,Neck_x,Neck_y,Neck_z,Head_x,Head_y,Head_z,Nose_x,Nose_y,Nose_z,Eye.L_x,Eye.L_y,Eye.L_z,Eye.R_x,Eye.R_y,Eye.R_z,Ear.L_x,Ear.L_y,Ear.L_z,Ear.R_x,Ear.R_y,Ear.R_z,hip.Center_x,hip.Center_y,hip.Center_z
0,-0.16348,-0.519339,-0.25191596,-0.15618825,-0.14641492,-0.017837834,-0.1254835,0.27972126,-0.032121524,0.11423414,0.2814977,0.00025150488,0.13326444,-0.14404154,0.008973552,0.19624162,-0.5293606,-0.2010677,-0.10388898,1.1822737,0.11017785,-0.27111974,0.98778665,0.07172045,-0.11956572,0.79986,-0.040885814,0.11380717,0.79774475,0.01280762,0.16974685,0.95976496,0.20851132,-0.030179523,1.1157366,0.17392106,-0.0047902158,0.82245535,-0.008273233,-0.014310113,1.0351353,0.039244473,-0.050677873,0.93245673,0.15256917,-0.009169864,0.9747215,0.13137129,-0.07187367,0.97312284,0.10786205,0.06371207,0.96301556,0.05463118,-0.079519294,0.9605528,-2.4721026e-05,-0.005624677985906601,0.28060948848724365,-0.015935009345412254
