frame,Ankle.R_x,Ankle.R_y,Ankle.R_z,Knee.R_x,Knee.R_y,Knee.R_z,Hip.R_x,Hip.R_y,Hip.R_z,Hip.L_x,Hip.L_y,Hip.L_z,Knee.L_x,Knee.L_y,Knee.L_z,Ankle.L_x,Ankle.L_y,Ankle.L_z,Wrist.R_x,Wrist.R_y,Wrist.R_z,Elbow.R_x,Elbow.R_y,Elbow.R_z,Shoulder.R_x,Shoulder.R_y,Shoulder.R_z,Shoulder.L_x,Shoulder.L_y,Shoulder.L_z,Elbow.L_x,Elbow.L_y,Elbow.L_z,Wrist.L_x,Wrist.L_y,Wrist.L_z,Neck_x,Neck_y,Neck_z,Head_x,Head_y,Head_z,Nose_x,Nose_y,Nose_z,Eye.L_x,Eye.L_y,Eye.L_z,Eye.R_x,Eye.R_y,Eye.R_z,Ear.L_x,Ear.L_y,Ear.L_z,Ear.R_x,Ear.R_y,Ear.R_z,hip.Center_x,hip.Center_y,hip.Center_z
0,-0.14663474,-0.5321702,-0.24657519,-0.14884062,-0.15122558,-0.022208322,-0.12522951,0.27693647,-0.03375844,0.11421137,0.2806131,0.003929198,0.12833507,-0.14695376,0.009815444,0.19810116,-0.53792906,-0.19073242,-0.10206545,1.2041767,0.059905168,-0.26076186,1.0008237,0.055123705,-0.11552164,0.801219,-0.045643315,0.124074966,0.7818735,0.008520116,0.25385457,0.85620725,0.22288446,0.07247001,1.0289657,0.24680857,-0.0019064723,0.8194645,-0.010730813,-0.011703988,1.0311184,0.048811674,-0.06417023,0.92027307,0.14652537,-0.019725945,0.9631122,0.13498747,-0.07862679,0.96517074,0.10329953,0.062117778,0.95622575,0.067610264,-0.071819566,0.9619918,-0.0044818446,-0.005509067326784134,0.27877479791641235,-0.014914620667696
