frame,Ankle.R_x,Ankle.R_y,Ankle.R_z,Knee.R_x,Knee.R_y,Knee.R_z,Hip.R_x,Hip.R_y,Hip.R_z,Hip.L_x,Hip.L_y,Hip.L_z,Knee.L_x,Knee.L_y,Knee.L_z,Ankle.L_x,Ankle.L_y,Ankle.L_z,Wrist.R_x,Wrist.R_y,Wrist.R_z,Elbow.R_x,Elbow.R_y,Elbow.R_z,Shoulder.R_x,Shoulder.R_y,Shoulder.R_z,Shoulder.L_x,Shoulder.L_y,Shoulder.L_z,Elbow.L_x,Elbow.L_y,Elbow.L_z,Wrist.L_x,Wrist.L_y,Wrist.L_z,Neck_x,Neck_y,Neck_z,Head_x,Head_y,Head_z,Nose_x,Nose_y,Nose_z,Eye.L_x,Eye.L_y,Eye.L_z,Eye.R_x,Eye.R_y,Eye.R_z,Ear.L_x,Ear.L_y,Ear.L_z,Ear.R_x,Ear.R_y,Ear.R_z,hip.Center_x,hip.Center_y,hip.Center_z
0,-0.14188647,-0.509168,-0.22860985,-0.1446014,-0.13441065,-0.0015088976,-0.12578115,0.29577345,-0.023140788,0.11412682,0.29856783,-0.0061532594,0.13481928,-0.12794404,0.006559753,0.17595573,-0.5117506,-0.20613842,-0.25469813,0.92285234,0.11014273,-0.41189867,0.76006633,0.0068760985,-0.14920832,0.8185007,-0.02044613,0.12888022,0.8010847,0.0016528927,0.30737454,0.6066658,-0.061366525,0.301744,0.6038739,0.18255155,-0.0112294825,0.8534958,0.026536366,-0.00076718605,1.0387414,0.1639101,-0.020230848,0.8920129,0.21926118,0.019723248,0.94130325,0.20986061,-0.047005333,0.9495029,0.20584369,0.07136504,0.97066075,0.12155129,-0.082158536,0.990005,0.11060698,-0.005827166140079498,0.29717063903808594,-0.014647023752331734
