frame,Ankle.R_x,Ankle.R_y,Ankle.R_z,Knee.R_x,Knee.R_y,Knee.R_z,Hip.R_x,Hip.R_y,Hip.R_z,Hip.L_x,Hip.L_y,Hip.L_z,Knee.L_x,Knee.L_y,Knee.L_z,Ankle.L_x,Ankle.L_y,Ankle.L_z,Wrist.R_x,Wrist.R_y,Wrist.R_z,Elbow.R_x,Elbow.R_y,Elbow.R_z,Shoulder.R_x,Shoulder.R_y,Shoulder.R_z,Shoulder.L_x,Shoulder.L_y,Shoulder.L_z,Elbow.L_x,Elbow.L_y,Elbow.L_z,Wrist.L_x,Wrist.L_y,Wrist.L_z,Neck_x,Neck_y,Neck_z,Head_x,Head_y,Head_z,Nose_x,Nose_y,Nose_z,Eye.L_x,Eye.L_y,Eye.L_z,Eye.R_x,Eye.R_y,Eye.R_z,Ear.L_x,Ear.L_y,Ear.L_z,Ear.R_x,Ear.R_y,Ear.R_z,hip.Center_x,hip.Center_y,hip.Center_z
0,-0.16876617,-0.50819534,-0.14447866,-0.07590953,-0.13637467,0.043353256,-0.10128771,0.2910325,0.05542974,0.093138784,0.303714,-0.07551582,0.1235632,-0.118711196,-0.06684057,0.07375388,-0.49757802,-0.26820683,0.08480595,0.86336035,0.08854503,0.0025787542,0.7126529,0.27230915,-0.1335564,0.80741626,0.08421719,0.05433135,0.79873484,-0.11878653,0.12862703,0.55741864,-0.21124618,0.24992977,0.41669574,-0.0472091,-0.044967677,0.858491,-0.0067770183,-0.065854415,1.0808723,0.022026204,-0.014110343,0.9905879,0.14205903,0.00085840095,1.0347345,0.09760108,-0.06363061,1.0220472,0.11395049,0.021049999,1.0207272,-0.007958457,-0.12612188,0.9926784,0.030628748,-0.004074461758136749,0.2973732352256775,-0.010043039917945862
