frame,Ankle.R_x,Ankle.R_y,Ankle.R_z,Knee.R_x,Knee.R_y,Knee.R_z,Hip.R_x,Hip.R_y,Hip.R_z,Hip.L_x,Hip.L_y,Hip.L_z,Knee.L_x,Knee.L_y,Knee.L_z,Ankle.L_x,Ankle.L_y,Ankle.L_z,Wrist.R_x,Wrist.R_y,Wrist.R_z,Elbow.R_x,Elbow.R_y,Elbow.R_z,Shoulder.R_x,Shoulder.R_y,Shoulder.R_z,Shoulder.L_x,Shoulder.L_y,Shoulder.L_z,Elbow.L_x,Elbow.L_y,Elbow.L_z,Wrist.L_x,Wrist.L_y,Wrist.L_z,Neck_x,Neck_y,Neck_z,Head_x,Head_y,Head_z,Nose_x,Nose_y,Nose_z,Eye.L_x,Eye.L_y,Eye.L_z,Eye.R_x,Eye.R_y,Eye.R_z,Ear.L_x,Ear.L_y,Ear.L_z,Ear.R_x,Ear.R_y,Ear.R_z,hip.Center_x,hip.Center_y,hip.Center_z
0,-0.16868246,-0.4473106,-0.31275204,-0.12813286,-0.12165325,-0.039292693,-0.124319226,0.30233744,0.016809002,0.11137313,0.31006014,-0.036029745,0.14941883,-0.10757042,-0.06534329,0.1883108,-0.40628645,-0.3770391,0.17248236,0.6293828,0.1929452,-0.07029739,0.61365336,0.27994817,-0.1387411,0.8063082,0.114387386,0.11463832,0.8191048,-0.042964302,0.20836744,0.6005244,-0.18451129,0.1747864,0.55955887,0.05514702,-0.017002452,0.8750669,0.048096992,-0.05091499,1.1035812,0.08211006,-0.060689688,0.99560624,0.20009035,-0.028370462,1.0460064,0.17459258,-0.09143089,1.0318825,0.15417534,0.044628102,1.0451653,0.09245218,-0.10280288,1.0158831,0.04659711,-0.006473049521446228,0.30619877576828003,-0.00961037166416645
