frame,Ankle.R_x,Ankle.R_y,Ankle.R_z,Knee.R_x,Knee.R_y,Knee.R_z,Hip.R_x,Hip.R_y,Hip.R_z,Hip.L_x,Hip.L_y,Hip.L_z,Knee.L_x,Knee.L_y,Knee.L_z,Ankle.L_x,Ankle.L_y,Ankle.L_z,Wrist.R_x,Wrist.R_y,Wrist.R_z,Elbow.R_x,Elbow.R_y,Elbow.R_z,Shoulder.R_x,Shoulder.R_y,Shoulder.R_z,Shoulder.L_x,Shoulder.L_y,Shoulder.L_z,Elbow.L_x,Elbow.L_y,Elbow.L_z,Wrist.L_x,Wrist.L_y,Wrist.L_z,Neck_x,Neck_y,Neck_z,Head_x,Head_y,Head_z,Nose_x,Nose_y,Nose_z,Eye.L_x,Eye.L_y,Eye.L_z,Eye.R_x,Eye.R_y,Eye.R_z,Ear.L_x,Ear.L_y,Ear.L_z,Ear.R_x,Ear.R_y,Ear.R_z,hip.Center_x,hip.Center_y,hip.Center_z
0,-0.13492873,-0.46709028,-0.30336374,-0.14133526,-0.12659962,-0.04488605,-0.12150033,0.2975936,-0.05122865,0.104791164,0.29395968,0.02670862,0.12592627,-0.12619302,-0.024487723,0.20757198,-0.46096352,-0.28499472,0.04355104,0.7913633,0.05545861,-0.1500777,0.64195144,0.12251609,-0.16521601,0.80871695,-0.037174363,0.085878104,0.8216915,0.029508177,0.18888897,0.5867668,0.04196538,0.10298958,0.49545226,0.2546211,-0.05512453,0.8651843,-0.0028713383,-0.08816194,1.084462,0.009904989,-0.17317517,0.9851923,0.10071103,-0.12678595,1.0291771,0.09840245,-0.17077202,1.0221741,0.04755194,-0.023250636,1.0170635,0.06801298,-0.12506703,1.0014181,-0.048576433,-0.008354581892490387,0.2957766354084015,-0.01226001512259245
