frame,Ankle.R_x,Ankle.R_y,Ankle.R_z,Knee.R_x,Knee.R_y,Knee.R_z,Hip.R_x,Hip.R_y,Hip.R_z,Hip.L_x,Hip.L_y,Hip.L_z,Knee.L_x,Knee.L_y,Knee.L_z,Ankle.L_x,Ankle.L_y,Ankle.L_z,Wrist.R_x,Wrist.R_y,Wrist.R_z,Elbow.R_x,Elbow.R_y,Elbow.R_z,Shoulder.R_x,Shoulder.R_y,Shoulder.R_z,Shoulder.L_x,Shoulder.L_y,Shoulder.L_z,Elbow.L_x,Elbow.L_y,Elbow.L_z,Wrist.L_x,Wrist.L_y,Wrist.L_z,Neck_x,Neck_y,Neck_z,Head_x,Head_y,Head_z,Nose_x,Nose_y,Nose_z,Eye.L_x,Eye.L_y,Eye.L_z,Eye.R_x,Eye.R_y,Eye.R_z,Ear.L_x,Ear.L_y,Ear.L_z,Ear.R_x,Ear.R_y,Ear.R_z,hip.Center_x,hip.Center_y,hip.Center_z
0,-0.1449142,-0.52818435,-0.08254196,-0.055772636,-0.13536717,0.05363209,-0.0926934,0.28835797,0.06666462,0.08382838,0.3069665,-0.08844796,0.14704916,-0.107934244,-0.08447191,0.11054774,-0.49329743,-0.27184626,0.07607987,0.8892672,0.1318337,0.024334617,0.7018719,0.28872982,-0.1274848,0.7978698,0.114235684,0.04437656,0.8046137,-0.10343436,0.1203817,0.5701746,-0.20265587,0.22133936,0.48121542,0.0029919068,-0.047625832,0.8557134,0.017582841,-0.07840061,1.0749724,0.051051695,-0.013234901,0.986671,0.1659776,-0.0041237,1.0324976,0.12159286,-0.06643278,1.015022,0.14149147,0.010797197,1.0211492,0.014539033,-0.13166852,0.98317444,0.061674826,-0.004432510584592819,0.29766225814819336,-0.010891668498516083
