frame,Ankle.R_x,Ankle.R_y,Ankle.R_z,Knee.R_x,Knee.R_y,Knee.R_z,Hip.R_x,Hip.R_y,Hip.R_z,Hip.L_x,Hip.L_y,Hip.L_z,Knee.L_x,Knee.L_y,Knee.L_z,Ankle.L_x,Ankle.L_y,Ankle.L_z,Wrist.R_x,Wrist.R_y,Wrist.R_z,Elbow.R_x,Elbow.R_y,Elbow.R_z,Shoulder.R_x,Shoulder.R_y,Shoulder.R_z,Shoulder.L_x,Shoulder.L_y,Shoulder.L_z,Elbow.L_x,Elbow.L_y,Elbow.L_z,Wrist.L_x,Wrist.L_y,Wrist.L_z,Neck_x,Neck_y,Neck_z,Head_x,Head_y,Head_z,Nose_x,Nose_y,Nose_z,Eye.L_x,Eye.L_y,Eye.L_z,Eye.R_x,Eye.R_y,Eye.R_z,Ear.L_x,Ear.L_y,Ear.L_z,Ear.R_x,Ear.R_y,Ear.R_z,hip.Center_x,hip.Center_y,hip.Center_z
0,-0.13117951,-0.47309208,-0.30971158,-0.1396369,-0.12741664,-0.056746718,-0.11982082,0.29813904,-0.055018187,0.10321939,0.29260945,0.031202406,0.11617096,-0.12955177,-0.011951197,0.19636156,-0.48593307,-0.24321304,0.035274018,0.80182517,0.047545973,-0.14930384,0.6451736,0.123728655,-0.16164358,0.8055713,-0.041794434,0.09145203,0.8152175,0.026824642,0.18848959,0.5766543,0.0055920538,0.16576648,0.405758,0.18521766,-0.050993808,0.86175174,-0.0039431117,-0.091696896,1.0803647,0.013971766,-0.17772889,0.9758901,0.09690273,-0.13253346,1.0210649,0.09856203,-0.17385222,1.0146499,0.045386314,-0.027371932,1.0132085,0.07293189,-0.12307433,0.9984205,-0.048662417,-0.008300714194774628,0.2953742444515228,-0.011907890439033508
