frame,Ankle.R_x,Ankle.R_y,Ankle.R_z,Knee.R_x,Knee.R_y,Knee.R_z,Hip.R_x,Hip.R_y,Hip.R_z,Hip.L_x,Hip.L_y,Hip.L_z,Knee.L_x,Knee.L_y,Knee.L_z,Ankle.L_x,Ankle.L_y,Ankle.L_z,Wrist.R_x,Wrist.R_y,Wrist.R_z,Elbow.R_x,Elbow.R_y,Elbow.R_z,Shoulder.R_x,Shoulder.R_y,Shoulder.R_z,Shoulder.L_x,Shoulder.L_y,Shoulder.L_z,Elbow.L_x,Elbow.L_y,Elbow.L_z,Wrist.L_x,Wrist.L_y,Wrist.L_z,Neck_x,Neck_y,Neck_z,Head_x,Head_y,Head_z,Nose_x,Nose_y,Nose_z,Eye.L_x,Eye.L_y,Eye.L_z,Eye.R_x,Eye.R_y,Eye.R_z,Ear.L_x,Ear.L_y,Ear.L_z,Ear.R_x,Ear.R_y,Ear.R_z,hip.Center_x,hip.Center_y,hip.Center_z
0,-0.17590989,-0.5331234,-0.2140599,-0.1491821,-0.1453289,-0.007367185,-0.12526199,0.28259885,-0.021029796,0.11575183,0.28575364,-0.0072808834,0.13189399,-0.1411102,-0.0088188285,0.18883938,-0.5292945,-0.2144385,-0.18401085,1.2330848,0.19242449,-0.26608893,1.0077679,0.09476828,-0.114015095,0.81818604,-0.021632414,0.13717459,0.7734767,-0.02214357,0.36719912,0.67467666,0.067384705,0.2583054,0.76138496,0.27320552,0.0044551278,0.82916754,-0.0045962743,0.0020129622,1.0371947,0.06539436,-0.045460194,0.92162514,0.16164947,-0.0012204759,0.9649384,0.14885157,-0.06189322,0.96874857,0.12069166,0.07661629,0.96054626,0.07603827,-0.062012084,0.97021735,0.01322706,-0.004755079746246338,0.284176230430603,-0.014155339449644089
