frame,Ankle.R_x,Ankle.R_y,Ankle.R_z,Knee.R_x,Knee.R_y,Knee.R_z,Hip.R_x,Hip.R_y,Hip.R_z,Hip.L_x,Hip.L_y,Hip.L_z,Knee.L_x,Knee.L_y,Knee.L_z,Ankle.L_x,Ankle.L_y,Ankle.L_z,Wrist.R_x,Wrist.R_y,Wrist.R_z,Elbow.R_x,Elbow.R_y,Elbow.R_z,Shoulder.R_x,Shoulder.R_y,Shoulder.R_z,Shoulder.L_x,Shoulder.L_y,Shoulder.L_z,Elbow.L_x,Elbow.L_y,Elbow.L_z,Wrist.L_x,Wrist.L_y,Wrist.L_z,Neck_x,Neck_y,Neck_z,Head_x,Head_y,Head_z,Nose_x,Nose_y,Nose_z,Eye.L_x,Eye.L_y,Eye.L_z,Eye.R_x,Eye.R_y,Eye.R_z,Ear.L_x,Ear.L_y,Ear.L_z,Ear.R_x,Ear.R_y,Ear.R_z,hip.Center_x,hip.Center_y,hip.Center_z
0,-0.110568814,-0.6709058,0.10769822,-0.005304669,-0.20175406,0.096453205,-0.017696973,0.25579327,0.10049584,0.026973676,0.23341551,-0.14527223,0.12685198,-0.20334218,-0.066054344,-0.010074012,-0.6670598,-0.09961298,0.019076692,0.16690056,0.3284205,-0.07909628,0.3972561,0.21092662,-0.038651273,0.66077006,0.09645868,0.015470568,0.65504354,-0.18884252,-0.032175764,0.38095254,-0.26921752,0.034782883,0.11702203,-0.2828114,0.014260433,0.7241466,-0.04298979,0.07692462,0.92915446,-0.024622964,0.16357762,0.8120771,0.022564322,0.15767966,0.85757416,-0.019412301,0.12557594,0.8590966,0.038589947,0.09326834,0.85868937,-0.096995756,0.02542767,0.8630259,0.029100172,0.004638351500034332,0.24460439383983612,-0.022388193756341934
