frame,Ankle.R_x,Ankle.R_y,Ankle.R_z,Knee.R_x,Knee.R_y,Knee.R_z,Hip.R_x,Hip.R_y,Hip.R_z,Hip.L_x,Hip.L_y,Hip.L_z,Knee.L_x,Knee.L_y,Knee.L_z,Ankle.L_x,Ankle.L_y,Ankle.L_z,Wrist.R_x,Wrist.R_y,Wrist.R_z,Elbow.R_x,Elbow.R_y,Elbow.R_z,Shoulder.R_x,Shoulder.R_y,Shoulder.R_z,Shoulder.L_x,Shoulder.L_y,Shoulder.L_z,Elbow.L_x,Elbow.L_y,Elbow.L_z,Wrist.L_x,Wrist.L_y,Wrist.L_z,Neck_x,Neck_y,Neck_z,Head_x,Head_y,Head_z,Nose_x,Nose_y,Nose_z,Eye.L_x,Eye.L_y,Eye.L_z,Eye.R_x,Eye.R_y,Eye.R_z,Ear.L_x,Ear.L_y,Ear.L_z,Ear.R_x,Ear.R_y,Ear.R_z,hip.Center_x,hip.Center_y,hip.Center_z
0,-0.14916444,-0.4895199,-0.28287438,-0.15209931,-0.14113371,-0.021925146,-0.1265337,0.28533697,-0.031601183,0.11391542,0.2784538,0.0006919502,0.12766008,-0.14302404,0.0070449077,0.1866098,-0.5005046,-0.24215725,-0.13187255,1.0658779,0.13083808,-0.31280357,0.88978946,0.1457299,-0.11886815,0.78411263,-0.0042093163,0.1351313,0.790601,0.055784248,0.22344728,0.9553946,0.24333423,0.098227665,1.1779484,0.23192959,0.009805947,0.8180276,0.029752055,0.0017702143,1.0328276,0.07608819,0.0010980219,0.9313543,0.19632287,0.034203745,0.9739608,0.16399729,-0.032669507,0.9710864,0.1598208,0.082011126,0.9622733,0.06985592,-0.07119343,0.95709336,0.05780545,-0.006309140473604202,0.28189539909362793,-0.015454616397619247
