frame,Ankle.R_x,Ankle.R_y,Ankle.R_z,Knee.R_x,Knee.R_y,Knee.R_z,Hip.R_x,Hip.R_y,Hip.R_z,Hip.L_x,Hip.L_y,Hip.L_z,Knee.L_x,Knee.L_y,Knee.L_z,Ankle.L_x,Ankle.L_y,Ankle.L_z,Wrist.R_x,Wrist.R_y,Wrist.R_z,Elbow.R_x,Elbow.R_y,Elbow.R_z,Shoulder.R_x,Shoulder.R_y,Shoulder.R_z,Shoulder.L_x,Shoulder.L_y,Shoulder.L_z,Elbow.L_x,Elbow.L_y,Elbow.L_z,Wrist.L_x,Wrist.L_y,Wrist.L_z,Neck_x,Neck_y,Neck_z,Head_x,Head_y,Head_z,Nose_x,Nose_y,Nose_z,Eye.L_x,Eye.L_y,Eye.L_z,Eye.R_x,Eye.R_y,Eye.R_z,Ear.L_x,Ear.L_y,Ear.L_z,Ear.R_x,Ear.R_y,Ear.R_z,hip.Center_x,hip.Center_y,hip.Center_z
0,-0.17844787,-0.5174195,-0.2082916,-0.12166751,-0.13821404,-0.008304153,-0.119827315,0.28785557,0.022460468,0.11027703,0.29984462,-0.043946248,0.13513894,-0.122524396,-0.06631995,0.15935452,-0.5004312,-0.2854597,0.056393374,0.8975348,0.13351607,-0.013431831,0.7202332,0.29927015,-0.1395545,0.7964974,0.09234141,0.093881354,0.7962686,-0.05462741,0.2111037,0.5616586,-0.111575216,0.15777726,0.6085874,0.1226192,-0.034770265,0.8494495,0.02854899,-0.06491853,1.068629,0.06763484,-0.070373714,0.96299523,0.1858213,-0.038218398,1.0116777,0.15904135,-0.10262283,0.9992177,0.14261979,0.028141363,1.0090213,0.07286258,-0.119503334,0.98311305,0.03790336,-0.004775144159793854,0.2938500940799713,-0.01074288971722126
