frame,Ankle.R_x,Ankle.R_y,Ankle.R_z,Knee.R_x,Knee.R_y,Knee.R_z,Hip.R_x,Hip.R_y,Hip.R_z,Hip.L_x,Hip.L_y,Hip.L_z,Knee.L_x,Knee.L_y,Knee.L_z,Ankle.L_x,Ankle.L_y,Ankle.L_z,Wrist.R_x,Wrist.R_y,Wrist.R_z,Elbow.R_x,Elbow.R_y,Elbow.R_z,Shoulder.R_x,Shoulder.R_y,Shoulder.R_z,Shoulder.L_x,Shoulder.L_y,Shoulder.L_z,Elbow.L_x,Elbow.L_y,Elbow.L_z,Wrist.L_x,Wrist.L_y,Wrist.L_z,Neck_x,Neck_y,Neck_z,Head_x,Head_y,Head_z,Nose_x,Nose_y,Nose_z,Eye.L_x,Eye.L_y,Eye.L_z,Eye.R_x,Eye.R_y,Eye.R_z,Ear.L_x,Ear.L_y,Ear.L_z,Ear.R_x,Ear.R_y,Ear.R_z,hip.Center_x,hip.Center_y,hip.Center_z
0,-0.18503845,-0.46932396,-0.26443142,-0.12647364,-0.12626545,-0.019264555,-0.1168828,0.29521483,0.029427096,0.10670831,0.30777037,-0.049117412,0.1332624,-0.112072155,-0.058008265,0.13910493,-0.46238863,-0.30918682,0.07061469,0.89179933,0.13011174,-0.014472556,0.7317823,0.30224004,-0.13676909,0.81561136,0.09649859,0.08382481,0.810369,-0.07670584,0.1856402,0.5767418,-0.16488966,0.22325309,0.59745723,0.073096894,-0.036290474,0.868356,0.020792093,-0.06964023,1.0915924,0.066031784,-0.05474488,0.9829834,0.18134727,-0.02842677,1.0334264,0.15095553,-0.094136775,1.0191092,0.14367348,0.025383042,1.0350033,0.055983953,-0.1263231,1.0041648,0.040937677,-0.0050872452557086945,0.3014926016330719,-0.009845158085227013
