frame,Ankle.R_x,Ankle.R_y,Ankle.R_z,Knee.R_x,Knee.R_y,Knee.R_z,Hip.R_x,Hip.R_y,Hip.R_z,Hip.L_x,Hip.L_y,Hip.L_z,Knee.L_x,Knee.L_y,Knee.L_z,Ankle.L_x,Ankle.L_y,Ankle.L_z,Wrist.R_x,Wrist.R_y,Wrist.R_z,Elbow.R_x,Elbow.R_y,Elbow.R_z,Shoulder.R_x,Shoulder.R_y,Shoulder.R_z,Shoulder.L_x,Shoulder.L_y,Shoulder.L_z,Elbow.L_x,Elbow.L_y,Elbow.L_z,Wrist.L_x,Wrist.L_y,Wrist.L_z,Neck_x,Neck_y,Neck_z,Head_x,Head_y,Head_z,Nose_x,Nose_y,Nose_z,Eye.L_x,Eye.L_y,Eye.L_z,Eye.R_x,Eye.R_y,Eye.R_z,Ear.L_x,Ear.L_y,Ear.L_z,Ear.R_x,Ear.R_y,Ear.R_z,hip.Center_x,hip.Center_y,hip.Center_z
0,-0.16727266,-0.51934487,-0.25118864,-0.15095794,-0.14457797,-0.01837612,-0.12545872,0.28495994,-0.022678178,0.11522132,0.2875983,-0.0044543818,0.13356848,-0.13990806,-0.00998774,0.195026,-0.52104616,-0.23017949,-0.11821372,1.2033365,0.09873067,-0.2807002,1.0073504,0.07539911,-0.11739727,0.82097065,-0.027912742,0.13747366,0.7758459,-0.018824454,0.36651316,0.6509819,0.042649694,0.28375024,0.7577254,0.24852958,0.0019610776,0.8344741,-0.0029710997,-0.0071078837,1.0419208,0.08289286,-0.06484659,0.9186698,0.16165352,-0.019351937,0.9624123,0.15800124,-0.07662803,0.9696171,0.12379451,0.06639458,0.9638548,0.09412904,-0.0647545,0.9809377,0.01746063,-0.005118697881698608,0.2862791419029236,-0.013566279783844948
