frame,Ankle.R_x,Ankle.R_y,Ankle.R_z,Knee.R_x,Knee.R_y,Knee.R_z,Hip.R_x,Hip.R_y,Hip.R_z,Hip.L_x,Hip.L_y,Hip.L_z,Knee.L_x,Knee.L_y,Knee.L_z,Ankle.L_x,Ankle.L_y,Ankle.L_z,Wrist.R_x,Wrist.R_y,Wrist.R_z,Elbow.R_x,Elbow.R_y,Elbow.R_z,Shoulder.R_x,Shoulder.R_y,Shoulder.R_z,Shoulder.L_x,Shoulder.L_y,Shoulder.L_z,Elbow.L_x,Elbow.L_y,Elbow.L_z,Wrist.L_x,Wrist.L_y,Wrist.L_z,Neck_x,Neck_y,Neck_z,Head_x,Head_y,Head_z,Nose_x,Nose_y,Nose_z,Eye.L_x,Eye.L_y,Eye.L_z,Eye.R_x,Eye.R_y,Eye.R_z,Ear.L_x,Ear.L_y,Ear.L_z,Ear.R_x,Ear.R_y,Ear.R_z,hip.Center_x,hip.Center_y,hip.Center_z
0,-0.17507498,-0.5199981,-0.20638028,-0.11893538,-0.13958657,-0.009053756,-0.12001814,0.2865685,0.021121368,0.11054091,0.29863724,-0.04253325,0.13177289,-0.124577515,-0.06024492,0.15760727,-0.5024223,-0.27843285,0.051972188,0.903681,0.14531076,-0.003954442,0.70871246,0.2945381,-0.13863929,0.7917692,0.09779219,0.09508386,0.79422736,-0.044618335,0.21160072,0.5577433,-0.07978025,0.1527731,0.6235573,0.14853677,-0.034826815,0.8461664,0.035568483,-0.06679912,1.0640377,0.07437587,-0.073559724,0.9584007,0.19219416,-0.04131155,1.0073191,0.16612466,-0.10529043,0.9943694,0.14855082,0.026514813,1.0052785,0.08118974,-0.12001963,0.9782467,0.043796357,-0.004738613963127136,0.29260286688804626,-0.010705940425395966
