frame,Ankle.R_x,Ankle.R_y,Ankle.R_z,Knee.R_x,Knee.R_y,Knee.R_z,Hip.R_x,Hip.R_y,Hip.R_z,Hip.L_x,Hip.L_y,Hip.L_z,Knee.L_x,Knee.L_y,Knee.L_z,Ankle.L_x,Ankle.L_y,Ankle.L_z,Wrist.R_x,Wrist.R_y,Wrist.R_z,Elbow.R_x,Elbow.R_y,Elbow.R_z,Shoulder.R_x,Shoulder.R_y,Shoulder.R_z,Shoulder.L_x,Shoulder.L_y,Shoulder.L_z,Elbow.L_x,Elbow.L_y,Elbow.L_z,Wrist.L_x,Wrist.L_y,Wrist.L_z,Neck_x,Neck_y,Neck_z,Head_x,Head_y,Head_z,Nose_x,Nose_y,Nose_z,Eye.L_x,Eye.L_y,Eye.L_z,Eye.R_x,Eye.R_y,Eye.R_z,Ear.L_x,Ear.L_y,Ear.L_z,Ear.R_x,Ear.R_y,Ear.R_z,hip.Center_x,hip.Center_y,hip.Center_z
0,-0.16398662,-0.52849984,-0.23488933,-0.15009195,-0.14707051,-0.014398412,-0.1254803,0.28044072,-0.027565312,0.11511409,0.28479844,-0.00245507,0.13171743,-0.14246693,0.0046720607,0.19509895,-0.52750033,-0.20597583,-0.16520533,1.2329146,0.1339631,-0.2695154,1.0040472,0.069428526,-0.11723639,0.81134343,-0.03772615,0.12909137,0.78450644,-0.0040978603,0.30361673,0.8153393,0.18905067,0.13134864,0.9705606,0.28610078,-0.0003847815,0.8273325,-0.01094306,-0.005294741,1.0390408,0.04833113,-0.052647416,0.9288702,0.15021107,-0.008641299,0.9715352,0.13538627,-0.06925915,0.9735854,0.10700925,0.06950084,0.9636559,0.06337623,-0.06900936,0.9692933,-0.0010655746,-0.005183100700378418,0.2826195955276489,-0.01501019112765789
