frame,Ankle.R_x,Ankle.R_y,Ankle.R_z,Knee.R_x,Knee.R_y,Knee.R_z,Hip.R_x,Hip.R_y,Hip.R_z,Hip.L_x,Hip.L_y,Hip.L_z,Knee.L_x,Knee.L_y,Knee.L_z,Ankle.L_x,Ankle.L_y,Ankle.L_z,Wrist.R_x,Wrist.R_y,Wrist.R_z,Elbow.R_x,Elbow.R_y,Elbow.R_z,Shoulder.R_x,Shoulder.R_y,Shoulder.R_z,Shoulder.L_x,Shoulder.L_y,Shoulder.L_z,Elbow.L_x,Elbow.L_y,Elbow.L_z,Wrist.L_x,Wrist.L_y,Wrist.L_z,Neck_x,Neck_y,Neck_z,Head_x,Head_y,Head_z,Nose_x,Nose_y,Nose_z,Eye.L_x,Eye.L_y,Eye.L_z,Eye.R_x,Eye.R_y,Eye.R_z,Ear.L_x,Ear.L_y,Ear.L_z,Ear.R_x,Ear.R_y,Ear.R_z,hip.Center_x,hip.Center_y,hip.Center_z
0,-0.154668,-0.5131378,-0.22256082,-0.15409622,-0.14035818,0.0035258583,-0.12503986,0.28382084,-0.026727173,0.11450826,0.28687453,-0.0037505026,0.1292387,-0.13660069,0.02185231,0.18778062,-0.51916564,-0.1858362,-0.1158834,1.1590543,0.13873968,-0.279544,0.9648199,0.13043492,-0.12454232,0.8099217,-0.018420208,0.13394886,0.78079975,0.0036608675,0.3405792,0.72679317,0.16079707,0.23646148,0.85531086,0.34484977,-0.0013170708,0.8303432,0.0035326406,0.00047903642,1.0402688,0.07822096,-0.040741522,0.92207175,0.17249289,0.003165844,0.96492374,0.15799022,-0.059751388,0.9708659,0.1356687,0.0745338,0.96279824,0.07889705,-0.06921675,0.97676647,0.028251879,-0.0052658021450042725,0.28534770011901855,-0.015238838270306587
