frame,Ankle.R_x,Ankle.R_y,Ankle.R_z,Knee.R_x,Knee.R_y,Knee.R_z,Hip.R_x,Hip.R_y,Hip.R_z,Hip.L_x,Hip.L_y,Hip.L_z,Knee.L_x,Knee.L_y,Knee.L_z,Ankle.L_x,Ankle.L_y,Ankle.L_z,Wrist.R_x,Wrist.R_y,Wrist.R_z,Elbow.R_x,Elbow.R_y,Elbow.R_z,Shoulder.R_x,Shoulder.R_y,Shoulder.R_z,Shoulder.L_x,Shoulder.L_y,Shoulder.L_z,Elbow.L_x,Elbow.L_y,Elbow.L_z,Wrist.L_x,Wrist.L_y,Wrist.L_z,Neck_x,Neck_y,Neck_z,Head_x,Head_y,Head_z,Nose_x,Nose_y,Nose_z,Eye.L_x,Eye.L_y,Eye.L_z,Eye.R_x,Eye.R_y,Eye.R_z,Ear.L_x,Ear.L_y,Ear.L_z,Ear.R_x,Ear.R_y,Ear.R_z,hip.Center_x,hip.Center_y,hip.Center_z
0,-0.16664687,-0.5307708,-0.2196201,-0.14890818,-0.14520024,-0.0078444835,-0.12520377,0.28286284,-0.022864722,0.11549523,0.286078,-0.0048196865,0.12930818,-0.14114895,-0.005276952,0.18552384,-0.529744,-0.2105872,-0.13546948,1.2269429,0.12695372,-0.26680928,1.0119064,0.07760019,-0.116215944,0.8181776,-0.03132076,0.1362593,0.770916,-0.026951315,0.35774332,0.6352347,0.035416152,0.25996068,0.7222699,0.24417092,0.0018960005,0.830488,-0.010602208,-0.007068634,1.0399777,0.06188441,-0.059908167,0.9220115,0.15160343,-0.015313875,0.96597177,0.14306924,-0.07389757,0.9699254,0.11076847,0.06758332,0.96373284,0.07593425,-0.06619847,0.9738418,0.0038772598,-0.004854273051023483,0.28447043895721436,-0.013842204585671425
