frame,Ankle.R_x,Ankle.R_y,Ankle.R_z,Knee.R_x,Knee.R_y,Knee.R_z,Hip.R_x,Hip.R_y,Hip.R_z,Hip.L_x,Hip.L_y,Hip.L_z,Knee.L_x,Knee.L_y,Knee.L_z,Ankle.L_x,Ankle.L_y,Ankle.L_z,Wrist.R_x,Wrist.R_y,Wrist.R_z,Elbow.R_x,Elbow.R_y,Elbow.R_z,Shoulder.R_x,Shoulder.R_y,Shoulder.R_z,Shoulder.L_x,Shoulder.L_y,Shoulder.L_z,Elbow.L_x,Elbow.L_y,Elbow.L_z,Wrist.L_x,Wrist.L_y,Wrist.L_z,Neck_x,Neck_y,Neck_z,Head_x,Head_y,Head_z,Nose_x,Nose_y,Nose_z,Eye.L_x,Eye.L_y,Eye.L_z,Eye.R_x,Eye.R_y,Eye.R_z,Ear.L_x,Ear.L_y,Ear.L_z,Ear.R_x,Ear.R_y,Ear.R_z,hip.Center_x,hip.Center_y,hip.Center_z
0,-0.15254311,-0.5305631,-0.2548383,-0.14808705,-0.15102193,-0.030605866,-0.12496075,0.27611285,-0.04087106,0.112359695,0.27448726,0.009675938,0.12441744,-0.1506055,0.016179552,0.18908587,-0.54263306,-0.18163192,-0.06287502,1.138584,0.07874242,-0.2586739,0.96943814,0.060552485,-0.11463156,0.78287834,-0.05983463,0.10528305,0.7939675,0.021809809,0.062568024,0.9991509,0.17486456,-0.11009643,1.1539193,0.057881363,-0.0022124518,0.81030893,-0.01646606,-0.015899187,1.0228465,0.03204514,-0.03881972,0.91816413,0.14602178,-0.00044965,0.96116227,0.12175861,-0.06523248,0.9591429,0.1054797,0.063072056,0.95192164,0.038026527,-0.083973914,0.94879496,-0.0015811846,-0.006300527602434158,0.2753000557422638,-0.015597561374306679
