frame,Ankle.R_x,Ankle.R_y,Ankle.R_z,Knee.R_x,Knee.R_y,Knee.R_z,Hip.R_x,Hip.R_y,Hip.R_z,Hip.L_x,Hip.L_y,Hip.L_z,Knee.L_x,Knee.L_y,Knee.L_z,Ankle.L_x,Ankle.L_y,Ankle.L_z,Wrist.R_x,Wrist.R_y,Wrist.R_z,Elbow.R_x,Elbow.R_y,Elbow.R_z,Shoulder.R_x,Shoulder.R_y,Shoulder.R_z,Shoulder.L_x,Shoulder.L_y,Shoulder.L_z,Elbow.L_x,Elbow.L_y,Elbow.L_z,Wrist.L_x,Wrist.L_y,Wrist.L_z,Neck_x,Neck_y,Neck_z,Head_x,Head_y,Head_z,Nose_x,Nose_y,Nose_z,Eye.L_x,Eye.L_y,Eye.L_z,Eye.R_x,Eye.R_y,Eye.R_z,Ear.L_x,Ear.L_y,Ear.L_z,Ear.R_x,Ear.R_y,Ear.R_z,hip.Center_x,hip.Center_y,hip.Center_z
0,-0.18112278,-0.44468206,-0.3202177,-0.14744674,-0.124966964,-0.036184523,-0.12587264,0.3001123,-0.0062894835,0.11254325,0.30444402,-0.013569267,0.13630125,-0.115175605,-0.074022055,0.17862308,-0.44609538,-0.3522614,0.09031586,0.83593035,0.09928488,-0.052753925,0.71049696,0.2705356,-0.15573692,0.8191986,0.07486062,0.10480067,0.81300473,-0.014082871,0.18752572,0.57177395,-0.09734164,0.22016618,0.4263155,0.1018089,-0.038931295,0.87149954,0.039709404,-0.08125185,1.0944936,0.07973839,-0.13511477,0.9788644,0.17363583,-0.09447624,1.0285137,0.16708347,-0.14649695,1.0202224,0.12439979,0.0031147003,1.0312893,0.116987795,-0.118392445,1.013017,0.019968502,-0.006664697080850601,0.30227816104888916,-0.009929374791681767
