frame,Ankle.R_x,Ankle.R_y,Ankle.R_z,Knee.R_x,Knee.R_y,Knee.R_z,Hip.R_x,Hip.R_y,Hip.R_z,Hip.L_x,Hip.L_y,Hip.L_z,Knee.L_x,Knee.L_y,Knee.L_z,Ankle.L_x,Ankle.L_y,Ankle.L_z,Wrist.R_x,Wrist.R_y,Wrist.R_z,Elbow.R_x,Elbow.R_y,Elbow.R_z,Shoulder.R_x,Shoulder.R_y,Shoulder.R_z,Shoulder.L_x,Shoulder.L_y,Shoulder.L_z,Elbow.L_x,Elbow.L_y,Elbow.L_z,Wrist.L_x,Wrist.L_y,Wrist.L_z,Neck_x,Neck_y,Neck_z,Head_x,Head_y,Head_z,Nose_x,Nose_y,Nose_z,Eye.L_x,Eye.L_y,Eye.L_z,Eye.R_x,Eye.R_y,Eye.R_z,Ear.L_x,Ear.L_y,Ear.L_z,Ear.R_x,Ear.R_y,Ear.R_z,hip.Center_x,hip.Center_y,hip.Center_z
0,-0.17618605,-0.48515704,-0.25694442,-0.1203166,-0.13358958,-0.018387146,-0.11623955,0.29025018,0.030724846,0.10703925,0.30243602,-0.0496001,0.13035288,-0.119435355,-0.062495936,0.13651998,-0.47723457,-0.30808708,0.0553203,0.89650095,0.11351663,-0.0064880988,0.73025835,0.29011732,-0.13729072,0.805084,0.087241024,0.085929245,0.79990065,-0.07700535,0.1967829,0.5640496,-0.14501321,0.22021145,0.5652868,0.097168066,-0.037268247,0.8571531,0.014967065,-0.07152225,1.0782555,0.05887518,-0.05306682,0.97178984,0.17515543,-0.027728887,1.0217444,0.14366311,-0.09350535,1.007079,0.1384761,0.022781635,1.0222363,0.04751493,-0.12797013,0.99048173,0.03731168,-0.004600148648023605,0.2963430881500244,-0.009437626227736473
