frame,Ankle.R_x,Ankle.R_y,Ankle.R_z,Knee.R_x,Knee.R_y,Knee.R_z,Hip.R_x,Hip.R_y,Hip.R_z,Hip.L_x,Hip.L_y,Hip.L_z,Knee.L_x,Knee.L_y,Knee.L_z,Ankle.L_x,Ankle.L_y,Ankle.L_z,Wrist.R_x,Wrist.R_y,Wrist.R_z,Elbow.R_x,Elbow.R_y,Elbow.R_z,Shoulder.R_x,Shoulder.R_y,Shoulder.R_z,Shoulder.L_x,Shoulder.L_y,Shoulder.L_z,Elbow.L_x,Elbow.L_y,Elbow.L_z,Wrist.L_x,Wrist.L_y,Wrist.L_z,Neck_x,Neck_y,Neck_z,Head_x,Head_y,Head_z,Nose_x,Nose_y,Nose_z,Eye.L_x,Eye.L_y,Eye.L_z,Eye.R_x,Eye.R_y,Eye.R_z,Ear.L_x,Ear.L_y,Ear.L_z,Ear.R_x,Ear.R_y,Ear.R_z,hip.Center_x,hip.Center_y,hip.Center_z
0,-0.18924664,-0.48916122,-0.24702424,-0.12140544,-0.13432863,-0.011771454,-0.116246074,0.29169086,0.030984785,0.10688887,0.3048536,-0.05125003,0.13512108,-0.11820409,-0.07206935,0.13456799,-0.47303924,-0.32615504,0.04817961,0.906887,0.12341696,-0.013658444,0.7323908,0.2944439,-0.14230482,0.80771685,0.08879656,0.08468504,0.80555713,-0.073554896,0.20174657,0.571437,-0.1395247,0.21438324,0.58882713,0.1045277,-0.03990888,0.86104596,0.017700361,-0.069900714,1.0828414,0.060302112,-0.054193534,0.97749305,0.17845294,-0.027665125,1.0265687,0.14604895,-0.093830094,1.0132188,0.14071453,0.02363879,1.0244461,0.049977228,-0.12840131,0.9957005,0.039449662,-0.004678603261709213,0.2982722222805023,-0.010132621973752975
