frame,Ankle.R_x,Ankle.R_y,Ankle.R_z,Knee.R_x,Knee.R_y,Knee.R_z,Hip.R_x,Hip.R_y,Hip.R_z,Hip.L_x,Hip.L_y,Hip.L_z,Knee.L_x,Knee.L_y,Knee.L_z,Ankle.L_x,Ankle.L_y,Ankle.L_z,Wrist.R_x,Wrist.R_y,Wrist.R_z,Elbow.R_x,Elbow.R_y,Elbow.R_z,Shoulder.R_x,Shoulder.R_y,Shoulder.R_z,Shoulder.L_x,Shoulder.L_y,Shoulder.L_z,Elbow.L_x,Elbow.L_y,Elbow.L_z,Wrist.L_x,Wrist.L_y,Wrist.L_z,Neck_x,Neck_y,Neck_z,Head_x,Head_y,Head_z,Nose_x,Nose_y,Nose_z,Eye.L_x,Eye.L_y,Eye.L_z,Eye.R_x,Eye.R_y,Eye.R_z,Ear.L_x,Ear.L_y,Ear.L_z,Ear.R_x,Ear.R_y,Ear.R_z,hip.Center_x,hip.Center_y,hip.Center_z
0,-0.15794387,-0.60920674,-0.23248029,-0.14544058,-0.18832007,0.010142686,-0.12901248,0.27396998,-0.011557651,0.12199123,0.2726413,-0.02288794,0.13005258,-0.18651511,-0.007386493,0.15181948,-0.61390156,-0.24512497,-0.2507306,0.39298025,0.12491906,-0.2824927,0.49732804,-0.12322019,-0.16371068,0.72433525,0.02860761,0.13760379,0.73871726,0.0014835242,0.21977599,0.51783216,-0.17686415,0.22535415,0.45830458,0.08229486,-0.007467393,0.7886032,0.06394961,0.00090583577,0.9772152,0.18956997,-0.00073897466,0.8342978,0.2547633,0.033762723,0.8869643,0.24075744,-0.033679813,0.8885937,0.24017802,0.07595519,0.9120981,0.14931567,-0.075437516,0.91815543,0.14754014,-0.0035106241703033447,0.27330565452575684,-0.017222795635461807
