frame,Ankle.R_x,Ankle.R_y,Ankle.R_z,Knee.R_x,Knee.R_y,Knee.R_z,Hip.R_x,Hip.R_y,Hip.R_z,Hip.L_x,Hip.L_y,Hip.L_z,Knee.L_x,Knee.L_y,Knee.L_z,Ankle.L_x,Ankle.L_y,Ankle.L_z,Wrist.R_x,Wrist.R_y,Wrist.R_z,Elbow.R_x,Elbow.R_y,Elbow.R_z,Shoulder.R_x,Shoulder.R_y,Shoulder.R_z,Shoulder.L_x,Shoulder.L_y,Shoulder.L_z,Elbow.L_x,Elbow.L_y,Elbow.L_z,Wrist.L_x,Wrist.L_y,Wrist.L_z,Neck_x,Neck_y,Neck_z,Head_x,Head_y,Head_z,Nose_x,Nose_y,Nose_z,Eye.L_x,Eye.L_y,Eye.L_z,Eye.R_x,Eye.R_y,Eye.R_z,Ear.L_x,Ear.L_y,Ear.L_z,Ear.R_x,Ear.R_y,Ear.R_z,hip.Center_x,hip.Center_y,hip.Center_z
0,-0.18361723,-0.5038599,-0.19992338,-0.09550043,-0.13817856,0.010554286,-0.1078499,0.2903142,0.046968125,0.09923935,0.3075578,-0.066717796,0.13337198,-0.11571891,-0.09025845,0.10087097,-0.47555393,-0.3344287,0.055447783,0.9019072,0.11512284,0.0023251588,0.72306347,0.28604895,-0.1429599,0.80703413,0.099288195,0.066576466,0.8123587,-0.080840155,0.17973295,0.5809401,-0.15276417,0.24057685,0.5391615,0.08331862,-0.048341483,0.86311674,0.020646831,-0.07652581,1.0838052,0.05945797,-0.041406292,0.9857567,0.17998755,-0.020944854,1.0332767,0.14111817,-0.086975016,1.018601,0.14637077,0.016005836,1.0264297,0.03873757,-0.13548224,0.9942998,0.05240019,-0.004305277019739151,0.29893600940704346,-0.00987483561038971
