frame,Ankle.R_x,Ankle.R_y,Ankle.R_z,Knee.R_x,Knee.R_y,Knee.R_z,Hip.R_x,Hip.R_y,Hip.R_z,Hip.L_x,Hip.L_y,Hip.L_z,Knee.L_x,Knee.L_y,Knee.L_z,Ankle.L_x,Ankle.L_y,Ankle.L_z,Wrist.R_x,Wrist.R_y,Wrist.R_z,Elbow.R_x,Elbow.R_y,Elbow.R_z,Shoulder.R_x,Shoulder.R_y,Shoulder.R_z,Shoulder.L_x,Shoulder.L_y,Shoulder.L_z,Elbow.L_x,Elbow.L_y,Elbow.L_z,Wrist.L_x,Wrist.L_y,Wrist.L_z,Neck_x,Neck_y,Neck_z,Head_x,Head_y,Head_z,Nose_x,Nose_y,Nose_z,Eye.L_x,Eye.L_y,Eye.L_z,Eye.R_x,Eye.R_y,Eye.R_z,Ear.L_x,Ear.L_y,Ear.L_z,Ear.R_x,Ear.R_y,Ear.R_z,hip.Center_x,hip.Center_y,hip.Center_z
0,-0.16225629,-0.53763217,-0.1167633,-0.07986073,-0.14277905,0.035212014,-0.10272525,0.28388095,0.05450866,0.095246494,0.3015425,-0.07504977,0.13390222,-0.119906016,-0.08873486,0.11627984,-0.50630695,-0.29071617,0.07089433,0.8997192,0.12992968,0.041291498,0.69912755,0.2790643,-0.12789692,0.7871692,0.11638328,0.06473388,0.7968863,-0.07841653,0.14793576,0.5587703,-0.16230723,0.18158779,0.5064526,0.07584239,-0.04133801,0.84524864,0.03219841,-0.06939819,1.0621709,0.0762909,-0.03320022,0.9611704,0.1928424,-0.013164798,1.009964,0.15621133,-0.078863144,0.9943726,0.16098028,0.023163917,1.006742,0.05401958,-0.12631896,0.97349393,0.067285456,-0.003739379346370697,0.2927117347717285,-0.010270556434988976
