frame,Ankle.R_x,Ankle.R_y,Ankle.R_z,Knee.R_x,Knee.R_y,Knee.R_z,Hip.R_x,Hip.R_y,Hip.R_z,Hip.L_x,Hip.L_y,Hip.L_z,Knee.L_x,Knee.L_y,Knee.L_z,Ankle.L_x,Ankle.L_y,Ankle.L_z,Wrist.R_x,Wrist.R_y,Wrist.R_z,Elbow.R_x,Elbow.R_y,Elbow.R_z,Shoulder.R_x,Shoulder.R_y,Shoulder.R_z,Shoulder.L_x,Shoulder.L_y,Shoulder.L_z,Elbow.L_x,Elbow.L_y,Elbow.L_z,Wrist.L_x,Wrist.L_y,Wrist.L_z,Neck_x,Neck_y,Neck_z,Head_x,Head_y,Head_z,Nose_x,Nose_y,Nose_z,Eye.L_x,Eye.L_y,Eye.L_z,Eye.R_x,Eye.R_y,Eye.R_z,Ear.L_x,Ear.L_y,Ear.L_z,Ear.R_x,Ear.R_y,Ear.R_z,hip.Center_x,hip.Center_y,hip.Center_z
0,-0.16150276,-0.5297044,-0.2438302,-0.14538161,-0.14919001,-0.023563115,-0.12530567,0.27848238,-0.022751827,0.11536769,0.2823338,-0.0042825826,0.12952659,-0.14428796,-0.013904784,0.19094984,-0.52976763,-0.22239584,-0.15749742,1.2395182,0.14111005,-0.2568264,1.0068183,0.085705385,-0.11376268,0.8084874,-0.023483317,0.13198143,0.7767172,-0.008267971,0.34153354,0.7861291,0.14943048,0.18915491,0.93783915,0.27630985,0.0022947649,0.82288915,-0.003685581,-0.0014604895,1.034464,0.05075849,-0.05217458,0.9272922,0.15426901,-0.007718265,0.9695898,0.1398549,-0.06727957,0.9707875,0.109376565,0.07255845,0.959645,0.07054524,-0.063150354,0.9635959,0.0021110252,-0.0049689896404743195,0.2804080843925476,-0.01351720467209816
