frame,Ankle.R_x,Ankle.R_y,Ankle.R_z,Knee.R_x,Knee.R_y,Knee.R_z,Hip.R_x,Hip.R_y,Hip.R_z,Hip.L_x,Hip.L_y,Hip.L_z,Knee.L_x,Knee.L_y,Knee.L_z,Ankle.L_x,Ankle.L_y,Ankle.L_z,Wrist.R_x,Wrist.R_y,Wrist.R_z,Elbow.R_x,Elbow.R_y,Elbow.R_z,Shoulder.R_x,Shoulder.R_y,Shoulder.R_z,Shoulder.L_x,Shoulder.L_y,Shoulder.L_z,Elbow.L_x,Elbow.L_y,Elbow.L_z,Wrist.L_x,Wrist.L_y,Wrist.L_z,Neck_x,Neck_y,Neck_z,Head_x,Head_y,Head_z,Nose_x,Nose_y,Nose_z,Eye.L_x,Eye.L_y,Eye.L_z,Eye.R_x,Eye.R_y,Eye.R_z,Ear.L_x,Ear.L_y,Ear.L_z,Ear.R_x,Ear.R_y,Ear.R_z,hip.Center_x,hip.Center_y,hip.Center_z
0,-0.18762393,-0.4470704,-0.28815022,-0.1456795,-0.124626346,-0.013373443,-0.124197796,0.29797176,0.0038847604,0.11187337,0.30614018,-0.024733955,0.13727663,-0.11162605,-0.07165575,0.17116863,-0.4507851,-0.33561492,0.09823225,0.842535,0.08441069,-0.0298239,0.7167002,0.2631946,-0.14709273,0.82338816,0.07530008,0.101841584,0.8147833,-0.031333685,0.19906074,0.5727217,-0.05906803,0.14740531,0.617451,0.17483863,-0.037327625,0.87287766,0.028509809,-0.07558061,1.0958154,0.06537448,-0.11568036,0.9828547,0.16945823,-0.07709576,1.0326087,0.15616123,-0.13375297,1.022311,0.12062058,0.013054848,1.034126,0.09376861,-0.11879529,1.0124012,0.013944291,-0.006162211298942566,0.3020559549331665,-0.010424597188830376
