frame,Ankle.R_x,Ankle.R_y,Ankle.R_z,Knee.R_x,Knee.R_y,Knee.R_z,Hip.R_x,Hip.R_y,Hip.R_z,Hip.L_x,Hip.L_y,Hip.L_z,Knee.L_x,Knee.L_y,Knee.L_z,Ankle.L_x,Ankle.L_y,Ankle.L_z,Wrist.R_x,Wrist.R_y,Wrist.R_z,Elbow.R_x,Elbow.R_y,Elbow.R_z,Shoulder.R_x,Shoulder.R_y,Shoulder.R_z,Shoulder.L_x,Shoulder.L_y,Shoulder.L_z,Elbow.L_x,Elbow.L_y,Elbow.L_z,Wrist.L_x,Wrist.L_y,Wrist.L_z,Neck_x,Neck_y,Neck_z,Head_x,Head_y,Head_z,Nose_x,Nose_y,Nose_z,Eye.L_x,Eye.L_y,Eye.L_z,Eye.R_x,Eye.R_y,Eye.R_z,Ear.L_x,Ear.L_y,Ear.L_z,Ear.R_x,Ear.R_y,Ear.R_z,hip.Center_x,hip.Center_y,hip.Center_z
0,-0.18088578,-0.47251368,-0.26650822,-0.12501787,-0.12837616,-0.02056745,-0.117265135,0.29372424,0.028446347,0.106985725,0.30644155,-0.048249487,0.13522424,-0.11400273,-0.053081702,0.14153641,-0.46584883,-0.30378848,0.07035079,0.88757896,0.12836699,-0.018956298,0.7338824,0.30486572,-0.13910925,0.81152076,0.09390505,0.08401008,0.805423,-0.077367626,0.18347213,0.5706314,-0.16925463,0.22868957,0.5604819,0.0688695,-0.037571527,0.86404765,0.019281078,-0.07176993,1.0867394,0.06648067,-0.059027784,0.97673076,0.18029591,-0.03212866,1.0274677,0.15118751,-0.09768109,1.0133874,0.14258128,0.0231602,1.0303055,0.05734539,-0.1280514,0.9998497,0.039281577,-0.005139704793691635,0.30008289217948914,-0.009901570156216621
