frame,Ankle.R_x,Ankle.R_y,Ankle.R_z,Knee.R_x,Knee.R_y,Knee.R_z,Hip.R_x,Hip.R_y,Hip.R_z,Hip.L_x,Hip.L_y,Hip.L_z,Knee.L_x,Knee.L_y,Knee.L_z,Ankle.L_x,Ankle.L_y,Ankle.L_z,Wrist.R_x,Wrist.R_y,Wrist.R_z,Elbow.R_x,Elbow.R_y,Elbow.R_z,Shoulder.R_x,Shoulder.R_y,Shoulder.R_z,Shoulder.L_x,Shoulder.L_y,Shoulder.L_z,Elbow.L_x,Elbow.L_y,Elbow.L_z,Wrist.L_x,Wrist.L_y,Wrist.L_z,Neck_x,Neck_y,Neck_z,Head_x,Head_y,Head_z,Nose_x,Nose_y,Nose_z,Eye.L_x,Eye.L_y,Eye.L_z,Eye.R_x,Eye.R_y,Eye.R_z,Ear.L_x,Ear.L_y,Ear.L_z,Ear.R_x,Ear.R_y,Ear.R_z,hip.Center_x,hip.Center_y,hip.Center_z
0,-0.1743281,-0.46927336,-0.29663572,-0.12428521,-0.1346444,-0.030668197,-0.11992106,0.29061487,0.020071259,0.11039276,0.30359334,-0.037822034,0.12077466,-0.12080166,-0.076972686,0.13091965,-0.46229246,-0.34677902,0.04520105,0.9146268,0.116910614,-0.010387314,0.7347119,0.2846079,-0.14861976,0.80747557,0.08892087,0.087135606,0.80872697,-0.048079625,0.20092283,0.5714114,-0.085011385,0.17928796,0.5823601,0.15914819,-0.04521814,0.86148655,0.02905332,-0.08104912,1.0820869,0.069470875,-0.07307469,0.9771167,0.1886869,-0.044569016,1.0262883,0.15813975,-0.11017849,1.012542,0.14835817,0.013152994,1.0241891,0.06584655,-0.13726012,0.994521,0.045048144,-0.004764150828123093,0.2971041202545166,-0.008875387720763683
