frame,Ankle.R_x,Ankle.R_y,Ankle.R_z,Knee.R_x,Knee.R_y,Knee.R_z,Hip.R_x,Hip.R_y,Hip.R_z,Hip.L_x,Hip.L_y,Hip.L_z,Knee.L_x,Knee.L_y,Knee.L_z,Ankle.L_x,Ankle.L_y,Ankle.L_z,Wrist.R_x,Wrist.R_y,Wrist.R_z,Elbow.R_x,Elbow.R_y,Elbow.R_z,Shoulder.R_x,Shoulder.R_y,Shoulder.R_z,Shoulder.L_x,Shoulder.L_y,Shoulder.L_z,Elbow.L_x,Elbow.L_y,Elbow.L_z,Wrist.L_x,Wrist.L_y,Wrist.L_z,Neck_x,Neck_y,Neck_z,Head_x,Head_y,Head_z,Nose_x,Nose_y,Nose_z,Eye.L_x,Eye.L_y,Eye.L_z,Eye.R_x,Eye.R_y,Eye.R_z,Ear.L_x,Ear.L_y,Ear.L_z,Ear.R_x,Ear.R_y,Ear.R_z,hip.Center_x,hip.Center_y,hip.Center_z
0,-0.15421665,-0.5286034,-0.24384141,-0.14958844,-0.14813513,-0.020121465,-0.12501958,0.28036475,-0.031426355,0.11453001,0.28270465,0.0027046453,0.12597731,-0.14488749,0.005129475,0.19266564,-0.5340295,-0.19836129,-0.1067344,1.2144353,0.06947898,-0.26070723,1.0090487,0.061509,-0.11394282,0.8094728,-0.037800267,0.13378063,0.7752063,0.002320522,0.33628637,0.7417739,0.16875035,0.18983324,0.896919,0.29538983,0.0009810291,0.8248973,-0.005323422,-0.009641748,1.0363091,0.058975503,-0.0706836,0.9232583,0.14909512,-0.024932168,0.9659984,0.1422067,-0.08107205,0.9696177,0.10587484,0.062205262,0.95989907,0.08122592,-0.065925434,0.96910536,-0.000572063,-0.00524478405714035,0.28153470158576965,-0.014360855333507061
