frame,Ankle.R_x,Ankle.R_y,Ankle.R_z,Knee.R_x,Knee.R_y,Knee.R_z,Hip.R_x,Hip.R_y,Hip.R_z,Hip.L_x,Hip.L_y,Hip.L_z,Knee.L_x,Knee.L_y,Knee.L_z,Ankle.L_x,Ankle.L_y,Ankle.L_z,Wrist.R_x,Wrist.R_y,Wrist.R_z,Elbow.R_x,Elbow.R_y,Elbow.R_z,Shoulder.R_x,Shoulder.R_y,Shoulder.R_z,Shoulder.L_x,Shoulder.L_y,Shoulder.L_z,Elbow.L_x,Elbow.L_y,Elbow.L_z,Wrist.L_x,Wrist.L_y,Wrist.L_z,Neck_x,Neck_y,Neck_z,Head_x,Head_y,Head_z,Nose_x,Nose_y,Nose_z,Eye.L_x,Eye.L_y,Eye.L_z,Eye.R_x,Eye.R_y,Eye.R_z,Ear.L_x,Ear.L_y,Ear.L_z,Ear.R_x,Ear.R_y,Ear.R_z,hip.Center_x,hip.Center_y,hip.Center_z
0,-0.19309409,-0.4558869,-0.24780427,-0.13666265,-0.12858425,0.019087039,-0.12086277,0.29349187,0.019921642,0.10928112,0.30628195,-0.04280906,0.14692415,-0.11042867,-0.06946227,0.1844451,-0.4543824,-0.32985306,0.11896655,0.8466695,0.1156308,-0.010207089,0.73436046,0.30156976,-0.1362859,0.81376874,0.092951454,0.08891599,0.8016366,-0.074896544,0.19099382,0.5658679,-0.16125631,0.18885177,0.6246125,0.07276051,-0.033893526,0.8628654,0.01865016,-0.061337393,1.0868664,0.06282501,-0.06318721,0.9756732,0.17608225,-0.031810433,1.0252454,0.14988081,-0.09689198,1.0142512,0.1357376,0.031209165,1.0258455,0.061041012,-0.11906578,1.0030239,0.030267574,-0.005790822207927704,0.29988691210746765,-0.011443709954619408
