frame,Ankle.R_x,Ankle.R_y,Ankle.R_z,Knee.R_x,Knee.R_y,Knee.R_z,Hip.R_x,Hip.R_y,Hip.R_z,Hip.L_x,Hip.L_y,Hip.L_z,Knee.L_x,Knee.L_y,Knee.L_z,Ankle.L_x,Ankle.L_y,Ankle.L_z,Wrist.R_x,Wrist.R_y,Wrist.R_z,Elbow.R_x,Elbow.R_y,Elbow.R_z,Shoulder.R_x,Shoulder.R_y,Shoulder.R_z,Shoulder.L_x,Shoulder.L_y,Shoulder.L_z,Elbow.L_x,Elbow.L_y,Elbow.L_z,Wrist.L_x,Wrist.L_y,Wrist.L_z,Neck_x,Neck_y,Neck_z,Head_x,Head_y,Head_z,Nose_x,Nose_y,Nose_z,Eye.L_x,Eye.L_y,Eye.L_z,Eye.R_x,Eye.R_y,Eye.R_z,Ear.L_x,Ear.L_y,Ear.L_z,Ear.R_x,Ear.R_y,Ear.R_z,hip.Center_x,hip.Center_y,hip.Center_z
0,-0.19191813,-0.485345,-0.25799033,-0.12802693,-0.13323906,-0.016525684,-0.117985494,0.29235464,0.026604678,0.10833401,0.3045668,-0.04758662,0.13506053,-0.11903232,-0.06710276,0.14099935,-0.4735917,-0.3225085,0.052701358,0.90548855,0.121885695,-0.018571107,0.7383419,0.297292,-0.143882,0.8085301,0.086252,0.085500605,0.8051997,-0.07406026,0.19880955,0.5703908,-0.1478346,0.21413644,0.57708734,0.09673348,-0.040459502,0.86118126,0.01646541,-0.072568506,1.0826604,0.06021592,-0.061386004,0.9758711,0.17751163,-0.033709083,1.0254171,0.14687935,-0.09953764,1.0119486,0.13856918,0.02168301,1.0246567,0.053034693,-0.129844,0.9956206,0.035748757,-0.0048257410526275635,0.2984607219696045,-0.010490970686078072
