frame,Ankle.R_x,Ankle.R_y,Ankle.R_z,Knee.R_x,Knee.R_y,Knee.R_z,Hip.R_x,Hip.R_y,Hip.R_z,Hip.L_x,Hip.L_y,Hip.L_z,Knee.L_x,Knee.L_y,Knee.L_z,Ankle.L_x,Ankle.L_y,Ankle.L_z,Wrist.R_x,Wrist.R_y,Wrist.R_z,Elbow.R_x,Elbow.R_y,Elbow.R_z,Shoulder.R_x,Shoulder.R_y,Shoulder.R_z,Shoulder.L_x,Shoulder.L_y,Shoulder.L_z,Elbow.L_x,Elbow.L_y,Elbow.L_z,Wrist.L_x,Wrist.L_y,Wrist.L_z,Neck_x,Neck_y,Neck_z,Head_x,Head_y,Head_z,Nose_x,Nose_y,Nose_z,Eye.L_x,Eye.L_y,Eye.L_z,Eye.R_x,Eye.R_y,Eye.R_z,Ear.L_x,Ear.L_y,Ear.L_z,Ear.R_x,Ear.R_y,Ear.R_z,hip.Center_x,hip.Center_y,hip.Center_z
0,-0.064560756,-0.5462867,0.04320158,0.029116683,-0.1304984,0.08503092,-0.033590246,0.29263204,0.100897074,0.026977235,0.305689,-0.12765603,0.11203705,-0.10461166,-0.14868483,0.036346138,-0.5149718,-0.2641052,0.10616753,0.9024957,0.053870067,0.14347686,0.7247726,0.22696319,-0.07972183,0.80272794,0.13679579,-0.041373976,0.8045966,-0.13996497,0.029377207,0.5850045,-0.2765783,0.2197696,0.5978986,-0.12215391,-0.062155295,0.8564412,0.011067515,-0.06923219,1.0755341,0.06071397,0.050855048,0.9854658,0.11389463,0.03233832,1.0324045,0.073695526,-0.0068922862,1.0133764,0.12554589,-0.017805845,1.0238291,-0.022556134,-0.10689168,0.98218536,0.09780925,-0.0033065052703022957,0.29916054010391235,-0.013379476964473724
