frame,Ankle.R_x,Ankle.R_y,Ankle.R_z,Knee.R_x,Knee.R_y,Knee.R_z,Hip.R_x,Hip.R_y,Hip.R_z,Hip.L_x,Hip.L_y,Hip.L_z,Knee.L_x,Knee.L_y,Knee.L_z,Ankle.L_x,Ankle.L_y,Ankle.L_z,Wrist.R_x,Wrist.R_y,Wrist.R_z,Elbow.R_x,Elbow.R_y,Elbow.R_z,Shoulder.R_x,Shoulder.R_y,Shoulder.R_z,Shoulder.L_x,Shoulder.L_y,Shoulder.L_z,Elbow.L_x,Elbow.L_y,Elbow.L_z,Wrist.L_x,Wrist.L_y,Wrist.L_z,Neck_x,Neck_y,Neck_z,Head_x,Head_y,Head_z,Nose_x,Nose_y,Nose_z,Eye.L_x,Eye.L_y,Eye.L_z,Eye.R_x,Eye.R_y,Eye.R_z,Ear.L_x,Ear.L_y,Ear.L_z,Ear.R_x,Ear.R_y,Ear.R_z,hip.Center_x,hip.Center_y,hip.Center_z
0,-0.1604135,-0.5296785,-0.2455062,-0.14621359,-0.14959642,-0.024092892,-0.12531686,0.27792683,-0.024078805,0.11526711,0.28168195,-0.003303656,0.1296331,-0.14493842,-0.011395811,0.19230945,-0.5307284,-0.21927194,-0.15305917,1.239568,0.13557738,-0.25431177,1.0067524,0.08289197,-0.11323098,0.80684835,-0.02549663,0.13114262,0.77733874,-0.0064739627,0.33072555,0.806834,0.16061053,0.17096621,0.96464074,0.27105972,0.002378622,0.8214783,-0.004501313,-0.0015611036,1.0329456,0.049597003,-0.051810317,0.9259653,0.15343483,-0.007470768,0.9682463,0.13882804,-0.067133754,0.96934736,0.10857971,0.07251278,0.9582863,0.06928795,-0.063380726,0.9620063,0.001242429,-0.005024872720241547,0.27980440855026245,-0.013691230677068233
