frame,Ankle.R_x,Ankle.R_y,Ankle.R_z,Knee.R_x,Knee.R_y,Knee.R_z,Hip.R_x,Hip.R_y,Hip.R_z,Hip.L_x,Hip.L_y,Hip.L_z,Knee.L_x,Knee.L_y,Knee.L_z,Ankle.L_x,Ankle.L_y,Ankle.L_z,Wrist.R_x,Wrist.R_y,Wrist.R_z,Elbow.R_x,Elbow.R_y,Elbow.R_z,Shoulder.R_x,Shoulder.R_y,Shoulder.R_z,Shoulder.L_x,Shoulder.L_y,Shoulder.L_z,Elbow.L_x,Elbow.L_y,Elbow.L_z,Wrist.L_x,Wrist.L_y,Wrist.L_z,Neck_x,Neck_y,Neck_z,Head_x,Head_y,Head_z,Nose_x,Nose_y,Nose_z,Eye.L_x,Eye.L_y,Eye.L_z,Eye.R_x,Eye.R_y,Eye.R_z,Ear.L_x,Ear.L_y,Ear.L_z,Ear.R_x,Ear.R_y,Ear.R_z,hip.Center_x,hip.Center_y,hip.Center_z
0,-0.1904645,-0.45443773,-0.25050467,-0.13647422,-0.12848082,0.018224336,-0.12097207,0.29354843,0.019609652,0.10926764,0.3065774,-0.042516083,0.1473893,-0.1100681,-0.06855013,0.18525818,-0.45319706,-0.32971355,0.117970064,0.8461636,0.115131356,-0.011228466,0.7347678,0.30156264,-0.13724568,0.8139813,0.09288083,0.08797104,0.8023664,-0.07502197,0.1908533,0.56724936,-0.16244136,0.1889655,0.62885916,0.070670135,-0.034900695,0.863289,0.01856533,-0.06273346,1.0873307,0.062763005,-0.06327705,0.97624475,0.17618725,-0.032276362,1.0258844,0.14962831,-0.09744717,1.0146946,0.13608092,0.029941889,1.02653,0.06024217,-0.12055245,1.0032954,0.030781567,-0.005852214992046356,0.3000629246234894,-0.011453215032815933
