frame,Ankle.R_x,Ankle.R_y,Ankle.R_z,Knee.R_x,Knee.R_y,Knee.R_z,Hip.R_x,Hip.R_y,Hip.R_z,Hip.L_x,Hip.L_y,Hip.L_z,Knee.L_x,Knee.L_y,Knee.L_z,Ankle.L_x,Ankle.L_y,Ankle.L_z,Wrist.R_x,Wrist.R_y,Wrist.R_z,Elbow.R_x,Elbow.R_y,Elbow.R_z,Shoulder.R_x,Shoulder.R_y,Shoulder.R_z,Shoulder.L_x,Shoulder.L_y,Shoulder.L_z,Elbow.L_x,Elbow.L_y,Elbow.L_z,Wrist.L_x,Wrist.L_y,Wrist.L_z,Neck_x,Neck_y,Neck_z,Head_x,Head_y,Head_z,Nose_x,Nose_y,Nose_z,Eye.L_x,Eye.L_y,Eye.L_z,Eye.R_x,Eye.R_y,Eye.R_z,Ear.L_x,Ear.L_y,Ear.L_z,Ear.R_x,Ear.R_y,Ear.R_z,hip.Center_x,hip.Center_y,hip.Center_z
0,-0.17978275,-0.493512,-0.24654756,-0.11227185,-0.13700631,-0.011145892,-0.115403526,0.29113635,0.033133015,0.10613306,0.30591446,-0.05256155,0.12816557,-0.11974844,-0.07895424,0.12190148,-0.47580495,-0.33330646,0.060233176,0.90517884,0.108755946,-0.0003392191,0.7352598,0.28769353,-0.1448218,0.8082049,0.09288379,0.076118484,0.80970323,-0.07504788,0.18198648,0.5739996,-0.15416679,0.22910088,0.4953129,0.076840185,-0.04576525,0.86291265,0.020020155,-0.07725864,1.0841532,0.06071455,-0.051335953,0.983291,0.18113339,-0.027863678,1.0315592,0.14494142,-0.0941761,1.0171052,0.14510208,0.016443834,1.0268135,0.045412026,-0.1358262,0.99508405,0.04716625,-0.00463523343205452,0.2985253930091858,-0.009714268147945404
