frame,Ankle.R_x,Ankle.R_y,Ankle.R_z,Knee.R_x,Knee.R_y,Knee.R_z,Hip.R_x,Hip.R_y,Hip.R_z,Hip.L_x,Hip.L_y,Hip.L_z,Knee.L_x,Knee.L_y,Knee.L_z,Ankle.L_x,Ankle.L_y,Ankle.L_z,Wrist.R_x,Wrist.R_y,Wrist.R_z,Elbow.R_x,Elbow.R_y,Elbow.R_z,Shoulder.R_x,Shoulder.R_y,Shoulder.R_z,Shoulder.L_x,Shoulder.L_y,Shoulder.L_z,Elbow.L_x,Elbow.L_y,Elbow.L_z,Wrist.L_x,Wrist.L_y,Wrist.L_z,Neck_x,Neck_y,Neck_z,Head_x,Head_y,Head_z,Nose_x,Nose_y,Nose_z,Eye.L_x,Eye.L_y,Eye.L_z,Eye.R_x,Eye.R_y,Eye.R_z,Ear.L_x,Ear.L_y,Ear.L_z,Ear.R_x,Ear.R_y,Ear.R_z,hip.Center_x,hip.Center_y,hip.Center_z
0,-0.14674811,-0.6626243,-0.08234628,-0.040795185,-0.2107402,0.039570402,-0.07456117,0.24567047,0.08086757,0.077929005,0.2393993,-0.117526315,0.1649355,-0.19493967,-0.019857794,0.04775307,-0.6444066,-0.15358922,-0.100627184,0.13348226,0.28607973,-0.16070308,0.37282583,0.16221884,-0.08385293,0.64523506,0.099968754,0.09402975,0.65512645,-0.13047674,0.07932293,0.38968825,-0.24550182,0.13553819,0.12363351,-0.25317958,0.02444096,0.7183034,0.0027978919,0.041618325,0.92673916,0.043310802,0.09796032,0.82326496,0.14093499,0.11201914,0.8690984,0.1011243,0.051440008,0.86315715,0.12724143,0.109720886,0.8624488,0.00025450438,-0.020892812,0.8517914,0.058705397,0.0016839168965816498,0.24253487586975098,-0.018329370766878128
