frame,Ankle.R_x,Ankle.R_y,Ankle.R_z,Knee.R_x,Knee.R_y,Knee.R_z,Hip.R_x,Hip.R_y,Hip.R_z,Hip.L_x,Hip.L_y,Hip.L_z,Knee.L_x,Knee.L_y,Knee.L_z,Ankle.L_x,Ankle.L_y,Ankle.L_z,Wrist.R_x,Wrist.R_y,Wrist.R_z,Elbow.R_x,Elbow.R_y,Elbow.R_z,Shoulder.R_x,Shoulder.R_y,Shoulder.R_z,Shoulder.L_x,Shoulder.L_y,Shoulder.L_z,Elbow.L_x,Elbow.L_y,Elbow.L_z,Wrist.L_x,Wrist.L_y,Wrist.L_z,Neck_x,Neck_y,Neck_z,Head_x,Head_y,Head_z,Nose_x,Nose_y,Nose_z,Eye.L_x,Eye.L_y,Eye.L_z,Eye.R_x,Eye.R_y,Eye.R_z,Ear.L_x,Ear.L_y,Ear.L_z,Ear.R_x,Ear.R_y,Ear.R_z,hip.Center_x,hip.Center_y,hip.Center_z
0,-0.1705528,-0.535255,-0.21476424,-0.14635047,-0.1472103,-0.007230062,-0.12540284,0.2812047,-0.021785146,0.11567627,0.28527507,-0.0064109387,0.1296239,-0.14226955,-0.0046977177,0.18739508,-0.53244513,-0.20705111,-0.16850993,1.2238221,0.14368224,-0.2778588,1.0009054,0.074633285,-0.11677864,0.81488013,-0.033485673,0.13386284,0.7758282,-0.02568937,0.36546218,0.7032589,0.080760956,0.23993184,0.8178469,0.26129815,0.0013189493,0.8281787,-0.012709193,-0.0026935192,1.0362155,0.06176858,-0.053946547,0.91826093,0.15236709,-0.009231269,0.96171594,0.14268291,-0.06874198,0.9665426,0.1123621,0.071320415,0.9592712,0.072905496,-0.06462302,0.9711432,0.0051245764,-0.004863284528255463,0.2832399010658264,-0.014098042622208595
