frame,Ankle.R_x,Ankle.R_y,Ankle.R_z,Knee.R_x,Knee.R_y,Knee.R_z,Hip.R_x,Hip.R_y,Hip.R_z,Hip.L_x,Hip.L_y,Hip.L_z,Knee.L_x,Knee.L_y,Knee.L_z,Ankle.L_x,Ankle.L_y,Ankle.L_z,Wrist.R_x,Wrist.R_y,Wrist.R_z,Elbow.R_x,Elbow.R_y,Elbow.R_z,Shoulder.R_x,Shoulder.R_y,Shoulder.R_z,Shoulder.L_x,Shoulder.L_y,Shoulder.L_z,Elbow.L_x,Elbow.L_y,Elbow.L_z,Wrist.L_x,Wrist.L_y,Wrist.L_z,Neck_x,Neck_y,Neck_z,Head_x,Head_y,Head_z,Nose_x,Nose_y,Nose_z,Eye.L_x,Eye.L_y,Eye.L_z,Eye.R_x,Eye.R_y,Eye.R_z,Ear.L_x,Ear.L_y,Ear.L_z,Ear.R_x,Ear.R_y,Ear.R_z,hip.Center_x,hip.Center_y,hip.Center_z
0,-0.16898157,-0.51538265,-0.2669397,-0.15196015,-0.14544775,-0.027837297,-0.12568234,0.28282404,-0.0221042,0.11549858,0.28572482,-0.0059096613,0.13484812,-0.1408159,-0.011494506,0.19456886,-0.52066475,-0.23270173,-0.14547704,1.1997238,0.088705346,-0.29229844,0.9906754,0.08337706,-0.119246304,0.81302667,-0.019399801,0.13321626,0.784519,-0.002867009,0.3643911,0.7798407,0.12646857,0.21757944,0.94422734,0.23983058,0.000377818,0.83076715,0.0045886394,-0.004468972,1.0419086,0.07265709,-0.05691296,0.9278828,0.16777906,-0.01201291,0.9709846,0.15684731,-0.07125145,0.97450715,0.1255854,0.06985366,0.9655624,0.08823841,-0.06568739,0.9745046,0.017715223,-0.005091879516839981,0.2842744290828705,-0.014006930403411388
