frame,Ankle.R_x,Ankle.R_y,Ankle.R_z,Knee.R_x,Knee.R_y,Knee.R_z,Hip.R_x,Hip.R_y,Hip.R_z,Hip.L_x,Hip.L_y,Hip.L_z,Knee.L_x,Knee.L_y,Knee.L_z,Ankle.L_x,Ankle.L_y,Ankle.L_z,Wrist.R_x,Wrist.R_y,Wrist.R_z,Elbow.R_x,Elbow.R_y,Elbow.R_z,Shoulder.R_x,Shoulder.R_y,Shoulder.R_z,Shoulder.L_x,Shoulder.L_y,Shoulder.L_z,Elbow.L_x,Elbow.L_y,Elbow.L_z,Wrist.L_x,Wrist.L_y,Wrist.L_z,Neck_x,Neck_y,Neck_z,Head_x,Head_y,Head_z,Nose_x,Nose_y,Nose_z,Eye.L_x,Eye.L_y,Eye.L_z,Eye.R_x,Eye.R_y,Eye.R_z,Ear.L_x,Ear.L_y,Ear.L_z,Ear.R_x,Ear.R_y,Ear.R_z,hip.Center_x,hip.Center_y,hip.Center_z
0,0.013721127,-0.54201657,0.018746736,0.056774985,-0.13397641,0.02793248,0.02966413,0.27004492,0.09528756,-0.025818044,0.28942308,-0.12839973,0.019273238,-0.10931867,-0.16279067,-0.022812903,-0.51717377,-0.21621409,0.1682901,0.7773731,0.14823663,0.12705958,0.67611617,0.35565597,0.025511956,0.76908726,0.1370578,-0.061995592,0.76183903,-0.11771959,-0.14752838,0.606019,-0.3118793,0.049793925,0.7196056,-0.31056592,-0.007286611,0.8136271,0.0052174246,-0.07013317,0.9967085,0.026988266,0.07809526,0.9916677,-0.029353593,0.017638445,1.0044146,-0.041786797,0.04049521,1.0017033,0.020600945,-0.05905296,0.936435,-0.05942478,-0.010112464,0.9324399,0.081502765,0.00192304328083992,0.2797340154647827,-0.016556084156036377
