frame,Ankle.R_x,Ankle.R_y,Ankle.R_z,Knee.R_x,Knee.R_y,Knee.R_z,Hip.R_x,Hip.R_y,Hip.R_z,Hip.L_x,Hip.L_y,Hip.L_z,Knee.L_x,Knee.L_y,Knee.L_z,Ankle.L_x,Ankle.L_y,Ankle.L_z,Wrist.R_x,Wrist.R_y,Wrist.R_z,Elbow.R_x,Elbow.R_y,Elbow.R_z,Shoulder.R_x,Shoulder.R_y,Shoulder.R_z,Shoulder.L_x,Shoulder.L_y,Shoulder.L_z,Elbow.L_x,Elbow.L_y,Elbow.L_z,Wrist.L_x,Wrist.L_y,Wrist.L_z,Neck_x,Neck_y,Neck_z,Head_x,Head_y,Head_z,Nose_x,Nose_y,Nose_z,Eye.L_x,Eye.L_y,Eye.L_z,Eye.R_x,Eye.R_y,Eye.R_z,Ear.L_x,Ear.L_y,Ear.L_z,Ear.R_x,Ear.R_y,Ear.R_z,hip.Center_x,hip.Center_y,hip.Center_z
0,-0.1681994,-0.52747345,-0.2368676,-0.14891411,-0.14543201,-0.016635573,-0.12538137,0.28424007,-0.021009488,0.11554151,0.2869698,-0.0060479855,0.13331458,-0.14047502,-0.012444922,0.1927481,-0.52805436,-0.22118698,-0.16690023,1.227147,0.1423116,-0.2819541,1.0048862,0.08361451,-0.11619215,0.8204113,-0.022148617,0.13786641,0.7716696,-0.020217417,0.35834622,0.62741923,0.027688518,0.2854634,0.7066385,0.2502151,0.0032765493,0.8325643,-0.0005540019,-0.0058208886,1.040314,0.07998414,-0.06399995,0.91923904,0.16200158,-0.018582057,0.9630287,0.15744716,-0.07551957,0.9690124,0.122484244,0.06767071,0.9627953,0.09427261,-0.062635,0.97719216,0.016278923,-0.004919927567243576,0.28560495376586914,-0.013528736308217049
