frame,Ankle.R_x,Ankle.R_y,Ankle.R_z,Knee.R_x,Knee.R_y,Knee.R_z,Hip.R_x,Hip.R_y,Hip.R_z,Hip.L_x,Hip.L_y,Hip.L_z,Knee.L_x,Knee.L_y,Knee.L_z,Ankle.L_x,Ankle.L_y,Ankle.L_z,Wrist.R_x,Wrist.R_y,Wrist.R_z,Elbow.R_x,Elbow.R_y,Elbow.R_z,Shoulder.R_x,Shoulder.R_y,Shoulder.R_z,Shoulder.L_x,Shoulder.L_y,Shoulder.L_z,Elbow.L_x,Elbow.L_y,Elbow.L_z,Wrist.L_x,Wrist.L_y,Wrist.L_z,Neck_x,Neck_y,Neck_z,Head_x,Head_y,Head_z,Nose_x,Nose_y,Nose_z,Eye.L_x,Eye.L_y,Eye.L_z,Eye.R_x,Eye.R_y,Eye.R_z,Ear.L_x,Ear.L_y,Ear.L_z,Ear.R_x,Ear.R_y,Ear.R_z,hip.Center_x,hip.Center_y,hip.Center_z
0,-0.16009003,-0.4513608,-0.29244184,-0.12824327,-0.12893791,-0.022347644,-0.1218458,0.28902853,0.016675483,0.10983008,0.3057193,-0.037516974,0.14674363,-0.109282486,-0.06502834,0.19354746,-0.40751123,-0.36881715,0.2126913,0.78047013,0.22264206,9.780633e-05,0.72874427,0.3522526,-0.13193297,0.7997477,0.13918266,0.07690493,0.7981913,-0.047983564,0.20433643,0.59151244,-0.17060691,0.24640486,0.6907432,0.041582663,-0.036454484,0.8525881,0.057099137,-0.06769882,1.0742409,0.08532969,-0.064178884,0.97486645,0.20933744,-0.03533332,1.022886,0.17820092,-0.09964402,1.007866,0.16558509,0.026920523,1.0170231,0.08946261,-0.122012705,0.98573446,0.062239274,-0.006007857620716095,0.29737389087677,-0.010420745238661766
