frame,Ankle.R_x,Ankle.R_y,Ankle.R_z,Knee.R_x,Knee.R_y,Knee.R_z,Hip.R_x,Hip.R_y,Hip.R_z,Hip.L_x,Hip.L_y,Hip.L_z,Knee.L_x,Knee.L_y,Knee.L_z,Ankle.L_x,Ankle.L_y,Ankle.L_z,Wrist.R_x,Wrist.R_y,Wrist.R_z,Elbow.R_x,Elbow.R_y,Elbow.R_z,Shoulder.R_x,Shoulder.R_y,Shoulder.R_z,Shoulder.L_x,Shoulder.L_y,Shoulder.L_z,Elbow.L_x,Elbow.L_y,Elbow.L_z,Wrist.L_x,Wrist.L_y,Wrist.L_z,Neck_x,Neck_y,Neck_z,Head_x,Head_y,Head_z,Nose_x,Nose_y,Nose_z,Eye.L_x,Eye.L_y,Eye.L_z,Eye.R_x,Eye.R_y,Eye.R_z,Ear.L_x,Ear.L_y,Ear.L_z,Ear.R_x,Ear.R_y,Ear.R_z,hip.Center_x,hip.Center_y,hip.Center_z
0,-0.17686725,-0.5324509,-0.21355037,-0.14807217,-0.14501242,-0.00747488,-0.12511389,0.28280133,-0.019596945,0.115715936,0.28587767,-0.008034512,0.13196164,-0.14051566,-0.012851866,0.18803722,-0.5282774,-0.2184792,-0.18259768,1.2375177,0.19762279,-0.26110274,1.0114019,0.100006476,-0.113062754,0.8193364,-0.01733968,0.1378283,0.77012944,-0.024769608,0.363698,0.64177775,0.034595687,0.27199557,0.7080632,0.25497928,0.0053643035,0.82923895,-0.002325249,0.003034152,1.0372887,0.067212276,-0.045038346,0.9219891,0.16353887,-0.0006617196,0.96524453,0.15083593,-0.061193835,0.96906984,0.12238094,0.077471614,0.96050787,0.07837241,-0.060733024,0.9703013,0.015098266,-0.0046989768743515015,0.2843394875526428,-0.013815728947520256
