frame,Ankle.R_x,Ankle.R_y,Ankle.R_z,Knee.R_x,Knee.R_y,Knee.R_z,Hip.R_x,Hip.R_y,Hip.R_z,Hip.L_x,Hip.L_y,Hip.L_z,Knee.L_x,Knee.L_y,Knee.L_z,Ankle.L_x,Ankle.L_y,Ankle.L_z,Wrist.R_x,Wrist.R_y,Wrist.R_z,Elbow.R_x,Elbow.R_y,Elbow.R_z,Shoulder.R_x,Shoulder.R_y,Shoulder.R_z,Shoulder.L_x,Shoulder.L_y,Shoulder.L_z,Elbow.L_x,Elbow.L_y,Elbow.L_z,Wrist.L_x,Wrist.L_y,Wrist.L_z,Neck_x,Neck_y,Neck_z,Head_x,Head_y,Head_z,Nose_x,Nose_y,Nose_z,Eye.L_x,Eye.L_y,Eye.L_z,Eye.R_x,Eye.R_y,Eye.R_z,Ear.L_x,Ear.L_y,Ear.L_z,Ear.R_x,Ear.R_y,Ear.R_z,hip.Center_x,hip.Center_y,hip.Center_z
0,-0.09360635,-0.67562354,0.067889705,-0.003763624,-0.20438908,0.089377925,-0.03277804,0.2514416,0.09834215,0.04323667,0.23794316,-0.14062496,0.06576605,-0.21248505,-0.09190384,-0.024650887,-0.6865972,-0.1342269,-0.041060317,0.15016271,0.3118608,-0.11837399,0.39342192,0.20334275,-0.057120636,0.6603873,0.10481775,0.031100158,0.6638607,-0.17217697,-0.014256618,0.3959725,-0.27506348,0.046114013,0.1309217,-0.2986717,0.009254808,0.7296618,-0.02618799,0.03233675,0.9397616,-0.0069720787,0.12753053,0.8443023,0.06772022,0.12297915,0.8871213,0.022314727,0.07793768,0.8826698,0.07113726,0.080510885,0.8726208,-0.06888237,-0.015481714,0.86514753,0.037768386,0.005229314789175987,0.2446923851966858,-0.021141402423381805
