frame,Ankle.R_x,Ankle.R_y,Ankle.R_z,Knee.R_x,Knee.R_y,Knee.R_z,Hip.R_x,Hip.R_y,Hip.R_z,Hip.L_x,Hip.L_y,Hip.L_z,Knee.L_x,Knee.L_y,Knee.L_z,Ankle.L_x,Ankle.L_y,Ankle.L_z,Wrist.R_x,Wrist.R_y,Wrist.R_z,Elbow.R_x,Elbow.R_y,Elbow.R_z,Shoulder.R_x,Shoulder.R_y,Shoulder.R_z,Shoulder.L_x,Shoulder.L_y,Shoulder.L_z,Elbow.L_x,Elbow.L_y,Elbow.L_z,Wrist.L_x,Wrist.L_y,Wrist.L_z,Neck_x,Neck_y,Neck_z,Head_x,Head_y,Head_z,Nose_x,Nose_y,Nose_z,Eye.L_x,Eye.L_y,Eye.L_z,Eye.R_x,Eye.R_y,Eye.R_z,Ear.L_x,Ear.L_y,Ear.L_z,Ear.R_x,Ear.R_y,Ear.R_z,hip.Center_x,hip.Center_y,hip.Center_z
0,-0.19074419,-0.45177028,-0.3104629,-0.14915529,-0.12654465,-0.032466725,-0.12574376,0.29863256,-0.0062593017,0.1128836,0.30300373,-0.014375544,0.13658795,-0.11798368,-0.06898077,0.17632155,-0.45633444,-0.33952957,0.08368721,0.84428084,0.104293294,-0.056845233,0.7092278,0.27055836,-0.15849273,0.81354773,0.071235046,0.10284492,0.8098461,-0.017592734,0.18748096,0.56882924,-0.10096496,0.22799881,0.4063434,0.08454087,-0.040681753,0.86714196,0.03615709,-0.07763582,1.0902246,0.073704004,-0.13094193,0.9784306,0.17236497,-0.08927643,1.0267339,0.16313484,-0.14312504,1.018929,0.122704156,0.006103564,1.0257101,0.10931353,-0.11933407,1.0085096,0.017603856,-0.006430082023143768,0.30081814527511597,-0.010317422449588776
