frame,Ankle.R_x,Ankle.R_y,Ankle.R_z,Knee.R_x,Knee.R_y,Knee.R_z,Hip.R_x,Hip.R_y,Hip.R_z,Hip.L_x,Hip.L_y,Hip.L_z,Knee.L_x,Knee.L_y,Knee.L_z,Ankle.L_x,Ankle.L_y,Ankle.L_z,Wrist.R_x,Wrist.R_y,Wrist.R_z,Elbow.R_x,Elbow.R_y,Elbow.R_z,Shoulder.R_x,Shoulder.R_y,Shoulder.R_z,Shoulder.L_x,Shoulder.L_y,Shoulder.L_z,Elbow.L_x,Elbow.L_y,Elbow.L_z,Wrist.L_x,Wrist.L_y,Wrist.L_z,Neck_x,Neck_y,Neck_z,Head_x,Head_y,Head_z,Nose_x,Nose_y,Nose_z,Eye.L_x,Eye.L_y,Eye.L_z,Eye.R_x,Eye.R_y,Eye.R_z,Ear.L_x,Ear.L_y,Ear.L_z,Ear.R_x,Ear.R_y,Ear.R_z,hip.Center_x,hip.Center_y,hip.Center_z
0,-0.15235682,-0.5159925,-0.23041995,-0.14857985,-0.13985652,-0.005302266,-0.12575158,0.28799778,-0.023533363,0.11500185,0.29066077,-0.006079796,0.13020423,-0.13508049,0.008149619,0.18080288,-0.51882046,-0.20361798,-0.15498807,1.0938805,0.13228166,-0.34373683,0.92697185,0.11267181,-0.13620147,0.8137101,-0.01226842,0.13077676,0.79275054,0.006445775,0.37149483,0.7139863,0.09806216,0.29053116,0.814715,0.3073359,-0.008402651,0.8397398,0.016315589,-0.009678987,1.0429583,0.11797604,-0.04313723,0.91127294,0.19662668,-0.0009310356,0.9573818,0.18587199,-0.065186106,0.96431696,0.16766155,0.06679813,0.96832454,0.10409349,-0.080575064,0.9847055,0.062240615,-0.005374867469072342,0.28932929039001465,-0.014806579798460007
