frame,Ankle.R_x,Ankle.R_y,Ankle.R_z,Knee.R_x,Knee.R_y,Knee.R_z,Hip.R_x,Hip.R_y,Hip.R_z,Hip.L_x,Hip.L_y,Hip.L_z,Knee.L_x,Knee.L_y,Knee.L_z,Ankle.L_x,Ankle.L_y,Ankle.L_z,Wrist.R_x,Wrist.R_y,Wrist.R_z,Elbow.R_x,Elbow.R_y,Elbow.R_z,Shoulder.R_x,Shoulder.R_y,Shoulder.R_z,Shoulder.L_x,Shoulder.L_y,Shoulder.L_z,Elbow.L_x,Elbow.L_y,Elbow.L_z,Wrist.L_x,Wrist.L_y,Wrist.L_z,Neck_x,Neck_y,Neck_z,Head_x,Head_y,Head_z,Nose_x,Nose_y,Nose_z,Eye.L_x,Eye.L_y,Eye.L_z,Eye.R_x,Eye.R_y,Eye.R_z,Ear.L_x,Ear.L_y,Ear.L_z,Ear.R_x,Ear.R_y,Ear.R_z,hip.Center_x,hip.Center_y,hip.Center_z
0,-0.18319125,-0.49888283,-0.20788436,-0.0959885,-0.13602926,0.0056177117,-0.10615583,0.29132584,0.049487125,0.09735822,0.3091352,-0.06917277,0.13687827,-0.112658955,-0.08546069,0.11127969,-0.47452158,-0.3256848,0.063961186,0.9068073,0.1223245,0.011562208,0.72675836,0.29095727,-0.13694653,0.81016797,0.10562724,0.06437082,0.813731,-0.08530284,0.17894983,0.5836915,-0.1584388,0.23903751,0.5873682,0.07979984,-0.045486372,0.86544234,0.022541957,-0.07099658,1.0860003,0.07026015,-0.030114518,0.9827686,0.1845685,-0.011568118,1.0319076,0.14673883,-0.07725472,1.0170205,0.15451252,0.020280568,1.0293958,0.042434737,-0.13061768,0.99692595,0.06201402,-0.004398804157972336,0.3002305030822754,-0.009842822328209877
