frame,Ankle.R_x,Ankle.R_y,Ankle.R_z,Knee.R_x,Knee.R_y,Knee.R_z,Hip.R_x,Hip.R_y,Hip.R_z,Hip.L_x,Hip.L_y,Hip.L_z,Knee.L_x,Knee.L_y,Knee.L_z,Ankle.L_x,Ankle.L_y,Ankle.L_z,Wrist.R_x,Wrist.R_y,Wrist.R_z,Elbow.R_x,Elbow.R_y,Elbow.R_z,Shoulder.R_x,Shoulder.R_y,Shoulder.R_z,Shoulder.L_x,Shoulder.L_y,Shoulder.L_z,Elbow.L_x,Elbow.L_y,Elbow.L_z,Wrist.L_x,Wrist.L_y,Wrist.L_z,Neck_x,Neck_y,Neck_z,Head_x,Head_y,Head_z,Nose_x,Nose_y,Nose_z,Eye.L_x,Eye.L_y,Eye.L_z,Eye.R_x,Eye.R_y,Eye.R_z,Ear.L_x,Ear.L_y,Ear.L_z,Ear.R_x,Ear.R_y,Ear.R_z,hip.Center_x,hip.Center_y,hip.Center_z
0,-0.15034252,-0.5050291,-0.31154743,-0.1598121,-0.121239945,-0.09771001,-0.106919415,0.30416834,-0.08605091,0.09361745,0.27988166,0.055870872,0.06744818,-0.14527747,0.03913966,0.14492457,-0.55119985,-0.11102479,-0.14484118,0.7415069,-0.012239935,-0.2060008,0.5844853,-0.19637981,-0.058059752,0.7947892,-0.14688581,0.1009382,0.82180023,0.066228986,-0.09035531,0.72632134,0.2200281,-0.14590731,0.8055154,-0.014524488,0.03261191,0.8533875,-0.0454076,0.023947056,1.0740932,-0.052357342,-0.03654931,0.9952239,0.07473027,0.011068616,1.0320934,0.051300503,-0.04895073,1.0274932,0.020288274,0.09420414,1.003288,-0.009742077,-0.040498275,0.99255884,-0.08557448,-0.006650984287261963,0.29202499985694885,-0.01509002037346363
