frame,Ankle.R_x,Ankle.R_y,Ankle.R_z,Knee.R_x,Knee.R_y,Knee.R_z,Hip.R_x,Hip.R_y,Hip.R_z,Hip.L_x,Hip.L_y,Hip.L_z,Knee.L_x,Knee.L_y,Knee.L_z,Ankle.L_x,Ankle.L_y,Ankle.L_z,Wrist.R_x,Wrist.R_y,Wrist.R_z,Elbow.R_x,Elbow.R_y,Elbow.R_z,Shoulder.R_x,Shoulder.R_y,Shoulder.R_z,Shoulder.L_x,Shoulder.L_y,Shoulder.L_z,Elbow.L_x,Elbow.L_y,Elbow.L_z,Wrist.L_x,Wrist.L_y,Wrist.L_z,Neck_x,Neck_y,Neck_z,Head_x,Head_y,Head_z,Nose_x,Nose_y,Nose_z,Eye.L_x,Eye.L_y,Eye.L_z,Eye.R_x,Eye.R_y,Eye.R_z,Ear.L_x,Ear.L_y,Ear.L_z,Ear.R_x,Ear.R_y,Ear.R_z,hip.Center_x,hip.Center_y,hip.Center_z
0,-0.10453172,-0.5470542,-0.01496687,-0.00081136054,-0.13894857,0.06861597,-0.05445645,0.28519717,0.09418619,0.047918286,0.30843195,-0.1178057,0.12512311,-0.10488593,-0.14381443,0.054316413,-0.501732,-0.3053429,0.11211934,0.91385996,0.070361465,0.13604617,0.71503735,0.22280565,-0.08833608,0.79482794,0.15044844,-0.013177056,0.8081831,-0.1116498,0.04854577,0.5788025,-0.22731222,0.20873411,0.550543,-0.041976362,-0.05494351,0.85268074,0.035351105,-0.070857644,1.067736,0.0907627,0.038205564,0.9762125,0.16189587,0.026991636,1.0243287,0.12044547,-0.020802878,1.0037514,0.16390307,-0.0051662214,1.01849,0.016661376,-0.11370474,0.97345424,0.117803864,-0.003269081935286522,0.29681456089019775,-0.011809755116701126
