frame,Ankle.R_x,Ankle.R_y,Ankle.R_z,Knee.R_x,Knee.R_y,Knee.R_z,Hip.R_x,Hip.R_y,Hip.R_z,Hip.L_x,Hip.L_y,Hip.L_z,Knee.L_x,Knee.L_y,Knee.L_z,Ankle.L_x,Ankle.L_y,Ankle.L_z,Wrist.R_x,Wrist.R_y,Wrist.R_z,Elbow.R_x,Elbow.R_y,Elbow.R_z,Shoulder.R_x,Shoulder.R_y,Shoulder.R_z,Shoulder.L_x,Shoulder.L_y,Shoulder.L_z,Elbow.L_x,Elbow.L_y,Elbow.L_z,Wrist.L_x,Wrist.L_y,Wrist.L_z,Neck_x,Neck_y,Neck_z,Head_x,Head_y,Head_z,Nose_x,Nose_y,Nose_z,Eye.L_x,Eye.L_y,Eye.L_z,Eye.R_x,Eye.R_y,Eye.R_z,Ear.L_x,Ear.L_y,Ear.L_z,Ear.R_x,Ear.R_y,Ear.R_z,hip.Center_x,hip.Center_y,hip.Center_z
0,-0.11434025,-0.66975987,0.046791315,0.0041768476,-0.20710689,0.08355186,-0.037168957,0.24786508,0.09698056,0.046729553,0.23615885,-0.13626702,0.10070182,-0.20811768,-0.07131094,0.019568857,-0.6818711,-0.120886624,-0.001928297,0.15461856,0.3093801,-0.10789483,0.3832681,0.19981457,-0.042085357,0.6506428,0.110613875,0.05036975,0.65553147,-0.1618842,-0.0075459396,0.3910787,-0.2623124,0.0785602,0.13535243,-0.26423496,0.02979983,0.7197948,-0.016385222,0.07157633,0.9271463,0.012449434,0.1550027,0.8189866,0.08112724,0.15523258,0.8643297,0.03838405,0.109949216,0.8620774,0.086728245,0.11210032,0.8592144,-0.05247406,0.0161122,0.8565043,0.05306726,0.004780298098921776,0.24201196432113647,-0.019643232226371765
