frame,Ankle.R_x,Ankle.R_y,Ankle.R_z,Knee.R_x,Knee.R_y,Knee.R_z,Hip.R_x,Hip.R_y,Hip.R_z,Hip.L_x,Hip.L_y,Hip.L_z,Knee.L_x,Knee.L_y,Knee.L_z,Ankle.L_x,Ankle.L_y,Ankle.L_z,Wrist.R_x,Wrist.R_y,Wrist.R_z,Elbow.R_x,Elbow.R_y,Elbow.R_z,Shoulder.R_x,Shoulder.R_y,Shoulder.R_z,Shoulder.L_x,Shoulder.L_y,Shoulder.L_z,Elbow.L_x,Elbow.L_y,Elbow.L_z,Wrist.L_x,Wrist.L_y,Wrist.L_z,Neck_x,Neck_y,Neck_z,Head_x,Head_y,Head_z,Nose_x,Nose_y,Nose_z,Eye.L_x,Eye.L_y,Eye.L_z,Eye.R_x,Eye.R_y,Eye.R_z,Ear.L_x,Ear.L_y,Ear.L_z,Ear.R_x,Ear.R_y,Ear.R_z,hip.Center_x,hip.Center_y,hip.Center_z
0,-0.13930616,-0.473864,-0.30165514,-0.14451352,-0.12657148,-0.04951086,-0.11964951,0.29866034,-0.05657001,0.10319653,0.29295826,0.031466212,0.12134504,-0.12848112,-0.019417962,0.20286764,-0.4804194,-0.25854442,0.031125018,0.79729867,0.045052715,-0.15744063,0.6390147,0.10859005,-0.16155945,0.8069867,-0.049193658,0.0880935,0.8201873,0.02798723,0.19090721,0.58440846,0.013739366,0.1493181,0.42679423,0.20226203,-0.05263258,0.8636385,-0.0067667393,-0.092077844,1.0813096,0.010384477,-0.17855635,0.978256,0.09518412,-0.13287441,1.0230813,0.0959238,-0.17470303,1.0165353,0.04312931,-0.027921943,1.0139066,0.06961271,-0.12488915,0.99891055,-0.051386997,-0.008226487785577774,0.2958092987537384,-0.012551898136734962
