frame,Ankle.R_x,Ankle.R_y,Ankle.R_z,Knee.R_x,Knee.R_y,Knee.R_z,Hip.R_x,Hip.R_y,Hip.R_z,Hip.L_x,Hip.L_y,Hip.L_z,Knee.L_x,Knee.L_y,Knee.L_z,Ankle.L_x,Ankle.L_y,Ankle.L_z,Wrist.R_x,Wrist.R_y,Wrist.R_z,Elbow.R_x,Elbow.R_y,Elbow.R_z,Shoulder.R_x,Shoulder.R_y,Shoulder.R_z,Shoulder.L_x,Shoulder.L_y,Shoulder.L_z,Elbow.L_x,Elbow.L_y,Elbow.L_z,Wrist.L_x,Wrist.L_y,Wrist.L_z,Neck_x,Neck_y,Neck_z,Head_x,Head_y,Head_z,Nose_x,Nose_y,Nose_z,Eye.L_x,Eye.L_y,Eye.L_z,Eye.R_x,Eye.R_y,Eye.R_z,Ear.L_x,Ear.L_y,Ear.L_z,Ear.R_x,Ear.R_y,Ear.R_z,hip.Center_x,hip.Center_y,hip.Center_z
0,-0.19268513,-0.481565,-0.26932195,-0.1320022,-0.13253629,-0.021593973,-0.11876862,0.29267326,0.024710331,0.109153755,0.3050331,-0.0461085,0.1348038,-0.11918979,-0.066547066,0.14350791,-0.47131234,-0.32589212,0.048115958,0.9081856,0.12291315,-0.015555371,0.74004203,0.30052072,-0.14384197,0.8085038,0.08949953,0.08422716,0.80543727,-0.07504712,0.19439268,0.5702092,-0.15489066,0.21403283,0.57844317,0.08943237,-0.04090242,0.861759,0.0177564,-0.07289262,1.0835551,0.062354803,-0.060071353,0.9765104,0.17923293,-0.03280719,1.0261712,0.14828607,-0.09875181,1.0126784,0.14086123,0.021438953,1.0256066,0.053718805,-0.13043724,0.99651957,0.038358368,-0.004807431250810623,0.29885315895080566,-0.010699084028601646
