frame,Ankle.R_x,Ankle.R_y,Ankle.R_z,Knee.R_x,Knee.R_y,Knee.R_z,Hip.R_x,Hip.R_y,Hip.R_z,Hip.L_x,Hip.L_y,Hip.L_z,Knee.L_x,Knee.L_y,Knee.L_z,Ankle.L_x,Ankle.L_y,Ankle.L_z,Wrist.R_x,Wrist.R_y,Wrist.R_z,Elbow.R_x,Elbow.R_y,Elbow.R_z,Shoulder.R_x,Shoulder.R_y,Shoulder.R_z,Shoulder.L_x,Shoulder.L_y,Shoulder.L_z,Elbow.L_x,Elbow.L_y,Elbow.L_z,Wrist.L_x,Wrist.L_y,Wrist.L_z,Neck_x,Neck_y,Neck_z,Head_x,Head_y,Head_z,Nose_x,Nose_y,Nose_z,Eye.L_x,Eye.L_y,Eye.L_z,Eye.R_x,Eye.R_y,Eye.R_z,Ear.L_x,Ear.L_y,Ear.L_z,Ear.R_x,Ear.R_y,Ear.R_z,hip.Center_x,hip.Center_y,hip.Center_z
0,-0.12884377,-0.67054033,0.07543682,-0.00901027,-0.20520554,0.0921439,-0.030668564,0.2518649,0.09811209,0.040950235,0.23440413,-0.14008741,0.09673356,-0.20997421,-0.070372626,0.008024581,-0.68543327,-0.10376709,-0.0072024595,0.15599845,0.3149593,-0.09891291,0.3918556,0.20403807,-0.029461388,0.6562325,0.106006235,0.049065083,0.6564579,-0.17201774,-0.019104738,0.39204592,-0.26840037,0.048146345,0.12928809,-0.28268126,0.0380809,0.7220246,-0.025952348,0.09231638,0.9278152,-0.0021454154,0.17804067,0.81525385,0.056726575,0.17524455,0.8604363,0.013816692,0.136213,0.8606843,0.067513034,0.120867446,0.8576518,-0.07106707,0.038221475,0.8599546,0.045804262,0.005140835419297218,0.2431345283985138,-0.020987659692764282
