frame,Ankle.R_x,Ankle.R_y,Ankle.R_z,Knee.R_x,Knee.R_y,Knee.R_z,Hip.R_x,Hip.R_y,Hip.R_z,Hip.L_x,Hip.L_y,Hip.L_z,Knee.L_x,Knee.L_y,Knee.L_z,Ankle.L_x,Ankle.L_y,Ankle.L_z,Wrist.R_x,Wrist.R_y,Wrist.R_z,Elbow.R_x,Elbow.R_y,Elbow.R_z,Shoulder.R_x,Shoulder.R_y,Shoulder.R_z,Shoulder.L_x,Shoulder.L_y,Shoulder.L_z,Elbow.L_x,Elbow.L_y,Elbow.L_z,Wrist.L_x,Wrist.L_y,Wrist.L_z,Neck_x,Neck_y,Neck_z,Head_x,Head_y,Head_z,Nose_x,Nose_y,Nose_z,Eye.L_x,Eye.L_y,Eye.L_z,Eye.R_x,Eye.R_y,Eye.R_z,Ear.L_x,Ear.L_y,Ear.L_z,Ear.R_x,Ear.R_y,Ear.R_z,hip.Center_x,hip.Center_y,hip.Center_z
0,-0.1792641,-0.471122,-0.31391484,-0.18104482,-0.11258574,-0.068604514,-0.11753608,0.30637464,-0.06456646,0.10588955,0.28952298,0.030936431,0.116340496,-0.13076411,0.032032836,0.19235937,-0.500952,-0.18541874,-0.20669158,0.66406804,-0.007041972,-0.17397325,0.5947869,-0.24226643,-0.09205298,0.8060344,-0.108160496,0.097672686,0.82326007,0.096554875,-0.0801938,0.75751305,0.27093214,-0.13432482,0.8921564,0.06570863,0.010331879,0.86136764,-0.0019208053,0.004395616,1.0814061,0.01183028,-0.028286863,0.9949217,0.14362271,0.013625821,1.0327387,0.11220085,-0.051671766,1.0310764,0.09513252,0.08011687,1.0068359,0.03346401,-0.069039315,1.003034,-0.011675529,-0.005823265761137009,0.29794880747795105,-0.01681501604616642
