frame,Ankle.R_x,Ankle.R_y,Ankle.R_z,Knee.R_x,Knee.R_y,Knee.R_z,Hip.R_x,Hip.R_y,Hip.R_z,Hip.L_x,Hip.L_y,Hip.L_z,Knee.L_x,Knee.L_y,Knee.L_z,Ankle.L_x,Ankle.L_y,Ankle.L_z,Wrist.R_x,Wrist.R_y,Wrist.R_z,Elbow.R_x,Elbow.R_y,Elbow.R_z,Shoulder.R_x,Shoulder.R_y,Shoulder.R_z,Shoulder.L_x,Shoulder.L_y,Shoulder.L_z,Elbow.L_x,Elbow.L_y,Elbow.L_z,Wrist.L_x,Wrist.L_y,Wrist.L_z,Neck_x,Neck_y,Neck_z,Head_x,Head_y,Head_z,Nose_x,Nose_y,Nose_z,Eye.L_x,Eye.L_y,Eye.L_z,Eye.R_x,Eye.R_y,Eye.R_z,Ear.L_x,Ear.L_y,Ear.L_z,Ear.R_x,Ear.R_y,Ear.R_z,hip.Center_x,hip.Center_y,hip.Center_z
0,-0.18892597,-0.4764113,-0.2632527,-0.12288594,-0.131853,-0.015860163,-0.116083495,0.29238063,0.032048676,0.106383905,0.30838466,-0.052687395,0.13423343,-0.11362206,-0.07589654,0.13995199,-0.4607436,-0.33693427,0.081187055,0.891256,0.11376469,0.022161342,0.7133213,0.28218043,-0.13422066,0.8105446,0.11091013,0.07935783,0.8163415,-0.063203044,0.2122845,0.5891981,-0.104170464,0.17765896,0.6860218,0.11723164,-0.041438043,0.867083,0.03304512,-0.080480725,1.0870329,0.072383866,-0.053101048,0.98569244,0.19258028,-0.031148344,1.0356001,0.15781121,-0.09647678,1.0178726,0.15549408,0.016654866,1.0339149,0.05948605,-0.13392544,0.99585044,0.056004357,-0.004849795252084732,0.3003826439380646,-0.010319359600543976
