frame,Ankle.R_x,Ankle.R_y,Ankle.R_z,Knee.R_x,Knee.R_y,Knee.R_z,Hip.R_x,Hip.R_y,Hip.R_z,Hip.L_x,Hip.L_y,Hip.L_z,Knee.L_x,Knee.L_y,Knee.L_z,Ankle.L_x,Ankle.L_y,Ankle.L_z,Wrist.R_x,Wrist.R_y,Wrist.R_z,Elbow.R_x,Elbow.R_y,Elbow.R_z,Shoulder.R_x,Shoulder.R_y,Shoulder.R_z,Shoulder.L_x,Shoulder.L_y,Shoulder.L_z,Elbow.L_x,Elbow.L_y,Elbow.L_z,Wrist.L_x,Wrist.L_y,Wrist.L_z,Neck_x,Neck_y,Neck_z,Head_x,Head_y,Head_z,Nose_x,Nose_y,Nose_z,Eye.L_x,Eye.L_y,Eye.L_z,Eye.R_x,Eye.R_y,Eye.R_z,Ear.L_x,Ear.L_y,Ear.L_z,Ear.R_x,Ear.R_y,Ear.R_z,hip.Center_x,hip.Center_y,hip.Center_z
0,-0.09973636,-0.54710627,-0.0038558538,0.004507522,-0.13766935,0.07143311,-0.050023127,0.28645396,0.095980614,0.043762855,0.30781895,-0.120044805,0.12136458,-0.10485433,-0.1464864,0.047181256,-0.50413215,-0.29993472,0.10525585,0.9156923,0.06634828,0.13831729,0.71852106,0.21859846,-0.08660281,0.7969243,0.1470881,-0.017669624,0.80805373,-0.11690813,0.04954963,0.5805814,-0.23349266,0.21272829,0.57655704,-0.049485885,-0.055709437,0.85344213,0.030695647,-0.067851044,1.0688763,0.08653537,0.043339223,0.97633505,0.15310124,0.030811988,1.0245786,0.11218943,-0.015337437,1.004362,0.15753475,-0.0056800023,1.0191158,0.009830765,-0.11041406,0.9748889,0.115293,-0.0031301360577344894,0.29713645577430725,-0.012032095342874527
