frame,Ankle.R_x,Ankle.R_y,Ankle.R_z,Knee.R_x,Knee.R_y,Knee.R_z,Hip.R_x,Hip.R_y,Hip.R_z,Hip.L_x,Hip.L_y,Hip.L_z,Knee.L_x,Knee.L_y,Knee.L_z,Ankle.L_x,Ankle.L_y,Ankle.L_z,Wrist.R_x,Wrist.R_y,Wrist.R_z,Elbow.R_x,Elbow.R_y,Elbow.R_z,Shoulder.R_x,Shoulder.R_y,Shoulder.R_z,Shoulder.L_x,Shoulder.L_y,Shoulder.L_z,Elbow.L_x,Elbow.L_y,Elbow.L_z,Wrist.L_x,Wrist.L_y,Wrist.L_z,Neck_x,Neck_y,Neck_z,Head_x,Head_y,Head_z,Nose_x,Nose_y,Nose_z,Eye.L_x,Eye.L_y,Eye.L_z,Eye.R_x,Eye.R_y,Eye.R_z,Ear.L_x,Ear.L_y,Ear.L_z,Ear.R_x,Ear.R_y,Ear.R_z,hip.Center_x,hip.Center_y,hip.Center_z
0,-0.16230571,-0.5184865,-0.25104877,-0.15929902,-0.1455604,-0.017270613,-0.12477902,0.28003353,-0.033496216,0.1143114,0.28151676,0.00283586,0.1299671,-0.14479329,0.008556118,0.19978754,-0.52622294,-0.20606339,-0.11565995,1.2239573,0.13477518,-0.2478204,1.0087266,0.07086415,-0.11458722,0.80511165,-0.03917522,0.12646013,0.785146,0.0057255835,0.2648412,0.8643556,0.21334204,0.07703677,1.0218953,0.2755386,-0.0002841251,0.8222303,-0.009522839,-0.011773478,1.0343107,0.041030373,-0.055832632,0.9279671,0.1481055,-0.0131511465,0.9710577,0.13135794,-0.073774055,0.97002757,0.10307113,0.06495432,0.96192354,0.059766777,-0.07340525,0.9607601,-0.0047563314,-0.00523381307721138,0.28077512979507446,-0.015330177731812
