frame,Ankle.R_x,Ankle.R_y,Ankle.R_z,Knee.R_x,Knee.R_y,Knee.R_z,Hip.R_x,Hip.R_y,Hip.R_z,Hip.L_x,Hip.L_y,Hip.L_z,Knee.L_x,Knee.L_y,Knee.L_z,Ankle.L_x,Ankle.L_y,Ankle.L_z,Wrist.R_x,Wrist.R_y,Wrist.R_z,Elbow.R_x,Elbow.R_y,Elbow.R_z,Shoulder.R_x,Shoulder.R_y,Shoulder.R_z,Shoulder.L_x,Shoulder.L_y,Shoulder.L_z,Elbow.L_x,Elbow.L_y,Elbow.L_z,Wrist.L_x,Wrist.L_y,Wrist.L_z,Neck_x,Neck_y,Neck_z,Head_x,Head_y,Head_z,Nose_x,Nose_y,Nose_z,Eye.L_x,Eye.L_y,Eye.L_z,Eye.R_x,Eye.R_y,Eye.R_z,Ear.L_x,Ear.L_y,Ear.L_z,Ear.R_x,Ear.R_y,Ear.R_z,hip.Center_x,hip.Center_y,hip.Center_z
0,-0.18591464,-0.46421438,-0.30082762,-0.13413209,-0.12872611,-0.036875598,-0.120390594,0.29398173,0.020559024,0.10999988,0.30754864,-0.04173471,0.13656399,-0.11504385,-0.0674403,0.15620175,-0.4496283,-0.34478864,0.073546,0.8785098,0.115969874,-0.00979832,0.73010117,0.3034525,-0.14235695,0.8122636,0.10111918,0.089713745,0.81157553,-0.055847637,0.22273481,0.5812555,-0.10143901,0.18475603,0.65333325,0.12892796,-0.0402736,0.8664915,0.030706922,-0.0790438,1.0881279,0.06820839,-0.07153782,0.9836384,0.1882651,-0.04362217,1.0335261,0.15816768,-0.108354166,1.0178736,0.14622524,0.017726963,1.0324736,0.067661956,-0.1320511,0.99893415,0.041912615,-0.005195356905460358,0.30076518654823303,-0.010587843134999275
