frame,Ankle.R_x,Ankle.R_y,Ankle.R_z,Knee.R_x,Knee.R_y,Knee.R_z,Hip.R_x,Hip.R_y,Hip.R_z,Hip.L_x,Hip.L_y,Hip.L_z,Knee.L_x,Knee.L_y,Knee.L_z,Ankle.L_x,Ankle.L_y,Ankle.L_z,Wrist.R_x,Wrist.R_y,Wrist.R_z,Elbow.R_x,Elbow.R_y,Elbow.R_z,Shoulder.R_x,Shoulder.R_y,Shoulder.R_z,Shoulder.L_x,Shoulder.L_y,Shoulder.L_z,Elbow.L_x,Elbow.L_y,Elbow.L_z,Wrist.L_x,Wrist.L_y,Wrist.L_z,Neck_x,Neck_y,Neck_z,Head_x,Head_y,Head_z,Nose_x,Nose_y,Nose_z,Eye.L_x,Eye.L_y,Eye.L_z,Eye.R_x,Eye.R_y,Eye.R_z,Ear.L_x,Ear.L_y,Ear.L_z,Ear.R_x,Ear.R_y,Ear.R_z,hip.Center_x,hip.Center_y,hip.Center_z
0,-0.15996559,-0.4981163,-0.23075132,-0.108658776,-0.13770439,-0.007970438,-0.11793666,0.28505123,0.027755119,0.10750586,0.30335304,-0.04792951,0.14193413,-0.11635257,-0.049027648,0.16796365,-0.47239742,-0.29182175,0.068370506,0.9094361,0.13584737,0.020896222,0.72655606,0.29978228,-0.13400151,0.7958766,0.11549935,0.08330468,0.80153567,-0.04307364,0.21543089,0.57574415,-0.07641549,0.17319238,0.64768046,0.15170488,-0.04009799,0.850041,0.045308404,-0.082729846,1.0667735,0.08146853,-0.060375363,0.96721756,0.20316085,-0.03739702,1.0169873,0.16984053,-0.10206936,0.99842,0.16435745,0.014525533,1.015199,0.07443114,-0.13358426,0.9757292,0.064011484,-0.005215402692556381,0.29420214891433716,-0.010087195783853531
