frame,Ankle.R_x,Ankle.R_y,Ankle.R_z,Knee.R_x,Knee.R_y,Knee.R_z,Hip.R_x,Hip.R_y,Hip.R_z,Hip.L_x,Hip.L_y,Hip.L_z,Knee.L_x,Knee.L_y,Knee.L_z,Ankle.L_x,Ankle.L_y,Ankle.L_z,Wrist.R_x,Wrist.R_y,Wrist.R_z,Elbow.R_x,Elbow.R_y,Elbow.R_z,Shoulder.R_x,Shoulder.R_y,Shoulder.R_z,Shoulder.L_x,Shoulder.L_y,Shoulder.L_z,Elbow.L_x,Elbow.L_y,Elbow.L_z,Wrist.L_x,Wrist.L_y,Wrist.L_z,Neck_x,Neck_y,Neck_z,Head_x,Head_y,Head_z,Nose_x,Nose_y,Nose_z,Eye.L_x,Eye.L_y,Eye.L_z,Eye.R_x,Eye.R_y,Eye.R_z,Ear.L_x,Ear.L_y,Ear.L_z,Ear.R_x,Ear.R_y,Ear.R_z,hip.Center_x,hip.Center_y,hip.Center_z
0,-0.17242736,-0.49732012,-0.19269751,-0.09303335,-0.13704781,0.023017418,-0.10755999,0.29002047,0.046891704,0.09885801,0.30456182,-0.0663701,0.13198201,-0.11753592,-0.06721367,0.10410136,-0.48217618,-0.29862812,0.08311388,0.88315177,0.09907517,0.0089222705,0.72511166,0.280147,-0.13404448,0.8068459,0.089594804,0.06506354,0.80079603,-0.10203937,0.14579074,0.5625299,-0.19655137,0.2321679,0.47108287,0.014957162,-0.042684242,0.8586262,0.004769777,-0.072105356,1.0802685,0.03947985,-0.031400412,0.9849129,0.15988514,-0.012917193,1.0318244,0.11975181,-0.07839987,1.016685,0.12790671,0.019607367,1.0236522,0.016471505,-0.13011213,0.9905559,0.036544435,-0.004350990056991577,0.2972911596298218,-0.009739197790622711
