frame,Ankle.R_x,Ankle.R_y,Ankle.R_z,Knee.R_x,Knee.R_y,Knee.R_z,Hip.R_x,Hip.R_y,Hip.R_z,Hip.L_x,Hip.L_y,Hip.L_z,Knee.L_x,Knee.L_y,Knee.L_z,Ankle.L_x,Ankle.L_y,Ankle.L_z,Wrist.R_x,Wrist.R_y,Wrist.R_z,Elbow.R_x,Elbow.R_y,Elbow.R_z,Shoulder.R_x,Shoulder.R_y,Shoulder.R_z,Shoulder.L_x,Shoulder.L_y,Shoulder.L_z,Elbow.L_x,Elbow.L_y,Elbow.L_z,Wrist.L_x,Wrist.L_y,Wrist.L_z,Neck_x,Neck_y,Neck_z,Head_x,Head_y,Head_z,Nose_x,Nose_y,Nose_z,Eye.L_x,Eye.L_y,Eye.L_z,Eye.R_x,Eye.R_y,Eye.R_z,Ear.L_x,Ear.L_y,Ear.L_z,Ear.R_x,Ear.R_y,Ear.R_z,hip.Center_x,hip.Center_y,hip.Center_z
0,-0.18705602,-0.4652254,-0.2978326,-0.13372289,-0.1287798,-0.035431515,-0.12002461,0.29396817,0.021658538,0.10970361,0.30769455,-0.04292062,0.13685906,-0.11484623,-0.06743738,0.15514712,-0.45052174,-0.34353638,0.0733074,0.8797809,0.11534982,-0.007913733,0.7303233,0.30280912,-0.14169675,0.81244177,0.10134434,0.088802226,0.8118376,-0.058002286,0.22206339,0.58188593,-0.10441382,0.18583415,0.6553212,0.1257629,-0.04024837,0.8666821,0.029850865,-0.07861726,1.0883282,0.06772707,-0.06884557,0.98404616,0.18782169,-0.04152092,1.0339044,0.1571249,-0.10644883,1.018179,0.14639324,0.018155886,1.0327437,0.06552075,-0.13204554,0.9990423,0.042547572,-0.0051604993641376495,0.3008313775062561,-0.010631040669977665
