frame,Ankle.R_x,Ankle.R_y,Ankle.R_z,Knee.R_x,Knee.R_y,Knee.R_z,Hip.R_x,Hip.R_y,Hip.R_z,Hip.L_x,Hip.L_y,Hip.L_z,Knee.L_x,Knee.L_y,Knee.L_z,Ankle.L_x,Ankle.L_y,Ankle.L_z,Wrist.R_x,Wrist.R_y,Wrist.R_z,Elbow.R_x,Elbow.R_y,Elbow.R_z,Shoulder.R_x,Shoulder.R_y,Shoulder.R_z,Shoulder.L_x,Shoulder.L_y,Shoulder.L_z,Elbow.L_x,Elbow.L_y,Elbow.L_z,Wrist.L_x,Wrist.L_y,Wrist.L_z,Neck_x,Neck_y,Neck_z,Head_x,Head_y,Head_z,Nose_x,Nose_y,Nose_z,Eye.L_x,Eye.L_y,Eye.L_z,Eye.R_x,Eye.R_y,Eye.R_z,Ear.L_x,Ear.L_y,Ear.L_z,Ear.R_x,Ear.R_y,Ear.R_z,hip.Center_x,hip.Center_y,hip.Center_z
0,-0.041207876,-0.65955716,0.17138739,0.046682425,-0.1964045,0.099711046,0.03903172,0.2575115,0.09463945,-0.0273091,0.23531373,-0.1475918,0.02425398,-0.21009052,-0.111167274,-0.06592484,-0.6815147,-0.09133018,0.11422759,0.18022598,0.30716524,0.0053459834,0.42156142,0.233169,0.03213919,0.6727092,0.091232434,-0.040333945,0.66280526,-0.18826637,-0.1381737,0.39710963,-0.24624664,-0.07097236,0.14141195,-0.30211926,0.020869512,0.732978,-0.0588117,0.05494366,0.9417181,-0.07103046,0.17467664,0.84412456,-0.07210496,0.14168045,0.8849457,-0.10580412,0.14116882,0.8855262,-0.039274856,0.048924383,0.86917037,-0.14328134,0.04920251,0.87219715,9.036064e-05,0.005861311219632626,0.24641260504722595,-0.026476174592971802
