frame,Ankle.R_x,Ankle.R_y,Ankle.R_z,Knee.R_x,Knee.R_y,Knee.R_z,Hip.R_x,Hip.R_y,Hip.R_z,Hip.L_x,Hip.L_y,Hip.L_z,Knee.L_x,Knee.L_y,Knee.L_z,Ankle.L_x,Ankle.L_y,Ankle.L_z,Wrist.R_x,Wrist.R_y,Wrist.R_z,Elbow.R_x,Elbow.R_y,Elbow.R_z,Shoulder.R_x,Shoulder.R_y,Shoulder.R_z,Shoulder.L_x,Shoulder.L_y,Shoulder.L_z,Elbow.L_x,Elbow.L_y,Elbow.L_z,Wrist.L_x,Wrist.L_y,Wrist.L_z,Neck_x,Neck_y,Neck_z,Head_x,Head_y,Head_z,Nose_x,Nose_y,Nose_z,Eye.L_x,Eye.L_y,Eye.L_z,Eye.R_x,Eye.R_y,Eye.R_z,Ear.L_x,Ear.L_y,Ear.L_z,Ear.R_x,Ear.R_y,Ear.R_z,hip.Center_x,hip.Center_y,hip.Center_z
0,-0.15284264,-0.53882116,-0.19766322,-0.13649249,-0.13865902,-0.0023106863,-0.12532778,0.2995593,-0.011478694,0.114372544,0.29830748,-0.01610718,0.13464448,-0.1326128,-0.029383564,0.16447844,-0.53325367,-0.22970352,-0.350153,0.7079332,0.14590546,-0.3646915,0.65516007,-0.101739064,-0.14967674,0.80962163,-0.004306457,0.14130959,0.7940259,-0.01196133,0.21648294,0.58642673,-0.18010463,0.22091816,0.5081878,0.056712184,0.00085878186,0.85092574,0.040669788,-0.0012823544,1.042209,0.16875301,-0.020668488,0.8990856,0.23614283,0.018186823,0.9501909,0.22633296,-0.047990207,0.9545468,0.2135474,0.079186216,0.97239155,0.14155346,-0.073035784,0.9847156,0.11254625,-0.005477618426084518,0.29893338680267334,-0.013792936690151691
