frame,Ankle.R_x,Ankle.R_y,Ankle.R_z,Knee.R_x,Knee.R_y,Knee.R_z,Hip.R_x,Hip.R_y,Hip.R_z,Hip.L_x,Hip.L_y,Hip.L_z,Knee.L_x,Knee.L_y,Knee.L_z,Ankle.L_x,Ankle.L_y,Ankle.L_z,Wrist.R_x,Wrist.R_y,Wrist.R_z,Elbow.R_x,Elbow.R_y,Elbow.R_z,Shoulder.R_x,Shoulder.R_y,Shoulder.R_z,Shoulder.L_x,Shoulder.L_y,Shoulder.L_z,Elbow.L_x,Elbow.L_y,Elbow.L_z,Wrist.L_x,Wrist.L_y,Wrist.L_z,Neck_x,Neck_y,Neck_z,Head_x,Head_y,Head_z,Nose_x,Nose_y,Nose_z,Eye.L_x,Eye.L_y,Eye.L_z,Eye.R_x,Eye.R_y,Eye.R_z,Ear.L_x,Ear.L_y,Ear.L_z,Ear.R_x,Ear.R_y,Ear.R_z,hip.Center_x,hip.Center_y,hip.Center_z
0,-0.1602213,-0.49456093,-0.24381326,-0.11243172,-0.13709882,-0.0147822555,-0.11945955,0.28574187,0.024058957,0.10896368,0.30262172,-0.0438377,0.1387754,-0.11777801,-0.047064707,0.16951723,-0.47436368,-0.2892552,0.063314565,0.9039648,0.13526529,0.012947929,0.72275597,0.30062512,-0.13638847,0.7950082,0.11284958,0.088382624,0.7997775,-0.03858134,0.21466646,0.56941724,-0.07174611,0.16642237,0.627095,0.15936154,-0.03880797,0.8498024,0.045923147,-0.08131482,1.0673857,0.08420887,-0.06196078,0.9654802,0.204344,-0.037904847,1.0155752,0.17230903,-0.10268448,0.99780405,0.1655374,0.015464582,1.0149487,0.077769354,-0.13285327,0.9771942,0.06429874,-0.005247931927442551,0.29418179392814636,-0.009889371693134308
