frame,Ankle.R_x,Ankle.R_y,Ankle.R_z,Knee.R_x,Knee.R_y,Knee.R_z,Hip.R_x,Hip.R_y,Hip.R_z,Hip.L_x,Hip.L_y,Hip.L_z,Knee.L_x,Knee.L_y,Knee.L_z,Ankle.L_x,Ankle.L_y,Ankle.L_z,Wrist.R_x,Wrist.R_y,Wrist.R_z,Elbow.R_x,Elbow.R_y,Elbow.R_z,Shoulder.R_x,Shoulder.R_y,Shoulder.R_z,Shoulder.L_x,Shoulder.L_y,Shoulder.L_z,Elbow.L_x,Elbow.L_y,Elbow.L_z,Wrist.L_x,Wrist.L_y,Wrist.L_z,Neck_x,Neck_y,Neck_z,Head_x,Head_y,Head_z,Nose_x,Nose_y,Nose_z,Eye.L_x,Eye.L_y,Eye.L_z,Eye.R_x,Eye.R_y,Eye.R_z,Ear.L_x,Ear.L_y,Ear.L_z,Ear.R_x,Ear.R_y,Ear.R_z,hip.Center_x,hip.Center_y,hip.Center_z
0,-0.156845,-0.49444455,-0.275163,-0.12140402,-0.1436212,-0.027185816,-0.12594257,0.27969438,0.00496783,0.11363592,0.29200253,-0.029265773,0.15297233,-0.12484525,-0.047906987,0.20290112,-0.47735766,-0.29730922,-0.066259414,0.8977058,0.21661639,-0.20662329,0.70940125,0.292557,-0.1422955,0.7867681,0.054513827,0.11633477,0.8053449,0.011488058,0.26122457,0.84988725,0.22741094,0.10287703,1.0380794,0.21825406,-0.013483463,0.8361209,0.0278925,-0.009487569,1.0552229,0.049488332,0.043207012,0.9658103,0.1696423,0.058304507,1.0048082,0.1217501,-0.0039026923,1.0025408,0.14677295,0.06252636,0.9825421,0.017910488,-0.08104482,0.97848296,0.0719845,-0.006153326481580734,0.2858484387397766,-0.012148970738053322
