frame,Ankle.R_x,Ankle.R_y,Ankle.R_z,Knee.R_x,Knee.R_y,Knee.R_z,Hip.R_x,Hip.R_y,Hip.R_z,Hip.L_x,Hip.L_y,Hip.L_z,Knee.L_x,Knee.L_y,Knee.L_z,Ankle.L_x,Ankle.L_y,Ankle.L_z,Wrist.R_x,Wrist.R_y,Wrist.R_z,Elbow.R_x,Elbow.R_y,Elbow.R_z,Shoulder.R_x,Shoulder.R_y,Shoulder.R_z,Shoulder.L_x,Shoulder.L_y,Shoulder.L_z,Elbow.L_x,Elbow.L_y,Elbow.L_z,Wrist.L_x,Wrist.L_y,Wrist.L_z,Neck_x,Neck_y,Neck_z,Head_x,Head_y,Head_z,Nose_x,Nose_y,Nose_z,Eye.L_x,Eye.L_y,Eye.L_z,Eye.R_x,Eye.R_y,Eye.R_z,Ear.L_x,Ear.L_y,Ear.L_z,Ear.R_x,Ear.R_y,Ear.R_z,hip.Center_x,hip.Center_y,hip.Center_z
0,-0.14904514,-0.49351266,-0.2739672,-0.14896771,-0.14224309,-0.016477613,-0.1262652,0.28330398,-0.027831528,0.1143281,0.28314897,-0.0021316109,0.12863833,-0.13967451,0.010501468,0.19158866,-0.49878418,-0.23481631,-0.10122851,1.1264744,0.15045565,-0.26591378,0.935955,0.18994924,-0.12718017,0.794115,0.014440211,0.12655166,0.7919692,0.050231803,0.22487816,0.9240894,0.25477323,0.049513016,1.1046727,0.23360649,-0.00024077296,0.8232317,0.034523364,0.004662442,1.0390844,0.076221414,-0.0128958905,0.94039214,0.19737315,0.025612222,0.98026794,0.16695261,-0.04074562,0.98161197,0.15706933,0.08039505,0.96335423,0.077278785,-0.071238674,0.967739,0.052909665,-0.005968548357486725,0.28322649002075195,-0.014981569722294807
