frame,Ankle.R_x,Ankle.R_y,Ankle.R_z,Knee.R_x,Knee.R_y,Knee.R_z,Hip.R_x,Hip.R_y,Hip.R_z,Hip.L_x,Hip.L_y,Hip.L_z,Knee.L_x,Knee.L_y,Knee.L_z,Ankle.L_x,Ankle.L_y,Ankle.L_z,Wrist.R_x,Wrist.R_y,Wrist.R_z,Elbow.R_x,Elbow.R_y,Elbow.R_z,Shoulder.R_x,Shoulder.R_y,Shoulder.R_z,Shoulder.L_x,Shoulder.L_y,Shoulder.L_z,Elbow.L_x,Elbow.L_y,Elbow.L_z,Wrist.L_x,Wrist.L_y,Wrist.L_z,Neck_x,Neck_y,Neck_z,Head_x,Head_y,Head_z,Nose_x,Nose_y,Nose_z,Eye.L_x,Eye.L_y,Eye.L_z,Eye.R_x,Eye.R_y,Eye.R_z,Ear.L_x,Ear.L_y,Ear.L_z,Ear.R_x,Ear.R_y,Ear.R_z,hip.Center_x,hip.Center_y,hip.Center_z
0,-0.13543102,-0.6017444,-0.32600412,-0.11426648,-0.21442358,-0.018174093,-0.13436276,0.25612357,-0.019012077,0.12566815,0.2627404,-0.020851418,0.15930346,-0.20121767,0.02759355,0.20684813,-0.56552887,-0.30822325,-0.24680656,0.14171685,0.056619603,-0.2521093,0.4039834,-0.05823353,-0.17295305,0.68882537,-0.009092561,0.13619882,0.70370054,-0.0054321606,0.23421907,0.42741898,-0.070412576,0.25366834,0.16206366,0.025770059,-0.02014699,0.76671636,0.019380365,-0.039505012,0.9819798,0.04887153,-0.03659871,0.8878762,0.17521656,-0.0052092336,0.9320288,0.14071506,-0.07207863,0.9242594,0.13476925,0.04462248,0.9167986,0.050989516,-0.1043079,0.9002669,0.03702256,-0.0043473020195961,0.25943198800086975,-0.019931748509407043
