frame,Ankle.R_x,Ankle.R_y,Ankle.R_z,Knee.R_x,Knee.R_y,Knee.R_z,Hip.R_x,Hip.R_y,Hip.R_z,Hip.L_x,Hip.L_y,Hip.L_z,Knee.L_x,Knee.L_y,Knee.L_z,Ankle.L_x,Ankle.L_y,Ankle.L_z,Wrist.R_x,Wrist.R_y,Wrist.R_z,Elbow.R_x,Elbow.R_y,Elbow.R_z,Shoulder.R_x,Shoulder.R_y,Shoulder.R_z,Shoulder.L_x,Shoulder.L_y,Shoulder.L_z,Elbow.L_x,Elbow.L_y,Elbow.L_z,Wrist.L_x,Wrist.L_y,Wrist.L_z,Neck_x,Neck_y,Neck_z,Head_x,Head_y,Head_z,Nose_x,Nose_y,Nose_z,Eye.L_x,Eye.L_y,Eye.L_z,Eye.R_x,Eye.R_y,Eye.R_z,Ear.L_x,Ear.L_y,Ear.L_z,Ear.R_x,Ear.R_y,Ear.R_z,hip.Center_x,hip.Center_y,hip.Center_z
0,-0.14987272,-0.5039525,-0.24613945,-0.14663161,-0.124162406,-0.038963415,-0.12628777,0.30633134,-0.032719053,0.11257434,0.2899667,0.002163693,0.10741733,-0.12981601,0.025200909,0.17368993,-0.5218945,-0.15192279,-0.011126639,0.82849115,0.12686773,-0.17762336,0.64698255,0.090431854,-0.09052246,0.82700616,-0.045558713,0.13786471,0.8229428,0.042231046,-0.03847558,0.71989113,0.17709371,-0.071596734,0.8886292,-0.005859163,0.037528582,0.86798733,-0.014409731,0.043085624,1.0892463,-0.00046033773,0.060680807,1.0010059,0.1322599,0.0888399,1.0378702,0.08726701,0.02180295,1.0384387,0.09669198,0.11869854,1.0117346,-0.012368154,-0.036042344,1.0133979,0.004459165,-0.0068567171692848206,0.2981490194797516,-0.0152776800096035
