frame,Ankle.R_x,Ankle.R_y,Ankle.R_z,Knee.R_x,Knee.R_y,Knee.R_z,Hip.R_x,Hip.R_y,Hip.R_z,Hip.L_x,Hip.L_y,Hip.L_z,Knee.L_x,Knee.L_y,Knee.L_z,Ankle.L_x,Ankle.L_y,Ankle.L_z,Wrist.R_x,Wrist.R_y,Wrist.R_z,Elbow.R_x,Elbow.R_y,Elbow.R_z,Shoulder.R_x,Shoulder.R_y,Shoulder.R_z,Shoulder.L_x,Shoulder.L_y,Shoulder.L_z,Elbow.L_x,Elbow.L_y,Elbow.L_z,Wrist.L_x,Wrist.L_y,Wrist.L_z,Neck_x,Neck_y,Neck_z,Head_x,Head_y,Head_z,Nose_x,Nose_y,Nose_z,Eye.L_x,Eye.L_y,Eye.L_z,Eye.R_x,Eye.R_y,Eye.R_z,Ear.L_x,Ear.L_y,Ear.L_z,Ear.R_x,Ear.R_y,Ear.R_z,hip.Center_x,hip.Center_y,hip.Center_z
0,-0.1925968,-0.48344928,-0.26551872,-0.13036956,-0.1339307,-0.019174373,-0.119204864,0.2916192,0.023582287,0.109735884,0.30399498,-0.044361997,0.13232455,-0.1204892,-0.06903127,0.13952686,-0.47230613,-0.32842022,0.053499248,0.8993613,0.123364896,-0.02057639,0.7308929,0.2970277,-0.1465026,0.80584365,0.08805926,0.08589107,0.8056422,-0.06691597,0.20073721,0.5714229,-0.14016113,0.20674367,0.5691759,0.10531473,-0.04251946,0.86016387,0.020430425,-0.07782225,1.0814102,0.060950365,-0.06801902,0.9762932,0.17990169,-0.04017385,1.0257347,0.14922509,-0.105704814,1.011492,0.13981384,0.017154383,1.0242287,0.05654721,-0.13360946,0.99354005,0.03667151,-0.004734490066766739,0.29780709743499756,-0.01038985513150692
