frame,Ankle.R_x,Ankle.R_y,Ankle.R_z,Knee.R_x,Knee.R_y,Knee.R_z,Hip.R_x,Hip.R_y,Hip.R_z,Hip.L_x,Hip.L_y,Hip.L_z,Knee.L_x,Knee.L_y,Knee.L_z,Ankle.L_x,Ankle.L_y,Ankle.L_z,Wrist.R_x,Wrist.R_y,Wrist.R_z,Elbow.R_x,Elbow.R_y,Elbow.R_z,Shoulder.R_x,Shoulder.R_y,Shoulder.R_z,Shoulder.L_x,Shoulder.L_y,Shoulder.L_z,Elbow.L_x,Elbow.L_y,Elbow.L_z,Wrist.L_x,Wrist.L_y,Wrist.L_z,Neck_x,Neck_y,Neck_z,Head_x,Head_y,Head_z,Nose_x,Nose_y,Nose_z,Eye.L_x,Eye.L_y,Eye.L_z,Eye.R_x,Eye.R_y,Eye.R_z,Ear.L_x,Ear.L_y,Ear.L_z,Ear.R_x,Ear.R_y,Ear.R_z,hip.Center_x,hip.Center_y,hip.Center_z
0,-0.17891142,-0.5173451,-0.20873663,-0.121991895,-0.13821281,-0.008525092,-0.11991525,0.2878559,0.022231549,0.11035933,0.29982692,-0.043828577,0.13519017,-0.12254096,-0.066324,0.15978724,-0.5004204,-0.28555217,0.056060545,0.89621556,0.1334138,-0.0145033095,0.7198853,0.29991436,-0.1396248,0.7964858,0.09229204,0.09426974,0.7961217,-0.054203138,0.21303791,0.5616669,-0.10875262,0.15713786,0.61215794,0.12411114,-0.034669712,0.8494196,0.02849748,-0.064685695,1.0687107,0.066414595,-0.07039021,0.9637842,0.18524289,-0.038159896,1.01228,0.15821026,-0.10255219,0.9997776,0.1417818,0.028316645,1.0090494,0.072140515,-0.119311444,0.98305786,0.03712875,-0.0047779567539691925,0.2938414216041565,-0.010798513889312744
