frame,Ankle.R_x,Ankle.R_y,Ankle.R_z,Knee.R_x,Knee.R_y,Knee.R_z,Hip.R_x,Hip.R_y,Hip.R_z,Hip.L_x,Hip.L_y,Hip.L_z,Knee.L_x,Knee.L_y,Knee.L_z,Ankle.L_x,Ankle.L_y,Ankle.L_z,Wrist.R_x,Wrist.R_y,Wrist.R_z,Elbow.R_x,Elbow.R_y,Elbow.R_z,Shoulder.R_x,Shoulder.R_y,Shoulder.R_z,Shoulder.L_x,Shoulder.L_y,Shoulder.L_z,Elbow.L_x,Elbow.L_y,Elbow.L_z,Wrist.L_x,Wrist.L_y,Wrist.L_z,Neck_x,Neck_y,Neck_z,Head_x,Head_y,Head_z,Nose_x,Nose_y,Nose_z,Eye.L_x,Eye.L_y,Eye.L_z,Eye.R_x,Eye.R_y,Eye.R_z,Ear.L_x,Ear.L_y,Ear.L_z,Ear.R_x,Ear.R_y,Ear.R_z,hip.Center_x,hip.Center_y,hip.Center_z
0,-0.1789365,-0.51358324,-0.22314268,-0.12620717,-0.13730355,-0.016074467,-0.12153964,0.2886178,0.01699982,0.11169791,0.29953888,-0.038430087,0.13339847,-0.12336929,-0.06339118,0.1623967,-0.49924716,-0.28572243,0.050912682,0.8982563,0.13679114,-0.020271182,0.719155,0.30032814,-0.14242113,0.79629296,0.09146283,0.097189024,0.7961664,-0.046101294,0.21298599,0.5598023,-0.09887781,0.15546456,0.6058886,0.13470332,-0.034986176,0.8496544,0.032125577,-0.06554761,1.0690222,0.07256346,-0.077227525,0.961764,0.18873772,-0.043466806,1.0105314,0.16413014,-0.10718754,0.9989079,0.1446678,0.026757449,1.0085323,0.081018135,-0.11948112,0.98438644,0.039043594,-0.00492086261510849,0.29407835006713867,-0.010715133510529995
