frame,Ankle.R_x,Ankle.R_y,Ankle.R_z,Knee.R_x,Knee.R_y,Knee.R_z,Hip.R_x,Hip.R_y,Hip.R_z,Hip.L_x,Hip.L_y,Hip.L_z,Knee.L_x,Knee.L_y,Knee.L_z,Ankle.L_x,Ankle.L_y,Ankle.L_z,Wrist.R_x,Wrist.R_y,Wrist.R_z,Elbow.R_x,Elbow.R_y,Elbow.R_z,Shoulder.R_x,Shoulder.R_y,Shoulder.R_z,Shoulder.L_x,Shoulder.L_y,Shoulder.L_z,Elbow.L_x,Elbow.L_y,Elbow.L_z,Wrist.L_x,Wrist.L_y,Wrist.L_z,Neck_x,Neck_y,Neck_z,Head_x,Head_y,Head_z,Nose_x,Nose_y,Nose_z,Eye.L_x,Eye.L_y,Eye.L_z,Eye.R_x,Eye.R_y,Eye.R_z,Ear.L_x,Ear.L_y,Ear.L_z,Ear.R_x,Ear.R_y,Ear.R_z,hip.Center_x,hip.Center_y,hip.Center_z
0,-0.1571617,-0.53061795,-0.23674381,-0.15007962,-0.14846532,-0.015040859,-0.12510557,0.28018293,-0.030170716,0.11489447,0.28295866,0.0011272756,0.12611942,-0.14497544,0.006608488,0.19122481,-0.536805,-0.19327044,-0.12486025,1.2229168,0.08664616,-0.26453584,1.0079288,0.065984085,-0.11560437,0.8099664,-0.035340343,0.13433129,0.77270347,-0.0064371396,0.35414708,0.7130806,0.12984924,0.2245163,0.8533563,0.28763965,0.00051670335,0.824408,-0.0062178914,-0.008496651,1.0342135,0.062076014,-0.066267624,0.9193486,0.15220125,-0.020815197,0.9623158,0.14447953,-0.07816227,0.9664871,0.110149376,0.064077936,0.95753986,0.08045579,-0.06677513,0.967952,0.0033725053,-0.005105551332235336,0.28157079219818115,-0.014521719887852669
