frame,Ankle.R_x,Ankle.R_y,Ankle.R_z,Knee.R_x,Knee.R_y,Knee.R_z,Hip.R_x,Hip.R_y,Hip.R_z,Hip.L_x,Hip.L_y,Hip.L_z,Knee.L_x,Knee.L_y,Knee.L_z,Ankle.L_x,Ankle.L_y,Ankle.L_z,Wrist.R_x,Wrist.R_y,Wrist.R_z,Elbow.R_x,Elbow.R_y,Elbow.R_z,Shoulder.R_x,Shoulder.R_y,Shoulder.R_z,Shoulder.L_x,Shoulder.L_y,Shoulder.L_z,Elbow.L_x,Elbow.L_y,Elbow.L_z,Wrist.L_x,Wrist.L_y,Wrist.L_z,Neck_x,Neck_y,Neck_z,Head_x,Head_y,Head_z,Nose_x,Nose_y,Nose_z,Eye.L_x,Eye.L_y,Eye.L_z,Eye.R_x,Eye.R_y,Eye.R_z,Ear.L_x,Ear.L_y,Ear.L_z,Ear.R_x,Ear.R_y,Ear.R_z,hip.Center_x,hip.Center_y,hip.Center_z
0,-0.18760176,-0.4470034,-0.28836513,-0.14571132,-0.12463544,-0.013480723,-0.124204636,0.2979589,0.0038463569,0.11187989,0.30612355,-0.0246997,0.13726164,-0.11164145,-0.07167073,0.1712075,-0.45076972,-0.33567047,0.0982853,0.8425567,0.084538944,-0.029779844,0.71664745,0.2632628,-0.14707342,0.8233558,0.075397074,0.10186257,0.81477076,-0.031169135,0.1991472,0.57273376,-0.05874762,0.14726841,0.61780745,0.1750418,-0.03731422,0.8728449,0.02863292,-0.07553887,1.0957749,0.0654296,-0.115665525,0.9828645,0.1695592,-0.07707311,1.0326077,0.15624501,-0.13372779,1.0223025,0.12070305,0.013082974,1.034084,0.09386083,-0.11876086,1.0123458,0.014033724,-0.0061623714864254,0.302041232585907,-0.010426671244204044
