frame,Ankle.R_x,Ankle.R_y,Ankle.R_z,Knee.R_x,Knee.R_y,Knee.R_z,Hip.R_x,Hip.R_y,Hip.R_z,Hip.L_x,Hip.L_y,Hip.L_z,Knee.L_x,Knee.L_y,Knee.L_z,Ankle.L_x,Ankle.L_y,Ankle.L_z,Wrist.R_x,Wrist.R_y,Wrist.R_z,Elbow.R_x,Elbow.R_y,Elbow.R_z,Shoulder.R_x,Shoulder.R_y,Shoulder.R_z,Shoulder.L_x,Shoulder.L_y,Shoulder.L_z,Elbow.L_x,Elbow.L_y,Elbow.L_z,Wrist.L_x,Wrist.L_y,Wrist.L_z,Neck_x,Neck_y,Neck_z,Head_x,Head_y,Head_z,Nose_x,Nose_y,Nose_z,Eye.L_x,Eye.L_y,Eye.L_z,Eye.R_x,Eye.R_y,Eye.R_z,Ear.L_x,Ear.L_y,Ear.L_z,Ear.R_x,Ear.R_y,Ear.R_z,hip.Center_x,hip.Center_y,hip.Center_z
0,-0.1351171,-0.45493418,-0.31830406,-0.13774906,-0.12458439,-0.049283776,-0.12332291,0.29784915,-0.044681888,0.10652407,0.29524752,0.021604264,0.13138987,-0.12076168,-0.04468541,0.21084245,-0.43580845,-0.32650435,0.029456785,0.77712995,0.105300985,-0.18186694,0.6415984,0.123948246,-0.16164836,0.8170936,-0.02818484,0.08243996,0.82918316,0.045047782,0.16522607,0.60553265,0.12759832,-0.019465957,0.6594146,0.27774364,-0.052541003,0.87095386,0.00630075,-0.08140898,1.0909022,0.016863007,-0.1581993,0.99435025,0.118053235,-0.11212148,1.0380844,0.11002151,-0.16069263,1.0300481,0.0637859,-0.012053728,1.02408,0.070262335,-0.12401244,1.0068215,-0.03601835,-0.008399419486522675,0.29654833674430847,-0.011538811959326267
