frame,Ankle.R_x,Ankle.R_y,Ankle.R_z,Knee.R_x,Knee.R_y,Knee.R_z,Hip.R_x,Hip.R_y,Hip.R_z,Hip.L_x,Hip.L_y,Hip.L_z,Knee.L_x,Knee.L_y,Knee.L_z,Ankle.L_x,Ankle.L_y,Ankle.L_z,Wrist.R_x,Wrist.R_y,Wrist.R_z,Elbow.R_x,Elbow.R_y,Elbow.R_z,Shoulder.R_x,Shoulder.R_y,Shoulder.R_z,Shoulder.L_x,Shoulder.L_y,Shoulder.L_z,Elbow.L_x,Elbow.L_y,Elbow.L_z,Wrist.L_x,Wrist.L_y,Wrist.L_z,Neck_x,Neck_y,Neck_z,Head_x,Head_y,Head_z,Nose_x,Nose_y,Nose_z,Eye.L_x,Eye.L_y,Eye.L_z,Eye.R_x,Eye.R_y,Eye.R_z,Ear.L_x,Ear.L_y,Ear.L_z,Ear.R_x,Ear.R_y,Ear.R_z,hip.Center_x,hip.Center_y,hip.Center_z
0,-0.15962143,-0.49873203,-0.32138175,-0.15523806,-0.1251552,-0.08752714,-0.11873745,0.30342185,-0.0650625,0.10530091,0.28276476,0.036829244,0.09826922,-0.1432474,0.0017683369,0.17215031,-0.5325133,-0.1922101,-0.15654859,0.7438017,0.04032518,-0.22482225,0.58577806,-0.14155827,-0.090499245,0.8046942,-0.108602464,0.09526935,0.82484454,0.07569709,-0.08887336,0.70714873,0.21682432,-0.19229542,0.78451437,-0.0048285937,0.013764817,0.85985285,-0.020580254,0.0029761659,1.0799206,-0.01439052,-0.033401195,0.9946423,0.11777483,0.0091757085,1.0330579,0.087715566,-0.05555449,1.0291644,0.06785633,0.08040257,1.0079008,0.011411138,-0.06636298,0.9987506,-0.039526045,-0.006718270480632782,0.29309332370758057,-0.014116628095507622
