frame,Ankle.R_x,Ankle.R_y,Ankle.R_z,Knee.R_x,Knee.R_y,Knee.R_z,Hip.R_x,Hip.R_y,Hip.R_z,Hip.L_x,Hip.L_y,Hip.L_z,Knee.L_x,Knee.L_y,Knee.L_z,Ankle.L_x,Ankle.L_y,Ankle.L_z,Wrist.R_x,Wrist.R_y,Wrist.R_z,Elbow.R_x,Elbow.R_y,Elbow.R_z,Shoulder.R_x,Shoulder.R_y,Shoulder.R_z,Shoulder.L_x,Shoulder.L_y,Shoulder.L_z,Elbow.L_x,Elbow.L_y,Elbow.L_z,Wrist.L_x,Wrist.L_y,Wrist.L_z,Neck_x,Neck_y,Neck_z,Head_x,Head_y,Head_z,Nose_x,Nose_y,Nose_z,Eye.L_x,Eye.L_y,Eye.L_z,Eye.R_x,Eye.R_y,Eye.R_z,Ear.L_x,Ear.L_y,Ear.L_z,Ear.R_x,Ear.R_y,Ear.R_z,hip.Center_x,hip.Center_y,hip.Center_z
0,-0.050585534,-0.534714,0.05658509,0.04549131,-0.12381466,0.08208672,-0.022392474,0.29425377,0.10294496,0.016381923,0.3082084,-0.12868622,0.10549655,-0.09907463,-0.1500097,0.012788548,-0.50339574,-0.25180608,0.09458668,0.885161,0.03130597,0.14087734,0.69770527,0.18762265,-0.074628696,0.8065516,0.14465968,-0.07056891,0.81315964,-0.12838271,-0.03883955,0.58532083,-0.25352132,0.17832412,0.5629463,-0.14393131,-0.07322541,0.8625891,0.020453036,-0.09344481,1.0800378,0.06365304,0.043909296,1.0065379,0.09980831,0.013608813,1.0485541,0.061164327,-0.013867974,1.029053,0.1200501,-0.050750878,1.0285193,-0.024415337,-0.11309056,0.98568094,0.11161648,-0.0030052755028009415,0.3012310862541199,-0.012870628386735916
