frame,Ankle.R_x,Ankle.R_y,Ankle.R_z,Knee.R_x,Knee.R_y,Knee.R_z,Hip.R_x,Hip.R_y,Hip.R_z,Hip.L_x,Hip.L_y,Hip.L_z,Knee.L_x,Knee.L_y,Knee.L_z,Ankle.L_x,Ankle.L_y,Ankle.L_z,Wrist.R_x,Wrist.R_y,Wrist.R_z,Elbow.R_x,Elbow.R_y,Elbow.R_z,Shoulder.R_x,Shoulder.R_y,Shoulder.R_z,Shoulder.L_x,Shoulder.L_y,Shoulder.L_z,Elbow.L_x,Elbow.L_y,Elbow.L_z,Wrist.L_x,Wrist.L_y,Wrist.L_z,Neck_x,Neck_y,Neck_z,Head_x,Head_y,Head_z,Nose_x,Nose_y,Nose_z,Eye.L_x,Eye.L_y,Eye.L_z,Eye.R_x,Eye.R_y,Eye.R_z,Ear.L_x,Ear.L_y,Ear.L_z,Ear.R_x,Ear.R_y,Ear.R_z,hip.Center_x,hip.Center_y,hip.Center_z
0,-0.18363121,-0.44340485,-0.32289827,-0.14830731,-0.12532033,-0.03650462,-0.12601466,0.3002105,-0.008575201,0.112529285,0.30408293,-0.0116109215,0.13634984,-0.11611824,-0.0720699,0.17944962,-0.44631076,-0.35175103,0.09066649,0.83440566,0.0982686,-0.058205605,0.7082314,0.26447216,-0.15772028,0.8191286,0.06915502,0.10542118,0.81230533,-0.012088994,0.18848142,0.5690751,-0.08886047,0.22492003,0.41320965,0.10265253,-0.039564,0.8714193,0.037331715,-0.080477595,1.0947849,0.07548181,-0.13897815,0.980324,0.16789982,-0.097460166,1.0293406,0.16252898,-0.14819539,1.0216587,0.11820995,0.0017165989,1.0305731,0.11562904,-0.11687854,1.0135767,0.014808882,-0.0067426897585392,0.3021467328071594,-0.01009306125342846
