frame,Ankle.R_x,Ankle.R_y,Ankle.R_z,Knee.R_x,Knee.R_y,Knee.R_z,Hip.R_x,Hip.R_y,Hip.R_z,Hip.L_x,Hip.L_y,Hip.L_z,Knee.L_x,Knee.L_y,Knee.L_z,Ankle.L_x,Ankle.L_y,Ankle.L_z,Wrist.R_x,Wrist.R_y,Wrist.R_z,Elbow.R_x,Elbow.R_y,Elbow.R_z,Shoulder.R_x,Shoulder.R_y,Shoulder.R_z,Shoulder.L_x,Shoulder.L_y,Shoulder.L_z,Elbow.L_x,Elbow.L_y,Elbow.L_z,Wrist.L_x,Wrist.L_y,Wrist.L_z,Neck_x,Neck_y,Neck_z,Head_x,Head_y,Head_z,Nose_x,Nose_y,Nose_z,Eye.L_x,Eye.L_y,Eye.L_z,Eye.R_x,Eye.R_y,Eye.R_z,Ear.L_x,Ear.L_y,Ear.L_z,Ear.R_x,Ear.R_y,Ear.R_z,hip.Center_x,hip.Center_y,hip.Center_z
0,-0.081397116,-0.53547776,0.013665263,0.020965429,-0.12887667,0.069279835,-0.03770277,0.2906881,0.10015538,0.03186059,0.3113291,-0.12316362,0.111090824,-0.098749116,-0.14631069,0.019631276,-0.4961424,-0.27423877,0.09665227,0.87453556,0.059617538,0.11916177,0.6863541,0.22126453,-0.084736355,0.8034039,0.15409112,-0.040832147,0.8187376,-0.1141662,-0.006142317,0.5900758,-0.23594287,0.1943622,0.5277721,-0.10932764,-0.063816495,0.86338574,0.034309912,-0.087805375,1.0793321,0.08162647,0.039764676,1.0018942,0.13912967,0.017476939,1.0458649,0.09725623,-0.020486273,1.0247935,0.14942992,-0.03050698,1.0301943,0.0006074384,-0.11700004,0.98368764,0.121437415,-0.00292108952999115,0.30100858211517334,-0.011504117399454117
