frame,Ankle.R_x,Ankle.R_y,Ankle.R_z,Knee.R_x,Knee.R_y,Knee.R_z,Hip.R_x,Hip.R_y,Hip.R_z,Hip.L_x,Hip.L_y,Hip.L_z,Knee.L_x,Knee.L_y,Knee.L_z,Ankle.L_x,Ankle.L_y,Ankle.L_z,Wrist.R_x,Wrist.R_y,Wrist.R_z,Elbow.R_x,Elbow.R_y,Elbow.R_z,Shoulder.R_x,Shoulder.R_y,Shoulder.R_z,Shoulder.L_x,Shoulder.L_y,Shoulder.L_z,Elbow.L_x,Elbow.L_y,Elbow.L_z,Wrist.L_x,Wrist.L_y,Wrist.L_z,Neck_x,Neck_y,Neck_z,Head_x,Head_y,Head_z,Nose_x,Nose_y,Nose_z,Eye.L_x,Eye.L_y,Eye.L_z,Eye.R_x,Eye.R_y,Eye.R_z,Ear.L_x,Ear.L_y,Ear.L_z,Ear.R_x,Ear.R_y,Ear.R_z,hip.Center_x,hip.Center_y,hip.Center_z
0,-0.18130957,-0.44486716,-0.3219649,-0.1497544,-0.1250847,-0.03783976,-0.12600026,0.29990134,-0.012110628,0.11245014,0.30242684,-0.008279284,0.13393389,-0.118299186,-0.06538687,0.17919974,-0.44944787,-0.3424702,0.09328478,0.82968765,0.102647044,-0.06541993,0.6989166,0.2549564,-0.15862727,0.8172803,0.06313819,0.10564079,0.8124382,-0.0058372812,0.19151145,0.5696586,-0.07403536,0.21889623,0.41555405,0.12015659,-0.04021317,0.8700645,0.036679707,-0.079695344,1.0931109,0.07151384,-0.14180925,0.98047245,0.1637674,-0.099628575,1.028858,0.15888439,-0.14942086,1.0213279,0.1135287,0.00046228617,1.0283706,0.114238106,-0.11584768,1.0117502,0.011126788,-0.006775058805942535,0.30116409063339233,-0.010194956324994564
