frame,Ankle.R_x,Ankle.R_y,Ankle.R_z,Knee.R_x,Knee.R_y,Knee.R_z,Hip.R_x,Hip.R_y,Hip.R_z,Hip.L_x,Hip.L_y,Hip.L_z,Knee.L_x,Knee.L_y,Knee.L_z,Ankle.L_x,Ankle.L_y,Ankle.L_z,Wrist.R_x,Wrist.R_y,Wrist.R_z,Elbow.R_x,Elbow.R_y,Elbow.R_z,Shoulder.R_x,Shoulder.R_y,Shoulder.R_z,Shoulder.L_x,Shoulder.L_y,Shoulder.L_z,Elbow.L_x,Elbow.L_y,Elbow.L_z,Wrist.L_x,Wrist.L_y,Wrist.L_z,Neck_x,Neck_y,Neck_z,Head_x,Head_y,Head_z,Nose_x,Nose_y,Nose_z,Eye.L_x,Eye.L_y,Eye.L_z,Eye.R_x,Eye.R_y,Eye.R_z,Ear.L_x,Ear.L_y,Ear.L_z,Ear.R_x,Ear.R_y,Ear.R_z,hip.Center_x,hip.Center_y,hip.Center_z
0,-0.17790668,-0.4875276,-0.23645532,-0.115530774,-0.1331095,-0.006647218,-0.113944046,0.2907599,0.035483733,0.10448915,0.3031974,-0.05490718,0.13714135,-0.11644951,-0.057291985,0.13842563,-0.478407,-0.2942516,0.06840136,0.8932543,0.10678206,-0.0010022866,0.7278646,0.2804663,-0.13402122,0.808012,0.0835822,0.08188845,0.800582,-0.08793951,0.18792921,0.56530654,-0.15984686,0.22982323,0.5737486,0.07885448,-0.03610842,0.85852325,0.00816642,-0.065498,1.0798905,0.05212683,-0.04160001,0.9742341,0.16825517,-0.017628927,1.023593,0.13489854,-0.083714195,1.0095975,0.13353452,0.027271923,1.0227538,0.03609115,-0.124156475,0.9924666,0.03465429,-0.004727449268102646,0.2969786524772644,-0.009711723774671555
