frame,Ankle.R_x,Ankle.R_y,Ankle.R_z,Knee.R_x,Knee.R_y,Knee.R_z,Hip.R_x,Hip.R_y,Hip.R_z,Hip.L_x,Hip.L_y,Hip.L_z,Knee.L_x,Knee.L_y,Knee.L_z,Ankle.L_x,Ankle.L_y,Ankle.L_z,Wrist.R_x,Wrist.R_y,Wrist.R_z,Elbow.R_x,Elbow.R_y,Elbow.R_z,Shoulder.R_x,Shoulder.R_y,Shoulder.R_z,Shoulder.L_x,Shoulder.L_y,Shoulder.L_z,Elbow.L_x,Elbow.L_y,Elbow.L_z,Wrist.L_x,Wrist.L_y,Wrist.L_z,Neck_x,Neck_y,Neck_z,Head_x,Head_y,Head_z,Nose_x,Nose_y,Nose_z,Eye.L_x,Eye.L_y,Eye.L_z,Eye.R_x,Eye.R_y,Eye.R_z,Ear.L_x,Ear.L_y,Ear.L_z,Ear.R_x,Ear.R_y,Ear.R_z,hip.Center_x,hip.Center_y,hip.Center_z
0,-0.18949349,-0.49729022,-0.112139024,-0.054536223,-0.12775901,0.041008998,-0.07478908,0.29607064,0.081958935,0.068124354,0.31553915,-0.10064369,0.116470575,-0.09717977,-0.1345931,0.029187044,-0.46278524,-0.337973,0.070651166,0.9144404,0.10947425,0.06370348,0.7164482,0.25833246,-0.11471942,0.820637,0.1293233,0.027206913,0.83075166,-0.105157286,0.13065676,0.6086713,-0.1963026,0.23754652,0.67635053,0.009910236,-0.049723495,0.8779826,0.02653801,-0.06794047,1.098403,0.081215985,0.014448093,0.9981301,0.17479387,0.016376002,1.0477351,0.13286954,-0.041983083,1.0297766,0.16243613,0.011162454,1.0455712,0.023514658,-0.12322764,1.0060571,0.09320949,-0.003332361578941345,0.30580490827560425,-0.00934237614274025
