frame,Ankle.R_x,Ankle.R_y,Ankle.R_z,Knee.R_x,Knee.R_y,Knee.R_z,Hip.R_x,Hip.R_y,Hip.R_z,Hip.L_x,Hip.L_y,Hip.L_z,Knee.L_x,Knee.L_y,Knee.L_z,Ankle.L_x,Ankle.L_y,Ankle.L_z,Wrist.R_x,Wrist.R_y,Wrist.R_z,Elbow.R_x,Elbow.R_y,Elbow.R_z,Shoulder.R_x,Shoulder.R_y,Shoulder.R_z,Shoulder.L_x,Shoulder.L_y,Shoulder.L_z,Elbow.L_x,Elbow.L_y,Elbow.L_z,Wrist.L_x,Wrist.L_y,Wrist.L_z,Neck_x,Neck_y,Neck_z,Head_x,Head_y,Head_z,Nose_x,Nose_y,Nose_z,Eye.L_x,Eye.L_y,Eye.L_z,Eye.R_x,Eye.R_y,Eye.R_z,Ear.L_x,Ear.L_y,Ear.L_z,Ear.R_x,Ear.R_y,Ear.R_z,hip.Center_x,hip.Center_y,hip.Center_z
0,-0.16703673,-0.5264579,-0.23323447,-0.15165904,-0.14550802,-0.012581327,-0.12541059,0.28177586,-0.026999667,0.11524747,0.28551617,-0.002863992,0.13049012,-0.14174275,0.00402838,0.1930529,-0.52608085,-0.20767285,-0.16167341,1.2309209,0.13236034,-0.27196276,1.004142,0.07386986,-0.118410684,0.8134171,-0.035526425,0.13140348,0.7832416,-0.0076122563,0.32740644,0.7802786,0.16821378,0.16734384,0.92616063,0.29342958,-0.00042967685,0.82950604,-0.010547655,-0.0053734803,1.0417916,0.047963575,-0.053453427,0.93196136,0.14997762,-0.009251807,0.9745784,0.13522235,-0.06971794,0.9765918,0.106441215,0.06941479,0.9662806,0.06366824,-0.06884678,0.97186446,-0.0015109554,-0.005081556737422943,0.28364601731300354,-0.014931829646229744
