frame,Ankle.R_x,Ankle.R_y,Ankle.R_z,Knee.R_x,Knee.R_y,Knee.R_z,Hip.R_x,Hip.R_y,Hip.R_z,Hip.L_x,Hip.L_y,Hip.L_z,Knee.L_x,Knee.L_y,Knee.L_z,Ankle.L_x,Ankle.L_y,Ankle.L_z,Wrist.R_x,Wrist.R_y,Wrist.R_z,Elbow.R_x,Elbow.R_y,Elbow.R_z,Shoulder.R_x,Shoulder.R_y,Shoulder.R_z,Shoulder.L_x,Shoulder.L_y,Shoulder.L_z,Elbow.L_x,Elbow.L_y,Elbow.L_z,Wrist.L_x,Wrist.L_y,Wrist.L_z,Neck_x,Neck_y,Neck_z,Head_x,Head_y,Head_z,Nose_x,Nose_y,Nose_z,Eye.L_x,Eye.L_y,Eye.L_z,Eye.R_x,Eye.R_y,Eye.R_z,Ear.L_x,Ear.L_y,Ear.L_z,Ear.R_x,Ear.R_y,Ear.R_z,hip.Center_x,hip.Center_y,hip.Center_z
0,-0.14364865,-0.45482832,-0.3105861,-0.13948332,-0.12789753,-0.0375506,-0.12572215,0.29636192,-0.02519917,0.11070638,0.29686433,0.004932196,0.13181497,-0.121178806,-0.059834555,0.18962073,-0.4387817,-0.34642944,0.093308665,0.8069302,0.09821326,-0.08379525,0.666952,0.21518223,-0.16805531,0.80643904,0.042470835,0.095878765,0.81202817,0.02047179,0.18796664,0.5732875,-0.024248721,0.15429734,0.4871259,0.20311132,-0.052536875,0.86216736,0.036251325,-0.09115304,1.083046,0.05590332,-0.16500948,0.97748786,0.14867985,-0.12154275,1.0244298,0.1450902,-0.16717622,1.0153557,0.095983915,-0.018495314,1.0189394,0.10962084,-0.12474831,0.9993033,-0.0018823117,-0.007507886737585068,0.2966131269931793,-0.010133486241102219
