frame,Ankle.R_x,Ankle.R_y,Ankle.R_z,Knee.R_x,Knee.R_y,Knee.R_z,Hip.R_x,Hip.R_y,Hip.R_z,Hip.L_x,Hip.L_y,Hip.L_z,Knee.L_x,Knee.L_y,Knee.L_z,Ankle.L_x,Ankle.L_y,Ankle.L_z,Wrist.R_x,Wrist.R_y,Wrist.R_z,Elbow.R_x,Elbow.R_y,Elbow.R_z,Shoulder.R_x,Shoulder.R_y,Shoulder.R_z,Shoulder.L_x,Shoulder.L_y,Shoulder.L_z,Elbow.L_x,Elbow.L_y,Elbow.L_z,Wrist.L_x,Wrist.L_y,Wrist.L_z,Neck_x,Neck_y,Neck_z,Head_x,Head_y,Head_z,Nose_x,Nose_y,Nose_z,Eye.L_x,Eye.L_y,Eye.L_z,Eye.R_x,Eye.R_y,Eye.R_z,Ear.L_x,Ear.L_y,Ear.L_z,Ear.R_x,Ear.R_y,Ear.R_z,hip.Center_x,hip.Center_y,hip.Center_z
0,-0.15169133,-0.5218952,-0.10456011,-0.038932603,-0.1389793,0.034593847,-0.071889095,0.28105292,0.08451956,0.067185044,0.30800945,-0.102261774,0.124121726,-0.104991816,-0.1296798,0.040972188,-0.47097743,-0.3351851,0.112854175,0.8940159,0.13903365,0.106451556,0.6759001,0.25495434,-0.0909505,0.7852822,0.16354504,0.036541965,0.81286347,-0.06773295,0.14450651,0.5940326,-0.15117817,0.21729562,0.63721716,0.07552297,-0.03644736,0.8490937,0.0642001,-0.065448515,1.0610946,0.12179947,0.026123382,0.96663743,0.21153148,0.023940988,1.0165101,0.17107552,-0.031915624,0.99411196,0.20193946,0.015017527,1.0149422,0.06288059,-0.11173041,0.9664633,0.13504942,-0.0023520253598690033,0.2945311665534973,-0.008871108293533325
