frame,Ankle.R_x,Ankle.R_y,Ankle.R_z,Knee.R_x,Knee.R_y,Knee.R_z,Hip.R_x,Hip.R_y,Hip.R_z,Hip.L_x,Hip.L_y,Hip.L_z,Knee.L_x,Knee.L_y,Knee.L_z,Ankle.L_x,Ankle.L_y,Ankle.L_z,Wrist.R_x,Wrist.R_y,Wrist.R_z,Elbow.R_x,Elbow.R_y,Elbow.R_z,Shoulder.R_x,Shoulder.R_y,Shoulder.R_z,Shoulder.L_x,Shoulder.L_y,Shoulder.L_z,Elbow.L_x,Elbow.L_y,Elbow.L_z,Wrist.L_x,Wrist.L_y,Wrist.L_z,Neck_x,Neck_y,Neck_z,Head_x,Head_y,Head_z,Nose_x,Nose_y,Nose_z,Eye.L_x,Eye.L_y,Eye.L_z,Eye.R_x,Eye.R_y,Eye.R_z,Ear.L_x,Ear.L_y,Ear.L_z,Ear.R_x,Ear.R_y,Ear.R_z,hip.Center_x,hip.Center_y,hip.Center_z
0,-0.15962999,-0.5074577,-0.24577199,-0.15059216,-0.13947128,-0.016187044,-0.1251125,0.28461665,-0.028307829,0.11359426,0.28350264,-0.0006820117,0.12501979,-0.13791715,0.020464478,0.17908421,-0.51304805,-0.19551344,-0.16970405,0.9988338,0.07041232,-0.3456991,0.83169615,0.12304272,-0.13666266,0.78739834,-0.02905276,0.10795087,0.8077595,0.031212788,0.122806184,0.9483485,0.24665835,-0.02629469,1.0990287,0.11546206,-0.011160697,0.8280485,0.0042538876,-0.011149609,1.0398997,0.07829529,-0.024550617,0.9199244,0.17810355,0.012635368,0.96537924,0.15498976,-0.05386188,0.96741104,0.14732532,0.065332755,0.9672924,0.063139096,-0.08647062,0.97275007,0.04307864,-0.005759123712778091,0.28405964374542236,-0.014494920149445534
