frame,Ankle.R_x,Ankle.R_y,Ankle.R_z,Knee.R_x,Knee.R_y,Knee.R_z,Hip.R_x,Hip.R_y,Hip.R_z,Hip.L_x,Hip.L_y,Hip.L_z,Knee.L_x,Knee.L_y,Knee.L_z,Ankle.L_x,Ankle.L_y,Ankle.L_z,Wrist.R_x,Wrist.R_y,Wrist.R_z,Elbow.R_x,Elbow.R_y,Elbow.R_z,Shoulder.R_x,Shoulder.R_y,Shoulder.R_z,Shoulder.L_x,Shoulder.L_y,Shoulder.L_z,Elbow.L_x,Elbow.L_y,Elbow.L_z,Wrist.L_x,Wrist.L_y,Wrist.L_z,Neck_x,Neck_y,Neck_z,Head_x,Head_y,Head_z,Nose_x,Nose_y,Nose_z,Eye.L_x,Eye.L_y,Eye.L_z,Eye.R_x,Eye.R_y,Eye.R_z,Ear.L_x,Ear.L_y,Ear.L_z,Ear.R_x,Ear.R_y,Ear.R_z,hip.Center_x,hip.Center_y,hip.Center_z
0,-0.1344223,-0.46881104,-0.301765,-0.14132623,-0.12623286,-0.046144504,-0.121241644,0.2979287,-0.051762134,0.10461342,0.29392,0.027223669,0.12327378,-0.1265877,-0.021434883,0.20229216,-0.46683878,-0.275188,0.04144261,0.7940608,0.05380335,-0.14883181,0.6405162,0.12047061,-0.16504695,0.80829155,-0.03798245,0.08636118,0.82155615,0.02983784,0.18871516,0.5862083,0.04131674,0.099988624,0.49824563,0.25387388,-0.054751076,0.86526656,-0.003228928,-0.08767516,1.0847621,0.009286261,-0.1733776,0.9854758,0.099400885,-0.12692548,1.0294479,0.09745742,-0.17057486,1.0224906,0.046296015,-0.023165932,1.0173119,0.06780139,-0.12419016,1.0018052,-0.049489602,-0.008314110338687897,0.2959243655204773,-0.012269232422113419
