frame,Ankle.R_x,Ankle.R_y,Ankle.R_z,Knee.R_x,Knee.R_y,Knee.R_z,Hip.R_x,Hip.R_y,Hip.R_z,Hip.L_x,Hip.L_y,Hip.L_z,Knee.L_x,Knee.L_y,Knee.L_z,Ankle.L_x,Ankle.L_y,Ankle.L_z,Wrist.R_x,Wrist.R_y,Wrist.R_z,Elbow.R_x,Elbow.R_y,Elbow.R_z,Shoulder.R_x,Shoulder.R_y,Shoulder.R_z,Shoulder.L_x,Shoulder.L_y,Shoulder.L_z,Elbow.L_x,Elbow.L_y,Elbow.L_z,Wrist.L_x,Wrist.L_y,Wrist.L_z,Neck_x,Neck_y,Neck_z,Head_x,Head_y,Head_z,Nose_x,Nose_y,Nose_z,Eye.L_x,Eye.L_y,Eye.L_z,Eye.R_x,Eye.R_y,Eye.R_z,Ear.L_x,Ear.L_y,Ear.L_z,Ear.R_x,Ear.R_y,Ear.R_z,hip.Center_x,hip.Center_y,hip.Center_z
0,-0.17058267,-0.48649177,-0.31879586,-0.15736255,-0.124689266,-0.06683978,-0.12513694,0.30414474,-0.048978284,0.11117507,0.29158026,0.020588113,0.12482325,-0.13497722,-0.017311087,0.1881076,-0.49357143,-0.26933467,-0.16074316,0.643119,0.07745474,-0.20574753,0.58010465,-0.16400228,-0.1187644,0.81289655,-0.08184757,0.09399822,0.8268556,0.09637881,-0.07389219,0.6921903,0.24723008,-0.2804793,0.74520516,0.09566405,-0.002308949,0.8687751,0.0074066194,-0.00023144786,1.0905491,0.03953988,-0.008849519,0.9894861,0.16538322,0.027365677,1.0299885,0.12988418,-0.04045099,1.0313826,0.127207,0.07526684,1.0126758,0.035915673,-0.08106158,1.0155834,0.022508785,-0.006980936974287033,0.2978624999523163,-0.014195085503160954
