frame,Ankle.R_x,Ankle.R_y,Ankle.R_z,Knee.R_x,Knee.R_y,Knee.R_z,Hip.R_x,Hip.R_y,Hip.R_z,Hip.L_x,Hip.L_y,Hip.L_z,Knee.L_x,Knee.L_y,Knee.L_z,Ankle.L_x,Ankle.L_y,Ankle.L_z,Wrist.R_x,Wrist.R_y,Wrist.R_z,Elbow.R_x,Elbow.R_y,Elbow.R_z,Shoulder.R_x,Shoulder.R_y,Shoulder.R_z,Shoulder.L_x,Shoulder.L_y,Shoulder.L_z,Elbow.L_x,Elbow.L_y,Elbow.L_z,Wrist.L_x,Wrist.L_y,Wrist.L_z,Neck_x,Neck_y,Neck_z,Head_x,Head_y,Head_z,Nose_x,Nose_y,Nose_z,Eye.L_x,Eye.L_y,Eye.L_z,Eye.R_x,Eye.R_y,Eye.R_z,Ear.L_x,Ear.L_y,Ear.L_z,Ear.R_x,Ear.R_y,Ear.R_z,hip.Center_x,hip.Center_y,hip.Center_z
0,-0.16604847,-0.46390605,-0.2712378,-0.1334737,-0.12635995,-0.021321105,-0.11824213,0.2923377,0.0242589,0.10767264,0.304889,-0.0419216,0.13962153,-0.107716575,-0.08181925,0.16378511,-0.4461332,-0.34180087,0.19137014,0.7665544,0.25132236,-0.043405086,0.73114836,0.33812755,-0.12086717,0.81801856,0.1129538,0.092111655,0.7987172,-0.056590464,0.18725795,0.5689467,-0.14025812,0.15923661,0.6622993,0.08108755,-0.017209478,0.8610305,0.039163053,-0.030112594,1.0839756,0.06296025,-0.039281446,0.9871861,0.18879825,-0.0053040497,1.0318326,0.1577025,-0.07034081,1.0221658,0.1430346,0.059151717,1.0191425,0.07115625,-0.09061019,0.9998223,0.039835796,-0.005284745246171951,0.2986133396625519,-0.00883135013282299
