frame,Ankle.R_x,Ankle.R_y,Ankle.R_z,Knee.R_x,Knee.R_y,Knee.R_z,Hip.R_x,Hip.R_y,Hip.R_z,Hip.L_x,Hip.L_y,Hip.L_z,Knee.L_x,Knee.L_y,Knee.L_z,Ankle.L_x,Ankle.L_y,Ankle.L_z,Wrist.R_x,Wrist.R_y,Wrist.R_z,Elbow.R_x,Elbow.R_y,Elbow.R_z,Shoulder.R_x,Shoulder.R_y,Shoulder.R_z,Shoulder.L_x,Shoulder.L_y,Shoulder.L_z,Elbow.L_x,Elbow.L_y,Elbow.L_z,Wrist.L_x,Wrist.L_y,Wrist.L_z,Neck_x,Neck_y,Neck_z,Head_x,Head_y,Head_z,Nose_x,Nose_y,Nose_z,Eye.L_x,Eye.L_y,Eye.L_z,Eye.R_x,Eye.R_y,Eye.R_z,Ear.L_x,Ear.L_y,Ear.L_z,Ear.R_x,Ear.R_y,Ear.R_z,hip.Center_x,hip.Center_y,hip.Center_z
0,-0.16577548,-0.5169922,-0.24401595,-0.14856602,-0.14240009,-0.012196321,-0.12527591,0.2877297,-0.017317671,0.11517337,0.29054576,-0.008912064,0.13454843,-0.13685831,-0.018070798,0.18947351,-0.51571816,-0.2432333,-0.13228995,1.2039025,0.0982186,-0.28991926,1.003936,0.09442576,-0.12212537,0.82617855,-0.018152246,0.1349234,0.77560765,-0.032805286,0.33034477,0.59092563,-0.059454538,0.31078687,0.6350703,0.18124893,0.00065760687,0.840319,-0.000584078,-0.0079486035,1.0479202,0.089104675,-0.06272657,0.92271173,0.16723283,-0.017466951,0.96705174,0.16305473,-0.075757675,0.9743403,0.1303483,0.06695974,0.970129,0.09702781,-0.06650582,0.98745465,0.024002105,-0.005051270127296448,0.28913772106170654,-0.013114867731928825
