frame,Ankle.R_x,Ankle.R_y,Ankle.R_z,Knee.R_x,Knee.R_y,Knee.R_z,Hip.R_x,Hip.R_y,Hip.R_z,Hip.L_x,Hip.L_y,Hip.L_z,Knee.L_x,Knee.L_y,Knee.L_z,Ankle.L_x,Ankle.L_y,Ankle.L_z,Wrist.R_x,Wrist.R_y,Wrist.R_z,Elbow.R_x,Elbow.R_y,Elbow.R_z,Shoulder.R_x,Shoulder.R_y,Shoulder.R_z,Shoulder.L_x,Shoulder.L_y,Shoulder.L_z,Elbow.L_x,Elbow.L_y,Elbow.L_z,Wrist.L_x,Wrist.L_y,Wrist.L_z,Neck_x,Neck_y,Neck_z,Head_x,Head_y,Head_z,Nose_x,Nose_y,Nose_z,Eye.L_x,Eye.L_y,Eye.L_z,Eye.R_x,Eye.R_y,Eye.R_z,Ear.L_x,Ear.L_y,Ear.L_z,Ear.R_x,Ear.R_y,Ear.R_z,hip.Center_x,hip.Center_y,hip.Center_z
0,-0.16184384,-0.5214504,-0.25025287,-0.15599777,-0.14725609,-0.017465735,-0.12552187,0.27919918,-0.033019524,0.11422469,0.28078362,0.00076730514,0.1332583,-0.14486356,0.010986398,0.19709113,-0.53108734,-0.19800752,-0.11942101,1.1856792,0.11488514,-0.27569318,0.9839101,0.06676245,-0.11794253,0.79861295,-0.042243905,0.114098236,0.79687405,0.013990676,0.15878879,0.9655111,0.20672321,-0.03854047,1.1224297,0.15948059,-0.0031133052,0.82096356,-0.008291324,-0.01180543,1.0331306,0.039019536,-0.047404215,0.930899,0.15304577,-0.00598819,0.97293293,0.13133296,-0.06893769,0.9715011,0.10849602,0.06597086,0.9608092,0.053895302,-0.077740856,0.9587107,0.00068422407,-0.005648590624332428,0.27999138832092285,-0.016126109287142754
