frame,Ankle.R_x,Ankle.R_y,Ankle.R_z,Knee.R_x,Knee.R_y,Knee.R_z,Hip.R_x,Hip.R_y,Hip.R_z,Hip.L_x,Hip.L_y,Hip.L_z,Knee.L_x,Knee.L_y,Knee.L_z,Ankle.L_x,Ankle.L_y,Ankle.L_z,Wrist.R_x,Wrist.R_y,Wrist.R_z,Elbow.R_x,Elbow.R_y,Elbow.R_z,Shoulder.R_x,Shoulder.R_y,Shoulder.R_z,Shoulder.L_x,Shoulder.L_y,Shoulder.L_z,Elbow.L_x,Elbow.L_y,Elbow.L_z,Wrist.L_x,Wrist.L_y,Wrist.L_z,Neck_x,Neck_y,Neck_z,Head_x,Head_y,Head_z,Nose_x,Nose_y,Nose_z,Eye.L_x,Eye.L_y,Eye.L_z,Eye.R_x,Eye.R_y,Eye.R_z,Ear.L_x,Ear.L_y,Ear.L_z,Ear.R_x,Ear.R_y,Ear.R_z,hip.Center_x,hip.Center_y,hip.Center_z
0,-0.16439143,-0.5270558,-0.24386027,-0.1462387,-0.14627536,-0.021248639,-0.1253331,0.2837401,-0.02214799,0.11538771,0.28622064,-0.004255323,0.12737298,-0.14198887,-0.011867059,0.1843999,-0.52954537,-0.22093688,-0.14391996,1.2165061,0.111846946,-0.28168604,1.0026641,0.08132823,-0.11762028,0.8183335,-0.024831112,0.13650835,0.7739434,-0.016368207,0.36339563,0.6489033,0.04994613,0.28596258,0.7464492,0.26313534,0.0012620343,0.8325327,-0.0013969233,-0.009375061,1.0417603,0.07620083,-0.070489615,0.92216265,0.15786734,-0.024791557,0.965731,0.1542505,-0.0805964,0.97139454,0.11742822,0.06350304,0.96433985,0.09385877,-0.064223856,0.9780046,0.011634111,-0.004972696304321289,0.2849803566932678,-0.013201656751334667
