frame,Ankle.R_x,Ankle.R_y,Ankle.R_z,Knee.R_x,Knee.R_y,Knee.R_z,Hip.R_x,Hip.R_y,Hip.R_z,Hip.L_x,Hip.L_y,Hip.L_z,Knee.L_x,Knee.L_y,Knee.L_z,Ankle.L_x,Ankle.L_y,Ankle.L_z,Wrist.R_x,Wrist.R_y,Wrist.R_z,Elbow.R_x,Elbow.R_y,Elbow.R_z,Shoulder.R_x,Shoulder.R_y,Shoulder.R_z,Shoulder.L_x,Shoulder.L_y,Shoulder.L_z,Elbow.L_x,Elbow.L_y,Elbow.L_z,Wrist.L_x,Wrist.L_y,Wrist.L_z,Neck_x,Neck_y,Neck_z,Head_x,Head_y,Head_z,Nose_x,Nose_y,Nose_z,Eye.L_x,Eye.L_y,Eye.L_z,Eye.R_x,Eye.R_y,Eye.R_z,Ear.L_x,Ear.L_y,Ear.L_z,Ear.R_x,Ear.R_y,Ear.R_z,hip.Center_x,hip.Center_y,hip.Center_z
0,-0.15917721,-0.5164492,-0.24690276,-0.14936864,-0.14207,-0.016627291,-0.125317,0.28621736,-0.02401521,0.114814706,0.28964877,-0.0027057019,0.13050899,-0.13732775,-0.00916522,0.18983278,-0.5190078,-0.2254102,-0.13312243,1.1813538,0.07134348,-0.30343014,0.99475616,0.07942649,-0.12394388,0.8224745,-0.020642228,0.13396299,0.7762681,-0.010655402,0.34229368,0.6069914,0.0102916965,0.2939055,0.6812685,0.23776704,-0.0026147412,0.8387128,0.0064380122,-0.008872727,1.0490148,0.08621804,-0.06857993,0.9298725,0.17021364,-0.021948235,0.9724325,0.16438523,-0.07973719,0.97980356,0.13085079,0.06307241,0.9695037,0.09923977,-0.06895351,0.98708737,0.023927458,-0.005251150578260422,0.2879330515861511,-0.013360456563532352
