frame,Ankle.R_x,Ankle.R_y,Ankle.R_z,Knee.R_x,Knee.R_y,Knee.R_z,Hip.R_x,Hip.R_y,Hip.R_z,Hip.L_x,Hip.L_y,Hip.L_z,Knee.L_x,Knee.L_y,Knee.L_z,Ankle.L_x,Ankle.L_y,Ankle.L_z,Wrist.R_x,Wrist.R_y,Wrist.R_z,Elbow.R_x,Elbow.R_y,Elbow.R_z,Shoulder.R_x,Shoulder.R_y,Shoulder.R_z,Shoulder.L_x,Shoulder.L_y,Shoulder.L_z,Elbow.L_x,Elbow.L_y,Elbow.L_z,Wrist.L_x,Wrist.L_y,Wrist.L_z,Neck_x,Neck_y,Neck_z,Head_x,Head_y,Head_z,Nose_x,Nose_y,Nose_z,Eye.L_x,Eye.L_y,Eye.L_z,Eye.R_x,Eye.R_y,Eye.R_z,Ear.L_x,Ear.L_y,Ear.L_z,Ear.R_x,Ear.R_y,Ear.R_z,hip.Center_x,hip.Center_y,hip.Center_z
0,-0.08952834,-0.54723805,0.0072745755,0.012663031,-0.13649799,0.074008405,-0.04533466,0.2865987,0.09769581,0.039067555,0.30793902,-0.12211194,0.119355775,-0.10404412,-0.14889461,0.042411063,-0.50398064,-0.2971896,0.10858296,0.9153906,0.04914164,0.14620021,0.71873903,0.20092162,-0.08303819,0.7972905,0.14845558,-0.028396588,0.80825675,-0.11754485,0.033231657,0.5799437,-0.23356202,0.20465949,0.57004184,-0.057279296,-0.059804395,0.8536881,0.03105498,-0.075454585,1.0688471,0.08481845,0.04172252,0.9807744,0.14715612,0.02573933,1.0279748,0.106243595,-0.017484292,1.0070438,0.15409908,-0.015520342,1.0198462,0.0058544204,-0.11350496,0.9740372,0.1169655,-0.003133552148938179,0.2972688674926758,-0.012208063155412674
