frame,Ankle.R_x,Ankle.R_y,Ankle.R_z,Knee.R_x,Knee.R_y,Knee.R_z,Hip.R_x,Hip.R_y,Hip.R_z,Hip.L_x,Hip.L_y,Hip.L_z,Knee.L_x,Knee.L_y,Knee.L_z,Ankle.L_x,Ankle.L_y,Ankle.L_z,Wrist.R_x,Wrist.R_y,Wrist.R_z,Elbow.R_x,Elbow.R_y,Elbow.R_z,Shoulder.R_x,Shoulder.R_y,Shoulder.R_z,Shoulder.L_x,Shoulder.L_y,Shoulder.L_z,Elbow.L_x,Elbow.L_y,Elbow.L_z,Wrist.L_x,Wrist.L_y,Wrist.L_z,Neck_x,Neck_y,Neck_z,Head_x,Head_y,Head_z,Nose_x,Nose_y,Nose_z,Eye.L_x,Eye.L_y,Eye.L_z,Eye.R_x,Eye.R_y,Eye.R_z,Ear.L_x,Ear.L_y,Ear.L_z,Ear.R_x,Ear.R_y,Ear.R_z,hip.Center_x,hip.Center_y,hip.Center_z
0,-0.18414414,-0.46756423,-0.27710602,-0.12888752,-0.12644523,-0.027724553,-0.118485555,0.29454914,0.025736656,0.108516626,0.30688414,-0.04486948,0.12778437,-0.11365606,-0.06385777,0.14116284,-0.46248007,-0.31731588,0.07306799,0.8837425,0.13680813,-0.016269132,0.7280067,0.31153947,-0.13730596,0.8123313,0.104008,0.0899339,0.8095885,-0.060516715,0.20581324,0.5771568,-0.13424939,0.21180011,0.61501545,0.104653545,-0.035593837,0.8665488,0.031262793,-0.07448912,1.0895721,0.06901661,-0.06309395,0.98494303,0.1884971,-0.036264215,1.0349536,0.15780053,-0.10128805,1.0190899,0.1479499,0.021994496,1.0344722,0.06540328,-0.12812182,1.0004082,0.044368107,-0.00498446449637413,0.3007166385650635,-0.00956641137599945
