frame,Ankle.R_x,Ankle.R_y,Ankle.R_z,Knee.R_x,Knee.R_y,Knee.R_z,Hip.R_x,Hip.R_y,Hip.R_z,Hip.L_x,Hip.L_y,Hip.L_z,Knee.L_x,Knee.L_y,Knee.L_z,Ankle.L_x,Ankle.L_y,Ankle.L_z,Wrist.R_x,Wrist.R_y,Wrist.R_z,Elbow.R_x,Elbow.R_y,Elbow.R_z,Shoulder.R_x,Shoulder.R_y,Shoulder.R_z,Shoulder.L_x,Shoulder.L_y,Shoulder.L_z,Elbow.L_x,Elbow.L_y,Elbow.L_z,Wrist.L_x,Wrist.L_y,Wrist.L_z,Neck_x,Neck_y,Neck_z,Head_x,Head_y,Head_z,Nose_x,Nose_y,Nose_z,Eye.L_x,Eye.L_y,Eye.L_z,Eye.R_x,Eye.R_y,Eye.R_z,Ear.L_x,Ear.L_y,Ear.L_z,Ear.R_x,Ear.R_y,Ear.R_z,hip.Center_x,hip.Center_y,hip.Center_z
0,-0.17883414,-0.5135829,-0.22399774,-0.12639594,-0.13736576,-0.016651822,-0.12165451,0.28857642,0.016574467,0.1118023,0.2993681,-0.037997283,0.13307022,-0.12362382,-0.06312628,0.16231732,-0.4995267,-0.2854524,0.05102935,0.8978376,0.13692178,-0.020568475,0.7181457,0.2996534,-0.1425687,0.7960767,0.09113313,0.09751867,0.7960834,-0.0452115,0.21323869,0.5596127,-0.097106025,0.1545875,0.6046209,0.13646199,-0.034995742,0.84948814,0.03230626,-0.06578555,1.0687923,0.07204044,-0.07818711,0.96187985,0.18846509,-0.044276927,1.0105803,0.1639343,-0.10787304,0.9988855,0.14410087,0.026474595,1.0083499,0.08127595,-0.11948217,0.98404616,0.03845912,-0.004926104098558426,0.2939722537994385,-0.010711408220231533
