frame,Ankle.R_x,Ankle.R_y,Ankle.R_z,Knee.R_x,Knee.R_y,Knee.R_z,Hip.R_x,Hip.R_y,Hip.R_z,Hip.L_x,Hip.L_y,Hip.L_z,Knee.L_x,Knee.L_y,Knee.L_z,Ankle.L_x,Ankle.L_y,Ankle.L_z,Wrist.R_x,Wrist.R_y,Wrist.R_z,Elbow.R_x,Elbow.R_y,Elbow.R_z,Shoulder.R_x,Shoulder.R_y,Shoulder.R_z,Shoulder.L_x,Shoulder.L_y,Shoulder.L_z,Elbow.L_x,Elbow.L_y,Elbow.L_z,Wrist.L_x,Wrist.L_y,Wrist.L_z,Neck_x,Neck_y,Neck_z,Head_x,Head_y,Head_z,Nose_x,Nose_y,Nose_z,Eye.L_x,Eye.L_y,Eye.L_z,Eye.R_x,Eye.R_y,Eye.R_z,Ear.L_x,Ear.L_y,Ear.L_z,Ear.R_x,Ear.R_y,Ear.R_z,hip.Center_x,hip.Center_y,hip.Center_z
0,-0.15113,-0.49246112,-0.27778828,-0.12805629,-0.14696601,-0.018577036,-0.1271789,0.27864304,-0.010770686,0.1145332,0.28472108,-0.0170576,0.147235,-0.13350682,-0.01766764,0.20878786,-0.48520023,-0.26841652,-0.09969018,0.9739215,0.17866747,-0.23305437,0.79372525,0.28477004,-0.13341567,0.78101814,0.043009643,0.1267819,0.7879417,0.04126792,0.21485744,0.8709305,0.27476197,0.07959719,1.0689542,0.210427,-0.0008954853,0.8206544,0.036596056,0.012108406,1.0358901,0.055855665,0.032126587,0.949576,0.18632592,0.05952741,0.9855046,0.14203404,-0.0065277442,0.98766446,0.15283239,0.08455112,0.9586699,0.042533252,-0.066701815,0.9647502,0.06431448,-0.006322853267192841,0.2816820740699768,-0.013914142735302448
