frame,Ankle.R_x,Ankle.R_y,Ankle.R_z,Knee.R_x,Knee.R_y,Knee.R_z,Hip.R_x,Hip.R_y,Hip.R_z,Hip.L_x,Hip.L_y,Hip.L_z,Knee.L_x,Knee.L_y,Knee.L_z,Ankle.L_x,Ankle.L_y,Ankle.L_z,Wrist.R_x,Wrist.R_y,Wrist.R_z,Elbow.R_x,Elbow.R_y,Elbow.R_z,Shoulder.R_x,Shoulder.R_y,Shoulder.R_z,Shoulder.L_x,Shoulder.L_y,Shoulder.L_z,Elbow.L_x,Elbow.L_y,Elbow.L_z,Wrist.L_x,Wrist.L_y,Wrist.L_z,Neck_x,Neck_y,Neck_z,Head_x,Head_y,Head_z,Nose_x,Nose_y,Nose_z,Eye.L_x,Eye.L_y,Eye.L_z,Eye.R_x,Eye.R_y,Eye.R_z,Ear.L_x,Ear.L_y,Ear.L_z,Ear.R_x,Ear.R_y,Ear.R_z,hip.Center_x,hip.Center_y,hip.Center_z
0,-0.19464523,-0.46190426,-0.30201045,-0.18540342,-0.109622225,-0.04900204,-0.12185441,0.31070775,-0.05106032,0.11066962,0.29337716,0.016921716,0.124026045,-0.12714598,0.007069879,0.18475266,-0.48696655,-0.23129663,-0.21118903,0.69291174,0.052630726,-0.20619157,0.6007917,-0.17729665,-0.10312363,0.81781846,-0.07717782,0.11299613,0.8280658,0.098261885,-0.06974694,0.75710684,0.2582546,-0.111761235,0.91397303,0.06484108,0.016452556,0.86986154,0.01409986,0.012362488,1.0902727,0.03841423,0.016308306,0.99806345,0.17054686,0.04831475,1.0375487,0.13008359,-0.01933289,1.0358241,0.13119954,0.09146612,1.0153984,0.035241764,-0.065521576,1.0115663,0.0315397,-0.00559239462018013,0.3020424544811249,-0.01706930249929428
