frame,Ankle.R_x,Ankle.R_y,Ankle.R_z,Knee.R_x,Knee.R_y,Knee.R_z,Hip.R_x,Hip.R_y,Hip.R_z,Hip.L_x,Hip.L_y,Hip.L_z,Knee.L_x,Knee.L_y,Knee.L_z,Ankle.L_x,Ankle.L_y,Ankle.L_z,Wrist.R_x,Wrist.R_y,Wrist.R_z,Elbow.R_x,Elbow.R_y,Elbow.R_z,Shoulder.R_x,Shoulder.R_y,Shoulder.R_z,Shoulder.L_x,Shoulder.L_y,Shoulder.L_z,Elbow.L_x,Elbow.L_y,Elbow.L_z,Wrist.L_x,Wrist.L_y,Wrist.L_z,Neck_x,Neck_y,Neck_z,Head_x,Head_y,Head_z,Nose_x,Nose_y,Nose_z,Eye.L_x,Eye.L_y,Eye.L_z,Eye.R_x,Eye.R_y,Eye.R_z,Ear.L_x,Ear.L_y,Ear.L_z,Ear.R_x,Ear.R_y,Ear.R_z,hip.Center_x,hip.Center_y,hip.Center_z
0,-0.14238991,-0.4735374,-0.30107945,-0.14422785,-0.127177,-0.04765624,-0.120648466,0.29807156,-0.053625405,0.10429751,0.2929946,0.028914614,0.12251909,-0.12822522,-0.023458239,0.20255998,-0.47907874,-0.2648757,0.036580075,0.8006002,0.042907454,-0.14731903,0.64506286,0.12487725,-0.16422492,0.80661213,-0.039023057,0.08811934,0.8190406,0.026206808,0.19100091,0.58382636,0.0040016314,0.1556084,0.42635414,0.1935505,-0.054120988,0.8627783,-0.0026406543,-0.09156426,1.0806456,0.014536153,-0.1779227,0.97865826,0.10066247,-0.13188541,1.0231333,0.10075684,-0.17431459,1.0166922,0.048423864,-0.027263034,1.0130005,0.073340766,-0.12564266,0.9983113,-0.046452943,-0.008175477385520935,0.29553306102752686,-0.012355395592749119
