frame,Ankle.R_x,Ankle.R_y,Ankle.R_z,Knee.R_x,Knee.R_y,Knee.R_z,Hip.R_x,Hip.R_y,Hip.R_z,Hip.L_x,Hip.L_y,Hip.L_z,Knee.L_x,Knee.L_y,Knee.L_z,Ankle.L_x,Ankle.L_y,Ankle.L_z,Wrist.R_x,Wrist.R_y,Wrist.R_z,Elbow.R_x,Elbow.R_y,Elbow.R_z,Shoulder.R_x,Shoulder.R_y,Shoulder.R_z,Shoulder.L_x,Shoulder.L_y,Shoulder.L_z,Elbow.L_x,Elbow.L_y,Elbow.L_z,Wrist.L_x,Wrist.L_y,Wrist.L_z,Neck_x,Neck_y,Neck_z,Head_x,Head_y,Head_z,Nose_x,Nose_y,Nose_z,Eye.L_x,Eye.L_y,Eye.L_z,Eye.R_x,Eye.R_y,Eye.R_z,Ear.L_x,Ear.L_y,Ear.L_z,Ear.R_x,Ear.R_y,Ear.R_z,hip.Center_x,hip.Center_y,hip.Center_z
0,-0.13717996,-0.67311233,0.05194966,-0.025831837,-0.20573674,0.07894252,-0.036359377,0.25198865,0.09761752,0.04388842,0.2363118,-0.13867943,0.1509807,-0.19748585,-0.055138223,0.031278186,-0.66247046,-0.122670345,-0.020840555,0.15320759,0.31712824,-0.10782469,0.38795733,0.1988042,-0.05755751,0.65572494,0.09985188,0.03706277,0.6561173,-0.17477047,-0.0013150759,0.38372594,-0.26497912,0.052429445,0.116155155,-0.27387878,0.0139504755,0.7223221,-0.028857801,0.066126846,0.9274883,0.0032891943,0.14407754,0.8125979,0.06756971,0.14607242,0.8585906,0.025703616,0.10170856,0.85814285,0.07496543,0.10075872,0.8587523,-0.06450966,0.006341707,0.8589911,0.04329507,0.0037645213305950165,0.24415022134780884,-0.020530954003334045
