frame,Ankle.R_x,Ankle.R_y,Ankle.R_z,Knee.R_x,Knee.R_y,Knee.R_z,Hip.R_x,Hip.R_y,Hip.R_z,Hip.L_x,Hip.L_y,Hip.L_z,Knee.L_x,Knee.L_y,Knee.L_z,Ankle.L_x,Ankle.L_y,Ankle.L_z,Wrist.R_x,Wrist.R_y,Wrist.R_z,Elbow.R_x,Elbow.R_y,Elbow.R_z,Shoulder.R_x,Shoulder.R_y,Shoulder.R_z,Shoulder.L_x,Shoulder.L_y,Shoulder.L_z,Elbow.L_x,Elbow.L_y,Elbow.L_z,Wrist.L_x,Wrist.L_y,Wrist.L_z,Neck_x,Neck_y,Neck_z,Head_x,Head_y,Head_z,Nose_x,Nose_y,Nose_z,Eye.L_x,Eye.L_y,Eye.L_z,Eye.R_x,Eye.R_y,Eye.R_z,Ear.L_x,Ear.L_y,Ear.L_z,Ear.R_x,Ear.R_y,Ear.R_z,hip.Center_x,hip.Center_y,hip.Center_z
0,0.040379856,-0.5312745,0.13466065,0.1043703,-0.111531936,0.09913118,0.004499796,0.30269003,0.10216217,-0.013343573,0.29944313,-0.13295464,0.09111681,-0.10555696,-0.15586159,0.012136103,-0.52570087,-0.20735389,0.07198064,0.9238018,-0.057613034,0.16707003,0.75263524,0.09894408,-0.071544506,0.81498456,0.11657354,-0.12710807,0.7936754,-0.14953315,-0.100907944,0.55613226,-0.2610363,0.13844761,0.5228764,-0.20862027,-0.10009127,0.85658514,-0.007181679,-0.111504175,1.0769298,0.020465646,0.030931681,1.0054685,0.029086672,-0.008195527,1.0437496,-0.0049937963,-0.020399325,1.0304925,0.060439087,-0.091329366,1.0166208,-0.06989927,-0.11812921,0.9875115,0.08092803,-0.004421888384968042,0.3010665774345398,-0.01539623737335205
