frame,Ankle.R_x,Ankle.R_y,Ankle.R_z,Knee.R_x,Knee.R_y,Knee.R_z,Hip.R_x,Hip.R_y,Hip.R_z,Hip.L_x,Hip.L_y,Hip.L_z,Knee.L_x,Knee.L_y,Knee.L_z,Ankle.L_x,Ankle.L_y,Ankle.L_z,Wrist.R_x,Wrist.R_y,Wrist.R_z,Elbow.R_x,Elbow.R_y,Elbow.R_z,Shoulder.R_x,Shoulder.R_y,Shoulder.R_z,Shoulder.L_x,Shoulder.L_y,Shoulder.L_z,Elbow.L_x,Elbow.L_y,Elbow.L_z,Wrist.L_x,Wrist.L_y,Wrist.L_z,Neck_x,Neck_y,Neck_z,Head_x,Head_y,Head_z,Nose_x,Nose_y,Nose_z,Eye.L_x,Eye.L_y,Eye.L_z,Eye.R_x,Eye.R_y,Eye.R_z,Ear.L_x,Ear.L_y,Ear.L_z,Ear.R_x,Ear.R_y,Ear.R_z,hip.Center_x,hip.Center_y,hip.Center_z
0,-0.16380721,-0.53098667,-0.22895433,-0.14776397,-0.14704354,-0.014026395,-0.12533258,0.28071046,-0.026295243,0.11507313,0.28416532,-0.0018993071,0.12801343,-0.14300881,-0.0013538274,0.19138357,-0.53064173,-0.20619448,-0.13147084,1.2176373,0.09740571,-0.26958585,1.0032842,0.06482895,-0.11592351,0.8115207,-0.040694624,0.13249083,0.77974415,-0.01320098,0.34181696,0.75707984,0.14546615,0.18566357,0.90068287,0.2744464,0.0003458392,0.82761365,-0.014466927,-0.008702478,1.0395237,0.047994245,-0.063078254,0.9268187,0.14307457,-0.01836421,0.9700977,0.13295501,-0.076475106,0.9724164,0.09975323,0.0654349,0.9642524,0.06722131,-0.067277744,0.9706386,-0.0074595734,-0.005129724740982056,0.28243789076805115,-0.014097275212407112
