frame,Ankle.R_x,Ankle.R_y,Ankle.R_z,Knee.R_x,Knee.R_y,Knee.R_z,Hip.R_x,Hip.R_y,Hip.R_z,Hip.L_x,Hip.L_y,Hip.L_z,Knee.L_x,Knee.L_y,Knee.L_z,Ankle.L_x,Ankle.L_y,Ankle.L_z,Wrist.R_x,Wrist.R_y,Wrist.R_z,Elbow.R_x,Elbow.R_y,Elbow.R_z,Shoulder.R_x,Shoulder.R_y,Shoulder.R_z,Shoulder.L_x,Shoulder.L_y,Shoulder.L_z,Elbow.L_x,Elbow.L_y,Elbow.L_z,Wrist.L_x,Wrist.L_y,Wrist.L_z,Neck_x,Neck_y,Neck_z,Head_x,Head_y,Head_z,Nose_x,Nose_y,Nose_z,Eye.L_x,Eye.L_y,Eye.L_z,Eye.R_x,Eye.R_y,Eye.R_z,Ear.L_x,Ear.L_y,Ear.L_z,Ear.R_x,Ear.R_y,Ear.R_z,hip.Center_x,hip.Center_y,hip.Center_z
0,-0.13382784,-0.6757339,0.01501832,-0.03139233,-0.20787863,0.077348515,-0.05813728,0.25095168,0.08891687,0.06713541,0.23759654,-0.12716886,0.08391051,-0.21398434,-0.06578244,-0.008508317,-0.68788844,-0.13242713,-0.057389796,0.15781642,0.30842167,-0.14475203,0.3902612,0.18336566,-0.070317924,0.65942186,0.09738155,0.064596854,0.6619008,-0.16042313,0.0138037335,0.39643925,-0.2693712,0.060466785,0.12702009,-0.28047296,0.020794488,0.7281182,-0.019009864,0.05289528,0.9375305,0.012692273,0.12471274,0.83285236,0.09946086,0.13188586,0.8774004,0.05595181,0.077941924,0.8747914,0.09488665,0.10738109,0.8689593,-0.042235147,-0.008216393,0.8654779,0.043504268,0.0044990647584199905,0.2442741096019745,-0.01912599802017212
