frame,Ankle.R_x,Ankle.R_y,Ankle.R_z,Knee.R_x,Knee.R_y,Knee.R_z,Hip.R_x,Hip.R_y,Hip.R_z,Hip.L_x,Hip.L_y,Hip.L_z,Knee.L_x,Knee.L_y,Knee.L_z,Ankle.L_x,Ankle.L_y,Ankle.L_z,Wrist.R_x,Wrist.R_y,Wrist.R_z,Elbow.R_x,Elbow.R_y,Elbow.R_z,Shoulder.R_x,Shoulder.R_y,Shoulder.R_z,Shoulder.L_x,Shoulder.L_y,Shoulder.L_z,Elbow.L_x,Elbow.L_y,Elbow.L_z,Wrist.L_x,Wrist.L_y,Wrist.L_z,Neck_x,Neck_y,Neck_z,Head_x,Head_y,Head_z,Nose_x,Nose_y,Nose_z,Eye.L_x,Eye.L_y,Eye.L_z,Eye.R_x,Eye.R_y,Eye.R_z,Ear.L_x,Ear.L_y,Ear.L_z,Ear.R_x,Ear.R_y,Ear.R_z,hip.Center_x,hip.Center_y,hip.Center_z
0,-0.16681316,-0.5291126,-0.24084847,-0.14977236,-0.14676198,-0.020559367,-0.12544928,0.28245726,-0.022614572,0.11554174,0.28547513,-0.00496413,0.13286744,-0.14205652,-0.008208255,0.19405368,-0.53037024,-0.21524505,-0.155998,1.2263136,0.12446619,-0.27732444,1.0044312,0.07498806,-0.115980014,0.81582963,-0.02849561,0.13536914,0.7771025,-0.014944548,0.3658191,0.70754135,0.096781544,0.24538435,0.8326412,0.27421483,0.00155087,0.82962406,-0.0044252304,-0.008703304,1.0373197,0.0748969,-0.064796284,0.91626483,0.1581265,-0.020020984,0.960451,0.15298969,-0.07725781,0.96555996,0.11848819,0.065596074,0.96090794,0.08915525,-0.06537431,0.9732827,0.011923857,-0.0049537718296051025,0.28396618366241455,-0.013789351098239422
