frame,Ankle.R_x,Ankle.R_y,Ankle.R_z,Knee.R_x,Knee.R_y,Knee.R_z,Hip.R_x,Hip.R_y,Hip.R_z,Hip.L_x,Hip.L_y,Hip.L_z,Knee.L_x,Knee.L_y,Knee.L_z,Ankle.L_x,Ankle.L_y,Ankle.L_z,Wrist.R_x,Wrist.R_y,Wrist.R_z,Elbow.R_x,Elbow.R_y,Elbow.R_z,Shoulder.R_x,Shoulder.R_y,Shoulder.R_z,Shoulder.L_x,Shoulder.L_y,Shoulder.L_z,Elbow.L_x,Elbow.L_y,Elbow.L_z,Wrist.L_x,Wrist.L_y,Wrist.L_z,Neck_x,Neck_y,Neck_z,Head_x,Head_y,Head_z,Nose_x,Nose_y,Nose_z,Eye.L_x,Eye.L_y,Eye.L_z,Eye.R_x,Eye.R_y,Eye.R_z,Ear.L_x,Ear.L_y,Ear.L_z,Ear.R_x,Ear.R_y,Ear.R_z,hip.Center_x,hip.Center_y,hip.Center_z
0,-0.15062934,-0.4923283,-0.27516913,-0.1410993,-0.14142743,-0.017768973,-0.12612133,0.28545687,-0.019131934,0.11441836,0.28864166,-0.0071852542,0.1349625,-0.13450205,-0.008724637,0.19029137,-0.49152094,-0.25791842,-0.1275924,1.0987344,0.14357138,-0.2998953,0.9209039,0.18802837,-0.13395047,0.8041538,0.016064674,0.13558489,0.78773344,0.023769192,0.361602,0.7838179,0.16827254,0.2293229,0.9600435,0.27659044,-0.0023625782,0.83289224,0.030754177,0.0062876735,1.0472007,0.098243624,-0.017486215,0.9323264,0.20295274,0.022900052,0.97538793,0.17969012,-0.042976264,0.97976315,0.16772015,0.0807018,0.97024345,0.09027528,-0.0699718,0.9813807,0.06231305,-0.005851484835147858,0.287049263715744,-0.013158594258129597
