frame,Ankle.R_x,Ankle.R_y,Ankle.R_z,Knee.R_x,Knee.R_y,Knee.R_z,Hip.R_x,Hip.R_y,Hip.R_z,Hip.L_x,Hip.L_y,Hip.L_z,Knee.L_x,Knee.L_y,Knee.L_z,Ankle.L_x,Ankle.L_y,Ankle.L_z,Wrist.R_x,Wrist.R_y,Wrist.R_z,Elbow.R_x,Elbow.R_y,Elbow.R_z,Shoulder.R_x,Shoulder.R_y,Shoulder.R_z,Shoulder.L_x,Shoulder.L_y,Shoulder.L_z,Elbow.L_x,Elbow.L_y,Elbow.L_z,Wrist.L_x,Wrist.L_y,Wrist.L_z,Neck_x,Neck_y,Neck_z,Head_x,Head_y,Head_z,Nose_x,Nose_y,Nose_z,Eye.L_x,Eye.L_y,Eye.L_z,Eye.R_x,Eye.R_y,Eye.R_z,Ear.L_x,Ear.L_y,Ear.L_z,Ear.R_x,Ear.R_y,Ear.R_z,hip.Center_x,hip.Center_y,hip.Center_z
0,-0.19290726,-0.47598863,-0.28356108,-0.1342218,-0.1321555,-0.027642762,-0.119853795,0.29260588,0.022003997,0.11028096,0.30525887,-0.04236193,0.13114586,-0.11950494,-0.07263724,0.13970537,-0.46611023,-0.3396146,0.049291644,0.8984283,0.12736197,-0.031426463,0.7408755,0.308729,-0.14887975,0.8082841,0.08942764,0.08432662,0.80554205,-0.070291184,0.1891146,0.5699669,-0.16096756,0.21358407,0.5430988,0.08212593,-0.04343543,0.86223924,0.020360997,-0.07810975,1.0844898,0.06635407,-0.06808574,0.9759002,0.18199249,-0.040136002,1.0260644,0.15245073,-0.10585344,1.0125167,0.14317693,0.016634002,1.0269216,0.05937127,-0.13477592,0.99761236,0.039579548,-0.0047864168882369995,0.29893237352371216,-0.010178966447710991
