frame,Ankle.R_x,Ankle.R_y,Ankle.R_z,Knee.R_x,Knee.R_y,Knee.R_z,Hip.R_x,Hip.R_y,Hip.R_z,Hip.L_x,Hip.L_y,Hip.L_z,Knee.L_x,Knee.L_y,Knee.L_z,Ankle.L_x,Ankle.L_y,Ankle.L_z,Wrist.R_x,Wrist.R_y,Wrist.R_z,Elbow.R_x,Elbow.R_y,Elbow.R_z,Shoulder.R_x,Shoulder.R_y,Shoulder.R_z,Shoulder.L_x,Shoulder.L_y,Shoulder.L_z,Elbow.L_x,Elbow.L_y,Elbow.L_z,Wrist.L_x,Wrist.L_y,Wrist.L_z,Neck_x,Neck_y,Neck_z,Head_x,Head_y,Head_z,Nose_x,Nose_y,Nose_z,Eye.L_x,Eye.L_y,Eye.L_z,Eye.R_x,Eye.R_y,Eye.R_z,Ear.L_x,Ear.L_y,Ear.L_z,Ear.R_x,Ear.R_y,Ear.R_z,hip.Center_x,hip.Center_y,hip.Center_z
0,-0.16808528,-0.53648746,-0.22351205,-0.14943321,-0.14855431,-0.011417435,-0.12552138,0.28057095,-0.022110594,0.115630604,0.285278,-0.006525919,0.1350638,-0.14275473,-0.0018707635,0.19147384,-0.5360519,-0.20267479,-0.13637647,1.2168202,0.11894465,-0.27392942,1.003949,0.069956794,-0.11887357,0.8129319,-0.03860168,0.13242751,0.7755689,-0.0231697,0.35317665,0.7096435,0.107922494,0.2116979,0.83014184,0.2733229,-0.0014967583,0.8267971,-0.015269715,-0.011752917,1.0332689,0.06676315,-0.067403235,0.91060793,0.14728083,-0.022765394,0.95484626,0.14303115,-0.08003569,0.960636,0.10879572,0.06254827,0.95671546,0.07909605,-0.06842754,0.97066915,0.0025384873,-0.004945386201143265,0.28292447328567505,-0.014318256638944149
