frame,Ankle.R_x,Ankle.R_y,Ankle.R_z,Knee.R_x,Knee.R_y,Knee.R_z,Hip.R_x,Hip.R_y,Hip.R_z,Hip.L_x,Hip.L_y,Hip.L_z,Knee.L_x,Knee.L_y,Knee.L_z,Ankle.L_x,Ankle.L_y,Ankle.L_z,Wrist.R_x,Wrist.R_y,Wrist.R_z,Elbow.R_x,Elbow.R_y,Elbow.R_z,Shoulder.R_x,Shoulder.R_y,Shoulder.R_z,Shoulder.L_x,Shoulder.L_y,Shoulder.L_z,Elbow.L_x,Elbow.L_y,Elbow.L_z,Wrist.L_x,Wrist.L_y,Wrist.L_z,Neck_x,Neck_y,Neck_z,Head_x,Head_y,Head_z,Nose_x,Nose_y,Nose_z,Eye.L_x,Eye.L_y,Eye.L_z,Eye.R_x,Eye.R_y,Eye.R_z,Ear.L_x,Ear.L_y,Ear.L_z,Ear.R_x,Ear.R_y,Ear.R_z,hip.Center_x,hip.Center_y,hip.Center_z
0,-0.16911058,-0.5199811,-0.24917339,-0.15201642,-0.14455462,-0.017958323,-0.12553954,0.28439763,-0.021592172,0.11552294,0.28749514,-0.006093537,0.1337321,-0.1400048,-0.011567949,0.19276027,-0.5213225,-0.23146756,-0.14126337,1.2138166,0.12466552,-0.2834993,1.0044824,0.08178534,-0.11967301,0.81950235,-0.024683889,0.13415256,0.78059196,-0.0193999,0.37415642,0.69833887,0.062957525,0.2666267,0.8193666,0.24974944,-0.0005527623,0.8339863,-0.0029447111,-0.008041017,1.0419331,0.07913261,-0.06444939,0.9204334,0.1617927,-0.019175962,0.9642252,0.1564642,-0.07684298,0.9703806,0.12274934,0.06587623,0.96437067,0.091519915,-0.06633937,0.9791544,0.015909836,-0.00500829890370369,0.2859463691711426,-0.013842854648828506
