frame,Ankle.R_x,Ankle.R_y,Ankle.R_z,Knee.R_x,Knee.R_y,Knee.R_z,Hip.R_x,Hip.R_y,Hip.R_z,Hip.L_x,Hip.L_y,Hip.L_z,Knee.L_x,Knee.L_y,Knee.L_z,Ankle.L_x,Ankle.L_y,Ankle.L_z,Wrist.R_x,Wrist.R_y,Wrist.R_z,Elbow.R_x,Elbow.R_y,Elbow.R_z,Shoulder.R_x,Shoulder.R_y,Shoulder.R_z,Shoulder.L_x,Shoulder.L_y,Shoulder.L_z,Elbow.L_x,Elbow.L_y,Elbow.L_z,Wrist.L_x,Wrist.L_y,Wrist.L_z,Neck_x,Neck_y,Neck_z,Head_x,Head_y,Head_z,Nose_x,Nose_y,Nose_z,Eye.L_x,Eye.L_y,Eye.L_z,Eye.R_x,Eye.R_y,Eye.R_z,Ear.L_x,Ear.L_y,Ear.L_z,Ear.R_x,Ear.R_y,Ear.R_z,hip.Center_x,hip.Center_y,hip.Center_z
0,-0.15279105,-0.62290514,-0.060457338,-0.042641096,-0.18749966,0.04244841,-0.058847517,0.25714362,0.08860691,0.06652569,0.25776246,-0.12020544,0.062817276,-0.18165623,-0.096058786,-0.026612304,-0.62584126,-0.19921672,0.055011697,0.4009539,0.35490713,-0.16803086,0.47494018,0.2450532,-0.0341546,0.6999349,0.13613103,0.07806424,0.7039733,-0.12788296,-0.007207942,0.4799749,-0.2763724,0.18157662,0.31558365,-0.22930272,0.05166146,0.7616735,0.015961565,0.0649069,0.96691656,0.020227803,0.15673855,0.8903959,0.12005188,0.15468213,0.9274095,0.06883495,0.10311536,0.9230446,0.11104939,0.12980288,0.89814985,-0.026572453,0.016695753,0.8916539,0.066986196,0.00383908674120903,0.2574530243873596,-0.01579926535487175
