frame,Ankle.R_x,Ankle.R_y,Ankle.R_z,Knee.R_x,Knee.R_y,Knee.R_z,Hip.R_x,Hip.R_y,Hip.R_z,Hip.L_x,Hip.L_y,Hip.L_z,Knee.L_x,Knee.L_y,Knee.L_z,Ankle.L_x,Ankle.L_y,Ankle.L_z,Wrist.R_x,Wrist.R_y,Wrist.R_z,Elbow.R_x,Elbow.R_y,Elbow.R_z,Shoulder.R_x,Shoulder.R_y,Shoulder.R_z,Shoulder.L_x,Shoulder.L_y,Shoulder.L_z,Elbow.L_x,Elbow.L_y,Elbow.L_z,Wrist.L_x,Wrist.L_y,Wrist.L_z,Neck_x,Neck_y,Neck_z,Head_x,Head_y,Head_z,Nose_x,Nose_y,Nose_z,Eye.L_x,Eye.L_y,Eye.L_z,Eye.R_x,Eye.R_y,Eye.R_z,Ear.L_x,Ear.L_y,Ear.L_z,Ear.R_x,Ear.R_y,Ear.R_z,hip.Center_x,hip.Center_y,hip.Center_z
0,-0.14742297,-0.45470536,-0.3455007,-0.1318453,-0.13323736,-0.058052737,-0.12643926,0.29165953,-0.0051946775,0.114374384,0.29844695,-0.016754422,0.1379741,-0.12124938,-0.06293875,0.18329866,-0.44886455,-0.3459548,-0.05160696,0.9039489,0.21130547,-0.2013791,0.7378541,0.32058161,-0.14577393,0.80665433,0.07448774,0.12896146,0.8005954,0.023152065,0.3167931,0.6825211,0.17470786,0.17432132,0.87972605,0.17482507,-0.013845859,0.8530103,0.04892919,-0.01891003,1.0757734,0.06948835,-0.023487356,0.98594403,0.20112422,0.010684633,1.0264555,0.16448788,-0.056180555,1.0216357,0.15749817,0.06442533,1.0048927,0.07320989,-0.088885635,0.99560666,0.056356397,-0.006032437086105347,0.29505324363708496,-0.010974549688398838
