frame,Ankle.R_x,Ankle.R_y,Ankle.R_z,Knee.R_x,Knee.R_y,Knee.R_z,Hip.R_x,Hip.R_y,Hip.R_z,Hip.L_x,Hip.L_y,Hip.L_z,Knee.L_x,Knee.L_y,Knee.L_z,Ankle.L_x,Ankle.L_y,Ankle.L_z,Wrist.R_x,Wrist.R_y,Wrist.R_z,Elbow.R_x,Elbow.R_y,Elbow.R_z,Shoulder.R_x,Shoulder.R_y,Shoulder.R_z,Shoulder.L_x,Shoulder.L_y,Shoulder.L_z,Elbow.L_x,Elbow.L_y,Elbow.L_z,Wrist.L_x,Wrist.L_y,Wrist.L_z,Neck_x,Neck_y,Neck_z,Head_x,Head_y,Head_z,Nose_x,Nose_y,Nose_z,Eye.L_x,Eye.L_y,Eye.L_z,Eye.R_x,Eye.R_y,Eye.R_z,Ear.L_x,Ear.L_y,Ear.L_z,Ear.R_x,Ear.R_y,Ear.R_z,hip.Center_x,hip.Center_y,hip.Center_z
0,-0.17663907,-0.5254605,-0.22239514,-0.1470967,-0.14308211,-0.0037016668,-0.12519823,0.28687406,-0.017008638,0.115155034,0.29114026,-0.009277343,0.13271043,-0.13714088,-0.014665206,0.18525285,-0.52533764,-0.22513628,-0.13768516,1.1893944,0.16461957,-0.29458237,0.9924164,0.11944957,-0.12599364,0.82601154,-0.00981788,0.13199784,0.7697139,-0.03284073,0.28333735,0.5525346,-0.085895255,0.25866115,0.5436252,0.15907629,-0.0010592537,0.8379934,0.00524176,-0.0038632136,1.0412163,0.10347734,-0.05795259,0.9135328,0.17800497,-0.0119307395,0.9570947,0.17384346,-0.07144814,0.96704185,0.14412627,0.06944011,0.96165156,0.10443081,-0.066578485,0.9849674,0.038393945,-0.005021598190069199,0.28900715708732605,-0.013142989948391914
