frame,Ankle.R_x,Ankle.R_y,Ankle.R_z,Knee.R_x,Knee.R_y,Knee.R_z,Hip.R_x,Hip.R_y,Hip.R_z,Hip.L_x,Hip.L_y,Hip.L_z,Knee.L_x,Knee.L_y,Knee.L_z,Ankle.L_x,Ankle.L_y,Ankle.L_z,Wrist.R_x,Wrist.R_y,Wrist.R_z,Elbow.R_x,Elbow.R_y,Elbow.R_z,Shoulder.R_x,Shoulder.R_y,Shoulder.R_z,Shoulder.L_x,Shoulder.L_y,Shoulder.L_z,Elbow.L_x,Elbow.L_y,Elbow.L_z,Wrist.L_x,Wrist.L_y,Wrist.L_z,Neck_x,Neck_y,Neck_z,Head_x,Head_y,Head_z,Nose_x,Nose_y,Nose_z,Eye.L_x,Eye.L_y,Eye.L_z,Eye.R_x,Eye.R_y,Eye.R_z,Ear.L_x,Ear.L_y,Ear.L_z,Ear.R_x,Ear.R_y,Ear.R_z,hip.Center_x,hip.Center_y,hip.Center_z
0,-0.17308466,-0.6005729,-0.31430307,-0.13990982,-0.20981331,-0.010481464,-0.13286884,0.2616032,-0.017437328,0.12634997,0.25715327,-0.021595238,0.13815366,-0.2072061,0.0069773165,0.17380764,-0.62984866,-0.25687602,-0.2632474,0.17145287,0.06444231,-0.24805818,0.42445529,-0.06764843,-0.1457012,0.70051897,-0.011033706,0.1626392,0.6965284,-0.012680385,0.26070514,0.4178117,-0.07159796,0.28142703,0.16902362,0.06044104,0.01136475,0.7667327,0.015985847,0.0050737094,0.98041695,0.061267845,0.008792818,0.87608576,0.17926323,0.040915333,0.9212253,0.14691892,-0.026542954,0.91731346,0.14383335,0.08540758,0.91132325,0.053610172,-0.06468448,0.90328056,0.046240795,-0.003259435296058655,0.25937825441360474,-0.01951628178358078
