frame,Ankle.R_x,Ankle.R_y,Ankle.R_z,Knee.R_x,Knee.R_y,Knee.R_z,Hip.R_x,Hip.R_y,Hip.R_z,Hip.L_x,Hip.L_y,Hip.L_z,Knee.L_x,Knee.L_y,Knee.L_z,Ankle.L_x,Ankle.L_y,Ankle.L_z,Wrist.R_x,Wrist.R_y,Wrist.R_z,Elbow.R_x,Elbow.R_y,Elbow.R_z,Shoulder.R_x,Shoulder.R_y,Shoulder.R_z,Shoulder.L_x,Shoulder.L_y,Shoulder.L_z,Elbow.L_x,Elbow.L_y,Elbow.L_z,Wrist.L_x,Wrist.L_y,Wrist.L_z,Neck_x,Neck_y,Neck_z,Head_x,Head_y,Head_z,Nose_x,Nose_y,Nose_z,Eye.L_x,Eye.L_y,Eye.L_z,Eye.R_x,Eye.R_y,Eye.R_z,Ear.L_x,Ear.L_y,Ear.L_z,Ear.R_x,Ear.R_y,Ear.R_z,hip.Center_x,hip.Center_y,hip.Center_z
0,0.14469509,-0.562031,-0.01756833,0.13913693,-0.12772633,0.05257499,-0.0068172873,0.27398324,0.104051225,0.0011356411,0.27610517,-0.1407633,-0.054106325,-0.1519518,-0.12092383,-0.27962694,-0.53427094,-0.06832771,0.48992875,0.83500654,0.35917702,0.22864285,0.81832397,0.34641296,0.11710861,0.7593794,0.10409783,0.21373954,0.681611,-0.14826886,0.39313996,0.47432712,-0.19531605,0.5215789,0.37214875,0.0030608797,0.18208086,0.75510985,-0.01903374,0.3235979,0.910065,0.025484022,0.3526547,0.759307,0.048039593,0.36426285,0.80963564,0.012884788,0.3372335,0.8145951,0.07380825,0.3042949,0.8523756,-0.061327524,0.24413587,0.86440575,0.07651816,-0.0028408230282366276,0.27504420280456543,-0.01835603639483452
