frame,Ankle.R_x,Ankle.R_y,Ankle.R_z,Knee.R_x,Knee.R_y,Knee.R_z,Hip.R_x,Hip.R_y,Hip.R_z,Hip.L_x,Hip.L_y,Hip.L_z,Knee.L_x,Knee.L_y,Knee.L_z,Ankle.L_x,Ankle.L_y,Ankle.L_z,Wrist.R_x,Wrist.R_y,Wrist.R_z,Elbow.R_x,Elbow.R_y,Elbow.R_z,Shoulder.R_x,Shoulder.R_y,Shoulder.R_z,Shoulder.L_x,Shoulder.L_y,Shoulder.L_z,Elbow.L_x,Elbow.L_y,Elbow.L_z,Wrist.L_x,Wrist.L_y,Wrist.L_z,Neck_x,Neck_y,Neck_z,Head_x,Head_y,Head_z,Nose_x,Nose_y,Nose_z,Eye.L_x,Eye.L_y,Eye.L_z,Eye.R_x,Eye.R_y,Eye.R_z,Ear.L_x,Ear.L_y,Ear.L_z,Ear.R_x,Ear.R_y,Ear.R_z,hip.Center_x,hip.Center_y,hip.Center_z
0,0.041519117,-0.4788316,-0.13374949,-0.1846421,-0.12450382,-0.034749374,-0.027865486,0.21779856,-0.14639409,0.036415722,0.28120872,0.096488625,-0.18712425,-0.02672735,0.17234133,-0.045756422,-0.43903777,0.13057038,-0.70749927,-0.10049982,-0.3359131,-0.5318856,0.086401165,-0.27669024,-0.38989264,0.28065526,-0.16572165,-0.4291694,0.4073053,0.020398414,-0.66325337,0.43973726,0.12879498,-0.92004454,0.42468935,0.0901225,-0.43251225,0.34089452,-0.070709884,-0.61881864,0.3801582,-0.090526074,-0.5873468,0.26005423,0.004676914,-0.6056935,0.31724483,0.0024724472,-0.6109604,0.27551752,-0.04924441,-0.54963815,0.39993718,-0.019947615,-0.559552,0.3103606,-0.13643382,0.004275118000805378,0.24950364232063293,-0.024952732026576996
