frame,Ankle.R_x,Ankle.R_y,Ankle.R_z,Knee.R_x,Knee.R_y,Knee.R_z,Hip.R_x,Hip.R_y,Hip.R_z,Hip.L_x,Hip.L_y,Hip.L_z,Knee.L_x,Knee.L_y,Knee.L_z,Ankle.L_x,Ankle.L_y,Ankle.L_z,Wrist.R_x,Wrist.R_y,Wrist.R_z,Elbow.R_x,Elbow.R_y,Elbow.R_z,Shoulder.R_x,Shoulder.R_y,Shoulder.R_z,Shoulder.L_x,Shoulder.L_y,Shoulder.L_z,Elbow.L_x,Elbow.L_y,Elbow.L_z,Wrist.L_x,Wrist.L_y,Wrist.L_z,Neck_x,Neck_y,Neck_z,Head_x,Head_y,Head_z,Nose_x,Nose_y,Nose_z,Eye.L_x,Eye.L_y,Eye.L_z,Eye.R_x,Eye.R_y,Eye.R_z,Ear.L_x,Ear.L_y,Ear.L_z,Ear.R_x,Ear.R_y,Ear.R_z,hip.Center_x,hip.Center_y,hip.Center_z
0,-0.51660687,-0.34781447,-0.33366528,-0.34755167,-0.027555263,-0.014274663,-0.13228348,0.2998896,-0.020073786,0.14157203,0.23736666,-0.02075635,0.1958599,-0.1288936,0.033566806,0.21606681,-0.53829956,-0.23417857,-0.3581046,-0.43690103,0.26503134,-0.3459729,-0.14687718,0.29361024,-0.16280574,0.08251908,0.33620903,0.10711323,0.03585894,0.32407865,0.14977798,-0.2351712,0.20697415,0.010717778,-0.479217,0.13880473,-0.026330294,0.05637087,0.37108684,-0.025409278,0.025422705,0.5562087,-0.022386037,-0.1070556,0.4666029,0.0108601535,-0.07108342,0.50390065,-0.05786629,-0.07134996,0.5032277,0.0523367,0.02562166,0.48342553,-0.10288488,0.026306659,0.48164657,0.004644274711608887,0.2686281204223633,-0.020415067672729492
