frame,Ankle.R_x,Ankle.R_y,Ankle.R_z,Knee.R_x,Knee.R_y,Knee.R_z,Hip.R_x,Hip.R_y,Hip.R_z,Hip.L_x,Hip.L_y,Hip.L_z,Knee.L_x,Knee.L_y,Knee.L_z,Ankle.L_x,Ankle.L_y,Ankle.L_z,Wrist.R_x,Wrist.R_y,Wrist.R_z,Elbow.R_x,Elbow.R_y,Elbow.R_z,Shoulder.R_x,Shoulder.R_y,Shoulder.R_z,Shoulder.L_x,Shoulder.L_y,Shoulder.L_z,Elbow.L_x,Elbow.L_y,Elbow.L_z,Wrist.L_x,Wrist.L_y,Wrist.L_z,Neck_x,Neck_y,Neck_z,Head_x,Head_y,Head_z,Nose_x,Nose_y,Nose_z,Eye.L_x,Eye.L_y,Eye.L_z,Eye.R_x,Eye.R_y,Eye.R_z,Ear.L_x,Ear.L_y,Ear.L_z,Ear.R_x,Ear.R_y,Ear.R_z,hip.Center_x,hip.Center_y,hip.Center_z
0,0.1650566,0.7244163,-0.7836778,0.03322847,0.401409,-0.43657318,-0.10921782,0.18632846,-0.08049333,0.1018546,0.21906006,0.07178039,0.24063003,0.6026271,-0.15220009,0.33293498,1.0446773,-0.36206508,-0.65853924,-0.526113,0.0051204865,-0.50070447,-0.28594226,0.013681116,-0.2552072,-0.17607947,0.119054124,-0.050618567,-0.21861306,0.23046397,0.108832225,-0.4557912,0.2565437,0.06114437,-0.73174435,0.22404443,-0.15087903,-0.22945069,0.17698132,-0.19650576,-0.41777468,0.22371201,-0.08468902,-0.39767063,0.110717446,-0.09591232,-0.41908342,0.16987512,-0.14411221,-0.41615823,0.12191524,-0.11861243,-0.36021784,0.24902624,-0.22197989,-0.35236445,0.15437722,-0.003681611269712448,0.20269426703453064,-0.004356469959020615
