frame,Ankle.R_x,Ankle.R_y,Ankle.R_z,Knee.R_x,Knee.R_y,Knee.R_z,Hip.R_x,Hip.R_y,Hip.R_z,Hip.L_x,Hip.L_y,Hip.L_z,Knee.L_x,Knee.L_y,Knee.L_z,Ankle.L_x,Ankle.L_y,Ankle.L_z,Wrist.R_x,Wrist.R_y,Wrist.R_z,Elbow.R_x,Elbow.R_y,Elbow.R_z,Shoulder.R_x,Shoulder.R_y,Shoulder.R_z,Shoulder.L_x,Shoulder.L_y,Shoulder.L_z,Elbow.L_x,Elbow.L_y,Elbow.L_z,Wrist.L_x,Wrist.L_y,Wrist.L_z,Neck_x,Neck_y,Neck_z,Head_x,Head_y,Head_z,Nose_x,Nose_y,Nose_z,Eye.L_x,Eye.L_y,Eye.L_z,Eye.R_x,Eye.R_y,Eye.R_z,Ear.L_x,Ear.L_y,Ear.L_z,Ear.R_x,Ear.R_y,Ear.R_z,hip.Center_x,hip.Center_y,hip.Center_z
0,-0.6771666,-0.26310322,-0.168833,-0.3143007,-0.042154953,-0.006946607,0.0040440504,0.23036106,0.119107485,0.022964695,0.24297045,-0.13950823,-0.34633502,0.015860124,-0.090621725,-0.7273033,-0.23632312,-0.09147656,0.648652,-0.43672818,0.10957316,0.5402888,-0.18599129,0.117481254,0.44649458,0.059743285,0.041045025,0.38424268,0.055269912,-0.17896715,0.35364822,-0.16651726,-0.34644306,0.42892915,-0.42069507,-0.3916435,0.43236664,0.040096834,-0.07813493,0.54895556,-0.12528029,-0.12351954,0.42401332,-0.08327651,-0.21457851,0.48569423,-0.08167978,-0.2089377,0.4467456,-0.12871325,-0.17877936,0.5394013,-0.028578818,-0.14029302,0.458542,-0.12620474,-0.07033677,0.013504372909665108,0.2366657555103302,-0.010200373828411102
