frame,Ankle.R_x,Ankle.R_y,Ankle.R_z,Knee.R_x,Knee.R_y,Knee.R_z,Hip.R_x,Hip.R_y,Hip.R_z,Hip.L_x,Hip.L_y,Hip.L_z,Knee.L_x,Knee.L_y,Knee.L_z,Ankle.L_x,Ankle.L_y,Ankle.L_z,Wrist.R_x,Wrist.R_y,Wrist.R_z,Elbow.R_x,Elbow.R_y,Elbow.R_z,Shoulder.R_x,Shoulder.R_y,Shoulder.R_z,Shoulder.L_x,Shoulder.L_y,Shoulder.L_z,Elbow.L_x,Elbow.L_y,Elbow.L_z,Wrist.L_x,Wrist.L_y,Wrist.L_z,Neck_x,Neck_y,Neck_z,Head_x,Head_y,Head_z,Nose_x,Nose_y,Nose_z,Eye.L_x,Eye.L_y,Eye.L_z,Eye.R_x,Eye.R_y,Eye.R_z,Ear.L_x,Ear.L_y,Ear.L_z,Ear.R_x,Ear.R_y,Ear.R_z,hip.Center_x,hip.Center_y,hip.Center_z
0,0.12740485,-0.5490942,0.042664178,0.17104015,-0.10905161,0.0905664,-0.018535139,0.2821205,0.10274033,0.00919837,0.2719307,-0.14416939,-0.029256439,-0.16063353,-0.11396259,-0.2610575,-0.5439201,-0.055124328,0.47378388,0.7296639,0.31094038,0.2140089,0.76301116,0.3514313,0.1006521,0.76034606,0.09635854,0.19936407,0.67363214,-0.16566277,0.32109544,0.42124388,-0.21493673,0.4214649,0.33280277,0.006814328,0.16734886,0.7600434,-0.031547025,0.28955033,0.9320787,0.023102999,0.31615222,0.78745586,0.07341516,0.33586684,0.8338463,0.036181867,0.2920771,0.84444225,0.08577223,0.29808396,0.86239254,-0.058445737,0.20075873,0.88704413,0.055077046,-0.004668384324759245,0.27702558040618896,-0.02071452885866165
