frame,Ankle.R_x,Ankle.R_y,Ankle.R_z,Knee.R_x,Knee.R_y,Knee.R_z,Hip.R_x,Hip.R_y,Hip.R_z,Hip.L_x,Hip.L_y,Hip.L_z,Knee.L_x,Knee.L_y,Knee.L_z,Ankle.L_x,Ankle.L_y,Ankle.L_z,Wrist.R_x,Wrist.R_y,Wrist.R_z,Elbow.R_x,Elbow.R_y,Elbow.R_z,Shoulder.R_x,Shoulder.R_y,Shoulder.R_z,Shoulder.L_x,Shoulder.L_y,Shoulder.L_z,Elbow.L_x,Elbow.L_y,Elbow.L_z,Wrist.L_x,Wrist.L_y,Wrist.L_z,Neck_x,Neck_y,Neck_z,Head_x,Head_y,Head_z,Nose_x,Nose_y,Nose_z,Eye.L_x,Eye.L_y,Eye.L_z,Eye.R_x,Eye.R_y,Eye.R_z,Ear.L_x,Ear.L_y,Ear.L_z,Ear.R_x,Ear.R_y,Ear.R_z,hip.Center_x,hip.Center_y,hip.Center_z
0,-0.4895434,0.846529,-0.60597885,-0.30103981,0.5163408,-0.27271804,-0.13709778,0.20916596,-0.024083499,0.12947586,0.21642374,0.025364311,0.29776827,0.5523596,-0.22389066,0.4966432,0.86365086,-0.57340735,-0.45623258,-0.5858278,-0.16186503,-0.42296553,-0.34831196,0.009438346,-0.16894707,-0.23267412,0.11906932,0.08701478,-0.24899684,0.14143565,0.32496166,-0.40666205,0.03051329,0.30801854,-0.6481439,-0.12713498,-0.036685705,-0.2770781,0.14773884,-0.059978902,-0.44241455,0.24787618,0.012004439,-0.4615138,0.102371916,0.020134956,-0.46689904,0.16617604,-0.042168867,-0.47192216,0.13560195,0.025012475,-0.3856657,0.23195615,-0.10654376,-0.3931671,0.17328262,-0.0038109570741653442,0.21279484033584595,0.0006404062733054161
