frame,Ankle.R_x,Ankle.R_y,Ankle.R_z,Knee.R_x,Knee.R_y,Knee.R_z,Hip.R_x,Hip.R_y,Hip.R_z,Hip.L_x,Hip.L_y,Hip.L_z,Knee.L_x,Knee.L_y,Knee.L_z,Ankle.L_x,Ankle.L_y,Ankle.L_z,Wrist.R_x,Wrist.R_y,Wrist.R_z,Elbow.R_x,Elbow.R_y,Elbow.R_z,Shoulder.R_x,Shoulder.R_y,Shoulder.R_z,Shoulder.L_x,Shoulder.L_y,Shoulder.L_z,Elbow.L_x,Elbow.L_y,Elbow.L_z,Wrist.L_x,Wrist.L_y,Wrist.L_z,Neck_x,Neck_y,Neck_z,Head_x,Head_y,Head_z,Nose_x,Nose_y,Nose_z,Eye.L_x,Eye.L_y,Eye.L_z,Eye.R_x,Eye.R_y,Eye.R_z,Ear.L_x,Ear.L_y,Ear.L_z,Ear.R_x,Ear.R_y,Ear.R_z,hip.Center_x,hip.Center_y,hip.Center_z
0,-0.53750753,-0.20872514,-0.4952643,-0.31285912,0.017566878,-0.17230296,-0.064878955,0.24358144,0.10452826,0.08811173,0.24777779,-0.10750966,-0.22955918,0.03872446,-0.29901308,-0.511595,-0.19262964,-0.57558686,0.2008901,-0.55232376,0.38457245,0.204247,-0.27850056,0.34383953,0.29486367,-0.037761033,0.2397221,0.38472274,-0.030498736,0.015883353,0.47617912,-0.26458445,-0.096977904,0.57323754,-0.51231045,-0.036518678,0.36266616,-0.05123202,0.12829405,0.5022763,-0.17902252,0.18573585,0.4136592,-0.22962749,0.062111724,0.46975416,-0.20797275,0.07966913,0.42585337,-0.23770812,0.122957945,0.49440214,-0.10984306,0.10889972,0.3993414,-0.17337182,0.20594059,0.011616386473178864,0.24567961692810059,-0.0014906972646713257
