frame,Ankle.R_x,Ankle.R_y,Ankle.R_z,Knee.R_x,Knee.R_y,Knee.R_z,Hip.R_x,Hip.R_y,Hip.R_z,Hip.L_x,Hip.L_y,Hip.L_z,Knee.L_x,Knee.L_y,Knee.L_z,Ankle.L_x,Ankle.L_y,Ankle.L_z,Wrist.R_x,Wrist.R_y,Wrist.R_z,Elbow.R_x,Elbow.R_y,Elbow.R_z,Shoulder.R_x,Shoulder.R_y,Shoulder.R_z,Shoulder.L_x,Shoulder.L_y,Shoulder.L_z,Elbow.L_x,Elbow.L_y,Elbow.L_z,Wrist.L_x,Wrist.L_y,Wrist.L_z,Neck_x,Neck_y,Neck_z,Head_x,Head_y,Head_z,Nose_x,Nose_y,Nose_z,Eye.L_x,Eye.L_y,Eye.L_z,Eye.R_x,Eye.R_y,Eye.R_z,Ear.L_x,Ear.L_y,Ear.L_z,Ear.R_x,Ear.R_y,Ear.R_z,hip.Center_x,hip.Center_y,hip.Center_z
0,0.360987,0.38570735,-0.8126308,0.23131935,0.22438419,-0.39034662,-0.07475208,0.15294646,-0.1031318,0.05784947,0.22748725,0.10302304,0.40003404,0.15992263,-0.14755091,0.7319371,0.13956362,-0.4704001,-0.7497279,-0.2817239,-0.2579157,-0.527879,-0.13035965,-0.19618371,-0.35576856,-0.034878537,-0.005261614,-0.33016667,-0.07157693,0.1868805,-0.44597337,-0.23753929,0.3697691,-0.63877314,-0.4190807,0.40525278,-0.34218255,-0.08719583,0.08773432,-0.42837217,-0.27188227,0.07284007,-0.27635288,-0.25005433,0.043863453,-0.31568578,-0.27853,0.08103588,-0.33002216,-0.26254442,0.018338382,-0.37577158,-0.23117979,0.1439667,-0.4104085,-0.19810493,0.01659096,-0.008451303467154503,0.19021685421466827,-5.438178777694702e-05
