frame,Ankle.R_x,Ankle.R_y,Ankle.R_z,Knee.R_x,Knee.R_y,Knee.R_z,Hip.R_x,Hip.R_y,Hip.R_z,Hip.L_x,Hip.L_y,Hip.L_z,Knee.L_x,Knee.L_y,Knee.L_z,Ankle.L_x,Ankle.L_y,Ankle.L_z,Wrist.R_x,Wrist.R_y,Wrist.R_z,Elbow.R_x,Elbow.R_y,Elbow.R_z,Shoulder.R_x,Shoulder.R_y,Shoulder.R_z,Shoulder.L_x,Shoulder.L_y,Shoulder.L_z,Elbow.L_x,Elbow.L_y,Elbow.L_z,Wrist.L_x,Wrist.L_y,Wrist.L_z,Neck_x,Neck_y,Neck_z,Head_x,Head_y,Head_z,Nose_x,Nose_y,Nose_z,Eye.L_x,Eye.L_y,Eye.L_z,Eye.R_x,Eye.R_y,Eye.R_z,Ear.L_x,Ear.L_y,Ear.L_z,Ear.R_x,Ear.R_y,Ear.R_z,hip.Center_x,hip.Center_y,hip.Center_z
0,0.23442182,-0.45162132,-0.50653845,0.14160946,-0.1258407,-0.1874555,-0.11349568,0.16104366,0.016016474,0.11150767,0.27804846,-0.01554412,0.06515996,-0.085849665,-0.27795273,-0.03848633,-0.43604833,-0.5692521,-0.29863673,0.2274592,0.94596106,-0.25138897,0.28528243,0.6770715,-0.1684945,0.33165705,0.4247627,0.0005117683,0.33437353,0.47511727,-0.037543908,0.2276896,0.7189281,-0.09616406,0.15511782,0.97582096,-0.08761284,0.32073045,0.46750998,-0.15039447,0.23650144,0.65239084,-0.022978202,0.17884526,0.57875425,-0.04211833,0.21118957,0.6273245,-0.08005726,0.16531268,0.59607416,-0.08382657,0.30291164,0.6222614,-0.16743128,0.21221964,0.55950123,-0.0009940043091773987,0.21954604983329773,0.00023617688566446304
