frame,Ankle.R_x,Ankle.R_y,Ankle.R_z,Knee.R_x,Knee.R_y,Knee.R_z,Hip.R_x,Hip.R_y,Hip.R_z,Hip.L_x,Hip.L_y,Hip.L_z,Knee.L_x,Knee.L_y,Knee.L_z,Ankle.L_x,Ankle.L_y,Ankle.L_z,Wrist.R_x,Wrist.R_y,Wrist.R_z,Elbow.R_x,Elbow.R_y,Elbow.R_z,Shoulder.R_x,Shoulder.R_y,Shoulder.R_z,Shoulder.L_x,Shoulder.L_y,Shoulder.L_z,Elbow.L_x,Elbow.L_y,Elbow.L_z,Wrist.L_x,Wrist.L_y,Wrist.L_z,Neck_x,Neck_y,Neck_z,Head_x,Head_y,Head_z,Nose_x,Nose_y,Nose_z,Eye.L_x,Eye.L_y,Eye.L_z,Eye.R_x,Eye.R_y,Eye.R_z,Ear.L_x,Ear.L_y,Ear.L_z,Ear.R_x,Ear.R_y,Ear.R_z,hip.Center_x,hip.Center_y,hip.Center_z
0,-0.3432598,-0.3776941,-0.33700505,-0.14395651,-0.10782906,-0.044664722,-0.045961365,0.26497692,0.112409696,0.06721418,0.268758,-0.12482934,-0.18066694,-0.03862788,-0.25273705,-0.4385378,-0.31516537,-0.49960518,0.33795342,-0.39702925,0.36799842,0.33747005,-0.12310378,0.3570904,0.39944518,0.109753,0.21886438,0.44544813,0.09041413,-0.03616719,0.5111476,-0.16098857,-0.13262478,0.6098555,-0.41214767,-0.09616573,0.45482674,0.095818356,0.09112795,0.6429719,0.03198169,0.13049461,0.5486319,-0.073842615,0.057387188,0.597114,-0.034561053,0.050354477,0.57619226,-0.058008224,0.11111823,0.59623456,0.07187514,0.04494272,0.54947937,0.020608932,0.18142696,0.010626409202814102,0.266867458820343,-0.006209820508956909
