frame,Ankle.R_x,Ankle.R_y,Ankle.R_z,Knee.R_x,Knee.R_y,Knee.R_z,Hip.R_x,Hip.R_y,Hip.R_z,Hip.L_x,Hip.L_y,Hip.L_z,Knee.L_x,Knee.L_y,Knee.L_z,Ankle.L_x,Ankle.L_y,Ankle.L_z,Wrist.R_x,Wrist.R_y,Wrist.R_z,Elbow.R_x,Elbow.R_y,Elbow.R_z,Shoulder.R_x,Shoulder.R_y,Shoulder.R_z,Shoulder.L_x,Shoulder.L_y,Shoulder.L_z,Elbow.L_x,Elbow.L_y,Elbow.L_z,Wrist.L_x,Wrist.L_y,Wrist.L_z,Neck_x,Neck_y,Neck_z,Head_x,Head_y,Head_z,Nose_x,Nose_y,Nose_z,Eye.L_x,Eye.L_y,Eye.L_z,Eye.R_x,Eye.R_y,Eye.R_z,Ear.L_x,Ear.L_y,Ear.L_z,Ear.R_x,Ear.R_y,Ear.R_z,hip.Center_x,hip.Center_y,hip.Center_z
0,0.2612603,0.84090984,-0.62559336,0.15419143,0.45478576,-0.3612554,-0.057164777,0.15752086,-0.11842714,0.062250357,0.22795972,0.09955217,0.26144865,0.5581155,-0.14272042,0.39612788,0.96132267,-0.36458045,-0.44408575,-0.5989034,-0.24516864,-0.28697988,-0.383336,-0.15987194,-0.26157075,-0.15769702,-0.008054215,-0.24068862,-0.1680899,0.18747252,-0.36152428,-0.4019659,0.23187722,-0.5632816,-0.5696146,0.14643148,-0.2482861,-0.19186194,0.097498834,-0.34435052,-0.36348492,0.10524416,-0.18839706,-0.37424356,0.083724424,-0.23506138,-0.38915405,0.12263469,-0.24306679,-0.37982252,0.056489907,-0.28763217,-0.32263187,0.17580843,-0.30962208,-0.30163142,0.041570596,0.002542790025472641,0.1927402913570404,-0.00943748652935028
