frame,Ankle.R_x,Ankle.R_y,Ankle.R_z,Knee.R_x,Knee.R_y,Knee.R_z,Hip.R_x,Hip.R_y,Hip.R_z,Hip.L_x,Hip.L_y,Hip.L_z,Knee.L_x,Knee.L_y,Knee.L_z,Ankle.L_x,Ankle.L_y,Ankle.L_z,Wrist.R_x,Wrist.R_y,Wrist.R_z,Elbow.R_x,Elbow.R_y,Elbow.R_z,Shoulder.R_x,Shoulder.R_y,Shoulder.R_z,Shoulder.L_x,Shoulder.L_y,Shoulder.L_z,Elbow.L_x,Elbow.L_y,Elbow.L_z,Wrist.L_x,Wrist.L_y,Wrist.L_z,Neck_x,Neck_y,Neck_z,Head_x,Head_y,Head_z,Nose_x,Nose_y,Nose_z,Eye.L_x,Eye.L_y,Eye.L_z,Eye.R_x,Eye.R_y,Eye.R_z,Ear.L_x,Ear.L_y,Ear.L_z,Ear.R_x,Ear.R_y,Ear.R_z,hip.Center_x,hip.Center_y,hip.Center_z
0,0.005981776,-0.44979298,-0.002381648,0.20675276,-0.09440059,0.1132604,-0.0459653,0.24499732,0.09544808,0.02218126,0.28609645,-0.13404128,0.27078015,-0.053611353,-0.12052765,0.088874385,-0.42807803,-0.22909892,-0.37216368,1.1169764,0.20879401,-0.34835526,0.87161994,0.26396197,-0.21777353,0.71847856,0.08970244,-0.13790022,0.7475052,-0.124168836,-0.13715932,0.95079744,-0.28196234,-0.12024976,1.1170344,-0.09697705,-0.17195784,0.7606257,-0.012380382,-0.2681967,0.92661494,-0.03038917,-0.12929772,0.94861937,0.038325742,-0.16417836,0.9588932,-0.0121619925,-0.19198118,0.9433123,0.04598704,-0.18753545,0.89016175,-0.087111376,-0.25245476,0.8554286,0.04406596,-0.011892019771039486,0.26554688811302185,-0.01929660141468048
