frame,Ankle.R_x,Ankle.R_y,Ankle.R_z,Knee.R_x,Knee.R_y,Knee.R_z,Hip.R_x,Hip.R_y,Hip.R_z,Hip.L_x,Hip.L_y,Hip.L_z,Knee.L_x,Knee.L_y,Knee.L_z,Ankle.L_x,Ankle.L_y,Ankle.L_z,Wrist.R_x,Wrist.R_y,Wrist.R_z,Elbow.R_x,Elbow.R_y,Elbow.R_z,Shoulder.R_x,Shoulder.R_y,Shoulder.R_z,Shoulder.L_x,Shoulder.L_y,Shoulder.L_z,Elbow.L_x,Elbow.L_y,Elbow.L_z,Wrist.L_x,Wrist.L_y,Wrist.L_z,Neck_x,Neck_y,Neck_z,Head_x,Head_y,Head_z,Nose_x,Nose_y,Nose_z,Eye.L_x,Eye.L_y,Eye.L_z,Eye.R_x,Eye.R_y,Eye.R_z,Ear.L_x,Ear.L_y,Ear.L_z,Ear.R_x,Ear.R_y,Ear.R_z,hip.Center_x,hip.Center_y,hip.Center_z
0,-0.50628567,0.8931518,-0.5465551,-0.30588445,0.5395374,-0.24229813,-0.13690266,0.20902562,-0.022927037,0.12792492,0.21374415,0.02644754,0.32083678,0.54770756,-0.20064609,0.5704025,0.8341788,-0.53983176,-0.4814024,-0.58917,-0.14038935,-0.41841513,-0.36232972,0.039507978,-0.15032226,-0.24785964,0.111404546,0.09815264,-0.2582277,0.105598554,0.322365,-0.41068098,-0.03996999,0.30494455,-0.6456584,-0.2107804,-0.016253892,-0.28804192,0.120170645,-0.013266501,-0.4758244,0.18237281,0.06694582,-0.44648212,0.0425284,0.0733983,-0.4644479,0.10422109,0.015119767,-0.47565442,0.06768574,0.05632878,-0.40151167,0.18501326,-0.06670111,-0.42203414,0.115998775,-0.0044888705015182495,0.21138489246368408,0.0017602518200874329
