frame,Ankle.R_x,Ankle.R_y,Ankle.R_z,Knee.R_x,Knee.R_y,Knee.R_z,Hip.R_x,Hip.R_y,Hip.R_z,Hip.L_x,Hip.L_y,Hip.L_z,Knee.L_x,Knee.L_y,Knee.L_z,Ankle.L_x,Ankle.L_y,Ankle.L_z,Wrist.R_x,Wrist.R_y,Wrist.R_z,Elbow.R_x,Elbow.R_y,Elbow.R_z,Shoulder.R_x,Shoulder.R_y,Shoulder.R_z,Shoulder.L_x,Shoulder.L_y,Shoulder.L_z,Elbow.L_x,Elbow.L_y,Elbow.L_z,Wrist.L_x,Wrist.L_y,Wrist.L_z,Neck_x,Neck_y,Neck_z,Head_x,Head_y,Head_z,Nose_x,Nose_y,Nose_z,Eye.L_x,Eye.L_y,Eye.L_z,Eye.R_x,Eye.R_y,Eye.R_z,Ear.L_x,Ear.L_y,Ear.L_z,Ear.R_x,Ear.R_y,Ear.R_z,hip.Center_x,hip.Center_y,hip.Center_z
0,-0.42761698,0.9224547,-0.5708621,-0.28386462,0.52778506,-0.28531238,-0.13613221,0.2085321,-0.022253579,0.13121681,0.22202116,0.014578668,0.21875814,0.60339886,-0.23742723,0.31568798,0.98205197,-0.56683075,-0.46832994,-0.6346593,-0.035246618,-0.38270307,-0.39771605,0.11658652,-0.12295267,-0.25001943,0.15756077,0.13123871,-0.23611067,0.1510587,0.37978327,-0.36899942,0.029993845,0.3962762,-0.61099356,-0.12715274,0.01589198,-0.27677462,0.16576639,0.04129969,-0.46488246,0.23310398,0.11473244,-0.42832568,0.09137555,0.124067895,-0.4432945,0.15352409,0.06741889,-0.46330696,0.11840969,0.0999422,-0.38149798,0.23371765,-0.020968836,-0.4200899,0.16581297,-0.0024577006697654724,0.21527662873268127,-0.003837455064058304
