frame,Ankle.R_x,Ankle.R_y,Ankle.R_z,Knee.R_x,Knee.R_y,Knee.R_z,Hip.R_x,Hip.R_y,Hip.R_z,Hip.L_x,Hip.L_y,Hip.L_z,Knee.L_x,Knee.L_y,Knee.L_z,Ankle.L_x,Ankle.L_y,Ankle.L_z,Wrist.R_x,Wrist.R_y,Wrist.R_z,Elbow.R_x,Elbow.R_y,Elbow.R_z,Shoulder.R_x,Shoulder.R_y,Shoulder.R_z,Shoulder.L_x,Shoulder.L_y,Shoulder.L_z,Elbow.L_x,Elbow.L_y,Elbow.L_z,Wrist.L_x,Wrist.L_y,Wrist.L_z,Neck_x,Neck_y,Neck_z,Head_x,Head_y,Head_z,Nose_x,Nose_y,Nose_z,Eye.L_x,Eye.L_y,Eye.L_z,Eye.R_x,Eye.R_y,Eye.R_z,Ear.L_x,Ear.L_y,Ear.L_z,Ear.R_x,Ear.R_y,Ear.R_z,hip.Center_x,hip.Center_y,hip.Center_z
0,-0.2754053,-0.4163383,0.07738008,-0.007894101,-0.09426558,0.17895044,-0.05311913,0.3134524,0.08503354,0.048694763,0.23467045,-0.1353231,0.11735549,-0.12730385,0.011267388,-0.18451378,-0.4361065,-0.04758366,0.8589393,0.29699326,0.3561478,0.62219274,0.4003547,0.29045087,0.4180894,0.47022986,0.12869474,0.4492466,0.36896804,-0.096504256,0.62003183,0.18377943,-0.19498214,0.8244179,0.02290706,-0.14409854,0.45492637,0.4301222,0.022487022,0.6349229,0.50264376,0.053397976,0.60448873,0.36594188,0.12160045,0.63732666,0.39447862,0.077534005,0.60779876,0.42759725,0.12801078,0.6059233,0.4298646,-0.017384853,0.5395564,0.50364995,0.09809568,-0.0022121835500001907,0.2740614116191864,-0.025144781917333603
