frame,Ankle.R_x,Ankle.R_y,Ankle.R_z,Knee.R_x,Knee.R_y,Knee.R_z,Hip.R_x,Hip.R_y,Hip.R_z,Hip.L_x,Hip.L_y,Hip.L_z,Knee.L_x,Knee.L_y,Knee.L_z,Ankle.L_x,Ankle.L_y,Ankle.L_z,Wrist.R_x,Wrist.R_y,Wrist.R_z,Elbow.R_x,Elbow.R_y,Elbow.R_z,Shoulder.R_x,Shoulder.R_y,Shoulder.R_z,Shoulder.L_x,Shoulder.L_y,Shoulder.L_z,Elbow.L_x,Elbow.L_y,Elbow.L_z,Wrist.L_x,Wrist.L_y,Wrist.L_z,Neck_x,Neck_y,Neck_z,Head_x,Head_y,Head_z,Nose_x,Nose_y,Nose_z,Eye.L_x,Eye.L_y,Eye.L_z,Eye.R_x,Eye.R_y,Eye.R_z,Ear.L_x,Ear.L_y,Ear.L_z,Ear.R_x,Ear.R_y,Ear.R_z,hip.Center_x,hip.Center_y,hip.Center_z
0,-0.08217016,-0.36672994,0.046813626,0.18434739,-0.056058817,0.1427829,-0.06084135,0.27934957,0.09562163,0.027301645,0.28425452,-0.13762373,0.25218725,-0.047182947,-0.078163296,-0.03344109,-0.35402352,-0.14097822,0.50139296,1.0379481,0.3780479,0.29906,0.892686,0.2911442,0.1581544,0.74525195,0.12085164,0.26944873,0.6921416,-0.092578866,0.5306607,0.7303255,-0.10425551,0.7100226,0.8151642,0.06737094,0.21977663,0.7409463,0.014483001,0.26084858,0.9290656,-0.0023315733,0.3698882,0.85158926,0.078362815,0.3555628,0.8815254,0.024811696,0.31873187,0.8891535,0.08044346,0.29902712,0.846385,-0.05812822,0.21484083,0.8646903,0.06974059,-0.016769852489233017,0.28180205821990967,-0.021001048386096954
