frame,Ankle.R_x,Ankle.R_y,Ankle.R_z,Knee.R_x,Knee.R_y,Knee.R_z,Hip.R_x,Hip.R_y,Hip.R_z,Hip.L_x,Hip.L_y,Hip.L_z,Knee.L_x,Knee.L_y,Knee.L_z,Ankle.L_x,Ankle.L_y,Ankle.L_z,Wrist.R_x,Wrist.R_y,Wrist.R_z,Elbow.R_x,Elbow.R_y,Elbow.R_z,Shoulder.R_x,Shoulder.R_y,Shoulder.R_z,Shoulder.L_x,Shoulder.L_y,Shoulder.L_z,Elbow.L_x,Elbow.L_y,Elbow.L_z,Wrist.L_x,Wrist.L_y,Wrist.L_z,Neck_x,Neck_y,Neck_z,Head_x,Head_y,Head_z,Nose_x,Nose_y,Nose_z,Eye.L_x,Eye.L_y,Eye.L_z,Eye.R_x,Eye.R_y,Eye.R_z,Ear.L_x,Ear.L_y,Ear.L_z,Ear.R_x,Ear.R_y,Ear.R_z,hip.Center_x,hip.Center_y,hip.Center_z
0,-0.04523221,0.9126584,-0.68186927,-0.110037886,0.5269648,-0.36601126,-0.13765623,0.21140537,-0.02631057,0.13083626,0.23119338,0.011741773,0.1169175,0.611131,-0.2736227,0.12779698,0.9631659,-0.63680494,-0.2914606,-0.75090945,0.12213865,-0.24599588,-0.4755641,0.22519612,-0.06764519,-0.23449047,0.23641172,0.17071973,-0.20328368,0.17429194,0.2927031,-0.43033934,0.019065045,0.2527743,-0.71236485,-0.04463342,0.06899384,-0.24403508,0.22723931,0.12244355,-0.3764588,0.36597785,0.16752164,-0.42307216,0.21450827,0.18844372,-0.4025854,0.27296865,0.12762336,-0.43575704,0.26382074,0.17506054,-0.30516526,0.31266585,0.04601499,-0.37023574,0.29682955,-0.0034099817276000977,0.22129938006401062,-0.007284398656338453
