frame,Ankle.R_x,Ankle.R_y,Ankle.R_z,Knee.R_x,Knee.R_y,Knee.R_z,Hip.R_x,Hip.R_y,Hip.R_z,Hip.L_x,Hip.L_y,Hip.L_z,Knee.L_x,Knee.L_y,Knee.L_z,Ankle.L_x,Ankle.L_y,Ankle.L_z,Wrist.R_x,Wrist.R_y,Wrist.R_z,Elbow.R_x,Elbow.R_y,Elbow.R_z,Shoulder.R_x,Shoulder.R_y,Shoulder.R_z,Shoulder.L_x,Shoulder.L_y,Shoulder.L_z,Elbow.L_x,Elbow.L_y,Elbow.L_z,Wrist.L_x,Wrist.L_y,Wrist.L_z,Neck_x,Neck_y,Neck_z,Head_x,Head_y,Head_z,Nose_x,Nose_y,Nose_z,Eye.L_x,Eye.L_y,Eye.L_z,Eye.R_x,Eye.R_y,Eye.R_z,Ear.L_x,Ear.L_y,Ear.L_z,Ear.R_x,Ear.R_y,Ear.R_z,hip.Center_x,hip.Center_y,hip.Center_z
0,0.1902966,-0.11514046,-0.7760946,0.09403452,-0.08300565,-0.32405943,-0.110027626,0.15833928,-0.059963144,0.08639774,0.25763252,0.06461889,0.37793142,0.20635204,-0.24558255,0.7394815,0.14051199,-0.52502793,-0.7349442,-0.08187628,0.59670323,-0.5270019,-0.03617072,0.42953652,-0.32145214,0.08500254,0.30852854,-0.17843458,0.14533769,0.42430028,-0.110282265,0.15533231,0.68676645,-0.17894506,0.1298407,0.9418721,-0.25165156,0.086663775,0.3803862,-0.32827365,-0.031023972,0.5217048,-0.23628281,-0.09370884,0.41276532,-0.2411572,-0.08306898,0.4727196,-0.29333138,-0.08915776,0.43202347,-0.23907973,0.008485794,0.5144201,-0.34770092,-0.0025193691,0.43234318,-0.011814944446086884,0.20798590779304504,0.0023278743028640747
