frame,Ankle.R_x,Ankle.R_y,Ankle.R_z,Knee.R_x,Knee.R_y,Knee.R_z,Hip.R_x,Hip.R_y,Hip.R_z,Hip.L_x,Hip.L_y,Hip.L_z,Knee.L_x,Knee.L_y,Knee.L_z,Ankle.L_x,Ankle.L_y,Ankle.L_z,Wrist.R_x,Wrist.R_y,Wrist.R_z,Elbow.R_x,Elbow.R_y,Elbow.R_z,Shoulder.R_x,Shoulder.R_y,Shoulder.R_z,Shoulder.L_x,Shoulder.L_y,Shoulder.L_z,Elbow.L_x,Elbow.L_y,Elbow.L_z,Wrist.L_x,Wrist.L_y,Wrist.L_z,Neck_x,Neck_y,Neck_z,Head_x,Head_y,Head_z,Nose_x,Nose_y,Nose_z,Eye.L_x,Eye.L_y,Eye.L_z,Eye.R_x,Eye.R_y,Eye.R_z,Ear.L_x,Ear.L_y,Ear.L_z,Ear.R_x,Ear.R_y,Ear.R_z,hip.Center_x,hip.Center_y,hip.Center_z
0,-0.025279034,-0.58117926,0.02530098,0.019139867,-0.14882262,0.047385268,0.0023046783,0.27298632,0.10591303,-0.0073110135,0.30152604,-0.13708511,0.02060139,-0.11419653,-0.17885819,0.002900182,-0.54721344,-0.23735513,0.78076607,0.41841698,0.15803036,0.544562,0.52632475,0.22019961,0.3223919,0.65624666,0.12783492,0.28484902,0.6842507,-0.13015103,0.43380848,0.55027467,-0.31133986,0.6527526,0.42029583,-0.25012726,0.32430023,0.6910604,0.0023582121,0.5198966,0.7778247,0.0033846814,0.4988677,0.6244236,-0.027641088,0.5133231,0.68121636,-0.051148742,0.5145508,0.66911185,0.015167787,0.4490586,0.7624339,-0.07690367,0.4530159,0.7343169,0.07552534,-0.0025031676050275564,0.2872561812400818,-0.015586040914058685
