frame,Ankle.R_x,Ankle.R_y,Ankle.R_z,Knee.R_x,Knee.R_y,Knee.R_z,Hip.R_x,Hip.R_y,Hip.R_z,Hip.L_x,Hip.L_y,Hip.L_z,Knee.L_x,Knee.L_y,Knee.L_z,Ankle.L_x,Ankle.L_y,Ankle.L_z,Wrist.R_x,Wrist.R_y,Wrist.R_z,Elbow.R_x,Elbow.R_y,Elbow.R_z,Shoulder.R_x,Shoulder.R_y,Shoulder.R_z,Shoulder.L_x,Shoulder.L_y,Shoulder.L_z,Elbow.L_x,Elbow.L_y,Elbow.L_z,Wrist.L_x,Wrist.L_y,Wrist.L_z,Neck_x,Neck_y,Neck_z,Head_x,Head_y,Head_z,Nose_x,Nose_y,Nose_z,Eye.L_x,Eye.L_y,Eye.L_z,Eye.R_x,Eye.R_y,Eye.R_z,Ear.L_x,Ear.L_y,Ear.L_z,Ear.R_x,Ear.R_y,Ear.R_z,hip.Center_x,hip.Center_y,hip.Center_z
0,-0.73146296,0.53248596,-0.5297565,-0.3886291,0.32015625,-0.25663748,-0.09783356,0.19645311,0.07632621,0.11057732,0.24235104,-0.085581765,-0.26846126,0.19941713,-0.33996624,-0.6642062,0.1643672,-0.60940784,0.18228853,-0.56373537,0.59893054,0.20126185,-0.29865885,0.492862,0.23970184,-0.08752254,0.2991514,0.3557923,-0.09125892,0.11535787,0.5277282,-0.30750608,0.039134946,0.63100916,-0.5625728,0.08739653,0.3037459,-0.11701111,0.20014502,0.36716306,-0.31060082,0.23235923,0.3170176,-0.27451515,0.0826766,0.36704063,-0.28607994,0.118557125,0.30391872,-0.30945963,0.13350424,0.4030996,-0.22481544,0.19378883,0.27139172,-0.27224088,0.2305961,0.006371881812810898,0.21940207481384277,-0.004627779126167297
