frame,Ankle.R_x,Ankle.R_y,Ankle.R_z,Knee.R_x,Knee.R_y,Knee.R_z,Hip.R_x,Hip.R_y,Hip.R_z,Hip.L_x,Hip.L_y,Hip.L_z,Knee.L_x,Knee.L_y,Knee.L_z,Ankle.L_x,Ankle.L_y,Ankle.L_z,Wrist.R_x,Wrist.R_y,Wrist.R_z,Elbow.R_x,Elbow.R_y,Elbow.R_z,Shoulder.R_x,Shoulder.R_y,Shoulder.R_z,Shoulder.L_x,Shoulder.L_y,Shoulder.L_z,Elbow.L_x,Elbow.L_y,Elbow.L_z,Wrist.L_x,Wrist.L_y,Wrist.L_z,Neck_x,Neck_y,Neck_z,Head_x,Head_y,Head_z,Nose_x,Nose_y,Nose_z,Eye.L_x,Eye.L_y,Eye.L_z,Eye.R_x,Eye.R_y,Eye.R_z,Ear.L_x,Ear.L_y,Ear.L_z,Ear.R_x,Ear.R_y,Ear.R_z,hip.Center_x,hip.Center_y,hip.Center_z
0,-0.5497526,-0.33409932,-0.36523488,-0.25729293,-0.08448874,-0.11375898,-0.023306731,0.20470406,0.11728039,0.045421164,0.2554004,-0.12727606,-0.30058572,-0.01974654,-0.13989525,-0.6456442,-0.3248368,-0.1818583,0.75203377,-0.33969253,0.1449719,0.590543,-0.11782318,0.17785111,0.4483053,0.10836406,0.11419813,0.42366064,0.09142002,-0.0896642,0.4981094,-0.1482746,-0.21291624,0.661927,-0.36465344,-0.2285093,0.4466135,0.08493571,0.0027628625,0.5477386,-0.08655616,-0.055639595,0.4438516,-0.0071822703,-0.14980899,0.50349283,-0.016726792,-0.13706943,0.45456603,-0.062224656,-0.12342729,0.5519247,0.009802461,-0.052353278,0.45144832,-0.0837985,-0.016030088,0.011057216674089432,0.23005223274230957,-0.0049978382885456085
