frame,Ankle.R_x,Ankle.R_y,Ankle.R_z,Knee.R_x,Knee.R_y,Knee.R_z,Hip.R_x,Hip.R_y,Hip.R_z,Hip.L_x,Hip.L_y,Hip.L_z,Knee.L_x,Knee.L_y,Knee.L_z,Ankle.L_x,Ankle.L_y,Ankle.L_z,Wrist.R_x,Wrist.R_y,Wrist.R_z,Elbow.R_x,Elbow.R_y,Elbow.R_z,Shoulder.R_x,Shoulder.R_y,Shoulder.R_z,Shoulder.L_x,Shoulder.L_y,Shoulder.L_z,Elbow.L_x,Elbow.L_y,Elbow.L_z,Wrist.L_x,Wrist.L_y,Wrist.L_z,Neck_x,Neck_y,Neck_z,Head_x,Head_y,Head_z,Nose_x,Nose_y,Nose_z,Eye.L_x,Eye.L_y,Eye.L_z,Eye.R_x,Eye.R_y,Eye.R_z,Ear.L_x,Ear.L_y,Ear.L_z,Ear.R_x,Ear.R_y,Ear.R_z,hip.Center_x,hip.Center_y,hip.Center_z
0,0.108109936,1.0305034,-0.36720297,0.10935314,0.56242347,-0.2398338,0.017165888,0.13029157,-0.12635921,0.0068647293,0.25319242,0.10110148,0.03258932,0.6501006,-0.103224725,0.0225425,1.1052723,-0.27005687,0.4318429,-0.3059615,0.16708313,0.2062627,-0.27803296,0.016935203,-0.049439874,-0.24153882,0.118277006,-0.06345269,-0.12509002,0.31733143,0.089894645,-0.027877832,0.5299918,0.33332667,-0.08120998,0.617197,-0.051610366,-0.20817997,0.24056226,-0.027023423,-0.36311406,0.36379185,0.095335945,-0.28208,0.31636947,0.062801115,-0.2970694,0.3659477,0.06752211,-0.33446273,0.3112721,-0.030379206,-0.26769364,0.38096175,-0.022899516,-0.34462568,0.27041835,0.012015309184789658,0.19174200296401978,-0.012628864496946335
