frame,Ankle.R_x,Ankle.R_y,Ankle.R_z,Knee.R_x,Knee.R_y,Knee.R_z,Hip.R_x,Hip.R_y,Hip.R_z,Hip.L_x,Hip.L_y,Hip.L_z,Knee.L_x,Knee.L_y,Knee.L_z,Ankle.L_x,Ankle.L_y,Ankle.L_z,Wrist.R_x,Wrist.R_y,Wrist.R_z,Elbow.R_x,Elbow.R_y,Elbow.R_z,Shoulder.R_x,Shoulder.R_y,Shoulder.R_z,Shoulder.L_x,Shoulder.L_y,Shoulder.L_z,Elbow.L_x,Elbow.L_y,Elbow.L_z,Wrist.L_x,Wrist.L_y,Wrist.L_z,Neck_x,Neck_y,Neck_z,Head_x,Head_y,Head_z,Nose_x,Nose_y,Nose_z,Eye.L_x,Eye.L_y,Eye.L_z,Eye.R_x,Eye.R_y,Eye.R_z,Ear.L_x,Ear.L_y,Ear.L_z,Ear.R_x,Ear.R_y,Ear.R_z,hip.Center_x,hip.Center_y,hip.Center_z
0,0.020090621,-0.5796155,0.016650839,0.048903137,-0.14580432,0.05569983,-0.011287777,0.27373636,0.10564368,0.0063739824,0.2903795,-0.13944595,0.006580891,-0.13052188,-0.1745144,-0.1673124,-0.5366117,-0.20025775,0.6502691,0.60212994,0.4138064,0.4110211,0.69280344,0.35679382,0.2551774,0.7047186,0.13124019,0.28634876,0.66427934,-0.13256592,0.45926064,0.51274025,-0.27965993,0.6322807,0.3705296,-0.15110779,0.2929388,0.70119315,0.0040281042,0.4894585,0.77898496,0.03367048,0.45821548,0.6254165,0.034390476,0.4838418,0.6729053,0.0031353682,0.46925628,0.677687,0.068404675,0.43738416,0.7485268,-0.054023627,0.40443587,0.758803,0.095505334,-0.002456897171214223,0.2820579409599304,-0.016901131719350815
