frame,Ankle.R_x,Ankle.R_y,Ankle.R_z,Knee.R_x,Knee.R_y,Knee.R_z,Hip.R_x,Hip.R_y,Hip.R_z,Hip.L_x,Hip.L_y,Hip.L_z,Knee.L_x,Knee.L_y,Knee.L_z,Ankle.L_x,Ankle.L_y,Ankle.L_z,Wrist.R_x,Wrist.R_y,Wrist.R_z,Elbow.R_x,Elbow.R_y,Elbow.R_z,Shoulder.R_x,Shoulder.R_y,Shoulder.R_z,Shoulder.L_x,Shoulder.L_y,Shoulder.L_z,Elbow.L_x,Elbow.L_y,Elbow.L_z,Wrist.L_x,Wrist.L_y,Wrist.L_z,Neck_x,Neck_y,Neck_z,Head_x,Head_y,Head_z,Nose_x,Nose_y,Nose_z,Eye.L_x,Eye.L_y,Eye.L_z,Eye.R_x,Eye.R_y,Eye.R_z,Ear.L_x,Ear.L_y,Ear.L_z,Ear.R_x,Ear.R_y,Ear.R_z,hip.Center_x,hip.Center_y,hip.Center_z
0,-0.40475973,-0.36389306,-0.35787764,-0.186038,-0.10098285,-0.062084608,-0.049429163,0.25430265,0.11188011,0.07324925,0.2612605,-0.123250484,-0.19557475,-0.03916525,-0.24349996,-0.4857109,-0.29498193,-0.48791158,0.25773898,-0.46908993,0.40335774,0.27790642,-0.19615838,0.36830068,0.35393548,0.024178687,0.21541093,0.41068703,0.023276698,-0.027950935,0.48093697,-0.2120013,-0.15468854,0.5792406,-0.46625945,-0.14050001,0.4072994,0.010498997,0.09199652,0.5735015,-0.08593253,0.13038227,0.4744349,-0.16378883,0.031553976,0.52755624,-0.13115808,0.03560235,0.49863738,-0.16241841,0.08922149,0.5393185,-0.027148291,0.05123581,0.47554272,-0.09506419,0.17135803,0.01191004365682602,0.2577815651893616,-0.005685187876224518
