frame,Ankle.R_x,Ankle.R_y,Ankle.R_z,Knee.R_x,Knee.R_y,Knee.R_z,Hip.R_x,Hip.R_y,Hip.R_z,Hip.L_x,Hip.L_y,Hip.L_z,Knee.L_x,Knee.L_y,Knee.L_z,Ankle.L_x,Ankle.L_y,Ankle.L_z,Wrist.R_x,Wrist.R_y,Wrist.R_z,Elbow.R_x,Elbow.R_y,Elbow.R_z,Shoulder.R_x,Shoulder.R_y,Shoulder.R_z,Shoulder.L_x,Shoulder.L_y,Shoulder.L_z,Elbow.L_x,Elbow.L_y,Elbow.L_z,Wrist.L_x,Wrist.L_y,Wrist.L_z,Neck_x,Neck_y,Neck_z,Head_x,Head_y,Head_z,Nose_x,Nose_y,Nose_z,Eye.L_x,Eye.L_y,Eye.L_z,Eye.R_x,Eye.R_y,Eye.R_z,Ear.L_x,Ear.L_y,Ear.L_z,Ear.R_x,Ear.R_y,Ear.R_z,hip.Center_x,hip.Center_y,hip.Center_z
0,0.05664374,-0.67016757,-0.005581229,0.0396302,-0.18970731,0.06269078,-0.06690753,0.26319706,0.08942969,0.058351398,0.2704272,-0.1366234,0.18206751,-0.1602948,-0.043316416,0.18343809,-0.64798653,-0.030220512,0.11570933,0.22999692,0.24329151,-0.103645064,0.4043601,0.21818925,-0.081563495,0.6936132,0.13507818,0.039636794,0.7148778,-0.15342766,0.055073444,0.43556625,-0.26257902,0.22407585,0.23840381,-0.16755512,-0.005499645,0.7791391,0.00011160318,0.02051652,1.0029551,0.027703684,0.12849708,0.90039694,0.07712793,0.11352132,0.94545656,0.033982676,0.08008876,0.93998694,0.092776835,0.051269174,0.9351485,-0.049481682,-0.023989193,0.9248024,0.08204495,-0.004278067499399185,0.26681214570999146,-0.023596853017807007
