frame,Ankle.R_x,Ankle.R_y,Ankle.R_z,Knee.R_x,Knee.R_y,Knee.R_z,Hip.R_x,Hip.R_y,Hip.R_z,Hip.L_x,Hip.L_y,Hip.L_z,Knee.L_x,Knee.L_y,Knee.L_z,Ankle.L_x,Ankle.L_y,Ankle.L_z,Wrist.R_x,Wrist.R_y,Wrist.R_z,Elbow.R_x,Elbow.R_y,Elbow.R_z,Shoulder.R_x,Shoulder.R_y,Shoulder.R_z,Shoulder.L_x,Shoulder.L_y,Shoulder.L_z,Elbow.L_x,Elbow.L_y,Elbow.L_z,Wrist.L_x,Wrist.L_y,Wrist.L_z,Neck_x,Neck_y,Neck_z,Head_x,Head_y,Head_z,Nose_x,Nose_y,Nose_z,Eye.L_x,Eye.L_y,Eye.L_z,Eye.R_x,Eye.R_y,Eye.R_z,Ear.L_x,Ear.L_y,Ear.L_z,Ear.R_x,Ear.R_y,Ear.R_z,hip.Center_x,hip.Center_y,hip.Center_z
0,-0.25772217,-0.4520593,0.03942211,0.045920182,-0.14029041,0.10683206,-0.04455033,0.28430584,0.10116175,0.030019281,0.27795613,-0.14257047,0.16145533,-0.11190369,-0.074859075,-0.10333908,-0.45553458,-0.17173378,0.7784159,0.18611823,0.27240074,0.5452672,0.32687432,0.2872562,0.3693525,0.5136736,0.1794793,0.4133024,0.5146739,-0.07075189,0.61429,0.34335986,-0.14441064,0.80931765,0.22203529,-0.0021498175,0.4110559,0.53629804,0.060344853,0.5864922,0.6309358,0.091311574,0.58826053,0.47491032,0.104539275,0.60561854,0.5238125,0.06977209,0.5858773,0.5305449,0.13406704,0.5481796,0.58419776,0.0033634072,0.5033307,0.5977466,0.15045942,-0.007265524007380009,0.28113096952438354,-0.02070435881614685
