frame,Ankle.R_x,Ankle.R_y,Ankle.R_z,Knee.R_x,Knee.R_y,Knee.R_z,Hip.R_x,Hip.R_y,Hip.R_z,Hip.L_x,Hip.L_y,Hip.L_z,Knee.L_x,Knee.L_y,Knee.L_z,Ankle.L_x,Ankle.L_y,Ankle.L_z,Wrist.R_x,Wrist.R_y,Wrist.R_z,Elbow.R_x,Elbow.R_y,Elbow.R_z,Shoulder.R_x,Shoulder.R_y,Shoulder.R_z,Shoulder.L_x,Shoulder.L_y,Shoulder.L_z,Elbow.L_x,Elbow.L_y,Elbow.L_z,Wrist.L_x,Wrist.L_y,Wrist.L_z,Neck_x,Neck_y,Neck_z,Head_x,Head_y,Head_z,Nose_x,Nose_y,Nose_z,Eye.L_x,Eye.L_y,Eye.L_z,Eye.R_x,Eye.R_y,Eye.R_z,Ear.L_x,Ear.L_y,Ear.L_z,Ear.R_x,Ear.R_y,Ear.R_z,hip.Center_x,hip.Center_y,hip.Center_z
0,0.12281691,-0.55335945,0.039692048,0.1690198,-0.11341529,0.085994534,-0.015560485,0.28045994,0.10290939,0.006576162,0.27161288,-0.14413714,-0.027207438,-0.16106579,-0.11352466,-0.25023392,-0.5487492,-0.051337253,0.47990775,0.73494464,0.29585978,0.22173658,0.7660266,0.34617883,0.098057374,0.7591565,0.096450105,0.18904473,0.67625546,-0.16843903,0.3183099,0.42977083,-0.22623232,0.43125728,0.34242982,-0.010403189,0.16014494,0.76049507,-0.033150345,0.28266117,0.932584,0.018433684,0.31298217,0.78764695,0.06519164,0.3304884,0.8347322,0.027796417,0.28905758,0.8441707,0.07955311,0.28798962,0.8642969,-0.06424961,0.19612236,0.88626283,0.05389817,-0.004492161795496941,0.27603641152381897,-0.02061387524008751
