frame,Ankle.R_x,Ankle.R_y,Ankle.R_z,Knee.R_x,Knee.R_y,Knee.R_z,Hip.R_x,Hip.R_y,Hip.R_z,Hip.L_x,Hip.L_y,Hip.L_z,Knee.L_x,Knee.L_y,Knee.L_z,Ankle.L_x,Ankle.L_y,Ankle.L_z,Wrist.R_x,Wrist.R_y,Wrist.R_z,Elbow.R_x,Elbow.R_y,Elbow.R_z,Shoulder.R_x,Shoulder.R_y,Shoulder.R_z,Shoulder.L_x,Shoulder.L_y,Shoulder.L_z,Elbow.L_x,Elbow.L_y,Elbow.L_z,Wrist.L_x,Wrist.L_y,Wrist.L_z,Neck_x,Neck_y,Neck_z,Head_x,Head_y,Head_z,Nose_x,Nose_y,Nose_z,Eye.L_x,Eye.L_y,Eye.L_z,Eye.R_x,Eye.R_y,Eye.R_z,Ear.L_x,Ear.L_y,Ear.L_z,Ear.R_x,Ear.R_y,Ear.R_z,hip.Center_x,hip.Center_y,hip.Center_z
0,-0.084282294,-0.52765626,-0.27198198,-0.16292734,-0.12560539,-0.15376082,-0.040444557,0.26745743,-0.13244632,0.04377176,0.23744084,0.09493251,-0.22492504,-0.07066272,0.08272288,-0.2351914,-0.49418038,0.0145952385,-0.63562936,0.64918995,-0.04513894,-0.40827888,0.5827147,-0.1423885,-0.15268593,0.65028876,-0.11240763,-0.060188793,0.71948016,0.10523972,-0.26263165,0.8021559,0.2403302,-0.49154344,0.88443613,0.16118835,-0.10851658,0.71501976,-0.010557286,-0.16223489,0.9031161,-0.041620906,-0.27338004,0.7997042,-0.0150166005,-0.24594487,0.8487332,0.0067273676,-0.2433729,0.8318597,-0.056993052,-0.1511203,0.85419106,0.048939914,-0.14620054,0.81845534,-0.09314897,0.0016636010259389877,0.2524491250514984,-0.01875690370798111
