frame,Ankle.R_x,Ankle.R_y,Ankle.R_z,Knee.R_x,Knee.R_y,Knee.R_z,Hip.R_x,Hip.R_y,Hip.R_z,Hip.L_x,Hip.L_y,Hip.L_z,Knee.L_x,Knee.L_y,Knee.L_z,Ankle.L_x,Ankle.L_y,Ankle.L_z,Wrist.R_x,Wrist.R_y,Wrist.R_z,Elbow.R_x,Elbow.R_y,Elbow.R_z,Shoulder.R_x,Shoulder.R_y,Shoulder.R_z,Shoulder.L_x,Shoulder.L_y,Shoulder.L_z,Elbow.L_x,Elbow.L_y,Elbow.L_z,Wrist.L_x,Wrist.L_y,Wrist.L_z,Neck_x,Neck_y,Neck_z,Head_x,Head_y,Head_z,Nose_x,Nose_y,Nose_z,Eye.L_x,Eye.L_y,Eye.L_z,Eye.R_x,Eye.R_y,Eye.R_z,Ear.L_x,Ear.L_y,Ear.L_z,Ear.R_x,Ear.R_y,Ear.R_z,hip.Center_x,hip.Center_y,hip.Center_z
0,-0.13156608,-0.5293923,-0.002106661,0.017104113,-0.13308057,0.07863221,-0.042411655,0.2899951,0.099952005,0.034352053,0.2828068,-0.13275692,0.07850181,-0.12487722,-0.108276404,-0.0028990952,-0.5439709,-0.19858648,0.77491826,0.3513883,0.21823119,0.537222,0.45933738,0.2613689,0.34541237,0.6110009,0.13930093,0.3495637,0.57470423,-0.13047743,0.44924074,0.3455861,-0.24133456,0.63272977,0.22403911,-0.10708232,0.373893,0.62251276,0.008448802,0.55440706,0.7306857,0.033626154,0.55782855,0.5737275,0.039391622,0.5727867,0.62506855,0.0062064417,0.55670273,0.62825835,0.0714623,0.5105219,0.68673944,-0.05451498,0.47521013,0.69413424,0.09561688,-0.004029801115393639,0.2864009737968445,-0.016402456909418106
