frame,Ankle.R_x,Ankle.R_y,Ankle.R_z,Knee.R_x,Knee.R_y,Knee.R_z,Hip.R_x,Hip.R_y,Hip.R_z,Hip.L_x,Hip.L_y,Hip.L_z,Knee.L_x,Knee.L_y,Knee.L_z,Ankle.L_x,Ankle.L_y,Ankle.L_z,Wrist.R_x,Wrist.R_y,Wrist.R_z,Elbow.R_x,Elbow.R_y,Elbow.R_z,Shoulder.R_x,Shoulder.R_y,Shoulder.R_z,Shoulder.L_x,Shoulder.L_y,Shoulder.L_z,Elbow.L_x,Elbow.L_y,Elbow.L_z,Wrist.L_x,Wrist.L_y,Wrist.L_z,Neck_x,Neck_y,Neck_z,Head_x,Head_y,Head_z,Nose_x,Nose_y,Nose_z,Eye.L_x,Eye.L_y,Eye.L_z,Eye.R_x,Eye.R_y,Eye.R_z,Ear.L_x,Ear.L_y,Ear.L_z,Ear.R_x,Ear.R_y,Ear.R_z,hip.Center_x,hip.Center_y,hip.Center_z
0,-0.4548766,0.8919871,-0.59095436,-0.27763882,0.5255964,-0.28965205,-0.13514459,0.20383805,-0.0072137015,0.13210271,0.23109591,-0.0049080653,0.0629645,0.58053267,-0.32196474,-0.027833026,0.9565106,-0.6528177,-0.15557262,-0.78583276,0.21182977,-0.13160264,-0.4998213,0.28314012,0.015110034,-0.25006732,0.21469477,0.2222509,-0.20597471,0.12617263,0.39548635,-0.4367517,0.05832748,0.45936185,-0.7179225,0.09032063,0.13994505,-0.25245592,0.17967962,0.20799462,-0.40050194,0.2846971,0.2644006,-0.4064248,0.13047862,0.27952883,-0.39536422,0.19228084,0.22684015,-0.4371854,0.17336345,0.2465187,-0.31370428,0.2481373,0.13419387,-0.39618087,0.2144151,-0.0015209391713142395,0.21746698021888733,-0.006060883402824402
