frame,Ankle.R_x,Ankle.R_y,Ankle.R_z,Knee.R_x,Knee.R_y,Knee.R_z,Hip.R_x,Hip.R_y,Hip.R_z,Hip.L_x,Hip.L_y,Hip.L_z,Knee.L_x,Knee.L_y,Knee.L_z,Ankle.L_x,Ankle.L_y,Ankle.L_z,Wrist.R_x,Wrist.R_y,Wrist.R_z,Elbow.R_x,Elbow.R_y,Elbow.R_z,Shoulder.R_x,Shoulder.R_y,Shoulder.R_z,Shoulder.L_x,Shoulder.L_y,Shoulder.L_z,Elbow.L_x,Elbow.L_y,Elbow.L_z,Wrist.L_x,Wrist.L_y,Wrist.L_z,Neck_x,Neck_y,Neck_z,Head_x,Head_y,Head_z,Nose_x,Nose_y,Nose_z,Eye.L_x,Eye.L_y,Eye.L_z,Eye.R_x,Eye.R_y,Eye.R_z,Ear.L_x,Ear.L_y,Ear.L_z,Ear.R_x,Ear.R_y,Ear.R_z,hip.Center_x,hip.Center_y,hip.Center_z
0,-0.2152795,-0.41336638,-0.63525504,0.03266051,-0.19783276,-0.22923937,-0.1265406,0.19278051,0.0072209947,0.100739755,0.3646433,-0.05405676,0.30239567,-0.03496373,-0.2619508,0.22796854,-0.33677834,-0.6891161,-0.5363485,-0.11744303,0.12733565,-0.50664175,0.1794743,0.13862304,-0.33472294,0.39322293,0.324498,-0.04511872,0.57468235,0.3783508,0.2636599,0.47606656,0.3054612,0.27646485,0.22928078,0.4701502,-0.21493848,0.49468166,0.4054957,-0.33710915,0.50341326,0.58802664,-0.23057596,0.37913358,0.57287294,-0.24450354,0.4340902,0.6037681,-0.29264,0.3980571,0.5682551,-0.2310283,0.5385623,0.5698958,-0.34246647,0.4577343,0.48554817,-0.012900423258543015,0.2787119150161743,-0.0234178826212883
