frame,Ankle.R_x,Ankle.R_y,Ankle.R_z,Knee.R_x,Knee.R_y,Knee.R_z,Hip.R_x,Hip.R_y,Hip.R_z,Hip.L_x,Hip.L_y,Hip.L_z,Knee.L_x,Knee.L_y,Knee.L_z,Ankle.L_x,Ankle.L_y,Ankle.L_z,Wrist.R_x,Wrist.R_y,Wrist.R_z,Elbow.R_x,Elbow.R_y,Elbow.R_z,Shoulder.R_x,Shoulder.R_y,Shoulder.R_z,Shoulder.L_x,Shoulder.L_y,Shoulder.L_z,Elbow.L_x,Elbow.L_y,Elbow.L_z,Wrist.L_x,Wrist.L_y,Wrist.L_z,Neck_x,Neck_y,Neck_z,Head_x,Head_y,Head_z,Nose_x,Nose_y,Nose_z,Eye.L_x,Eye.L_y,Eye.L_z,Eye.R_x,Eye.R_y,Eye.R_z,Ear.L_x,Ear.L_y,Ear.L_z,Ear.R_x,Ear.R_y,Ear.R_z,hip.Center_x,hip.Center_y,hip.Center_z
0,-0.2781747,-0.45150986,0.012541693,0.004992542,-0.13303404,0.11579822,-0.04070107,0.30045313,0.09973401,0.030167006,0.2687432,-0.14268833,0.13297033,-0.12208808,-0.055376366,-0.13533325,-0.47093818,-0.10976351,0.74280137,0.13633837,0.25952986,0.5387991,0.31397146,0.28352398,0.3972429,0.5069015,0.13874784,0.42902917,0.4764067,-0.119225785,0.6027436,0.29658368,-0.23739375,0.8050708,0.124874994,-0.18664318,0.4377015,0.50957716,0.0123815825,0.63451886,0.56803846,0.0405019,0.60034287,0.41570255,0.05374728,0.62803775,0.45926222,0.018646881,0.61094564,0.47024995,0.083150364,0.5855298,0.5315512,-0.047726583,0.54625547,0.55511403,0.10033798,-0.005267031490802765,0.284598171710968,-0.021477162837982178
