frame,Ankle.R_x,Ankle.R_y,Ankle.R_z,Knee.R_x,Knee.R_y,Knee.R_z,Hip.R_x,Hip.R_y,Hip.R_z,Hip.L_x,Hip.L_y,Hip.L_z,Knee.L_x,Knee.L_y,Knee.L_z,Ankle.L_x,Ankle.L_y,Ankle.L_z,Wrist.R_x,Wrist.R_y,Wrist.R_z,Elbow.R_x,Elbow.R_y,Elbow.R_z,Shoulder.R_x,Shoulder.R_y,Shoulder.R_z,Shoulder.L_x,Shoulder.L_y,Shoulder.L_z,Elbow.L_x,Elbow.L_y,Elbow.L_z,Wrist.L_x,Wrist.L_y,Wrist.L_z,Neck_x,Neck_y,Neck_z,Head_x,Head_y,Head_z,Nose_x,Nose_y,Nose_z,Eye.L_x,Eye.L_y,Eye.L_z,Eye.R_x,Eye.R_y,Eye.R_z,Ear.L_x,Ear.L_y,Ear.L_z,Ear.R_x,Ear.R_y,Ear.R_z,hip.Center_x,hip.Center_y,hip.Center_z
0,0.062622756,-0.5526195,0.06572759,0.15263994,-0.11761539,0.09001382,-0.03953688,0.2754744,0.10133475,0.0260778,0.27984172,-0.13960697,0.083473824,-0.14786017,-0.14330974,-0.11014621,-0.55246854,-0.18567927,0.41426337,0.7460585,0.3683552,0.1608742,0.6862837,0.39830232,0.08692675,0.743808,0.13691851,0.20406668,0.6745496,-0.123486,0.23251301,0.41104448,-0.22570857,0.30491576,0.22875693,-0.056583244,0.16886407,0.75367284,0.015531007,0.28529564,0.93019885,0.062375892,0.31934223,0.79262614,0.12669411,0.33655712,0.8358232,0.084947765,0.29254436,0.84917283,0.13380347,0.2969345,0.8539375,-0.011753742,0.19857886,0.8835405,0.10016024,-0.006729539483785629,0.27765804529190063,-0.019136108458042145
