frame,Ankle.R_x,Ankle.R_y,Ankle.R_z,Knee.R_x,Knee.R_y,Knee.R_z,Hip.R_x,Hip.R_y,Hip.R_z,Hip.L_x,Hip.L_y,Hip.L_z,Knee.L_x,Knee.L_y,Knee.L_z,Ankle.L_x,Ankle.L_y,Ankle.L_z,Wrist.R_x,Wrist.R_y,Wrist.R_z,Elbow.R_x,Elbow.R_y,Elbow.R_z,Shoulder.R_x,Shoulder.R_y,Shoulder.R_z,Shoulder.L_x,Shoulder.L_y,Shoulder.L_z,Elbow.L_x,Elbow.L_y,Elbow.L_z,Wrist.L_x,Wrist.L_y,Wrist.L_z,Neck_x,Neck_y,Neck_z,Head_x,Head_y,Head_z,Nose_x,Nose_y,Nose_z,Eye.L_x,Eye.L_y,Eye.L_z,Eye.R_x,Eye.R_y,Eye.R_z,Ear.L_x,Ear.L_y,Ear.L_z,Ear.R_x,Ear.R_y,Ear.R_z,hip.Center_x,hip.Center_y,hip.Center_z
0,-0.17647398,-0.5684214,-0.17619912,-0.1417577,-0.14622234,-0.10172359,-0.066936344,0.26543495,-0.11786706,0.053594526,0.2336261,0.087368086,-0.06803056,-0.16252288,0.009181234,-0.14076631,-0.5769226,-0.09139096,-0.45260924,0.9648601,-0.032106254,-0.30473024,0.7888919,-0.14599039,-0.057450972,0.7183883,-0.10634935,0.019395225,0.735481,0.09998063,-0.21029647,0.8114373,0.1835273,-0.3523933,0.96749675,0.04065358,-0.013049528,0.7520927,-0.0076031573,-0.017711796,0.9425704,-0.040050548,-0.14613873,0.8847207,0.028284285,-0.09695268,0.92007446,0.0361077,-0.12159197,0.90582514,-0.02382791,0.00132012,0.888673,0.045682218,-0.050710708,0.8592825,-0.087043,-0.0066709090024232864,0.24953052401542664,-0.01524948701262474
