frame,Ankle.R_x,Ankle.R_y,Ankle.R_z,Knee.R_x,Knee.R_y,Knee.R_z,Hip.R_x,Hip.R_y,Hip.R_z,Hip.L_x,Hip.L_y,Hip.L_z,Knee.L_x,Knee.L_y,Knee.L_z,Ankle.L_x,Ankle.L_y,Ankle.L_z,Wrist.R_x,Wrist.R_y,Wrist.R_z,Elbow.R_x,Elbow.R_y,Elbow.R_z,Shoulder.R_x,Shoulder.R_y,Shoulder.R_z,Shoulder.L_x,Shoulder.L_y,Shoulder.L_z,Elbow.L_x,Elbow.L_y,Elbow.L_z,Wrist.L_x,Wrist.L_y,Wrist.L_z,Neck_x,Neck_y,Neck_z,Head_x,Head_y,Head_z,Nose_x,Nose_y,Nose_z,Eye.L_x,Eye.L_y,Eye.L_z,Eye.R_x,Eye.R_y,Eye.R_z,Ear.L_x,Ear.L_y,Ear.L_z,Ear.R_x,Ear.R_y,Ear.R_z,hip.Center_x,hip.Center_y,hip.Center_z
0,-0.60610837,-0.25093314,-0.33468583,-0.3284552,-0.012062868,-0.08282028,-0.040585577,0.23638842,0.11257832,0.06675598,0.24150494,-0.121117584,-0.27379444,0.024133548,-0.24563481,-0.59282744,-0.21512076,-0.44913852,0.6457036,-0.33433563,0.43384778,0.50543237,-0.12362338,0.33865863,0.4213492,0.08936437,0.19276536,0.44700515,0.10173172,-0.04113345,0.5337276,-0.08771357,-0.21943077,0.6589127,-0.32019538,-0.25689262,0.4611262,0.084291816,0.07377841,0.64924693,0.022753155,0.08949016,0.56214535,-0.04989527,-0.02297492,0.6060237,-0.0075739473,-0.0121153,0.5922649,-0.058770604,0.030565865,0.59352547,0.08475518,0.03306441,0.56354475,-0.022400156,0.12831746,0.013085201382637024,0.23894667625427246,-0.004269633442163467
