frame,Ankle.R_x,Ankle.R_y,Ankle.R_z,Knee.R_x,Knee.R_y,Knee.R_z,Hip.R_x,Hip.R_y,Hip.R_z,Hip.L_x,Hip.L_y,Hip.L_z,Knee.L_x,Knee.L_y,Knee.L_z,Ankle.L_x,Ankle.L_y,Ankle.L_z,Wrist.R_x,Wrist.R_y,Wrist.R_z,Elbow.R_x,Elbow.R_y,Elbow.R_z,Shoulder.R_x,Shoulder.R_y,Shoulder.R_z,Shoulder.L_x,Shoulder.L_y,Shoulder.L_z,Elbow.L_x,Elbow.L_y,Elbow.L_z,Wrist.L_x,Wrist.L_y,Wrist.L_z,Neck_x,Neck_y,Neck_z,Head_x,Head_y,Head_z,Nose_x,Nose_y,Nose_z,Eye.L_x,Eye.L_y,Eye.L_z,Eye.R_x,Eye.R_y,Eye.R_z,Ear.L_x,Ear.L_y,Ear.L_z,Ear.R_x,Ear.R_y,Ear.R_z,hip.Center_x,hip.Center_y,hip.Center_z
0,-0.2771058,-0.45361462,-0.065179385,0.0012792365,-0.13639231,0.06794029,-0.031970575,0.2889258,0.10923109,0.027737232,0.29164943,-0.14310679,0.06157084,-0.12177388,-0.15254097,-0.2582137,-0.42771822,-0.22820947,0.69370466,-0.056611624,0.24262992,0.5329373,0.16163622,0.2936701,0.42885715,0.40121898,0.18899393,0.47399938,0.3972125,-0.07136142,0.6250699,0.17982396,-0.1611463,0.8061835,-0.020209333,-0.10924551,0.47996634,0.41815186,0.064015254,0.6776114,0.4660434,0.107670106,0.64567184,0.31266767,0.08461111,0.67228985,0.3643522,0.060520224,0.65605044,0.3590126,0.12638937,0.62751234,0.45017293,0.013102569,0.5894364,0.43710333,0.16442843,-0.0021166717633605003,0.2902876138687134,-0.016937848180532455
