frame,Ankle.R_x,Ankle.R_y,Ankle.R_z,Knee.R_x,Knee.R_y,Knee.R_z,Hip.R_x,Hip.R_y,Hip.R_z,Hip.L_x,Hip.L_y,Hip.L_z,Knee.L_x,Knee.L_y,Knee.L_z,Ankle.L_x,Ankle.L_y,Ankle.L_z,Wrist.R_x,Wrist.R_y,Wrist.R_z,Elbow.R_x,Elbow.R_y,Elbow.R_z,Shoulder.R_x,Shoulder.R_y,Shoulder.R_z,Shoulder.L_x,Shoulder.L_y,Shoulder.L_z,Elbow.L_x,Elbow.L_y,Elbow.L_z,Wrist.L_x,Wrist.L_y,Wrist.L_z,Neck_x,Neck_y,Neck_z,Head_x,Head_y,Head_z,Nose_x,Nose_y,Nose_z,Eye.L_x,Eye.L_y,Eye.L_z,Eye.R_x,Eye.R_y,Eye.R_z,Ear.L_x,Ear.L_y,Ear.L_z,Ear.R_x,Ear.R_y,Ear.R_z,hip.Center_x,hip.Center_y,hip.Center_z
0,-0.5231794,-0.3742024,-0.1435363,-0.24513918,-0.069743946,-0.00592492,0.0044831466,0.2575408,0.114522144,0.018072175,0.2635341,-0.13692236,-0.26191583,-0.045832418,-0.114297464,-0.53612083,-0.382527,-0.15511198,0.73969746,-0.18889081,0.078817636,0.61744446,0.048130363,0.09504647,0.5054948,0.28401878,0.049113773,0.4630069,0.25484318,-0.17414707,0.524833,-0.00038559758,-0.23967932,0.6518015,-0.21990879,-0.16651501,0.51172745,0.27527392,-0.07059942,0.71575177,0.23902018,-0.108221084,0.6061326,0.15746178,-0.18971312,0.6462946,0.2051709,-0.19072057,0.65176564,0.15312776,-0.1473361,0.6385365,0.2966898,-0.1418605,0.64991766,0.1852443,-0.04310912,0.011277660727500916,0.26053744554519653,-0.011200107634067535
