frame,Ankle.R_x,Ankle.R_y,Ankle.R_z,Knee.R_x,Knee.R_y,Knee.R_z,Hip.R_x,Hip.R_y,Hip.R_z,Hip.L_x,Hip.L_y,Hip.L_z,Knee.L_x,Knee.L_y,Knee.L_z,Ankle.L_x,Ankle.L_y,Ankle.L_z,Wrist.R_x,Wrist.R_y,Wrist.R_z,Elbow.R_x,Elbow.R_y,Elbow.R_z,Shoulder.R_x,Shoulder.R_y,Shoulder.R_z,Shoulder.L_x,Shoulder.L_y,Shoulder.L_z,Elbow.L_x,Elbow.L_y,Elbow.L_z,Wrist.L_x,Wrist.L_y,Wrist.L_z,Neck_x,Neck_y,Neck_z,Head_x,Head_y,Head_z,Nose_x,Nose_y,Nose_z,Eye.L_x,Eye.L_y,Eye.L_z,Eye.R_x,Eye.R_y,Eye.R_z,Ear.L_x,Ear.L_y,Ear.L_z,Ear.R_x,Ear.R_y,Ear.R_z,hip.Center_x,hip.Center_y,hip.Center_z
0,-0.21694024,-0.54536206,0.37102228,0.07944857,-0.21035625,0.020899488,0.13243297,0.33008534,0.04374782,-0.14310555,0.3556307,-0.098636836,-0.09473955,-0.14135379,-0.26431328,-0.119677216,-0.7033453,-0.15636683,0.2719357,0.17527916,0.10748359,0.27402002,0.5161225,0.13168168,0.22306183,0.8643462,0.028401846,-0.14089619,0.90247625,-0.1073377,-0.29413262,0.576486,-0.09606475,-0.3277669,0.26266113,-0.22615191,0.056867544,0.97200155,-0.08522201,0.072376266,1.2091541,-0.22381407,0.039291672,1.0567204,-0.29997158,0.014497548,1.1175102,-0.27067146,0.08590275,1.1100125,-0.28694743,-0.0097203925,1.1477282,-0.15867636,0.16563366,1.1285859,-0.19117388,-0.005336292088031769,0.3428580164909363,-0.0274445079267025
