frame,Ankle.R_x,Ankle.R_y,Ankle.R_z,Knee.R_x,Knee.R_y,Knee.R_z,Hip.R_x,Hip.R_y,Hip.R_z,Hip.L_x,Hip.L_y,Hip.L_z,Knee.L_x,Knee.L_y,Knee.L_z,Ankle.L_x,Ankle.L_y,Ankle.L_z,Wrist.R_x,Wrist.R_y,Wrist.R_z,Elbow.R_x,Elbow.R_y,Elbow.R_z,Shoulder.R_x,Shoulder.R_y,Shoulder.R_z,Shoulder.L_x,Shoulder.L_y,Shoulder.L_z,Elbow.L_x,Elbow.L_y,Elbow.L_z,Wrist.L_x,Wrist.L_y,Wrist.L_z,Neck_x,Neck_y,Neck_z,Head_x,Head_y,Head_z,Nose_x,Nose_y,Nose_z,Eye.L_x,Eye.L_y,Eye.L_z,Eye.R_x,Eye.R_y,Eye.R_z,Ear.L_x,Ear.L_y,Ear.L_z,Ear.R_x,Ear.R_y,Ear.R_z,hip.Center_x,hip.Center_y,hip.Center_z
0,0.270221,-0.49817163,0.017391713,0.30027574,-0.06894784,0.08563999,-0.02209919,0.2117244,0.0993182,0.011726322,0.25677747,-0.13845274,0.2788884,-0.08254972,-0.13270102,0.24635419,-0.52231634,-0.15867792,-0.7294754,0.77583224,0.3641574,-0.54831755,0.64066553,0.23598424,-0.39488828,0.50675756,0.081964776,-0.37372524,0.5453586,-0.10807225,-0.48351026,0.7489466,-0.20875826,-0.6808275,0.91459936,-0.18041493,-0.39316016,0.5449357,-0.010121349,-0.5555644,0.5977096,-0.001991272,-0.46104562,0.7214873,0.012382852,-0.50153774,0.69376993,-0.023519777,-0.5001601,0.6838057,0.041345373,-0.4861195,0.60780185,-0.07491548,-0.48414868,0.58328927,0.06570566,-0.005186433903872967,0.23425093293190002,-0.019567269831895828
