frame,Ankle.R_x,Ankle.R_y,Ankle.R_z,Knee.R_x,Knee.R_y,Knee.R_z,Hip.R_x,Hip.R_y,Hip.R_z,Hip.L_x,Hip.L_y,Hip.L_z,Knee.L_x,Knee.L_y,Knee.L_z,Ankle.L_x,Ankle.L_y,Ankle.L_z,Wrist.R_x,Wrist.R_y,Wrist.R_z,Elbow.R_x,Elbow.R_y,Elbow.R_z,Shoulder.R_x,Shoulder.R_y,Shoulder.R_z,Shoulder.L_x,Shoulder.L_y,Shoulder.L_z,Elbow.L_x,Elbow.L_y,Elbow.L_z,Wrist.L_x,Wrist.L_y,Wrist.L_z,Neck_x,Neck_y,Neck_z,Head_x,Head_y,Head_z,Nose_x,Nose_y,Nose_z,Eye.L_x,Eye.L_y,Eye.L_z,Eye.R_x,Eye.R_y,Eye.R_z,Ear.L_x,Ear.L_y,Ear.L_z,Ear.R_x,Ear.R_y,Ear.R_z,hip.Center_x,hip.Center_y,hip.Center_z
0,-0.17094824,-0.5254725,-0.36836773,-0.11006785,-0.14671049,-0.13579603,-0.05167412,0.21783426,0.10374512,0.060064252,0.2716481,-0.114582956,-0.08540299,-0.13014093,-0.19488007,-0.2423269,-0.5379933,-0.31457582,0.7605574,0.29511037,0.5479245,0.5218823,0.37277442,0.443309,0.3374757,0.46922648,0.27669254,0.4232337,0.44574818,0.1016758,0.64820695,0.2947036,0.107216164,0.86423814,0.17251976,0.21205667,0.39779696,0.45737308,0.19269496,0.5840224,0.47048253,0.2607874,0.5541473,0.35237256,0.15844661,0.5786035,0.4089394,0.16544741,0.56994057,0.36585525,0.21695873,0.52885854,0.49739063,0.18187866,0.5075035,0.4074802,0.29354998,0.0041950661689043045,0.24474118649959564,-0.005418919026851654
