frame,Ankle.R_x,Ankle.R_y,Ankle.R_z,Knee.R_x,Knee.R_y,Knee.R_z,Hip.R_x,Hip.R_y,Hip.R_z,Hip.L_x,Hip.L_y,Hip.L_z,Knee.L_x,Knee.L_y,Knee.L_z,Ankle.L_x,Ankle.L_y,Ankle.L_z,Wrist.R_x,Wrist.R_y,Wrist.R_z,Elbow.R_x,Elbow.R_y,Elbow.R_z,Shoulder.R_x,Shoulder.R_y,Shoulder.R_z,Shoulder.L_x,Shoulder.L_y,Shoulder.L_z,Elbow.L_x,Elbow.L_y,Elbow.L_z,Wrist.L_x,Wrist.L_y,Wrist.L_z,Neck_x,Neck_y,Neck_z,Head_x,Head_y,Head_z,Nose_x,Nose_y,Nose_z,Eye.L_x,Eye.L_y,Eye.L_z,Eye.R_x,Eye.R_y,Eye.R_z,Ear.L_x,Ear.L_y,Ear.L_z,Ear.R_x,Ear.R_y,Ear.R_z,hip.Center_x,hip.Center_y,hip.Center_z
0,0.17645124,-0.5629947,-0.05193316,0.1185922,-0.13568036,0.027543869,-0.0017632709,0.26836777,0.104796946,-0.0001890685,0.2778769,-0.14017208,-0.08116211,-0.14472838,-0.12277106,-0.27162215,-0.5472179,-0.09340095,0.53420734,0.7736707,0.3722864,0.27314797,0.78741986,0.3581167,0.15775229,0.7420373,0.11495428,0.23555136,0.6681975,-0.1428681,0.3975094,0.45632216,-0.21922421,0.5354008,0.33692488,-0.038088433,0.21679312,0.7357594,-0.009549238,0.37784275,0.86841154,0.03705367,0.38571095,0.71430826,0.05395195,0.4040532,0.76370966,0.020322308,0.3784449,0.77009,0.081695236,0.3501154,0.817248,-0.051372163,0.29363978,0.8322356,0.08732899,-0.0009761697147041559,0.2731223404407501,-0.017687566578388214
