frame,Ankle.R_x,Ankle.R_y,Ankle.R_z,Knee.R_x,Knee.R_y,Knee.R_z,Hip.R_x,Hip.R_y,Hip.R_z,Hip.L_x,Hip.L_y,Hip.L_z,Knee.L_x,Knee.L_y,Knee.L_z,Ankle.L_x,Ankle.L_y,Ankle.L_z,Wrist.R_x,Wrist.R_y,Wrist.R_z,Elbow.R_x,Elbow.R_y,Elbow.R_z,Shoulder.R_x,Shoulder.R_y,Shoulder.R_z,Shoulder.L_x,Shoulder.L_y,Shoulder.L_z,Elbow.L_x,Elbow.L_y,Elbow.L_z,Wrist.L_x,Wrist.L_y,Wrist.L_z,Neck_x,Neck_y,Neck_z,Head_x,Head_y,Head_z,Nose_x,Nose_y,Nose_z,Eye.L_x,Eye.L_y,Eye.L_z,Eye.R_x,Eye.R_y,Eye.R_z,Ear.L_x,Ear.L_y,Ear.L_z,Ear.R_x,Ear.R_y,Ear.R_z,hip.Center_x,hip.Center_y,hip.Center_z
0,-0.69447076,0.587457,-0.54748315,-0.37146655,0.31539193,-0.29664144,-0.11314671,0.1791845,0.045543976,0.12429519,0.23563844,-0.051809713,-0.14951263,0.349484,-0.41148022,-0.43348557,0.4896227,-0.78171724,0.19478087,-0.63738316,0.48115927,0.16620237,-0.3505677,0.47998786,0.19456147,-0.11264128,0.31620002,0.32874146,-0.0825657,0.13691433,0.44657886,-0.29530442,-0.026973953,0.5052692,-0.5684474,-0.056884475,0.2784496,-0.12074545,0.22641803,0.38285086,-0.28128693,0.27582765,0.34568617,-0.26733905,0.12012172,0.39151353,-0.2631812,0.16211344,0.3362059,-0.30271727,0.17120792,0.3980103,-0.1920071,0.23524946,0.28295183,-0.2713609,0.2594696,0.005574241280555725,0.20741146802902222,-0.0031328685581684113
