frame,Ankle.R_x,Ankle.R_y,Ankle.R_z,Knee.R_x,Knee.R_y,Knee.R_z,Hip.R_x,Hip.R_y,Hip.R_z,Hip.L_x,Hip.L_y,Hip.L_z,Knee.L_x,Knee.L_y,Knee.L_z,Ankle.L_x,Ankle.L_y,Ankle.L_z,Wrist.R_x,Wrist.R_y,Wrist.R_z,Elbow.R_x,Elbow.R_y,Elbow.R_z,Shoulder.R_x,Shoulder.R_y,Shoulder.R_z,Shoulder.L_x,Shoulder.L_y,Shoulder.L_z,Elbow.L_x,Elbow.L_y,Elbow.L_z,Wrist.L_x,Wrist.L_y,Wrist.L_z,Neck_x,Neck_y,Neck_z,Head_x,Head_y,Head_z,Nose_x,Nose_y,Nose_z,Eye.L_x,Eye.L_y,Eye.L_z,Eye.R_x,Eye.R_y,Eye.R_z,Ear.L_x,Ear.L_y,Ear.L_z,Ear.R_x,Ear.R_y,Ear.R_z,hip.Center_x,hip.Center_y,hip.Center_z
0,-0.17587434,-0.41567644,-0.026955165,0.056173183,-0.10429975,0.15435632,-0.07845245,0.28823474,0.08356937,0.056930818,0.27028725,-0.12872346,0.2134696,-0.081745826,-0.030972995,-0.06533721,-0.37977585,-0.17250213,0.7578855,0.74835694,0.3886177,0.5065654,0.6941569,0.3140548,0.29021043,0.6392293,0.1696743,0.38976702,0.56379783,-0.024506863,0.64829564,0.5251546,0.01957937,0.8534599,0.5650703,0.18602362,0.34854048,0.6186523,0.07632876,0.45093498,0.77672905,0.07983404,0.5000832,0.67160344,0.18456772,0.513759,0.7026075,0.13202766,0.46463734,0.72231686,0.17325956,0.47940272,0.68505037,0.032277346,0.36819297,0.7308397,0.1278355,-0.010760817676782608,0.2792609930038452,-0.022577043622732162
