frame,Ankle.R_x,Ankle.R_y,Ankle.R_z,Knee.R_x,Knee.R_y,Knee.R_z,Hip.R_x,Hip.R_y,Hip.R_z,Hip.L_x,Hip.L_y,Hip.L_z,Knee.L_x,Knee.L_y,Knee.L_z,Ankle.L_x,Ankle.L_y,Ankle.L_z,Wrist.R_x,Wrist.R_y,Wrist.R_z,Elbow.R_x,Elbow.R_y,Elbow.R_z,Shoulder.R_x,Shoulder.R_y,Shoulder.R_z,Shoulder.L_x,Shoulder.L_y,Shoulder.L_z,Elbow.L_x,Elbow.L_y,Elbow.L_z,Wrist.L_x,Wrist.L_y,Wrist.L_z,Neck_x,Neck_y,Neck_z,Head_x,Head_y,Head_z,Nose_x,Nose_y,Nose_z,Eye.L_x,Eye.L_y,Eye.L_z,Eye.R_x,Eye.R_y,Eye.R_z,Ear.L_x,Ear.L_y,Ear.L_z,Ear.R_x,Ear.R_y,Ear.R_z,hip.Center_x,hip.Center_y,hip.Center_z
0,0.30181578,-0.10533364,-0.76802605,0.13935614,-0.03524931,-0.33755344,-0.089131914,0.14522979,-0.08282831,0.07132245,0.2522913,0.08407609,0.31552896,0.45700386,-0.21783723,0.6032881,0.69963664,-0.4978729,-0.62053627,-0.51204413,0.04687201,-0.4293416,-0.3142653,0.040216587,-0.30177048,-0.08876418,0.11985547,-0.25471374,-0.045043938,0.30238232,-0.38675353,-0.13326491,0.5214399,-0.6288468,-0.2272794,0.58647543,-0.26997495,-0.09816838,0.21809818,-0.3285934,-0.28794345,0.24326313,-0.18757418,-0.25316185,0.1852436,-0.2161855,-0.28201756,0.23160219,-0.2434054,-0.27279317,0.17152923,-0.26983318,-0.23530167,0.3023321,-0.32885298,-0.21750227,0.17998883,-0.008904732763767242,0.19876053929328918,0.0006238892674446106
