frame,Ankle.R_x,Ankle.R_y,Ankle.R_z,Knee.R_x,Knee.R_y,Knee.R_z,Hip.R_x,Hip.R_y,Hip.R_z,Hip.L_x,Hip.L_y,Hip.L_z,Knee.L_x,Knee.L_y,Knee.L_z,Ankle.L_x,Ankle.L_y,Ankle.L_z,Wrist.R_x,Wrist.R_y,Wrist.R_z,Elbow.R_x,Elbow.R_y,Elbow.R_z,Shoulder.R_x,Shoulder.R_y,Shoulder.R_z,Shoulder.L_x,Shoulder.L_y,Shoulder.L_z,Elbow.L_x,Elbow.L_y,Elbow.L_z,Wrist.L_x,Wrist.L_y,Wrist.L_z,Neck_x,Neck_y,Neck_z,Head_x,Head_y,Head_z,Nose_x,Nose_y,Nose_z,Eye.L_x,Eye.L_y,Eye.L_z,Eye.R_x,Eye.R_y,Eye.R_z,Ear.L_x,Ear.L_y,Ear.L_z,Ear.R_x,Ear.R_y,Ear.R_z,hip.Center_x,hip.Center_y,hip.Center_z
0,-0.3666631,-0.42587188,-0.0268291,-0.077489056,-0.11490252,0.067734994,-0.013485309,0.30610782,0.11035849,0.020588456,0.28544512,-0.14213198,-0.030573426,-0.11658638,-0.14119968,-0.32997426,-0.43261153,-0.21088833,0.7088368,-0.10126368,0.11195398,0.5945793,0.13637833,0.17683402,0.49125436,0.37781054,0.09743884,0.46967465,0.3308974,-0.1612811,0.51367784,0.06765906,-0.23974226,0.620077,-0.16208784,-0.14981793,0.51331884,0.368373,-0.03188101,0.72699285,0.37527087,-0.013922242,0.65807974,0.23146874,-0.017919123,0.69305074,0.27381295,-0.04963682,0.6833692,0.27752343,0.017679103,0.6633951,0.36436707,-0.10196688,0.64090765,0.3723988,0.05351197,0.0035515734925866127,0.29577648639678955,-0.01588674634695053
