frame,Ankle.R_x,Ankle.R_y,Ankle.R_z,Knee.R_x,Knee.R_y,Knee.R_z,Hip.R_x,Hip.R_y,Hip.R_z,Hip.L_x,Hip.L_y,Hip.L_z,Knee.L_x,Knee.L_y,Knee.L_z,Ankle.L_x,Ankle.L_y,Ankle.L_z,Wrist.R_x,Wrist.R_y,Wrist.R_z,Elbow.R_x,Elbow.R_y,Elbow.R_z,Shoulder.R_x,Shoulder.R_y,Shoulder.R_z,Shoulder.L_x,Shoulder.L_y,Shoulder.L_z,Elbow.L_x,Elbow.L_y,Elbow.L_z,Wrist.L_x,Wrist.L_y,Wrist.L_z,Neck_x,Neck_y,Neck_z,Head_x,Head_y,Head_z,Nose_x,Nose_y,Nose_z,Eye.L_x,Eye.L_y,Eye.L_z,Eye.R_x,Eye.R_y,Eye.R_z,Ear.L_x,Ear.L_y,Ear.L_z,Ear.R_x,Ear.R_y,Ear.R_z,hip.Center_x,hip.Center_y,hip.Center_z
0,-0.13657205,-0.5150977,-0.26689687,-0.09985445,-0.12146593,-0.05489111,-0.07062393,0.24814844,-0.12571847,0.05766379,0.21986184,0.10262616,0.090628386,-0.15589139,-0.06389905,0.20641255,-0.50018585,-0.33351618,-0.7430157,-0.10902343,-0.4032728,-0.55279803,0.03986408,-0.2799794,-0.38340127,0.16068521,-0.12000631,-0.42853853,0.11509979,0.07447109,-0.65497464,-0.015720366,0.094669126,-0.9017557,-0.11077781,0.05717334,-0.42138436,0.12571219,-0.029931676,-0.59782517,0.11606738,-0.07308418,-0.5240908,-0.021493595,-0.09429621,-0.567236,0.0071277544,-0.061524574,-0.5489138,0.025303364,-0.12298827,-0.5494587,0.080779225,0.008430507,-0.5143878,0.12373671,-0.12270334,-0.00648006796836853,0.2340051382780075,-0.01154615730047226
