frame,Ankle.R_x,Ankle.R_y,Ankle.R_z,Knee.R_x,Knee.R_y,Knee.R_z,Hip.R_x,Hip.R_y,Hip.R_z,Hip.L_x,Hip.L_y,Hip.L_z,Knee.L_x,Knee.L_y,Knee.L_z,Ankle.L_x,Ankle.L_y,Ankle.L_z,Wrist.R_x,Wrist.R_y,Wrist.R_z,Elbow.R_x,Elbow.R_y,Elbow.R_z,Shoulder.R_x,Shoulder.R_y,Shoulder.R_z,Shoulder.L_x,Shoulder.L_y,Shoulder.L_z,Elbow.L_x,Elbow.L_y,Elbow.L_z,Wrist.L_x,Wrist.L_y,Wrist.L_z,Neck_x,Neck_y,Neck_z,Head_x,Head_y,Head_z,Nose_x,Nose_y,Nose_z,Eye.L_x,Eye.L_y,Eye.L_z,Eye.R_x,Eye.R_y,Eye.R_z,Ear.L_x,Ear.L_y,Ear.L_z,Ear.R_x,Ear.R_y,Ear.R_z,hip.Center_x,hip.Center_y,hip.Center_z
0,-0.07610828,-0.56057733,-0.0126500875,0.01101195,-0.14369285,0.056466736,-0.02683234,0.27698174,0.10431397,0.022155592,0.28777653,-0.13300076,0.036549225,-0.124771275,-0.15036257,-0.0020692311,-0.5494933,-0.2384825,0.8086121,0.35088792,0.15416965,0.5646972,0.4441768,0.20391169,0.34995767,0.59726673,0.13965946,0.3359151,0.60171014,-0.12186757,0.46247593,0.40783438,-0.26000315,0.66454905,0.27886716,-0.16130295,0.36646676,0.62497365,0.015185558,0.56094146,0.7075065,0.037293155,0.5382041,0.55256796,0.035442088,0.56095374,0.60236794,0.004220914,0.54706347,0.60490084,0.0698428,0.50865966,0.6765406,-0.05119893,0.47890648,0.68170154,0.098759875,-0.0023383740335702896,0.282379150390625,-0.014343395829200745
