frame,Ankle.R_x,Ankle.R_y,Ankle.R_z,Knee.R_x,Knee.R_y,Knee.R_z,Hip.R_x,Hip.R_y,Hip.R_z,Hip.L_x,Hip.L_y,Hip.L_z,Knee.L_x,Knee.L_y,Knee.L_z,Ankle.L_x,Ankle.L_y,Ankle.L_z,Wrist.R_x,Wrist.R_y,Wrist.R_z,Elbow.R_x,Elbow.R_y,Elbow.R_z,Shoulder.R_x,Shoulder.R_y,Shoulder.R_z,Shoulder.L_x,Shoulder.L_y,Shoulder.L_z,Elbow.L_x,Elbow.L_y,Elbow.L_z,Wrist.L_x,Wrist.L_y,Wrist.L_z,Neck_x,Neck_y,Neck_z,Head_x,Head_y,Head_z,Nose_x,Nose_y,Nose_z,Eye.L_x,Eye.L_y,Eye.L_z,Eye.R_x,Eye.R_y,Eye.R_z,Ear.L_x,Ear.L_y,Ear.L_z,Ear.R_x,Ear.R_y,Ear.R_z,hip.Center_x,hip.Center_y,hip.Center_z
0,-0.8038404,0.25407663,-0.49278653,-0.41201702,0.16884066,-0.2181407,-0.083758295,0.2206893,0.09355015,0.10604109,0.24624671,-0.09310729,-0.23804879,0.11310967,-0.3597339,-0.58179045,0.08388864,-0.6991261,0.3601517,-0.5375959,0.6026264,0.30406263,-0.2982911,0.45039454,0.2729436,-0.07795661,0.26794982,0.3461781,-0.07592078,0.0472799,0.42447013,-0.32246512,-0.077115744,0.49423283,-0.5979283,-0.07726303,0.31943884,-0.10041857,0.15161425,0.43217415,-0.26157194,0.17083606,0.33325613,-0.26690617,0.041836165,0.39241028,-0.257475,0.061975803,0.3459099,-0.2934056,0.09823743,0.42897883,-0.17518926,0.11597137,0.33037898,-0.24977931,0.19856307,0.011141397058963776,0.23346799612045288,0.00022143125534057617
