frame,Ankle.R_x,Ankle.R_y,Ankle.R_z,Knee.R_x,Knee.R_y,Knee.R_z,Hip.R_x,Hip.R_y,Hip.R_z,Hip.L_x,Hip.L_y,Hip.L_z,Knee.L_x,Knee.L_y,Knee.L_z,Ankle.L_x,Ankle.L_y,Ankle.L_z,Wrist.R_x,Wrist.R_y,Wrist.R_z,Elbow.R_x,Elbow.R_y,Elbow.R_z,Shoulder.R_x,Shoulder.R_y,Shoulder.R_z,Shoulder.L_x,Shoulder.L_y,Shoulder.L_z,Elbow.L_x,Elbow.L_y,Elbow.L_z,Wrist.L_x,Wrist.L_y,Wrist.L_z,Neck_x,Neck_y,Neck_z,Head_x,Head_y,Head_z,Nose_x,Nose_y,Nose_z,Eye.L_x,Eye.L_y,Eye.L_z,Eye.R_x,Eye.R_y,Eye.R_z,Ear.L_x,Ear.L_y,Ear.L_z,Ear.R_x,Ear.R_y,Ear.R_z,hip.Center_x,hip.Center_y,hip.Center_z
0,0.44175044,-0.0027217027,-0.70532995,0.25578234,-0.001837526,-0.28176948,-0.086375736,0.15791675,-0.09472102,0.06898636,0.25763223,0.086355,0.35739443,0.23196715,-0.2558625,0.6026579,0.28112411,-0.6491972,-0.92976034,0.018514061,0.2275994,-0.68213093,0.014780948,0.11328852,-0.41805393,0.06280883,0.1172781,-0.35149738,0.097071454,0.29853186,-0.40526032,0.13461953,0.5645592,-0.57961416,0.07254789,0.7543379,-0.39627036,0.044186816,0.212503,-0.55723166,-0.06777078,0.2588923,-0.41929066,-0.14368945,0.25328124,-0.46441308,-0.124958515,0.2909525,-0.47379214,-0.13683917,0.2258456,-0.48420745,-0.028926969,0.31392202,-0.5065483,-0.050529152,0.17703924,-0.008694685995578766,0.20777449011802673,-0.0041830092668533325
