frame,Ankle.R_x,Ankle.R_y,Ankle.R_z,Knee.R_x,Knee.R_y,Knee.R_z,Hip.R_x,Hip.R_y,Hip.R_z,Hip.L_x,Hip.L_y,Hip.L_z,Knee.L_x,Knee.L_y,Knee.L_z,Ankle.L_x,Ankle.L_y,Ankle.L_z,Wrist.R_x,Wrist.R_y,Wrist.R_z,Elbow.R_x,Elbow.R_y,Elbow.R_z,Shoulder.R_x,Shoulder.R_y,Shoulder.R_z,Shoulder.L_x,Shoulder.L_y,Shoulder.L_z,Elbow.L_x,Elbow.L_y,Elbow.L_z,Wrist.L_x,Wrist.L_y,Wrist.L_z,Neck_x,Neck_y,Neck_z,Head_x,Head_y,Head_z,Nose_x,Nose_y,Nose_z,Eye.L_x,Eye.L_y,Eye.L_z,Eye.R_x,Eye.R_y,Eye.R_z,Ear.L_x,Ear.L_y,Ear.L_z,Ear.R_x,Ear.R_y,Ear.R_z,hip.Center_x,hip.Center_y,hip.Center_z
0,-0.17670165,-0.62880576,-0.045687594,0.026410773,-0.19268145,0.08928449,-0.061814625,0.2789053,0.09645614,0.05944422,0.28258356,-0.14395463,0.015211933,-0.18633687,-0.14663629,-0.15164852,-0.65040255,-0.25374275,-0.081408195,0.16135572,0.25854778,-0.11227517,0.4499191,0.21445459,0.011586107,0.7286953,0.16350444,0.12611671,0.7425184,-0.13948828,0.02953133,0.49516,-0.2998157,0.01124233,0.22027424,-0.3930078,0.10850043,0.80235815,0.029862916,0.17932947,1.0163794,0.07939442,0.23929328,0.8916657,0.16001765,0.25109392,0.9392586,0.11674239,0.19593583,0.9410668,0.15787247,0.2258389,0.9418468,0.0108891055,0.1014521,0.9466747,0.10598516,-0.0011852029711008072,0.28074443340301514,-0.023749247193336487
