frame,Ankle.R_x,Ankle.R_y,Ankle.R_z,Knee.R_x,Knee.R_y,Knee.R_z,Hip.R_x,Hip.R_y,Hip.R_z,Hip.L_x,Hip.L_y,Hip.L_z,Knee.L_x,Knee.L_y,Knee.L_z,Ankle.L_x,Ankle.L_y,Ankle.L_z,Wrist.R_x,Wrist.R_y,Wrist.R_z,Elbow.R_x,Elbow.R_y,Elbow.R_z,Shoulder.R_x,Shoulder.R_y,Shoulder.R_z,Shoulder.L_x,Shoulder.L_y,Shoulder.L_z,Elbow.L_x,Elbow.L_y,Elbow.L_z,Wrist.L_x,Wrist.L_y,Wrist.L_z,Neck_x,Neck_y,Neck_z,Head_x,Head_y,Head_z,Nose_x,Nose_y,Nose_z,Eye.L_x,Eye.L_y,Eye.L_z,Eye.R_x,Eye.R_y,Eye.R_z,Ear.L_x,Ear.L_y,Ear.L_z,Ear.R_x,Ear.R_y,Ear.R_z,hip.Center_x,hip.Center_y,hip.Center_z
0,0.11263251,-0.5590329,-0.09408127,0.08301067,-0.14145368,0.008771392,0.0017389266,0.26015115,0.10501212,-0.0037486837,0.29353568,-0.137653,-0.04202902,-0.12893233,-0.16059934,-0.220643,-0.5292994,-0.14552337,0.64820737,0.57867944,0.38054684,0.41204542,0.6821841,0.37100238,0.24128312,0.6964663,0.15757269,0.24766636,0.6877737,-0.112811804,0.37221938,0.5468978,-0.3091777,0.5250049,0.3903129,-0.18377437,0.26701826,0.71286803,0.030576007,0.44663608,0.81748855,0.07034569,0.43681338,0.66176915,0.07166891,0.45865262,0.71173656,0.041674193,0.43806583,0.71500194,0.10511879,0.40702662,0.7789879,-0.020671537,0.362286,0.7859464,0.12380491,-0.0010048785479739308,0.27684342861175537,-0.01632043719291687
