frame,Ankle.R_x,Ankle.R_y,Ankle.R_z,Knee.R_x,Knee.R_y,Knee.R_z,Hip.R_x,Hip.R_y,Hip.R_z,Hip.L_x,Hip.L_y,Hip.L_z,Knee.L_x,Knee.L_y,Knee.L_z,Ankle.L_x,Ankle.L_y,Ankle.L_z,Wrist.R_x,Wrist.R_y,Wrist.R_z,Elbow.R_x,Elbow.R_y,Elbow.R_z,Shoulder.R_x,Shoulder.R_y,Shoulder.R_z,Shoulder.L_x,Shoulder.L_y,Shoulder.L_z,Elbow.L_x,Elbow.L_y,Elbow.L_z,Wrist.L_x,Wrist.L_y,Wrist.L_z,Neck_x,Neck_y,Neck_z,Head_x,Head_y,Head_z,Nose_x,Nose_y,Nose_z,Eye.L_x,Eye.L_y,Eye.L_z,Eye.R_x,Eye.R_y,Eye.R_z,Ear.L_x,Ear.L_y,Ear.L_z,Ear.R_x,Ear.R_y,Ear.R_z,hip.Center_x,hip.Center_y,hip.Center_z
0,0.13452762,-0.5356716,0.031208172,0.16705088,-0.09979444,0.081590995,-0.024369482,0.28586745,0.10321091,0.011456756,0.28329057,-0.14194255,0.017812395,-0.14838809,-0.13522482,-0.21160275,-0.52855724,-0.093824714,0.45817232,0.7896065,0.36696413,0.19613372,0.7716402,0.3826043,0.107439324,0.7655935,0.118136466,0.21682441,0.6855171,-0.14680092,0.31311727,0.43248433,-0.23338865,0.4007318,0.31833872,-0.019960199,0.18300432,0.76825744,-0.008003106,0.3090584,0.9403551,0.05019043,0.3344933,0.7949938,0.10012327,0.3541828,0.8416703,0.06274938,0.31054306,0.85244393,0.11256389,0.31666332,0.8709519,-0.03257809,0.2185102,0.8959881,0.0824083,-0.0064563630148768425,0.28457900881767273,-0.019365817308425903
