frame,Ankle.R_x,Ankle.R_y,Ankle.R_z,Knee.R_x,Knee.R_y,Knee.R_z,Hip.R_x,Hip.R_y,Hip.R_z,Hip.L_x,Hip.L_y,Hip.L_z,Knee.L_x,Knee.L_y,Knee.L_z,Ankle.L_x,Ankle.L_y,Ankle.L_z,Wrist.R_x,Wrist.R_y,Wrist.R_z,Elbow.R_x,Elbow.R_y,Elbow.R_z,Shoulder.R_x,Shoulder.R_y,Shoulder.R_z,Shoulder.L_x,Shoulder.L_y,Shoulder.L_z,Elbow.L_x,Elbow.L_y,Elbow.L_z,Wrist.L_x,Wrist.L_y,Wrist.L_z,Neck_x,Neck_y,Neck_z,Head_x,Head_y,Head_z,Nose_x,Nose_y,Nose_z,Eye.L_x,Eye.L_y,Eye.L_z,Eye.R_x,Eye.R_y,Eye.R_z,Ear.L_x,Ear.L_y,Ear.L_z,Ear.R_x,Ear.R_y,Ear.R_z,hip.Center_x,hip.Center_y,hip.Center_z
0,-0.014056476,-0.46666694,-0.51568836,0.014534687,-0.13868079,-0.19366902,-0.10001689,0.17926088,0.065559134,0.10403976,0.25856024,-0.061425988,-0.09315009,-0.08452508,-0.2579233,-0.3080939,-0.44121057,-0.46476048,0.5402065,0.02157227,0.78121156,0.32962358,0.107961796,0.62006366,0.16615152,0.21084562,0.43060935,0.30184692,0.16553794,0.3491243,0.3752776,0.04003656,0.5760782,0.46997055,0.00044980072,0.8292186,0.23708367,0.16990396,0.39543015,0.28213012,-0.0024043403,0.5127362,0.2913997,-0.0010997057,0.35473034,0.32432628,-0.0029565692,0.4063828,0.26101646,-0.025620133,0.40181255,0.33014432,0.071715236,0.47305447,0.20025565,0.027995855,0.469846,0.002011433243751526,0.2189105600118637,0.00206657312810421
