frame,Ankle.R_x,Ankle.R_y,Ankle.R_z,Knee.R_x,Knee.R_y,Knee.R_z,Hip.R_x,Hip.R_y,Hip.R_z,Hip.L_x,Hip.L_y,Hip.L_z,Knee.L_x,Knee.L_y,Knee.L_z,Ankle.L_x,Ankle.L_y,Ankle.L_z,Wrist.R_x,Wrist.R_y,Wrist.R_z,Elbow.R_x,Elbow.R_y,Elbow.R_z,Shoulder.R_x,Shoulder.R_y,Shoulder.R_z,Shoulder.L_x,Shoulder.L_y,Shoulder.L_z,Elbow.L_x,Elbow.L_y,Elbow.L_z,Wrist.L_x,Wrist.L_y,Wrist.L_z,Neck_x,Neck_y,Neck_z,Head_x,Head_y,Head_z,Nose_x,Nose_y,Nose_z,Eye.L_x,Eye.L_y,Eye.L_z,Eye.R_x,Eye.R_y,Eye.R_z,Ear.L_x,Ear.L_y,Ear.L_z,Ear.R_x,Ear.R_y,Ear.R_z,hip.Center_x,hip.Center_y,hip.Center_z
0,-0.045367423,-0.3299736,0.07040645,0.24426252,-0.02923541,0.11194445,-0.042959914,0.2756487,0.10257828,0.007996433,0.28230068,-0.14133394,0.24165119,-0.056731112,-0.11967131,-0.056668144,-0.3600462,-0.110484235,0.31142312,1.1694324,0.32891124,0.1601569,0.9714856,0.24610864,0.09939499,0.7733452,0.07864078,0.2002319,0.72063446,-0.13994122,0.43059617,0.78310275,-0.25336164,0.64327973,0.8946842,-0.15260673,0.16158813,0.7678015,-0.025556365,0.1888264,0.95752466,-0.05075086,0.30114147,0.8936349,0.0375855,0.286564,0.92021126,-0.017291928,0.24675168,0.9265491,0.036164936,0.23703247,0.8764119,-0.10087545,0.1466923,0.8921728,0.022192305,-0.017481740564107895,0.278974711894989,-0.019377827644348145
