frame,Ankle.R_x,Ankle.R_y,Ankle.R_z,Knee.R_x,Knee.R_y,Knee.R_z,Hip.R_x,Hip.R_y,Hip.R_z,Hip.L_x,Hip.L_y,Hip.L_z,Knee.L_x,Knee.L_y,Knee.L_z,Ankle.L_x,Ankle.L_y,Ankle.L_z,Wrist.R_x,Wrist.R_y,Wrist.R_z,Elbow.R_x,Elbow.R_y,Elbow.R_z,Shoulder.R_x,Shoulder.R_y,Shoulder.R_z,Shoulder.L_x,Shoulder.L_y,Shoulder.L_z,Elbow.L_x,Elbow.L_y,Elbow.L_z,Wrist.L_x,Wrist.L_y,Wrist.L_z,Neck_x,Neck_y,Neck_z,Head_x,Head_y,Head_z,Nose_x,Nose_y,Nose_z,Eye.L_x,Eye.L_y,Eye.L_z,Eye.R_x,Eye.R_y,Eye.R_z,Ear.L_x,Ear.L_y,Ear.L_z,Ear.R_x,Ear.R_y,Ear.R_z,hip.Center_x,hip.Center_y,hip.Center_z
0,-0.51836604,0.30142912,-0.77647114,-0.30684513,0.22304387,-0.34905526,-0.111569405,0.20508298,0.06223761,0.120696895,0.24535315,-0.058467165,-0.17340578,0.26692754,-0.41389227,-0.44750154,0.33319938,-0.80964476,0.10983334,-0.6742977,0.40599412,0.09499945,-0.38577405,0.3926792,0.1837663,-0.12918666,0.2898695,0.31558108,-0.105283335,0.09661399,0.35415587,-0.35862792,-0.040718235,0.36052695,-0.6385946,0.0019094406,0.2721749,-0.13802688,0.19483078,0.38513178,-0.291918,0.2517041,0.34080487,-0.29663536,0.09575151,0.388395,-0.28566566,0.1360782,0.33382553,-0.32521987,0.1519697,0.39743224,-0.20417593,0.2012544,0.28178212,-0.28549913,0.23929475,0.0045637451112270355,0.2252180576324463,0.0018852222710847855
