frame,Ankle.R_x,Ankle.R_y,Ankle.R_z,Knee.R_x,Knee.R_y,Knee.R_z,Hip.R_x,Hip.R_y,Hip.R_z,Hip.L_x,Hip.L_y,Hip.L_z,Knee.L_x,Knee.L_y,Knee.L_z,Ankle.L_x,Ankle.L_y,Ankle.L_z,Wrist.R_x,Wrist.R_y,Wrist.R_z,Elbow.R_x,Elbow.R_y,Elbow.R_z,Shoulder.R_x,Shoulder.R_y,Shoulder.R_z,Shoulder.L_x,Shoulder.L_y,Shoulder.L_z,Elbow.L_x,Elbow.L_y,Elbow.L_z,Wrist.L_x,Wrist.L_y,Wrist.L_z,Neck_x,Neck_y,Neck_z,Head_x,Head_y,Head_z,Nose_x,Nose_y,Nose_z,Eye.L_x,Eye.L_y,Eye.L_z,Eye.R_x,Eye.R_y,Eye.R_z,Ear.L_x,Ear.L_y,Ear.L_z,Ear.R_x,Ear.R_y,Ear.R_z,hip.Center_x,hip.Center_y,hip.Center_z
0,0.5702664,0.42272532,-0.6452401,0.38097352,0.15166432,-0.27060005,-0.043585535,0.09001005,-0.06670983,0.019907232,0.32609987,0.041436136,0.40001366,0.39441597,-0.18554012,0.70392483,0.62356484,-0.51642996,-0.63851476,-0.14844565,0.7157999,-0.48111084,-0.03861866,0.5179392,-0.36337572,0.11191319,0.3232855,-0.2134314,0.30698097,0.3713889,0.0447367,0.4331922,0.39856064,0.26946416,0.41741085,0.54693365,-0.29575217,0.19417563,0.37852868,-0.3677402,0.16215864,0.5575357,-0.2380382,0.08962065,0.5176993,-0.26148793,0.13306026,0.5534807,-0.2965483,0.08207969,0.52939504,-0.29574138,0.22160195,0.52292687,-0.37210992,0.11558387,0.46878707,-0.011839151382446289,0.20805495977401733,-0.012636847794055939
