frame,Ankle.R_x,Ankle.R_y,Ankle.R_z,Knee.R_x,Knee.R_y,Knee.R_z,Hip.R_x,Hip.R_y,Hip.R_z,Hip.L_x,Hip.L_y,Hip.L_z,Knee.L_x,Knee.L_y,Knee.L_z,Ankle.L_x,Ankle.L_y,Ankle.L_z,Wrist.R_x,Wrist.R_y,Wrist.R_z,Elbow.R_x,Elbow.R_y,Elbow.R_z,Shoulder.R_x,Shoulder.R_y,Shoulder.R_z,Shoulder.L_x,Shoulder.L_y,Shoulder.L_z,Elbow.L_x,Elbow.L_y,Elbow.L_z,Wrist.L_x,Wrist.L_y,Wrist.L_z,Neck_x,Neck_y,Neck_z,Head_x,Head_y,Head_z,Nose_x,Nose_y,Nose_z,Eye.L_x,Eye.L_y,Eye.L_z,Eye.R_x,Eye.R_y,Eye.R_z,Ear.L_x,Ear.L_y,Ear.L_z,Ear.R_x,Ear.R_y,Ear.R_z,hip.Center_x,hip.Center_y,hip.Center_z
0,0.11943459,-0.5690166,-0.049337503,0.091084756,-0.14361346,0.026344104,0.0018196728,0.2602746,0.10497673,-0.0060116975,0.29107568,-0.13920575,-0.018011432,-0.13289228,-0.16622007,-0.19754803,-0.5347671,-0.15380603,0.6937004,0.54987615,0.2872304,0.46227887,0.66247517,0.3188166,0.25475088,0.6872736,0.14111224,0.24305935,0.6792493,-0.12587637,0.3738113,0.5401122,-0.32036725,0.5324865,0.3823564,-0.20109187,0.2693758,0.7043302,0.0145381,0.44555143,0.8141298,0.037966806,0.4436745,0.6580443,0.043414205,0.46052977,0.70799994,0.010704357,0.4450053,0.71196896,0.07558651,0.40078956,0.7714032,-0.048530813,0.3675514,0.7799407,0.09903872,-0.002096012234687805,0.27567511796951294,-0.017114512622356415
