frame,Ankle.R_x,Ankle.R_y,Ankle.R_z,Knee.R_x,Knee.R_y,Knee.R_z,Hip.R_x,Hip.R_y,Hip.R_z,Hip.L_x,Hip.L_y,Hip.L_z,Knee.L_x,Knee.L_y,Knee.L_z,Ankle.L_x,Ankle.L_y,Ankle.L_z,Wrist.R_x,Wrist.R_y,Wrist.R_z,Elbow.R_x,Elbow.R_y,Elbow.R_z,Shoulder.R_x,Shoulder.R_y,Shoulder.R_z,Shoulder.L_x,Shoulder.L_y,Shoulder.L_z,Elbow.L_x,Elbow.L_y,Elbow.L_z,Wrist.L_x,Wrist.L_y,Wrist.L_z,Neck_x,Neck_y,Neck_z,Head_x,Head_y,Head_z,Nose_x,Nose_y,Nose_z,Eye.L_x,Eye.L_y,Eye.L_z,Eye.R_x,Eye.R_y,Eye.R_z,Ear.L_x,Ear.L_y,Ear.L_z,Ear.R_x,Ear.R_y,Ear.R_z,hip.Center_x,hip.Center_y,hip.Center_z
0,-0.13552828,-0.40877497,0.039655697,0.12121925,-0.08001309,0.14189363,-0.055307366,0.28818363,0.09800725,0.03394314,0.27301326,-0.14116146,0.18772253,-0.08800227,-0.09117213,-0.10447481,-0.4028836,-0.16725563,0.88358766,0.61573,0.29686165,0.624318,0.58793634,0.24102545,0.3805146,0.5566159,0.13748808,0.42014897,0.47238448,-0.08251255,0.63615084,0.31832635,-0.12157807,0.8486025,0.27169073,0.02929703,0.41429633,0.53049034,0.03540422,0.54844487,0.6619214,0.034450788,0.58493763,0.5384754,0.124284744,0.59871876,0.5703473,0.07241311,0.56116784,0.59641355,0.121757,0.5486386,0.5712788,-0.022306217,0.46418452,0.63069177,0.0918054,-0.010682113468647003,0.2805984616279602,-0.021577104926109314
