frame,Ankle.R_x,Ankle.R_y,Ankle.R_z,Knee.R_x,Knee.R_y,Knee.R_z,Hip.R_x,Hip.R_y,Hip.R_z,Hip.L_x,Hip.L_y,Hip.L_z,Knee.L_x,Knee.L_y,Knee.L_z,Ankle.L_x,Ankle.L_y,Ankle.L_z,Wrist.R_x,Wrist.R_y,Wrist.R_z,Elbow.R_x,Elbow.R_y,Elbow.R_z,Shoulder.R_x,Shoulder.R_y,Shoulder.R_z,Shoulder.L_x,Shoulder.L_y,Shoulder.L_z,Elbow.L_x,Elbow.L_y,Elbow.L_z,Wrist.L_x,Wrist.L_y,Wrist.L_z,Neck_x,Neck_y,Neck_z,Head_x,Head_y,Head_z,Nose_x,Nose_y,Nose_z,Eye.L_x,Eye.L_y,Eye.L_z,Eye.R_x,Eye.R_y,Eye.R_z,Ear.L_x,Ear.L_y,Ear.L_z,Ear.R_x,Ear.R_y,Ear.R_z,hip.Center_x,hip.Center_y,hip.Center_z
0,-0.035029605,-0.3339631,0.09396898,0.25630546,-0.029392907,0.12089092,-0.045710705,0.26746672,0.10109915,0.007988681,0.28206053,-0.14274761,0.29833537,-0.0060168626,-0.10500774,0.019119145,-0.32614148,-0.13206972,0.17965706,1.2150688,0.30749577,0.06508188,0.98925984,0.24530645,0.05395501,0.77864295,0.07890869,0.13191062,0.7293308,-0.14937428,0.29459628,0.7894524,-0.35045838,0.4829719,0.9362075,-0.25919226,0.10966893,0.77567637,-0.028181702,0.12306988,0.9626948,-0.06374773,0.24757066,0.91125304,0.016604181,0.22603568,0.9334028,-0.037984293,0.19128737,0.9410376,0.018794533,0.17157927,0.88179815,-0.11261507,0.09280634,0.9002749,0.017493252,-0.018861012533307076,0.27476364374160767,-0.020824231207370758
