frame,Ankle.R_x,Ankle.R_y,Ankle.R_z,Knee.R_x,Knee.R_y,Knee.R_z,Hip.R_x,Hip.R_y,Hip.R_z,Hip.L_x,Hip.L_y,Hip.L_z,Knee.L_x,Knee.L_y,Knee.L_z,Ankle.L_x,Ankle.L_y,Ankle.L_z,Wrist.R_x,Wrist.R_y,Wrist.R_z,Elbow.R_x,Elbow.R_y,Elbow.R_z,Shoulder.R_x,Shoulder.R_y,Shoulder.R_z,Shoulder.L_x,Shoulder.L_y,Shoulder.L_z,Elbow.L_x,Elbow.L_y,Elbow.L_z,Wrist.L_x,Wrist.L_y,Wrist.L_z,Neck_x,Neck_y,Neck_z,Head_x,Head_y,Head_z,Nose_x,Nose_y,Nose_z,Eye.L_x,Eye.L_y,Eye.L_z,Eye.R_x,Eye.R_y,Eye.R_z,Ear.L_x,Ear.L_y,Ear.L_z,Ear.R_x,Ear.R_y,Ear.R_z,hip.Center_x,hip.Center_y,hip.Center_z
0,-0.082650244,-0.50336605,-0.21342652,-0.20083879,-0.13269497,-0.049992107,-0.081383534,0.24828896,-0.11204816,0.08499257,0.2500556,0.06792163,-0.1494897,-0.048695784,0.1925151,-0.1399706,-0.46588337,0.11322686,-0.73379606,0.541875,0.042316396,-0.50037575,0.51763153,-0.05380421,-0.25055382,0.5981369,-0.070763856,-0.108339794,0.7042662,0.095918156,-0.27119976,0.77765536,0.2759009,-0.51201975,0.8195615,0.21610536,-0.19123715,0.6772919,0.005132675,-0.29462117,0.8446609,-0.025124332,-0.36447477,0.72261727,0.035498925,-0.34813893,0.77922624,0.0457739,-0.354979,0.75491714,-0.0146959275,-0.25208884,0.8131738,0.06292547,-0.26872778,0.7612065,-0.071438506,0.0018045194447040558,0.24917228519916534,-0.02206326276063919
