frame,Ankle.R_x,Ankle.R_y,Ankle.R_z,Knee.R_x,Knee.R_y,Knee.R_z,Hip.R_x,Hip.R_y,Hip.R_z,Hip.L_x,Hip.L_y,Hip.L_z,Knee.L_x,Knee.L_y,Knee.L_z,Ankle.L_x,Ankle.L_y,Ankle.L_z,Wrist.R_x,Wrist.R_y,Wrist.R_z,Elbow.R_x,Elbow.R_y,Elbow.R_z,Shoulder.R_x,Shoulder.R_y,Shoulder.R_z,Shoulder.L_x,Shoulder.L_y,Shoulder.L_z,Elbow.L_x,Elbow.L_y,Elbow.L_z,Wrist.L_x,Wrist.L_y,Wrist.L_z,Neck_x,Neck_y,Neck_z,Head_x,Head_y,Head_z,Nose_x,Nose_y,Nose_z,Eye.L_x,Eye.L_y,Eye.L_z,Eye.R_x,Eye.R_y,Eye.R_z,Ear.L_x,Ear.L_y,Ear.L_z,Ear.R_x,Ear.R_y,Ear.R_z,hip.Center_x,hip.Center_y,hip.Center_z
0,-0.092458785,-0.5041953,-0.040125035,0.08215877,-0.11088271,0.07123561,-0.044811293,0.31861562,0.10141312,0.02158026,0.33506912,-0.13661633,0.11369426,-0.08715888,-0.15920559,-0.0524313,-0.48731697,-0.27973256,0.2513088,0.5000069,0.3310091,-0.00047490932,0.57270133,0.2996194,0.06101051,0.82449687,0.17533438,0.12722194,0.811581,-0.15612084,0.10993644,0.546483,-0.27375346,0.32644773,0.46961153,-0.1448751,0.13378207,0.88294065,0.012549841,0.26662976,1.0850792,0.030449022,0.3348935,0.9396583,0.035353884,0.32160753,0.9947939,0.00045968685,0.31120467,0.99294996,0.06842804,0.23333392,1.0232135,-0.059555203,0.2068316,1.019021,0.10372494,-0.011615516617894173,0.32684236764907837,-0.017601605504751205
