frame,Ankle.R_x,Ankle.R_y,Ankle.R_z,Knee.R_x,Knee.R_y,Knee.R_z,Hip.R_x,Hip.R_y,Hip.R_z,Hip.L_x,Hip.L_y,Hip.L_z,Knee.L_x,Knee.L_y,Knee.L_z,Ankle.L_x,Ankle.L_y,Ankle.L_z,Wrist.R_x,Wrist.R_y,Wrist.R_z,Elbow.R_x,Elbow.R_y,Elbow.R_z,Shoulder.R_x,Shoulder.R_y,Shoulder.R_z,Shoulder.L_x,Shoulder.L_y,Shoulder.L_z,Elbow.L_x,Elbow.L_y,Elbow.L_z,Wrist.L_x,Wrist.L_y,Wrist.L_z,Neck_x,Neck_y,Neck_z,Head_x,Head_y,Head_z,Nose_x,Nose_y,Nose_z,Eye.L_x,Eye.L_y,Eye.L_z,Eye.R_x,Eye.R_y,Eye.R_z,Ear.L_x,Ear.L_y,Ear.L_z,Ear.R_x,Ear.R_y,Ear.R_z,hip.Center_x,hip.Center_y,hip.Center_z
0,0.15829343,-0.5344973,-0.29850578,0.06905372,-0.16316885,-0.051277917,-0.08852416,0.19150928,-0.111659735,0.06671015,0.2552068,0.092285864,0.28321755,-0.061884224,-0.11574833,0.51550007,-0.3273494,-0.40766737,-0.79811895,-0.18058905,-0.26062083,-0.5809262,-0.02553679,-0.19579133,-0.40365493,0.110219374,-0.04586914,-0.43097797,0.12383497,0.15009545,-0.6522418,0.024248827,0.26370263,-0.8999858,-0.072772235,0.23385702,-0.43164733,0.09487575,0.050341256,-0.61200875,0.05519605,0.017597325,-0.5234471,-0.07570201,0.030502565,-0.5696926,-0.04422483,0.056465738,-0.5538204,-0.040661626,-0.008541748,-0.55957335,0.04679072,0.103540435,-0.5297736,0.05748506,-0.034559205,-0.01090700551867485,0.22335803508758545,-0.009686935693025589
