frame,Ankle.R_x,Ankle.R_y,Ankle.R_z,Knee.R_x,Knee.R_y,Knee.R_z,Hip.R_x,Hip.R_y,Hip.R_z,Hip.L_x,Hip.L_y,Hip.L_z,Knee.L_x,Knee.L_y,Knee.L_z,Ankle.L_x,Ankle.L_y,Ankle.L_z,Wrist.R_x,Wrist.R_y,Wrist.R_z,Elbow.R_x,Elbow.R_y,Elbow.R_z,Shoulder.R_x,Shoulder.R_y,Shoulder.R_z,Shoulder.L_x,Shoulder.L_y,Shoulder.L_z,Elbow.L_x,Elbow.L_y,Elbow.L_z,Wrist.L_x,Wrist.L_y,Wrist.L_z,Neck_x,Neck_y,Neck_z,Head_x,Head_y,Head_z,Nose_x,Nose_y,Nose_z,Eye.L_x,Eye.L_y,Eye.L_z,Eye.R_x,Eye.R_y,Eye.R_z,Ear.L_x,Ear.L_y,Ear.L_z,Ear.R_x,Ear.R_y,Ear.R_z,hip.Center_x,hip.Center_y,hip.Center_z
0,-0.116367064,-0.48930323,-0.20107254,-0.1451185,-0.13028459,0.036164552,-0.124875076,0.29641458,-0.019837629,0.1147373,0.2945544,-0.017052818,0.13243233,-0.126286,0.046147943,0.1138733,-0.49076462,-0.19077532,-0.5379333,0.42763442,0.083942644,-0.37647274,0.6046658,-0.017977327,-0.15693904,0.77711016,0.027286675,0.14343819,0.77670664,0.005358929,0.33906358,0.6069436,-0.10208325,0.52161473,0.46940327,0.012281186,-0.0020306697,0.8324451,0.051264588,0.0065719383,1.0469487,0.11073295,0.00067794137,0.9386735,0.22667316,0.036070608,0.98169744,0.19488464,-0.030965,0.98252666,0.19035779,0.08387742,0.9717939,0.10073711,-0.07079605,0.97411394,0.090029925,-0.005068887025117874,0.2954844832420349,-0.018445223569869995
