frame,Ankle.R_x,Ankle.R_y,Ankle.R_z,Knee.R_x,Knee.R_y,Knee.R_z,Hip.R_x,Hip.R_y,Hip.R_z,Hip.L_x,Hip.L_y,Hip.L_z,Knee.L_x,Knee.L_y,Knee.L_z,Ankle.L_x,Ankle.L_y,Ankle.L_z,Wrist.R_x,Wrist.R_y,Wrist.R_z,Elbow.R_x,Elbow.R_y,Elbow.R_z,Shoulder.R_x,Shoulder.R_y,Shoulder.R_z,Shoulder.L_x,Shoulder.L_y,Shoulder.L_z,Elbow.L_x,Elbow.L_y,Elbow.L_z,Wrist.L_x,Wrist.L_y,Wrist.L_z,Neck_x,Neck_y,Neck_z,Head_x,Head_y,Head_z,Nose_x,Nose_y,Nose_z,Eye.L_x,Eye.L_y,Eye.L_z,Eye.R_x,Eye.R_y,Eye.R_z,Ear.L_x,Ear.L_y,Ear.L_z,Ear.R_x,Ear.R_y,Ear.R_z,hip.Center_x,hip.Center_y,hip.Center_z
0,-0.26709333,-0.42423746,-0.228504,-0.19607754,-0.11311977,0.057515636,-0.12654018,0.28721184,-0.028772427,0.112775214,0.2951762,-0.015492254,0.21952921,-0.09526265,0.037840355,0.30963898,-0.42189634,-0.2353737,-0.2454111,1.0442979,0.10873611,-0.4045003,0.862188,0.042857066,-0.14847265,0.7885721,-0.012518391,0.12293436,0.79403144,0.036922675,0.31781468,0.9132902,0.1780065,0.18768573,1.1252215,0.15795414,-0.013507384,0.8244137,0.025427166,-0.014985351,1.0356448,0.056505486,-0.009531739,0.9488952,0.18861625,0.021942955,0.98609966,0.14828883,-0.04509964,0.9854938,0.1491112,0.06290409,0.9618546,0.053422228,-0.09309137,0.95983255,0.052896682,-0.006882485002279282,0.29119402170181274,-0.02213234081864357
