frame,Ankle.R_x,Ankle.R_y,Ankle.R_z,Knee.R_x,Knee.R_y,Knee.R_z,Hip.R_x,Hip.R_y,Hip.R_z,Hip.L_x,Hip.L_y,Hip.L_z,Knee.L_x,Knee.L_y,Knee.L_z,Ankle.L_x,Ankle.L_y,Ankle.L_z,Wrist.R_x,Wrist.R_y,Wrist.R_z,Elbow.R_x,Elbow.R_y,Elbow.R_z,Shoulder.R_x,Shoulder.R_y,Shoulder.R_z,Shoulder.L_x,Shoulder.L_y,Shoulder.L_z,Elbow.L_x,Elbow.L_y,Elbow.L_z,Wrist.L_x,Wrist.L_y,Wrist.L_z,Neck_x,Neck_y,Neck_z,Head_x,Head_y,Head_z,Nose_x,Nose_y,Nose_z,Eye.L_x,Eye.L_y,Eye.L_z,Eye.R_x,Eye.R_y,Eye.R_z,Ear.L_x,Ear.L_y,Ear.L_z,Ear.R_x,Ear.R_y,Ear.R_z,hip.Center_x,hip.Center_y,hip.Center_z
0,-0.19464903,-0.49101356,-0.25860536,-0.16911727,-0.13086057,-0.02228021,-0.12333117,0.29037288,-0.019870356,0.11393393,0.28739172,-0.009054573,0.15301603,-0.13097589,0.0032553999,0.1792778,-0.49514258,-0.23211786,-0.65998036,0.60600615,0.0635031,-0.41819543,0.6762756,-0.0011305399,-0.15500288,0.7699679,0.01805349,0.13394997,0.77578735,0.021651037,0.39434242,0.69456387,-0.021983458,0.62485695,0.6813419,0.09030571,-0.011006666,0.8195191,0.05055748,-0.01527598,1.0279226,0.12147725,-0.028884798,0.91229844,0.22767118,0.0076281996,0.9581777,0.20351097,-0.058110405,0.95746297,0.191971,0.06431887,0.9570621,0.11464997,-0.086336136,0.95552206,0.088273145,-0.004698619246482849,0.288882315158844,-0.014462464489042759
