frame,Ankle.R_x,Ankle.R_y,Ankle.R_z,Knee.R_x,Knee.R_y,Knee.R_z,Hip.R_x,Hip.R_y,Hip.R_z,Hip.L_x,Hip.L_y,Hip.L_z,Knee.L_x,Knee.L_y,Knee.L_z,Ankle.L_x,Ankle.L_y,Ankle.L_z,Wrist.R_x,Wrist.R_y,Wrist.R_z,Elbow.R_x,Elbow.R_y,Elbow.R_z,Shoulder.R_x,Shoulder.R_y,Shoulder.R_z,Shoulder.L_x,Shoulder.L_y,Shoulder.L_z,Elbow.L_x,Elbow.L_y,Elbow.L_z,Wrist.L_x,Wrist.L_y,Wrist.L_z,Neck_x,Neck_y,Neck_z,Head_x,Head_y,Head_z,Nose_x,Nose_y,Nose_z,Eye.L_x,Eye.L_y,Eye.L_z,Eye.R_x,Eye.R_y,Eye.R_z,Ear.L_x,Ear.L_y,Ear.L_z,Ear.R_x,Ear.R_y,Ear.R_z,hip.Center_x,hip.Center_y,hip.Center_z
0,-0.290933,-0.4176336,-0.24809378,-0.21093495,-0.101864085,0.021532647,-0.124452904,0.2935288,-0.02422234,0.11202851,0.29394346,-0.011793656,0.20846927,-0.09589093,0.028375925,0.29577565,-0.41914475,-0.23908788,-0.66306794,0.8562971,-0.006267515,-0.41190258,0.8165753,-0.04731475,-0.14517649,0.7806009,0.012525783,0.12870172,0.7884836,0.039807875,0.386846,0.8589973,0.016090358,0.5861303,0.9700277,0.1324713,-0.009259576,0.82196736,0.05460291,-0.009034483,1.0346648,0.098820776,-0.01302209,0.93746716,0.2226437,0.020973964,0.9780143,0.18794727,-0.0455137,0.9775405,0.18349113,0.06798207,0.9613758,0.09554843,-0.085705444,0.96041006,0.08369398,-0.006212197244167328,0.29373612999916077,-0.018007997423410416
