frame,Ankle.R_x,Ankle.R_y,Ankle.R_z,Knee.R_x,Knee.R_y,Knee.R_z,Hip.R_x,Hip.R_y,Hip.R_z,Hip.L_x,Hip.L_y,Hip.L_z,Knee.L_x,Knee.L_y,Knee.L_z,Ankle.L_x,Ankle.L_y,Ankle.L_z,Wrist.R_x,Wrist.R_y,Wrist.R_z,Elbow.R_x,Elbow.R_y,Elbow.R_z,Shoulder.R_x,Shoulder.R_y,Shoulder.R_z,Shoulder.L_x,Shoulder.L_y,Shoulder.L_z,Elbow.L_x,Elbow.L_y,Elbow.L_z,Wrist.L_x,Wrist.L_y,Wrist.L_z,Neck_x,Neck_y,Neck_z,Head_x,Head_y,Head_z,Nose_x,Nose_y,Nose_z,Eye.L_x,Eye.L_y,Eye.L_z,Eye.R_x,Eye.R_y,Eye.R_z,Ear.L_x,Ear.L_y,Ear.L_z,Ear.R_x,Ear.R_y,Ear.R_z,hip.Center_x,hip.Center_y,hip.Center_z
0,-0.26828063,-0.45714447,-0.25562394,-0.19608793,-0.11639407,-0.007842241,-0.12354323,0.29234648,-0.0217321,0.11278856,0.29013443,-0.010632311,0.18902291,-0.11300284,0.010238538,0.25593278,-0.4629966,-0.23224777,-0.6634959,0.6680079,0.04210246,-0.41604033,0.7196215,-0.014554393,-0.14625913,0.7782319,0.009715844,0.13615225,0.7820653,0.02516908,0.4056967,0.74682325,-0.00042798836,0.6452808,0.7556215,0.093324654,-0.0058214776,0.8226717,0.045857307,-0.010250621,1.0319906,0.10184068,-0.025972124,0.9258194,0.21719766,0.010903796,0.96935284,0.18985908,-0.05450321,0.96788806,0.17723812,0.06924383,0.9606076,0.102441356,-0.08136202,0.9572214,0.07350841,-0.005377337336540222,0.2912404537200928,-0.016182204708456993
