frame,Ankle.R_x,Ankle.R_y,Ankle.R_z,Knee.R_x,Knee.R_y,Knee.R_z,Hip.R_x,Hip.R_y,Hip.R_z,Hip.L_x,Hip.L_y,Hip.L_z,Knee.L_x,Knee.L_y,Knee.L_z,Ankle.L_x,Ankle.L_y,Ankle.L_z,Wrist.R_x,Wrist.R_y,Wrist.R_z,Elbow.R_x,Elbow.R_y,Elbow.R_z,Shoulder.R_x,Shoulder.R_y,Shoulder.R_z,Shoulder.L_x,Shoulder.L_y,Shoulder.L_z,Elbow.L_x,Elbow.L_y,Elbow.L_z,Wrist.L_x,Wrist.L_y,Wrist.L_z,Neck_x,Neck_y,Neck_z,Head_x,Head_y,Head_z,Nose_x,Nose_y,Nose_z,Eye.L_x,Eye.L_y,Eye.L_z,Eye.R_x,Eye.R_y,Eye.R_z,Ear.L_x,Ear.L_y,Ear.L_z,Ear.R_x,Ear.R_y,Ear.R_z,hip.Center_x,hip.Center_y,hip.Center_z
0,-0.16852127,-0.4885955,-0.2550665,-0.15404575,-0.126081,-0.021493891,-0.12451881,0.301627,-0.018288467,0.11296127,0.29740676,-0.012862823,0.1482299,-0.12279909,0.002435322,0.17077686,-0.4926814,-0.22387215,-0.47285855,0.43757463,0.03193863,-0.32419157,0.60907316,-0.09208715,-0.14529918,0.79882693,-0.009084275,0.1449252,0.80040574,-0.004407226,0.34832603,0.63060254,-0.085319325,0.5402284,0.49839026,0.022352435,0.00021388661,0.8527167,0.028110676,-0.013905063,1.0661995,0.0763334,-0.016189918,0.96441054,0.1999292,0.016499823,1.0093218,0.16735558,-0.04981708,1.002012,0.15817188,0.07284476,0.99921286,0.07698846,-0.081093445,0.98300886,0.055507425,-0.0057787708938121796,0.299516886472702,-0.015575645491480827
