frame,Ankle.R_x,Ankle.R_y,Ankle.R_z,Knee.R_x,Knee.R_y,Knee.R_z,Hip.R_x,Hip.R_y,Hip.R_z,Hip.L_x,Hip.L_y,Hip.L_z,Knee.L_x,Knee.L_y,Knee.L_z,Ankle.L_x,Ankle.L_y,Ankle.L_z,Wrist.R_x,Wrist.R_y,Wrist.R_z,Elbow.R_x,Elbow.R_y,Elbow.R_z,Shoulder.R_x,Shoulder.R_y,Shoulder.R_z,Shoulder.L_x,Shoulder.L_y,Shoulder.L_z,Elbow.L_x,Elbow.L_y,Elbow.L_z,Wrist.L_x,Wrist.L_y,Wrist.L_z,Neck_x,Neck_y,Neck_z,Head_x,Head_y,Head_z,Nose_x,Nose_y,Nose_z,Eye.L_x,Eye.L_y,Eye.L_z,Eye.R_x,Eye.R_y,Eye.R_z,Ear.L_x,Ear.L_y,Ear.L_z,Ear.R_x,Ear.R_y,Ear.R_z,hip.Center_x,hip.Center_y,hip.Center_z
0,-0.22277623,-0.44831806,-0.26719928,-0.17664209,-0.12751827,0.015075839,-0.12690344,0.28667718,-0.019654406,0.11385596,0.29416832,-0.017752433,0.19577664,-0.110219225,0.0072716596,0.25419992,-0.46515816,-0.23763913,-0.55806947,0.9543489,0.22246325,-0.4263741,0.84497225,0.029537959,-0.15446189,0.78493416,0.020737838,0.12562963,0.7855462,0.027046522,0.38904884,0.852365,0.044723973,0.4115138,1.0154512,0.23707734,-0.015410731,0.8212084,0.047465168,-0.022722187,1.0325315,0.09515055,-0.01926961,0.9323194,0.21758069,0.012016141,0.9752702,0.18341263,-0.05466913,0.9711094,0.17989787,0.058836,0.9632083,0.08921215,-0.09559926,0.9541604,0.079750486,-0.006523743271827698,0.2904227375984192,-0.018703419715166092
