frame,Ankle.R_x,Ankle.R_y,Ankle.R_z,Knee.R_x,Knee.R_y,Knee.R_z,Hip.R_x,Hip.R_y,Hip.R_z,Hip.L_x,Hip.L_y,Hip.L_z,Knee.L_x,Knee.L_y,Knee.L_z,Ankle.L_x,Ankle.L_y,Ankle.L_z,Wrist.R_x,Wrist.R_y,Wrist.R_z,Elbow.R_x,Elbow.R_y,Elbow.R_z,Shoulder.R_x,Shoulder.R_y,Shoulder.R_z,Shoulder.L_x,Shoulder.L_y,Shoulder.L_z,Elbow.L_x,Elbow.L_y,Elbow.L_z,Wrist.L_x,Wrist.L_y,Wrist.L_z,Neck_x,Neck_y,Neck_z,Head_x,Head_y,Head_z,Nose_x,Nose_y,Nose_z,Eye.L_x,Eye.L_y,Eye.L_z,Eye.R_x,Eye.R_y,Eye.R_z,Ear.L_x,Ear.L_y,Ear.L_z,Ear.R_x,Ear.R_y,Ear.R_z,hip.Center_x,hip.Center_y,hip.Center_z
0,-0.28278714,-0.40112358,-0.27089193,-0.20692804,-0.11391896,0.041055016,-0.12634706,0.289011,-0.029157704,0.11377941,0.2924701,-0.014208783,0.20739342,-0.103359595,0.04255245,0.30443525,-0.4138422,-0.24969116,-0.19285926,1.0713619,0.14711002,-0.3700737,0.89563525,0.1064955,-0.14069949,0.79186183,0.0038461084,0.13275796,0.7911368,0.03810444,0.30993414,0.92673236,0.18563259,0.15694264,1.1140693,0.120458916,-0.0036328537,0.82377505,0.030267267,-0.00013593433,1.0356266,0.05594434,-0.0014725337,0.95184183,0.18996714,0.032238707,0.9878259,0.15020886,-0.034822132,0.98808503,0.14800271,0.07692032,0.9605203,0.057636652,-0.07889554,0.9610145,0.05042523,-0.0062838271260261536,0.2907405495643616,-0.02168324403464794
