frame,Ankle.R_x,Ankle.R_y,Ankle.R_z,Knee.R_x,Knee.R_y,Knee.R_z,Hip.R_x,Hip.R_y,Hip.R_z,Hip.L_x,Hip.L_y,Hip.L_z,Knee.L_x,Knee.L_y,Knee.L_z,Ankle.L_x,Ankle.L_y,Ankle.L_z,Wrist.R_x,Wrist.R_y,Wrist.R_z,Elbow.R_x,Elbow.R_y,Elbow.R_z,Shoulder.R_x,Shoulder.R_y,Shoulder.R_z,Shoulder.L_x,Shoulder.L_y,Shoulder.L_z,Elbow.L_x,Elbow.L_y,Elbow.L_z,Wrist.L_x,Wrist.L_y,Wrist.L_z,Neck_x,Neck_y,Neck_z,Head_x,Head_y,Head_z,Nose_x,Nose_y,Nose_z,Eye.L_x,Eye.L_y,Eye.L_z,Eye.R_x,Eye.R_y,Eye.R_z,Ear.L_x,Ear.L_y,Ear.L_z,Ear.R_x,Ear.R_y,Ear.R_z,hip.Center_x,hip.Center_y,hip.Center_z
0,-0.20962267,-0.49477255,-0.24148072,-0.16579595,-0.12631766,-0.01655144,-0.12436598,0.29695854,-0.010267397,0.113337,0.29942358,-0.019950416,0.1730679,-0.11773934,-0.020445528,0.20220678,-0.48282394,-0.25916874,-0.546286,0.41794318,0.109472506,-0.38614658,0.60419136,0.016294328,-0.16856942,0.7814196,0.036607776,0.12934403,0.789979,0.006105451,0.33086365,0.6191937,-0.08483127,0.5155066,0.465284,0.010424303,-0.016004708,0.83936244,0.05563528,-0.013648087,1.0489355,0.13593808,-0.0034731906,0.9273007,0.23762842,0.026603071,0.97572446,0.20818213,-0.040508475,0.97328556,0.20966244,0.065712266,0.9801627,0.10958006,-0.08953492,0.9745265,0.11260965,-0.005514487624168396,0.2981910705566406,-0.015108906663954258
