frame,Ankle.R_x,Ankle.R_y,Ankle.R_z,Knee.R_x,Knee.R_y,Knee.R_z,Hip.R_x,Hip.R_y,Hip.R_z,Hip.L_x,Hip.L_y,Hip.L_z,Knee.L_x,Knee.L_y,Knee.L_z,Ankle.L_x,Ankle.L_y,Ankle.L_z,Wrist.R_x,Wrist.R_y,Wrist.R_z,Elbow.R_x,Elbow.R_y,Elbow.R_z,Shoulder.R_x,Shoulder.R_y,Shoulder.R_z,Shoulder.L_x,Shoulder.L_y,Shoulder.L_z,Elbow.L_x,Elbow.L_y,Elbow.L_z,Wrist.L_x,Wrist.L_y,Wrist.L_z,Neck_x,Neck_y,Neck_z,Head_x,Head_y,Head_z,Nose_x,Nose_y,Nose_z,Eye.L_x,Eye.L_y,Eye.L_z,Eye.R_x,Eye.R_y,Eye.R_z,Ear.L_x,Ear.L_y,Ear.L_z,Ear.R_x,Ear.R_y,Ear.R_z,hip.Center_x,hip.Center_y,hip.Center_z
0,-0.062181342,-0.59606576,-0.32116926,-0.08302406,-0.21627966,-0.0056179804,-0.1338912,0.2574338,-0.012049867,0.12746842,0.25880864,-0.02901638,0.106556535,-0.20715898,0.054107405,0.07295822,-0.5620955,-0.28965306,-0.22203475,0.13688318,0.06728603,-0.23863237,0.40011472,-0.040908772,-0.16354789,0.6859189,0.014371617,0.14465018,0.6971232,-0.013087366,0.21256718,0.41647577,-0.09453962,0.22395955,0.16152589,0.023709476,-0.006670852,0.7645565,0.02945386,-0.012579525,0.9824613,0.07097194,0.0034661167,0.8804071,0.18943876,0.032031287,0.9250736,0.15312083,-0.035325736,0.9210674,0.15731251,0.066439986,0.9133399,0.056341834,-0.08323409,0.9053139,0.06455752,-0.003211386501789093,0.25812122225761414,-0.02053312212228775
