frame,Ankle.R_x,Ankle.R_y,Ankle.R_z,Knee.R_x,Knee.R_y,Knee.R_z,Hip.R_x,Hip.R_y,Hip.R_z,Hip.L_x,Hip.L_y,Hip.L_z,Knee.L_x,Knee.L_y,Knee.L_z,Ankle.L_x,Ankle.L_y,Ankle.L_z,Wrist.R_x,Wrist.R_y,Wrist.R_z,Elbow.R_x,Elbow.R_y,Elbow.R_z,Shoulder.R_x,Shoulder.R_y,Shoulder.R_z,Shoulder.L_x,Shoulder.L_y,Shoulder.L_z,Elbow.L_x,Elbow.L_y,Elbow.L_z,Wrist.L_x,Wrist.L_y,Wrist.L_z,Neck_x,Neck_y,Neck_z,Head_x,Head_y,Head_z,Nose_x,Nose_y,Nose_z,Eye.L_x,Eye.L_y,Eye.L_z,Eye.R_x,Eye.R_y,Eye.R_z,Ear.L_x,Ear.L_y,Ear.L_z,Ear.R_x,Ear.R_y,Ear.R_z,hip.Center_x,hip.Center_y,hip.Center_z
0,-0.03958223,-0.5859239,-0.24220142,-0.089167394,-0.20343184,0.045474425,-0.13223955,0.2578217,-0.016539518,0.12498355,0.26254424,-0.026581958,0.10962174,-0.1898206,0.07663741,0.087243006,-0.5574505,-0.23662756,-0.41279745,0.2134122,0.08552554,-0.31485075,0.4433773,-0.03570731,-0.16532204,0.6932648,0.028994111,0.1374767,0.70383537,-0.0035049738,0.27185377,0.45983905,-0.10553363,0.39969572,0.26492763,0.036298648,-0.010479143,0.7634453,0.045683343,-0.014831238,0.97645736,0.10041293,-0.005516263,0.86787176,0.21244255,0.024926241,0.91400397,0.18078972,-0.042224288,0.9104301,0.18125683,0.06385518,0.9081547,0.08558237,-0.0855636,0.9010922,0.086179584,-0.0036280006170272827,0.2601829767227173,-0.02156073786318302
