frame,Ankle.R_x,Ankle.R_y,Ankle.R_z,Knee.R_x,Knee.R_y,Knee.R_z,Hip.R_x,Hip.R_y,Hip.R_z,Hip.L_x,Hip.L_y,Hip.L_z,Knee.L_x,Knee.L_y,Knee.L_z,Ankle.L_x,Ankle.L_y,Ankle.L_z,Wrist.R_x,Wrist.R_y,Wrist.R_z,Elbow.R_x,Elbow.R_y,Elbow.R_z,Shoulder.R_x,Shoulder.R_y,Shoulder.R_z,Shoulder.L_x,Shoulder.L_y,Shoulder.L_z,Elbow.L_x,Elbow.L_y,Elbow.L_z,Wrist.L_x,Wrist.L_y,Wrist.L_z,Neck_x,Neck_y,Neck_z,Head_x,Head_y,Head_z,Nose_x,Nose_y,Nose_z,Eye.L_x,Eye.L_y,Eye.L_z,Eye.R_x,Eye.R_y,Eye.R_z,Ear.L_x,Ear.L_y,Ear.L_z,Ear.R_x,Ear.R_y,Ear.R_z,hip.Center_x,hip.Center_y,hip.Center_z
0,-0.056305498,-0.57554084,-0.2764506,-0.09359911,-0.21164545,0.04418446,-0.13254748,0.25584185,-0.01391282,0.12650062,0.25648165,-0.029282983,0.10660082,-0.20174888,0.06918909,0.06410497,-0.5612197,-0.26004812,-0.35961044,0.18834275,0.08507392,-0.28846836,0.429026,-0.040158484,-0.15469791,0.68844867,0.024959397,0.14809231,0.6924479,-0.0070077693,0.25860524,0.4340964,-0.106743455,0.35719398,0.21161263,0.023730993,0.0013342034,0.7568585,0.040876303,-0.00052155554,0.9701804,0.08894632,0.0058025345,0.86519754,0.20462222,0.03731799,0.9100674,0.17212473,-0.029928377,0.9072811,0.17160806,0.077492625,0.9005417,0.077861674,-0.07147238,0.8953209,0.076318905,-0.0030234307050704956,0.25616174936294556,-0.021597901359200478
