frame,Ankle.R_x,Ankle.R_y,Ankle.R_z,Knee.R_x,Knee.R_y,Knee.R_z,Hip.R_x,Hip.R_y,Hip.R_z,Hip.L_x,Hip.L_y,Hip.L_z,Knee.L_x,Knee.L_y,Knee.L_z,Ankle.L_x,Ankle.L_y,Ankle.L_z,Wrist.R_x,Wrist.R_y,Wrist.R_z,Elbow.R_x,Elbow.R_y,Elbow.R_z,Shoulder.R_x,Shoulder.R_y,Shoulder.R_z,Shoulder.L_x,Shoulder.L_y,Shoulder.L_z,Elbow.L_x,Elbow.L_y,Elbow.L_z,Wrist.L_x,Wrist.L_y,Wrist.L_z,Neck_x,Neck_y,Neck_z,Head_x,Head_y,Head_z,Nose_x,Nose_y,Nose_z,Eye.L_x,Eye.L_y,Eye.L_z,Eye.R_x,Eye.R_y,Eye.R_z,Ear.L_x,Ear.L_y,Ear.L_z,Ear.R_x,Ear.R_y,Ear.R_z,hip.Center_x,hip.Center_y,hip.Center_z
0,-0.2377268,-0.47722232,-0.26300386,-0.18054536,-0.120312944,-0.031213729,-0.12336354,0.29660767,-0.016660035,0.11292584,0.29078594,-0.0121418955,0.17162937,-0.12003543,-0.009916466,0.2227649,-0.48022574,-0.24381426,-0.60430485,0.6009077,0.045840655,-0.38097703,0.65787554,-0.06699288,-0.14292918,0.7832136,-0.006991395,0.1420329,0.79030097,0.012527991,0.39655545,0.6935744,-0.029412137,0.6206683,0.6543648,0.08702553,-0.0015751533,0.8344047,0.034354623,-0.012633245,1.0449606,0.09600361,-0.0017267307,0.93550014,0.210074,0.027382791,0.9818294,0.17749296,-0.039272346,0.9762783,0.17662418,0.070093185,0.97814655,0.08108477,-0.08370469,0.96552354,0.07817425,-0.0052188485860824585,0.2936968207359314,-0.014400964602828026
