frame,Ankle.R_x,Ankle.R_y,Ankle.R_z,Knee.R_x,Knee.R_y,Knee.R_z,Hip.R_x,Hip.R_y,Hip.R_z,Hip.L_x,Hip.L_y,Hip.L_z,Knee.L_x,Knee.L_y,Knee.L_z,Ankle.L_x,Ankle.L_y,Ankle.L_z,Wrist.R_x,Wrist.R_y,Wrist.R_z,Elbow.R_x,Elbow.R_y,Elbow.R_z,Shoulder.R_x,Shoulder.R_y,Shoulder.R_z,Shoulder.L_x,Shoulder.L_y,Shoulder.L_z,Elbow.L_x,Elbow.L_y,Elbow.L_z,Wrist.L_x,Wrist.L_y,Wrist.L_z,Neck_x,Neck_y,Neck_z,Head_x,Head_y,Head_z,Nose_x,Nose_y,Nose_z,Eye.L_x,Eye.L_y,Eye.L_z,Eye.R_x,Eye.R_y,Eye.R_z,Ear.L_x,Ear.L_y,Ear.L_z,Ear.R_x,Ear.R_y,Ear.R_z,hip.Center_x,hip.Center_y,hip.Center_z
0,-0.08119462,-0.48668125,-0.26342994,-0.106303744,-0.13474335,-0.020065602,-0.12517937,0.29605043,-0.013548913,0.11265598,0.30006403,-0.013028063,0.119843066,-0.12586677,-0.009161751,0.11425188,-0.4712078,-0.26738405,-0.57017106,0.53310114,0.070056334,-0.38368627,0.64840865,-0.06289293,-0.16372238,0.8011873,0.0019393107,0.124455005,0.8056076,0.00021167938,0.3424418,0.6592838,-0.08591035,0.5514763,0.59516615,0.04077526,-0.019101527,0.85424685,0.037073076,-0.027994536,1.0685084,0.09760764,-0.022201352,0.959354,0.21459645,0.008638458,1.0053806,0.18177573,-0.058367424,1.0003067,0.17859969,0.055516064,0.99961513,0.08613458,-0.09984169,0.98853576,0.07800566,-0.006261691451072693,0.2980572283267975,-0.013288488611578941
