frame,Ankle.R_x,Ankle.R_y,Ankle.R_z,Knee.R_x,Knee.R_y,Knee.R_z,Hip.R_x,Hip.R_y,Hip.R_z,Hip.L_x,Hip.L_y,Hip.L_z,Knee.L_x,Knee.L_y,Knee.L_z,Ankle.L_x,Ankle.L_y,Ankle.L_z,Wrist.R_x,Wrist.R_y,Wrist.R_z,Elbow.R_x,Elbow.R_y,Elbow.R_z,Shoulder.R_x,Shoulder.R_y,Shoulder.R_z,Shoulder.L_x,Shoulder.L_y,Shoulder.L_z,Elbow.L_x,Elbow.L_y,Elbow.L_z,Wrist.L_x,Wrist.L_y,Wrist.L_z,Neck_x,Neck_y,Neck_z,Head_x,Head_y,Head_z,Nose_x,Nose_y,Nose_z,Eye.L_x,Eye.L_y,Eye.L_z,Eye.R_x,Eye.R_y,Eye.R_z,Ear.L_x,Ear.L_y,Ear.L_z,Ear.R_x,Ear.R_y,Ear.R_z,hip.Center_x,hip.Center_y,hip.Center_z
0,-0.14967334,-0.49516356,-0.24835426,-0.14034224,-0.1313427,-0.0150614325,-0.12524088,0.29748136,-0.015896076,0.113341935,0.29889634,-0.014385202,0.14787549,-0.12347356,-0.0018627173,0.16929363,-0.48692834,-0.24063736,-0.5165273,0.4359166,0.08289052,-0.35958973,0.596267,-0.046950344,-0.16498229,0.78732383,0.0054306984,0.13030435,0.79725665,-0.00070632435,0.33674815,0.6313981,-0.08579324,0.53152186,0.5208138,0.03720343,-0.016007587,0.84775877,0.035996642,-0.018956302,1.0643564,0.08549681,-0.01955541,0.96174353,0.20791957,0.013594681,1.0049639,0.17363967,-0.053469278,1.0018241,0.16893445,0.062726825,0.99257016,0.079815716,-0.092624605,0.98580647,0.06842482,-0.005949471145868301,0.29818886518478394,-0.015140639618039131
