frame,Ankle.R_x,Ankle.R_y,Ankle.R_z,Knee.R_x,Knee.R_y,Knee.R_z,Hip.R_x,Hip.R_y,Hip.R_z,Hip.L_x,Hip.L_y,Hip.L_z,Knee.L_x,Knee.L_y,Knee.L_z,Ankle.L_x,Ankle.L_y,Ankle.L_z,Wrist.R_x,Wrist.R_y,Wrist.R_z,Elbow.R_x,Elbow.R_y,Elbow.R_z,Shoulder.R_x,Shoulder.R_y,Shoulder.R_z,Shoulder.L_x,Shoulder.L_y,Shoulder.L_z,Elbow.L_x,Elbow.L_y,Elbow.L_z,Wrist.L_x,Wrist.L_y,Wrist.L_z,Neck_x,Neck_y,Neck_z,Head_x,Head_y,Head_z,Nose_x,Nose_y,Nose_z,Eye.L_x,Eye.L_y,Eye.L_z,Eye.R_x,Eye.R_y,Eye.R_z,Ear.L_x,Ear.L_y,Ear.L_z,Ear.R_x,Ear.R_y,Ear.R_z,hip.Center_x,hip.Center_y,hip.Center_z
0,-0.047179136,-0.57240367,-0.30271327,-0.08142997,-0.21614155,0.030410793,-0.13298109,0.254819,-0.01086627,0.12635325,0.25802904,-0.033138048,0.11889037,-0.1968248,0.08850895,0.070724435,-0.54516464,-0.25327018,-0.3186791,0.1525255,0.064927146,-0.2705484,0.412198,-0.036373667,-0.15764344,0.6839307,0.023211483,0.14774859,0.69016683,-0.010940806,0.24762177,0.42033386,-0.09397879,0.3210119,0.18555781,0.03711575,-0.0005071666,0.7567142,0.0362473,-0.0018885521,0.97230554,0.082525976,0.010384333,0.867617,0.19801854,0.040178504,0.9125345,0.16369599,-0.027048709,0.9096093,0.16658267,0.07557751,0.90278065,0.06767087,-0.0733594,0.8971404,0.073306605,-0.0033139213919639587,0.2564240097999573,-0.02200215868651867
