frame,Ankle.R_x,Ankle.R_y,Ankle.R_z,Knee.R_x,Knee.R_y,Knee.R_z,Hip.R_x,Hip.R_y,Hip.R_z,Hip.L_x,Hip.L_y,Hip.L_z,Knee.L_x,Knee.L_y,Knee.L_z,Ankle.L_x,Ankle.L_y,Ankle.L_z,Wrist.R_x,Wrist.R_y,Wrist.R_z,Elbow.R_x,Elbow.R_y,Elbow.R_z,Shoulder.R_x,Shoulder.R_y,Shoulder.R_z,Shoulder.L_x,Shoulder.L_y,Shoulder.L_z,Elbow.L_x,Elbow.L_y,Elbow.L_z,Wrist.L_x,Wrist.L_y,Wrist.L_z,Neck_x,Neck_y,Neck_z,Head_x,Head_y,Head_z,Nose_x,Nose_y,Nose_z,Eye.L_x,Eye.L_y,Eye.L_z,Eye.R_x,Eye.R_y,Eye.R_z,Ear.L_x,Ear.L_y,Ear.L_z,Ear.R_x,Ear.R_y,Ear.R_z,hip.Center_x,hip.Center_y,hip.Center_z
0,-0.058183067,-0.6063333,-0.30224997,-0.08511749,-0.21572,-0.0039665187,-0.13268998,0.25641328,-0.010984585,0.12644733,0.2552346,-0.029764397,0.112398416,-0.2050661,0.06685106,0.07771793,-0.56904566,-0.26356888,-0.2798711,0.14902727,0.04821485,-0.25387776,0.4128859,-0.05220874,-0.15016338,0.6876349,0.0076097464,0.15600778,0.68907684,-0.017602727,0.25224596,0.41536647,-0.092865966,0.30118302,0.17354077,0.038570642,0.007170299,0.75760007,0.024679536,0.0048663234,0.9713236,0.07907529,0.012290742,0.8609128,0.18969154,0.043472536,0.90737617,0.15894814,-0.023795417,0.90433866,0.15863764,0.08322873,0.9025073,0.06406437,-0.06576808,0.89662945,0.062845804,-0.003121323883533478,0.25582394003868103,-0.020374491810798645
