frame,Ankle.R_x,Ankle.R_y,Ankle.R_z,Knee.R_x,Knee.R_y,Knee.R_z,Hip.R_x,Hip.R_y,Hip.R_z,Hip.L_x,Hip.L_y,Hip.L_z,Knee.L_x,Knee.L_y,Knee.L_z,Ankle.L_x,Ankle.L_y,Ankle.L_z,Wrist.R_x,Wrist.R_y,Wrist.R_z,Elbow.R_x,Elbow.R_y,Elbow.R_z,Shoulder.R_x,Shoulder.R_y,Shoulder.R_z,Shoulder.L_x,Shoulder.L_y,Shoulder.L_z,Elbow.L_x,Elbow.L_y,Elbow.L_z,Wrist.L_x,Wrist.L_y,Wrist.L_z,Neck_x,Neck_y,Neck_z,Head_x,Head_y,Head_z,Nose_x,Nose_y,Nose_z,Eye.L_x,Eye.L_y,Eye.L_z,Eye.R_x,Eye.R_y,Eye.R_z,Ear.L_x,Ear.L_y,Ear.L_z,Ear.R_x,Ear.R_y,Ear.R_z,hip.Center_x,hip.Center_y,hip.Center_z
0,-0.25299096,-0.42227,-0.28219286,-0.19783069,-0.117809,0.018378766,-0.1271186,0.29174012,-0.023318926,0.113306366,0.29939094,-0.017762681,0.2257462,-0.09385016,0.005863785,0.2999252,-0.42299306,-0.2730955,-0.37546998,1.0291988,0.16774875,-0.42932203,0.8283899,0.02343949,-0.15288353,0.79309833,0.004548572,0.13846649,0.7866091,0.037406527,0.39600065,0.82090867,0.12956029,0.3366488,1.0543658,0.1964116,-0.008572861,0.8323157,0.03732369,-0.012645361,1.0482173,0.05205887,-0.015787706,0.97146034,0.19110034,0.01793174,1.0069337,0.15046683,-0.04900457,1.0040244,0.14565077,0.06800666,0.97631806,0.061169397,-0.08791284,0.9697305,0.048074484,-0.006906118243932724,0.29556554555892944,-0.02054080367088318
