frame,Ankle.R_x,Ankle.R_y,Ankle.R_z,Knee.R_x,Knee.R_y,Knee.R_z,Hip.R_x,Hip.R_y,Hip.R_z,Hip.L_x,Hip.L_y,Hip.L_z,Knee.L_x,Knee.L_y,Knee.L_z,Ankle.L_x,Ankle.L_y,Ankle.L_z,Wrist.R_x,Wrist.R_y,Wrist.R_z,Elbow.R_x,Elbow.R_y,Elbow.R_z,Shoulder.R_x,Shoulder.R_y,Shoulder.R_z,Shoulder.L_x,Shoulder.L_y,Shoulder.L_z,Elbow.L_x,Elbow.L_y,Elbow.L_z,Wrist.L_x,Wrist.L_y,Wrist.L_z,Neck_x,Neck_y,Neck_z,Head_x,Head_y,Head_z,Nose_x,Nose_y,Nose_z,Eye.L_x,Eye.L_y,Eye.L_z,Eye.R_x,Eye.R_y,Eye.R_z,Ear.L_x,Ear.L_y,Ear.L_z,Ear.R_x,Ear.R_y,Ear.R_z,hip.Center_x,hip.Center_y,hip.Center_z
0,-0.18505095,-0.48996362,-0.24085438,-0.16011834,-0.1241282,-0.020004572,-0.12381915,0.29692024,-0.013805527,0.11275729,0.2962154,-0.015127987,0.16244559,-0.118822396,-0.008556341,0.18774475,-0.4808758,-0.24164508,-0.57496965,0.4931945,0.093549766,-0.3850025,0.62448883,-0.021713935,-0.15933678,0.78330743,0.008589128,0.13238034,0.7955889,0.0023532463,0.3697437,0.6727695,-0.06762852,0.5755167,0.6007139,0.06314318,-0.013053598,0.84104455,0.036578786,-0.020704847,1.0557958,0.09096344,-0.024452107,0.94895506,0.2086513,0.009034328,0.9940616,0.17804083,-0.057350714,0.98962843,0.16986793,0.06258099,0.9865753,0.08646728,-0.090972416,0.97710586,0.06746177,-0.005530931055545807,0.29656779766082764,-0.014466756954789162
