frame,Ankle.R_x,Ankle.R_y,Ankle.R_z,Knee.R_x,Knee.R_y,Knee.R_z,Hip.R_x,Hip.R_y,Hip.R_z,Hip.L_x,Hip.L_y,Hip.L_z,Knee.L_x,Knee.L_y,Knee.L_z,Ankle.L_x,Ankle.L_y,Ankle.L_z,Wrist.R_x,Wrist.R_y,Wrist.R_z,Elbow.R_x,Elbow.R_y,Elbow.R_z,Shoulder.R_x,Shoulder.R_y,Shoulder.R_z,Shoulder.L_x,Shoulder.L_y,Shoulder.L_z,Elbow.L_x,Elbow.L_y,Elbow.L_z,Wrist.L_x,Wrist.L_y,Wrist.L_z,Neck_x,Neck_y,Neck_z,Head_x,Head_y,Head_z,Nose_x,Nose_y,Nose_z,Eye.L_x,Eye.L_y,Eye.L_z,Eye.R_x,Eye.R_y,Eye.R_z,Ear.L_x,Ear.L_y,Ear.L_z,Ear.R_x,Ear.R_y,Ear.R_z,hip.Center_x,hip.Center_y,hip.Center_z
0,-0.043773852,-0.59253246,-0.28945705,-0.077050425,-0.21554755,0.022282504,-0.13299279,0.2553383,-0.010735196,0.12653665,0.25718907,-0.03322141,0.11887121,-0.19629768,0.09573299,0.06632806,-0.5342303,-0.25505695,-0.2991538,0.14631328,0.050224066,-0.26325,0.41004655,-0.04639785,-0.15683639,0.684554,0.012523293,0.14943239,0.69029534,-0.017284635,0.24521357,0.41735837,-0.094490014,0.29880145,0.18077368,0.043233335,0.00028655306,0.75772536,0.026710901,-0.0027228394,0.9737137,0.071815126,0.009108114,0.8691658,0.18754536,0.038929887,0.91424525,0.15345848,-0.028289212,0.91086596,0.15564676,0.075407535,0.9046376,0.05783564,-0.07349615,0.8980007,0.061887026,-0.0032280683517456055,0.2562636733055115,-0.02197830192744732
