frame,Ankle.R_x,Ankle.R_y,Ankle.R_z,Knee.R_x,Knee.R_y,Knee.R_z,Hip.R_x,Hip.R_y,Hip.R_z,Hip.L_x,Hip.L_y,Hip.L_z,Knee.L_x,Knee.L_y,Knee.L_z,Ankle.L_x,Ankle.L_y,Ankle.L_z,Wrist.R_x,Wrist.R_y,Wrist.R_z,Elbow.R_x,Elbow.R_y,Elbow.R_z,Shoulder.R_x,Shoulder.R_y,Shoulder.R_z,Shoulder.L_x,Shoulder.L_y,Shoulder.L_z,Elbow.L_x,Elbow.L_y,Elbow.L_z,Wrist.L_x,Wrist.L_y,Wrist.L_z,Neck_x,Neck_y,Neck_z,Head_x,Head_y,Head_z,Nose_x,Nose_y,Nose_z,Eye.L_x,Eye.L_y,Eye.L_z,Eye.R_x,Eye.R_y,Eye.R_z,Ear.L_x,Ear.L_y,Ear.L_z,Ear.R_x,Ear.R_y,Ear.R_z,hip.Center_x,hip.Center_y,hip.Center_z
0,-0.17488097,-0.49177188,-0.2281603,-0.15965375,-0.13202463,0.022993179,-0.1262427,0.2969453,-0.018113421,0.11525816,0.2996698,-0.019877102,0.16209485,-0.12296893,0.03029969,0.176386,-0.48810366,-0.21973386,-0.48816982,0.3633058,0.10008605,-0.3669827,0.56961155,-0.0122163,-0.17149979,0.7744123,0.02965615,0.13602696,0.7770432,-0.00029188395,0.29893494,0.5670722,-0.10019265,0.44745988,0.40322685,0.034255173,-0.013003065,0.83675313,0.049724992,-0.009823246,1.0534512,0.114935674,-0.0035796678,0.94067407,0.22708246,0.027956473,0.9862157,0.19421384,-0.039439134,0.98470473,0.19441876,0.06951432,0.9812577,0.09645839,-0.08653839,0.9780695,0.096444175,-0.005492269992828369,0.29830753803253174,-0.018995262682437897
