frame,Ankle.R_x,Ankle.R_y,Ankle.R_z,Knee.R_x,Knee.R_y,Knee.R_z,Hip.R_x,Hip.R_y,Hip.R_z,Hip.L_x,Hip.L_y,Hip.L_z,Knee.L_x,Knee.L_y,Knee.L_z,Ankle.L_x,Ankle.L_y,Ankle.L_z,Wrist.R_x,Wrist.R_y,Wrist.R_z,Elbow.R_x,Elbow.R_y,Elbow.R_z,Shoulder.R_x,Shoulder.R_y,Shoulder.R_z,Shoulder.L_x,Shoulder.L_y,Shoulder.L_z,Elbow.L_x,Elbow.L_y,Elbow.L_z,Wrist.L_x,Wrist.L_y,Wrist.L_z,Neck_x,Neck_y,Neck_z,Head_x,Head_y,Head_z,Nose_x,Nose_y,Nose_z,Eye.L_x,Eye.L_y,Eye.L_z,Eye.R_x,Eye.R_y,Eye.R_z,Ear.L_x,Ear.L_y,Ear.L_z,Ear.R_x,Ear.R_y,Ear.R_z,hip.Center_x,hip.Center_y,hip.Center_z
0,-0.2646094,-0.46852475,-0.24718526,-0.18793827,-0.11622816,-0.019082732,-0.12324123,0.29544333,-0.016277961,0.112284504,0.29200143,-0.013386861,0.18530019,-0.11209057,-0.010663018,0.250527,-0.47005758,-0.2394537,-0.6278668,0.6530383,0.05196867,-0.39850157,0.7073688,-0.049982797,-0.14127047,0.7902106,-0.0028455881,0.13600516,0.79366934,0.010149107,0.39639404,0.73062986,-0.039249472,0.62107646,0.72248137,0.07946274,-0.0037892247,0.8344504,0.03520033,-0.016581131,1.0428935,0.09471861,-0.022993708,0.93384767,0.20937844,0.010652088,0.97982305,0.18139769,-0.05500207,0.9747585,0.17057091,0.067289054,0.97543716,0.09213987,-0.08457553,0.96407175,0.067201376,-0.005478363484144211,0.29372239112854004,-0.014832410961389542
