frame,Ankle.R_x,Ankle.R_y,Ankle.R_z,Knee.R_x,Knee.R_y,Knee.R_z,Hip.R_x,Hip.R_y,Hip.R_z,Hip.L_x,Hip.L_y,Hip.L_z,Knee.L_x,Knee.L_y,Knee.L_z,Ankle.L_x,Ankle.L_y,Ankle.L_z,Wrist.R_x,Wrist.R_y,Wrist.R_z,Elbow.R_x,Elbow.R_y,Elbow.R_z,Shoulder.R_x,Shoulder.R_y,Shoulder.R_z,Shoulder.L_x,Shoulder.L_y,Shoulder.L_z,Elbow.L_x,Elbow.L_y,Elbow.L_z,Wrist.L_x,Wrist.L_y,Wrist.L_z,Neck_x,Neck_y,Neck_z,Head_x,Head_y,Head_z,Nose_x,Nose_y,Nose_z,Eye.L_x,Eye.L_y,Eye.L_z,Eye.R_x,Eye.R_y,Eye.R_z,Ear.L_x,Ear.L_y,Ear.L_z,Ear.R_x,Ear.R_y,Ear.R_z,hip.Center_x,hip.Center_y,hip.Center_z
0,-0.26489857,-0.46588287,-0.25240132,-0.18130712,-0.11745236,-0.0100427065,-0.124078095,0.29903778,-0.008501701,0.11196987,0.3050007,-0.022918388,0.19718748,-0.10315251,-0.023047449,0.24570572,-0.4547335,-0.27580127,-0.55742306,0.42767993,0.10310563,-0.39589313,0.61208284,0.01036945,-0.17658457,0.7866165,0.03570366,0.12112456,0.8002088,0.001990486,0.3239748,0.640878,-0.10342817,0.5123464,0.498885,-0.0007065078,-0.024291165,0.8470471,0.05369935,-0.024883848,1.0595016,0.1261962,-0.013985502,0.9425015,0.23331109,0.015534174,0.99022126,0.20176996,-0.05152393,0.9868618,0.20262514,0.05612216,0.99057794,0.10346084,-0.099969916,0.98286545,0.105027676,-0.006054110825061798,0.30201923847198486,-0.015710044652223587
