frame,Ankle.R_x,Ankle.R_y,Ankle.R_z,Knee.R_x,Knee.R_y,Knee.R_z,Hip.R_x,Hip.R_y,Hip.R_z,Hip.L_x,Hip.L_y,Hip.L_z,Knee.L_x,Knee.L_y,Knee.L_z,Ankle.L_x,Ankle.L_y,Ankle.L_z,Wrist.R_x,Wrist.R_y,Wrist.R_z,Elbow.R_x,Elbow.R_y,Elbow.R_z,Shoulder.R_x,Shoulder.R_y,Shoulder.R_z,Shoulder.L_x,Shoulder.L_y,Shoulder.L_z,Elbow.L_x,Elbow.L_y,Elbow.L_z,Wrist.L_x,Wrist.L_y,Wrist.L_z,Neck_x,Neck_y,Neck_z,Head_x,Head_y,Head_z,Nose_x,Nose_y,Nose_z,Eye.L_x,Eye.L_y,Eye.L_z,Eye.R_x,Eye.R_y,Eye.R_z,Ear.L_x,Ear.L_y,Ear.L_z,Ear.R_x,Ear.R_y,Ear.R_z,hip.Center_x,hip.Center_y,hip.Center_z
0,-0.28187397,-0.44562873,-0.25328028,-0.1920737,-0.11706574,0.0034688183,-0.124098435,0.29018804,-0.015190927,0.11192667,0.29319212,-0.016686456,0.20515774,-0.10432823,-0.0072781565,0.2844319,-0.4414931,-0.26323578,-0.6754491,0.7008355,0.06634636,-0.4249773,0.7369446,0.011701328,-0.15184492,0.77744865,0.026916511,0.12884673,0.7847798,0.031057782,0.39890254,0.77350384,0.0011208933,0.6406718,0.79516083,0.08755309,-0.0110633345,0.8220672,0.05645431,-0.009917476,1.0318087,0.10081737,-0.018669328,0.93435156,0.22444439,0.016684406,0.97524685,0.19131795,-0.049507443,0.9741583,0.18367946,0.068202764,0.95920396,0.100816175,-0.084178135,0.95661485,0.08305399,-0.00608588382601738,0.29169008135795593,-0.015938691794872284
