frame,Ankle.R_x,Ankle.R_y,Ankle.R_z,Knee.R_x,Knee.R_y,Knee.R_z,Hip.R_x,Hip.R_y,Hip.R_z,Hip.L_x,Hip.L_y,Hip.L_z,Knee.L_x,Knee.L_y,Knee.L_z,Ankle.L_x,Ankle.L_y,Ankle.L_z,Wrist.R_x,Wrist.R_y,Wrist.R_z,Elbow.R_x,Elbow.R_y,Elbow.R_z,Shoulder.R_x,Shoulder.R_y,Shoulder.R_z,Shoulder.L_x,Shoulder.L_y,Shoulder.L_z,Elbow.L_x,Elbow.L_y,Elbow.L_z,Wrist.L_x,Wrist.L_y,Wrist.L_z,Neck_x,Neck_y,Neck_z,Head_x,Head_y,Head_z,Nose_x,Nose_y,Nose_z,Eye.L_x,Eye.L_y,Eye.L_z,Eye.R_x,Eye.R_y,Eye.R_z,Ear.L_x,Ear.L_y,Ear.L_z,Ear.R_x,Ear.R_y,Ear.R_z,hip.Center_x,hip.Center_y,hip.Center_z
0,-0.06148948,-0.5943701,-0.29810548,-0.08624935,-0.21486828,0.012635196,-0.1326917,0.25787267,-0.010739206,0.1269566,0.25467747,-0.032555558,0.10921607,-0.20061088,0.088602476,0.06372283,-0.55172426,-0.2518997,-0.30222568,0.15820761,0.06086487,-0.26188853,0.4181072,-0.044730894,-0.14663605,0.69027656,0.0073506525,0.16015914,0.68654156,-0.022435626,0.24646509,0.4086808,-0.09370926,0.28619498,0.16655627,0.040374022,0.012362357,0.75796807,0.021329451,0.012468183,0.972172,0.07512882,0.024152493,0.8619131,0.1855114,0.05423884,0.9081172,0.15332237,-0.013019687,0.9054396,0.15599504,0.08969708,0.90298235,0.05684746,-0.059363373,0.8976974,0.06205672,-0.0028675496578216553,0.2562750577926636,-0.021647382527589798
