frame,Ankle.R_x,Ankle.R_y,Ankle.R_z,Knee.R_x,Knee.R_y,Knee.R_z,Hip.R_x,Hip.R_y,Hip.R_z,Hip.L_x,Hip.L_y,Hip.L_z,Knee.L_x,Knee.L_y,Knee.L_z,Ankle.L_x,Ankle.L_y,Ankle.L_z,Wrist.R_x,Wrist.R_y,Wrist.R_z,Elbow.R_x,Elbow.R_y,Elbow.R_z,Shoulder.R_x,Shoulder.R_y,Shoulder.R_z,Shoulder.L_x,Shoulder.L_y,Shoulder.L_z,Elbow.L_x,Elbow.L_y,Elbow.L_z,Wrist.L_x,Wrist.L_y,Wrist.L_z,Neck_x,Neck_y,Neck_z,Head_x,Head_y,Head_z,Nose_x,Nose_y,Nose_z,Eye.L_x,Eye.L_y,Eye.L_z,Eye.R_x,Eye.R_y,Eye.R_z,Ear.L_x,Ear.L_y,Ear.L_z,Ear.R_x,Ear.R_y,Ear.R_z,hip.Center_x,hip.Center_y,hip.Center_z
0,-0.05570685,-0.5808109,-0.33005476,-0.08032712,-0.2150138,-0.001852483,-0.133945,0.2588648,-0.011342046,0.1275731,0.25911263,-0.03269896,0.11533204,-0.19520263,0.09968836,0.05778999,-0.52632505,-0.25780705,-0.21749017,0.14915837,0.08767224,-0.23855552,0.40355724,-0.037059754,-0.15847456,0.6899384,0.0029907674,0.14938335,0.6952261,-0.030882396,0.21083789,0.4115137,-0.10481399,0.22122413,0.16091268,0.020770686,-0.00066471845,0.7668124,0.011783558,-0.007795653,0.98620975,0.0432657,0.007474823,0.88984454,0.16644913,0.036143053,0.9331862,0.12872407,-0.031206548,0.92855597,0.13190822,0.072368264,0.9174633,0.033175506,-0.077273,0.9079629,0.039219663,-0.003185950219631195,0.25898870825767517,-0.022020502015948296
