frame,Ankle.R_x,Ankle.R_y,Ankle.R_z,Knee.R_x,Knee.R_y,Knee.R_z,Hip.R_x,Hip.R_y,Hip.R_z,Hip.L_x,Hip.L_y,Hip.L_z,Knee.L_x,Knee.L_y,Knee.L_z,Ankle.L_x,Ankle.L_y,Ankle.L_z,Wrist.R_x,Wrist.R_y,Wrist.R_z,Elbow.R_x,Elbow.R_y,Elbow.R_z,Shoulder.R_x,Shoulder.R_y,Shoulder.R_z,Shoulder.L_x,Shoulder.L_y,Shoulder.L_z,Elbow.L_x,Elbow.L_y,Elbow.L_z,Wrist.L_x,Wrist.L_y,Wrist.L_z,Neck_x,Neck_y,Neck_z,Head_x,Head_y,Head_z,Nose_x,Nose_y,Nose_z,Eye.L_x,Eye.L_y,Eye.L_z,Eye.R_x,Eye.R_y,Eye.R_z,Ear.L_x,Ear.L_y,Ear.L_z,Ear.R_x,Ear.R_y,Ear.R_z,hip.Center_x,hip.Center_y,hip.Center_z
0,-0.09898937,-0.48142192,-0.24271508,-0.11558963,-0.13075706,0.0020302949,-0.12484248,0.3005374,-0.0136249885,0.11364478,0.2987583,-0.016148284,0.112863496,-0.12555851,0.020436497,0.07928862,-0.4676447,-0.2383709,-0.5200354,0.47566158,0.07654459,-0.35938776,0.6134335,-0.06709398,-0.15856448,0.7935616,-0.00037557445,0.13805246,0.7990509,-0.0032249196,0.34062475,0.6312151,-0.094402015,0.5223453,0.5445628,0.056242995,-0.009615045,0.8522807,0.03416087,-0.021786977,1.0693451,0.095602766,-0.020711062,0.95863664,0.210657,0.011322127,1.0055485,0.18022773,-0.05538071,0.9998112,0.17343003,0.06342821,1.0015289,0.0871522,-0.09136684,0.9891731,0.07098803,-0.0055988505482673645,0.29964786767959595,-0.014886636286973953
