frame,Ankle.R_x,Ankle.R_y,Ankle.R_z,Knee.R_x,Knee.R_y,Knee.R_z,Hip.R_x,Hip.R_y,Hip.R_z,Hip.L_x,Hip.L_y,Hip.L_z,Knee.L_x,Knee.L_y,Knee.L_z,Ankle.L_x,Ankle.L_y,Ankle.L_z,Wrist.R_x,Wrist.R_y,Wrist.R_z,Elbow.R_x,Elbow.R_y,Elbow.R_z,Shoulder.R_x,Shoulder.R_y,Shoulder.R_z,Shoulder.L_x,Shoulder.L_y,Shoulder.L_z,Elbow.L_x,Elbow.L_y,Elbow.L_z,Wrist.L_x,Wrist.L_y,Wrist.L_z,Neck_x,Neck_y,Neck_z,Head_x,Head_y,Head_z,Nose_x,Nose_y,Nose_z,Eye.L_x,Eye.L_y,Eye.L_z,Eye.R_x,Eye.R_y,Eye.R_z,Ear.L_x,Ear.L_y,Ear.L_z,Ear.R_x,Ear.R_y,Ear.R_z,hip.Center_x,hip.Center_y,hip.Center_z
0,-0.045662355,-0.58314514,-0.26223,-0.08797065,-0.21213232,0.049513426,-0.13268438,0.25409016,-0.014983775,0.1264112,0.25612524,-0.029574702,0.109108776,-0.19659087,0.09321964,0.06564358,-0.55215955,-0.23849405,-0.36941198,0.18698369,0.085905224,-0.29567933,0.4273467,-0.03879354,-0.1564812,0.68587023,0.019900806,0.14750509,0.6895572,-0.0074154604,0.26404026,0.43062586,-0.0984083,0.34814304,0.20593463,0.03873395,-0.0004368499,0.75373775,0.0369271,-0.0015696094,0.9664689,0.086365096,0.0031500682,0.8600528,0.20041585,0.03519744,0.90501386,0.16879003,-0.032002255,0.90279293,0.16780563,0.07575664,0.89654106,0.07484998,-0.07294202,0.89248574,0.07223567,-0.0031365901231765747,0.25510770082473755,-0.02227923832833767
