frame,Ankle.R_x,Ankle.R_y,Ankle.R_z,Knee.R_x,Knee.R_y,Knee.R_z,Hip.R_x,Hip.R_y,Hip.R_z,Hip.L_x,Hip.L_y,Hip.L_z,Knee.L_x,Knee.L_y,Knee.L_z,Ankle.L_x,Ankle.L_y,Ankle.L_z,Wrist.R_x,Wrist.R_y,Wrist.R_z,Elbow.R_x,Elbow.R_y,Elbow.R_z,Shoulder.R_x,Shoulder.R_y,Shoulder.R_z,Shoulder.L_x,Shoulder.L_y,Shoulder.L_z,Elbow.L_x,Elbow.L_y,Elbow.L_z,Wrist.L_x,Wrist.L_y,Wrist.L_z,Neck_x,Neck_y,Neck_z,Head_x,Head_y,Head_z,Nose_x,Nose_y,Nose_z,Eye.L_x,Eye.L_y,Eye.L_z,Eye.R_x,Eye.R_y,Eye.R_z,Ear.L_x,Ear.L_y,Ear.L_z,Ear.R_x,Ear.R_y,Ear.R_z,hip.Center_x,hip.Center_y,hip.Center_z
0,-0.056179665,-0.5845366,-0.32520446,-0.08310296,-0.21675768,0.002719976,-0.13441198,0.25748375,-0.015144311,0.12721772,0.26008725,-0.02647933,0.11114862,-0.20643912,0.04733889,0.08607614,-0.57340634,-0.28500476,-0.23681577,0.15142067,0.048710626,-0.24354464,0.41297054,-0.06303678,-0.16150248,0.6928348,0.0072889673,0.14796364,0.69823086,-0.003723654,0.2235276,0.41790214,-0.07925203,0.22408834,0.17073053,0.05412232,-0.004703547,0.7664493,0.031781677,-0.012400989,0.9821735,0.081965774,-0.006514172,0.87433267,0.1961902,0.024982922,0.9205948,0.16477497,-0.04248146,0.9165714,0.16281617,0.0679264,0.9136269,0.070717186,-0.08208521,0.9055128,0.06562676,-0.0035971254110336304,0.2587854862213135,-0.020811820402741432
