frame,Ankle.R_x,Ankle.R_y,Ankle.R_z,Knee.R_x,Knee.R_y,Knee.R_z,Hip.R_x,Hip.R_y,Hip.R_z,Hip.L_x,Hip.L_y,Hip.L_z,Knee.L_x,Knee.L_y,Knee.L_z,Ankle.L_x,Ankle.L_y,Ankle.L_z,Wrist.R_x,Wrist.R_y,Wrist.R_z,Elbow.R_x,Elbow.R_y,Elbow.R_z,Shoulder.R_x,Shoulder.R_y,Shoulder.R_z,Shoulder.L_x,Shoulder.L_y,Shoulder.L_z,Elbow.L_x,Elbow.L_y,Elbow.L_z,Wrist.L_x,Wrist.L_y,Wrist.L_z,Neck_x,Neck_y,Neck_z,Head_x,Head_y,Head_z,Nose_x,Nose_y,Nose_z,Eye.L_x,Eye.L_y,Eye.L_z,Eye.R_x,Eye.R_y,Eye.R_z,Ear.L_x,Ear.L_y,Ear.L_z,Ear.R_x,Ear.R_y,Ear.R_z,hip.Center_x,hip.Center_y,hip.Center_z
0,-0.054247856,-0.4884341,-0.23510419,-0.09839018,-0.14964376,0.048998453,-0.1282804,0.29114735,-0.015405356,0.11695647,0.29619783,-0.025155948,0.1162206,-0.13493362,0.070711955,0.07418469,-0.45740044,-0.23538136,-0.48410535,0.3433734,0.10390848,-0.35534948,0.5365908,-0.025476921,-0.17531379,0.7572286,0.03349429,0.13788535,0.7675081,0.008409533,0.30705342,0.5562668,-0.094520286,0.466778,0.38625312,0.025803832,-0.015426626,0.82784367,0.056274872,-0.014718016,1.048946,0.116256885,-0.008216379,0.9394723,0.23067847,0.023411797,0.98454356,0.19664612,-0.04410766,0.9826772,0.19708377,0.064860165,0.976915,0.09941475,-0.090768434,0.97311234,0.09945039,-0.005661964416503906,0.2936725914478302,-0.02028065174818039
