frame,Ankle.R_x,Ankle.R_y,Ankle.R_z,Knee.R_x,Knee.R_y,Knee.R_z,Hip.R_x,Hip.R_y,Hip.R_z,Hip.L_x,Hip.L_y,Hip.L_z,Knee.L_x,Knee.L_y,Knee.L_z,Ankle.L_x,Ankle.L_y,Ankle.L_z,Wrist.R_x,Wrist.R_y,Wrist.R_z,Elbow.R_x,Elbow.R_y,Elbow.R_z,Shoulder.R_x,Shoulder.R_y,Shoulder.R_z,Shoulder.L_x,Shoulder.L_y,Shoulder.L_z,Elbow.L_x,Elbow.L_y,Elbow.L_z,Wrist.L_x,Wrist.L_y,Wrist.L_z,Neck_x,Neck_y,Neck_z,Head_x,Head_y,Head_z,Nose_x,Nose_y,Nose_z,Eye.L_x,Eye.L_y,Eye.L_z,Eye.R_x,Eye.R_y,Eye.R_z,Ear.L_x,Ear.L_y,Ear.L_z,Ear.R_x,Ear.R_y,Ear.R_z,hip.Center_x,hip.Center_y,hip.Center_z
0,-0.05902583,-0.5523413,-0.2308483,-0.11355018,-0.18448871,0.057233557,-0.13092431,0.26865947,-0.021803219,0.12310063,0.2708933,-0.023121329,0.11074576,-0.1750119,0.07625784,0.09215322,-0.54158515,-0.22360235,-0.46336433,0.26944762,0.082490325,-0.3390988,0.48439175,-0.034933463,-0.1664134,0.7154585,0.029948452,0.13798857,0.72306836,0.0014591208,0.2850194,0.49269003,-0.10614374,0.43311784,0.30235937,0.015725799,-0.0106497565,0.7817101,0.05013719,-0.013716557,0.9946553,0.10576944,-0.009012348,0.8868195,0.2197608,0.022908863,0.93215334,0.18800575,-0.04436063,0.9293602,0.18636946,0.065495215,0.92489266,0.09348728,-0.08584287,0.9191539,0.089484245,-0.003911841660737991,0.2697764039039612,-0.022462274879217148
