frame,Ankle.R_x,Ankle.R_y,Ankle.R_z,Knee.R_x,Knee.R_y,Knee.R_z,Hip.R_x,Hip.R_y,Hip.R_z,Hip.L_x,Hip.L_y,Hip.L_z,Knee.L_x,Knee.L_y,Knee.L_z,Ankle.L_x,Ankle.L_y,Ankle.L_z,Wrist.R_x,Wrist.R_y,Wrist.R_z,Elbow.R_x,Elbow.R_y,Elbow.R_z,Shoulder.R_x,Shoulder.R_y,Shoulder.R_z,Shoulder.L_x,Shoulder.L_y,Shoulder.L_z,Elbow.L_x,Elbow.L_y,Elbow.L_z,Wrist.L_x,Wrist.L_y,Wrist.L_z,Neck_x,Neck_y,Neck_z,Head_x,Head_y,Head_z,Nose_x,Nose_y,Nose_z,Eye.L_x,Eye.L_y,Eye.L_z,Eye.R_x,Eye.R_y,Eye.R_z,Ear.L_x,Ear.L_y,Ear.L_z,Ear.R_x,Ear.R_y,Ear.R_z,hip.Center_x,hip.Center_y,hip.Center_z
0,-0.057470895,-0.58400375,-0.33937186,-0.075292125,-0.21610062,-0.011197314,-0.13383277,0.25758737,-0.008809307,0.12720163,0.26054052,-0.032472536,0.116557956,-0.20155407,0.07248618,0.06720431,-0.52587074,-0.29446933,-0.2166283,0.1552486,0.08208607,-0.24123213,0.40865794,-0.04308968,-0.1606732,0.6923223,0.012413999,0.14732498,0.69818866,-0.018912934,0.21067075,0.41602695,-0.09649782,0.2103176,0.17964679,0.05310435,-0.0029280568,0.7678033,0.025029283,-0.008758208,0.98531795,0.06980749,0.0035264897,0.8804543,0.18623891,0.033164926,0.9260577,0.1521102,-0.034272082,0.92176914,0.15371819,0.07114102,0.9167206,0.056293037,-0.07869041,0.9080585,0.05904188,-0.003315567970275879,0.2590639591217041,-0.020640920847654343
