frame,Ankle.R_x,Ankle.R_y,Ankle.R_z,Knee.R_x,Knee.R_y,Knee.R_z,Hip.R_x,Hip.R_y,Hip.R_z,Hip.L_x,Hip.L_y,Hip.L_z,Knee.L_x,Knee.L_y,Knee.L_z,Ankle.L_x,Ankle.L_y,Ankle.L_z,Wrist.R_x,Wrist.R_y,Wrist.R_z,Elbow.R_x,Elbow.R_y,Elbow.R_z,Shoulder.R_x,Shoulder.R_y,Shoulder.R_z,Shoulder.L_x,Shoulder.L_y,Shoulder.L_z,Elbow.L_x,Elbow.L_y,Elbow.L_z,Wrist.L_x,Wrist.L_y,Wrist.L_z,Neck_x,Neck_y,Neck_z,Head_x,Head_y,Head_z,Nose_x,Nose_y,Nose_z,Eye.L_x,Eye.L_y,Eye.L_z,Eye.R_x,Eye.R_y,Eye.R_z,Ear.L_x,Ear.L_y,Ear.L_z,Ear.R_x,Ear.R_y,Ear.R_z,hip.Center_x,hip.Center_y,hip.Center_z
0,-0.066433765,-0.6085579,-0.2987766,-0.09288807,-0.21546172,-0.0038281442,-0.13216901,0.25649315,-0.009600548,0.12570596,0.25682876,-0.03126999,0.12249307,-0.20063311,0.071615055,0.08636944,-0.5797446,-0.24134892,-0.33570933,0.18751639,0.07700652,-0.27809355,0.43081206,-0.05334441,-0.1495192,0.6936445,0.012620922,0.15379246,0.6928774,-0.02161365,0.2615523,0.42870182,-0.11326552,0.3517263,0.20844825,0.030093253,0.008008802,0.7598703,0.026993208,0.0094605535,0.9723831,0.081218764,0.017164003,0.8629706,0.19300917,0.048387483,0.9087824,0.16139406,-0.01892564,0.9064697,0.161937,0.08691162,0.9025377,0.0660391,-0.062345482,0.8983321,0.0668062,-0.003231525421142578,0.25666093826293945,-0.02043526992201805
