frame,Ankle.R_x,Ankle.R_y,Ankle.R_z,Knee.R_x,Knee.R_y,Knee.R_z,Hip.R_x,Hip.R_y,Hip.R_z,Hip.L_x,Hip.L_y,Hip.L_z,Knee.L_x,Knee.L_y,Knee.L_z,Ankle.L_x,Ankle.L_y,Ankle.L_z,Wrist.R_x,Wrist.R_y,Wrist.R_z,Elbow.R_x,Elbow.R_y,Elbow.R_z,Shoulder.R_x,Shoulder.R_y,Shoulder.R_z,Shoulder.L_x,Shoulder.L_y,Shoulder.L_z,Elbow.L_x,Elbow.L_y,Elbow.L_z,Wrist.L_x,Wrist.L_y,Wrist.L_z,Neck_x,Neck_y,Neck_z,Head_x,Head_y,Head_z,Nose_x,Nose_y,Nose_z,Eye.L_x,Eye.L_y,Eye.L_z,Eye.R_x,Eye.R_y,Eye.R_z,Ear.L_x,Ear.L_y,Ear.L_z,Ear.R_x,Ear.R_y,Ear.R_z,hip.Center_x,hip.Center_y,hip.Center_z
0,-0.27639773,-0.38686743,-0.30125803,-0.19810885,-0.11255493,0.017162444,-0.12589644,0.29510987,-0.024692565,0.11317255,0.2989778,-0.013749091,0.20361109,-0.10113595,0.006814249,0.27581283,-0.39713526,-0.30132794,-0.25911197,1.0556173,0.11822728,-0.4113794,0.8635692,0.06908422,-0.15422428,0.7986544,0.0034620464,0.12729822,0.8049103,0.04599266,0.3458547,0.8931848,0.17865303,0.2290314,1.111805,0.16917017,-0.015922636,0.83972263,0.036312018,-0.02463117,1.055046,0.04827553,-0.02019616,0.98134315,0.18906601,0.011267097,1.0160882,0.14566526,-0.055904187,1.0128103,0.1446078,0.056886133,0.9836934,0.054422304,-0.09997331,0.97573435,0.04953594,-0.0063619427382946014,0.2970438301563263,-0.019220829010009766
