frame,Ankle.R_x,Ankle.R_y,Ankle.R_z,Knee.R_x,Knee.R_y,Knee.R_z,Hip.R_x,Hip.R_y,Hip.R_z,Hip.L_x,Hip.L_y,Hip.L_z,Knee.L_x,Knee.L_y,Knee.L_z,Ankle.L_x,Ankle.L_y,Ankle.L_z,Wrist.R_x,Wrist.R_y,Wrist.R_z,Elbow.R_x,Elbow.R_y,Elbow.R_z,Shoulder.R_x,Shoulder.R_y,Shoulder.R_z,Shoulder.L_x,Shoulder.L_y,Shoulder.L_z,Elbow.L_x,Elbow.L_y,Elbow.L_z,Wrist.L_x,Wrist.L_y,Wrist.L_z,Neck_x,Neck_y,Neck_z,Head_x,Head_y,Head_z,Nose_x,Nose_y,Nose_z,Eye.L_x,Eye.L_y,Eye.L_z,Eye.R_x,Eye.R_y,Eye.R_z,Ear.L_x,Ear.L_y,Ear.L_z,Ear.R_x,Ear.R_y,Ear.R_z,hip.Center_x,hip.Center_y,hip.Center_z
0,-0.042654067,-0.5778901,-0.33730537,-0.068764985,-0.21821982,-0.0018331244,-0.13408023,0.25482738,-0.010894235,0.12703945,0.25991952,-0.03178188,0.11919854,-0.19874665,0.0875153,0.0730566,-0.52152115,-0.2801149,-0.2314404,0.13567767,0.047192805,-0.2424435,0.40204751,-0.051586755,-0.16513579,0.6851268,0.010372198,0.14291604,0.6955498,-0.014060368,0.21465737,0.41510904,-0.09016238,0.2224835,0.1668137,0.039998796,-0.008975224,0.7626053,0.026943654,-0.019234251,0.9793573,0.071355194,-0.005620607,0.8751654,0.18785124,0.023310993,0.921203,0.1538596,-0.043949287,0.9156987,0.15518253,0.06166351,0.91238284,0.05850161,-0.0875571,0.90103817,0.060513314,-0.003520391881465912,0.2573734521865845,-0.02133805677294731
