frame,Ankle.R_x,Ankle.R_y,Ankle.R_z,Knee.R_x,Knee.R_y,Knee.R_z,Hip.R_x,Hip.R_y,Hip.R_z,Hip.L_x,Hip.L_y,Hip.L_z,Knee.L_x,Knee.L_y,Knee.L_z,Ankle.L_x,Ankle.L_y,Ankle.L_z,Wrist.R_x,Wrist.R_y,Wrist.R_z,Elbow.R_x,Elbow.R_y,Elbow.R_z,Shoulder.R_x,Shoulder.R_y,Shoulder.R_z,Shoulder.L_x,Shoulder.L_y,Shoulder.L_z,Elbow.L_x,Elbow.L_y,Elbow.L_z,Wrist.L_x,Wrist.L_y,Wrist.L_z,Neck_x,Neck_y,Neck_z,Head_x,Head_y,Head_z,Nose_x,Nose_y,Nose_z,Eye.L_x,Eye.L_y,Eye.L_z,Eye.R_x,Eye.R_y,Eye.R_z,Ear.L_x,Ear.L_y,Ear.L_z,Ear.R_x,Ear.R_y,Ear.R_z,hip.Center_x,hip.Center_y,hip.Center_z
0,-0.27046654,-0.41188142,-0.25273433,-0.20592985,-0.11023671,0.04814248,-0.12650144,0.29095134,-0.028674643,0.1133563,0.2961212,-0.015371191,0.20711985,-0.102912575,0.032131225,0.29167116,-0.42018655,-0.25778583,-0.21763025,1.1057988,0.1294468,-0.37665403,0.90974325,0.09483879,-0.15042828,0.79686916,-0.0072827595,0.12020825,0.8070587,0.02981633,0.27675676,0.96553564,0.17848364,0.13697053,1.1767211,0.15101655,-0.015011108,0.83292115,0.018953096,-0.015209196,1.0460194,0.035525504,-0.0071889292,0.96917254,0.17417191,0.023579989,1.0032777,0.1301876,-0.043687694,1.0027246,0.13226554,0.063249454,0.9715481,0.036153942,-0.094005205,0.9697995,0.03835365,-0.006572570651769638,0.2935362756252289,-0.022022917866706848
