frame,Ankle.R_x,Ankle.R_y,Ankle.R_z,Knee.R_x,Knee.R_y,Knee.R_z,Hip.R_x,Hip.R_y,Hip.R_z,Hip.L_x,Hip.L_y,Hip.L_z,Knee.L_x,Knee.L_y,Knee.L_z,Ankle.L_x,Ankle.L_y,Ankle.L_z,Wrist.R_x,Wrist.R_y,Wrist.R_z,Elbow.R_x,Elbow.R_y,Elbow.R_z,Shoulder.R_x,Shoulder.R_y,Shoulder.R_z,Shoulder.L_x,Shoulder.L_y,Shoulder.L_z,Elbow.L_x,Elbow.L_y,Elbow.L_z,Wrist.L_x,Wrist.L_y,Wrist.L_z,Neck_x,Neck_y,Neck_z,Head_x,Head_y,Head_z,Nose_x,Nose_y,Nose_z,Eye.L_x,Eye.L_y,Eye.L_z,Eye.R_x,Eye.R_y,Eye.R_z,Ear.L_x,Ear.L_y,Ear.L_z,Ear.R_x,Ear.R_y,Ear.R_z,hip.Center_x,hip.Center_y,hip.Center_z
0,-0.27697524,-0.4505059,-0.24927393,-0.19324525,-0.121716335,0.016253497,-0.12678689,0.28722227,-0.020902662,0.11420651,0.29030618,-0.017403768,0.2051561,-0.10819276,0.015192682,0.28935894,-0.46122903,-0.22766578,-0.51902187,0.95498484,0.21392027,-0.41626534,0.8239903,0.01812848,-0.1405022,0.7812151,0.0194288,0.14101171,0.77407104,0.03522699,0.40967387,0.81473774,0.070850685,0.46600074,0.99116564,0.24506798,0.00010740012,0.8158441,0.048563402,-0.004408703,1.0268239,0.07192186,0.0043693734,0.9451937,0.20757703,0.0342555,0.9823315,0.16642389,-0.03254775,0.9787648,0.16690822,0.07589415,0.9560446,0.07281254,-0.07849152,0.948403,0.07218796,-0.0062901899218559265,0.28876423835754395,-0.019153214991092682
