frame,Ankle.R_x,Ankle.R_y,Ankle.R_z,Knee.R_x,Knee.R_y,Knee.R_z,Hip.R_x,Hip.R_y,Hip.R_z,Hip.L_x,Hip.L_y,Hip.L_z,Knee.L_x,Knee.L_y,Knee.L_z,Ankle.L_x,Ankle.L_y,Ankle.L_z,Wrist.R_x,Wrist.R_y,Wrist.R_z,Elbow.R_x,Elbow.R_y,Elbow.R_z,Shoulder.R_x,Shoulder.R_y,Shoulder.R_z,Shoulder.L_x,Shoulder.L_y,Shoulder.L_z,Elbow.L_x,Elbow.L_y,Elbow.L_z,Wrist.L_x,Wrist.L_y,Wrist.L_z,Neck_x,Neck_y,Neck_z,Head_x,Head_y,Head_z,Nose_x,Nose_y,Nose_z,Eye.L_x,Eye.L_y,Eye.L_z,Eye.R_x,Eye.R_y,Eye.R_z,Ear.L_x,Ear.L_y,Ear.L_z,Ear.R_x,Ear.R_y,Ear.R_z,hip.Center_x,hip.Center_y,hip.Center_z
0,-0.17940263,-0.49135205,-0.23983118,-0.16628179,-0.13213034,6.699667e-05,-0.123970374,0.29094195,-0.018816428,0.11436289,0.2898283,-0.0136345085,0.1544995,-0.12940282,0.017606717,0.1630967,-0.49026677,-0.22580855,-0.62745804,0.58614117,0.14079744,-0.41217297,0.6529261,0.012304579,-0.15858659,0.7705268,0.023504589,0.1336044,0.7755929,0.020562245,0.38047922,0.6602349,-0.03256863,0.6014153,0.6154346,0.089467436,-0.012087951,0.82168114,0.053687245,-0.014722394,1.0294981,0.1293741,-0.014742637,0.9112818,0.23375472,0.018225117,0.9582356,0.20662369,-0.048509434,0.9566258,0.20249684,0.06474429,0.96003985,0.112076774,-0.08854695,0.9562218,0.10234285,-0.004803743213415146,0.2903851270675659,-0.01622546836733818
