frame,Ankle.R_x,Ankle.R_y,Ankle.R_z,Knee.R_x,Knee.R_y,Knee.R_z,Hip.R_x,Hip.R_y,Hip.R_z,Hip.L_x,Hip.L_y,Hip.L_z,Knee.L_x,Knee.L_y,Knee.L_z,Ankle.L_x,Ankle.L_y,Ankle.L_z,Wrist.R_x,Wrist.R_y,Wrist.R_z,Elbow.R_x,Elbow.R_y,Elbow.R_z,Shoulder.R_x,Shoulder.R_y,Shoulder.R_z,Shoulder.L_x,Shoulder.L_y,Shoulder.L_z,Elbow.L_x,Elbow.L_y,Elbow.L_z,Wrist.L_x,Wrist.L_y,Wrist.L_z,Neck_x,Neck_y,Neck_z,Head_x,Head_y,Head_z,Nose_x,Nose_y,Nose_z,Eye.L_x,Eye.L_y,Eye.L_z,Eye.R_x,Eye.R_y,Eye.R_z,Ear.L_x,Ear.L_y,Ear.L_z,Ear.R_x,Ear.R_y,Ear.R_z,hip.Center_x,hip.Center_y,hip.Center_z
0,-0.05413519,-0.5744952,-0.31539133,-0.08588726,-0.21573606,0.01798428,-0.13324627,0.25794142,-0.013124627,0.12749226,0.25562692,-0.03068137,0.10564858,-0.20253204,0.086326875,0.056503437,-0.53283226,-0.27391526,-0.26837158,0.13514645,0.03800656,-0.24780434,0.40618277,-0.045643352,-0.15305348,0.685103,0.013383111,0.15490514,0.69055295,-0.012187981,0.24255635,0.4142555,-0.088854685,0.28179988,0.16495016,0.033316825,0.0045675617,0.7588491,0.030058049,0.00083296286,0.9747873,0.07851938,0.012537437,0.86809933,0.19254923,0.042468544,0.91382426,0.15918033,-0.024833944,0.91036844,0.16120686,0.079232015,0.9059279,0.063327566,-0.07002131,0.89898294,0.06694759,-0.0028770044445991516,0.2567841708660126,-0.02190299890935421
