frame,Ankle.R_x,Ankle.R_y,Ankle.R_z,Knee.R_x,Knee.R_y,Knee.R_z,Hip.R_x,Hip.R_y,Hip.R_z,Hip.L_x,Hip.L_y,Hip.L_z,Knee.L_x,Knee.L_y,Knee.L_z,Ankle.L_x,Ankle.L_y,Ankle.L_z,Wrist.R_x,Wrist.R_y,Wrist.R_z,Elbow.R_x,Elbow.R_y,Elbow.R_z,Shoulder.R_x,Shoulder.R_y,Shoulder.R_z,Shoulder.L_x,Shoulder.L_y,Shoulder.L_z,Elbow.L_x,Elbow.L_y,Elbow.L_z,Wrist.L_x,Wrist.L_y,Wrist.L_z,Neck_x,Neck_y,Neck_z,Head_x,Head_y,Head_z,Nose_x,Nose_y,Nose_z,Eye.L_x,Eye.L_y,Eye.L_z,Eye.R_x,Eye.R_y,Eye.R_z,Ear.L_x,Ear.L_y,Ear.L_z,Ear.R_x,Ear.R_y,Ear.R_z,hip.Center_x,hip.Center_y,hip.Center_z
0,-0.27002606,-0.46236184,-0.2535413,-0.18774824,-0.11328757,-0.013745191,-0.124043465,0.3011967,-0.0127992565,0.11216082,0.30348048,-0.018126322,0.19500689,-0.103377864,-0.025501683,0.25554666,-0.45378637,-0.27550936,-0.5560454,0.43874758,0.08693034,-0.39001954,0.61844647,-0.0059178434,-0.17057872,0.7901585,0.023567181,0.1265763,0.8034533,0.005746478,0.34494573,0.6569539,-0.08347082,0.53444815,0.52881944,0.033891957,-0.01991441,0.8486206,0.049571104,-0.021816501,1.0586059,0.13030194,-0.014409085,0.9366522,0.2319516,0.016166054,0.98557115,0.20350766,-0.050871685,0.9825454,0.20233566,0.059481896,0.9904877,0.106476456,-0.09676169,0.98342323,0.1033046,-0.005941323935985565,0.3023386001586914,-0.015462789684534073
