frame,Ankle.R_x,Ankle.R_y,Ankle.R_z,Knee.R_x,Knee.R_y,Knee.R_z,Hip.R_x,Hip.R_y,Hip.R_z,Hip.L_x,Hip.L_y,Hip.L_z,Knee.L_x,Knee.L_y,Knee.L_z,Ankle.L_x,Ankle.L_y,Ankle.L_z,Wrist.R_x,Wrist.R_y,Wrist.R_z,Elbow.R_x,Elbow.R_y,Elbow.R_z,Shoulder.R_x,Shoulder.R_y,Shoulder.R_z,Shoulder.L_x,Shoulder.L_y,Shoulder.L_z,Elbow.L_x,Elbow.L_y,Elbow.L_z,Wrist.L_x,Wrist.L_y,Wrist.L_z,Neck_x,Neck_y,Neck_z,Head_x,Head_y,Head_z,Nose_x,Nose_y,Nose_z,Eye.L_x,Eye.L_y,Eye.L_z,Eye.R_x,Eye.R_y,Eye.R_z,Ear.L_x,Ear.L_y,Ear.L_z,Ear.R_x,Ear.R_y,Ear.R_z,hip.Center_x,hip.Center_y,hip.Center_z
0,-0.29596743,-0.42832953,-0.24040765,-0.20792215,-0.107137516,0.025618548,-0.12382021,0.2938931,-0.024531389,0.11269473,0.2906417,-0.011109207,0.1946859,-0.107643485,0.028387124,0.27389777,-0.4408828,-0.23349258,-0.67097026,0.81947565,0.001337202,-0.4134607,0.8022598,-0.027050668,-0.13942629,0.78316164,0.0021819826,0.13924478,0.78334165,0.025655866,0.40921527,0.8074734,0.01627112,0.6471135,0.87029916,0.09767171,-0.00058873557,0.8222386,0.040956557,0.0004074184,1.0328746,0.09546146,-0.0018674019,0.92856705,0.21315734,0.031802375,0.9709754,0.18031774,-0.0347386,0.97091484,0.1768897,0.077093445,0.96004665,0.0862584,-0.07618818,0.9595382,0.07723112,-0.005562737584114075,0.292267382144928,-0.017820298671722412
