frame,Ankle.R_x,Ankle.R_y,Ankle.R_z,Knee.R_x,Knee.R_y,Knee.R_z,Hip.R_x,Hip.R_y,Hip.R_z,Hip.L_x,Hip.L_y,Hip.L_z,Knee.L_x,Knee.L_y,Knee.L_z,Ankle.L_x,Ankle.L_y,Ankle.L_z,Wrist.R_x,Wrist.R_y,Wrist.R_z,Elbow.R_x,Elbow.R_y,Elbow.R_z,Shoulder.R_x,Shoulder.R_y,Shoulder.R_z,Shoulder.L_x,Shoulder.L_y,Shoulder.L_z,Elbow.L_x,Elbow.L_y,Elbow.L_z,Wrist.L_x,Wrist.L_y,Wrist.L_z,Neck_x,Neck_y,Neck_z,Head_x,Head_y,Head_z,Nose_x,Nose_y,Nose_z,Eye.L_x,Eye.L_y,Eye.L_z,Eye.R_x,Eye.R_y,Eye.R_z,Ear.L_x,Ear.L_y,Ear.L_z,Ear.R_x,Ear.R_y,Ear.R_z,hip.Center_x,hip.Center_y,hip.Center_z
0,-0.057069726,-0.48477226,-0.24880266,-0.09637958,-0.13625254,0.0010824043,-0.12589657,0.29782724,-0.01432364,0.113601044,0.30159503,-0.016123815,0.113480955,-0.12562571,0.030697623,0.0815025,-0.45911166,-0.24332759,-0.52084315,0.42419693,0.08161191,-0.37047675,0.59711087,-0.040191144,-0.1698938,0.7876013,0.013078834,0.1339126,0.7936743,0.0019346923,0.33218354,0.6143037,-0.0865322,0.5154969,0.48913604,0.039891712,-0.01597178,0.85005116,0.041473325,-0.019315545,1.0706688,0.09546072,-0.017143708,0.96482,0.2148847,0.015297687,1.0092021,0.18083537,-0.051922895,1.0059797,0.17758358,0.062494896,0.99911225,0.08566813,-0.0932363,0.99244344,0.077310845,-0.006147764623165131,0.299711138010025,-0.015223726630210876
