frame,Ankle.R_x,Ankle.R_y,Ankle.R_z,Knee.R_x,Knee.R_y,Knee.R_z,Hip.R_x,Hip.R_y,Hip.R_z,Hip.L_x,Hip.L_y,Hip.L_z,Knee.L_x,Knee.L_y,Knee.L_z,Ankle.L_x,Ankle.L_y,Ankle.L_z,Wrist.R_x,Wrist.R_y,Wrist.R_z,Elbow.R_x,Elbow.R_y,Elbow.R_z,Shoulder.R_x,Shoulder.R_y,Shoulder.R_z,Shoulder.L_x,Shoulder.L_y,Shoulder.L_z,Elbow.L_x,Elbow.L_y,Elbow.L_z,Wrist.L_x,Wrist.L_y,Wrist.L_z,Neck_x,Neck_y,Neck_z,Head_x,Head_y,Head_z,Nose_x,Nose_y,Nose_z,Eye.L_x,Eye.L_y,Eye.L_z,Eye.R_x,Eye.R_y,Eye.R_z,Ear.L_x,Ear.L_y,Ear.L_z,Ear.R_x,Ear.R_y,Ear.R_z,hip.Center_x,hip.Center_y,hip.Center_z
0,-0.28992862,-0.43424594,-0.20859593,-0.19445461,-0.106771424,0.04167982,-0.12456745,0.29192233,-0.017839352,0.11128215,0.29716215,-0.017860526,0.21344408,-0.09302455,0.0149923805,0.2980368,-0.42632338,-0.24087884,-0.6639015,0.8341859,0.04739446,-0.4221424,0.80003715,-0.031075459,-0.1516477,0.7851083,0.023055146,0.12555821,0.78724414,0.03473324,0.39194715,0.8040241,-0.01343414,0.5890063,0.8837548,0.12427353,-0.013255081,0.8246588,0.06034525,-0.011210959,1.0352635,0.10789255,-0.010407923,0.9368937,0.23141804,0.022245344,0.977743,0.19555043,-0.044424072,0.9771916,0.19358554,0.06589721,0.9618599,0.10120822,-0.08852473,0.9605415,0.095586255,-0.006642650812864304,0.29454225301742554,-0.017849938943982124
