frame,Ankle.R_x,Ankle.R_y,Ankle.R_z,Knee.R_x,Knee.R_y,Knee.R_z,Hip.R_x,Hip.R_y,Hip.R_z,Hip.L_x,Hip.L_y,Hip.L_z,Knee.L_x,Knee.L_y,Knee.L_z,Ankle.L_x,Ankle.L_y,Ankle.L_z,Wrist.R_x,Wrist.R_y,Wrist.R_z,Elbow.R_x,Elbow.R_y,Elbow.R_z,Shoulder.R_x,Shoulder.R_y,Shoulder.R_z,Shoulder.L_x,Shoulder.L_y,Shoulder.L_z,Elbow.L_x,Elbow.L_y,Elbow.L_z,Wrist.L_x,Wrist.L_y,Wrist.L_z,Neck_x,Neck_y,Neck_z,Head_x,Head_y,Head_z,Nose_x,Nose_y,Nose_z,Eye.L_x,Eye.L_y,Eye.L_z,Eye.R_x,Eye.R_y,Eye.R_z,Ear.L_x,Ear.L_y,Ear.L_z,Ear.R_x,Ear.R_y,Ear.R_z,hip.Center_x,hip.Center_y,hip.Center_z
0,-0.28288898,-0.44238436,-0.20740041,-0.1888816,-0.11367556,0.046501383,-0.12460163,0.2884422,-0.015995814,0.11193241,0.29460993,-0.019241663,0.21074441,-0.099835046,0.017594589,0.2834318,-0.42840725,-0.2516176,-0.6807537,0.8082492,0.08114738,-0.4290008,0.79169905,0.023103721,-0.15302174,0.7783328,0.03277672,0.12823048,0.7771249,0.0313088,0.39708194,0.77137053,-0.012140689,0.62994826,0.8178099,0.08537983,-0.011433376,0.8170399,0.06203836,-0.005682804,1.0253371,0.12369614,-0.0050616125,0.916911,0.23742336,0.0278466,0.96017426,0.20508651,-0.038711682,0.96084136,0.2038953,0.06979999,0.9521954,0.109373026,-0.08357195,0.9534589,0.105816916,-0.006334610283374786,0.29152607917785645,-0.017618738114833832
