frame,Ankle.R_x,Ankle.R_y,Ankle.R_z,Knee.R_x,Knee.R_y,Knee.R_z,Hip.R_x,Hip.R_y,Hip.R_z,Hip.L_x,Hip.L_y,Hip.L_z,Knee.L_x,Knee.L_y,Knee.L_z,Ankle.L_x,Ankle.L_y,Ankle.L_z,Wrist.R_x,Wrist.R_y,Wrist.R_z,Elbow.R_x,Elbow.R_y,Elbow.R_z,Shoulder.R_x,Shoulder.R_y,Shoulder.R_z,Shoulder.L_x,Shoulder.L_y,Shoulder.L_z,Elbow.L_x,Elbow.L_y,Elbow.L_z,Wrist.L_x,Wrist.L_y,Wrist.L_z,Neck_x,Neck_y,Neck_z,Head_x,Head_y,Head_z,Nose_x,Nose_y,Nose_z,Eye.L_x,Eye.L_y,Eye.L_z,Eye.R_x,Eye.R_y,Eye.R_z,Ear.L_x,Ear.L_y,Ear.L_z,Ear.R_x,Ear.R_y,Ear.R_z,hip.Center_x,hip.Center_y,hip.Center_z
0,-0.27558175,-0.43848768,-0.2114664,-0.18775435,-0.11112179,0.044853326,-0.1249419,0.2905335,-0.015990034,0.11128877,0.30028242,-0.019847356,0.21973011,-0.091006994,0.015253587,0.2953661,-0.41159624,-0.2613162,-0.68725115,0.7642896,0.08533614,-0.4392832,0.766135,0.013488268,-0.16287753,0.7826687,0.035580702,0.12365074,0.7822828,0.03144617,0.3883953,0.7460692,-0.02900071,0.61806726,0.7798481,0.07643031,-0.01811647,0.8249634,0.065554425,-0.010194555,1.0355136,0.12693264,-0.0031172186,0.9270412,0.24108796,0.027931046,0.97017354,0.20636219,-0.038689494,0.9710767,0.20931847,0.06426135,0.96169114,0.10818145,-0.09005113,0.9633949,0.11378037,-0.00682656466960907,0.2954079508781433,-0.017918694764375687
