frame,Ankle.R_x,Ankle.R_y,Ankle.R_z,Knee.R_x,Knee.R_y,Knee.R_z,Hip.R_x,Hip.R_y,Hip.R_z,Hip.L_x,Hip.L_y,Hip.L_z,Knee.L_x,Knee.L_y,Knee.L_z,Ankle.L_x,Ankle.L_y,Ankle.L_z,Wrist.R_x,Wrist.R_y,Wrist.R_z,Elbow.R_x,Elbow.R_y,Elbow.R_z,Shoulder.R_x,Shoulder.R_y,Shoulder.R_z,Shoulder.L_x,Shoulder.L_y,Shoulder.L_z,Elbow.L_x,Elbow.L_y,Elbow.L_z,Wrist.L_x,Wrist.L_y,Wrist.L_z,Neck_x,Neck_y,Neck_z,Head_x,Head_y,Head_z,Nose_x,Nose_y,Nose_z,Eye.L_x,Eye.L_y,Eye.L_z,Eye.R_x,Eye.R_y,Eye.R_z,Ear.L_x,Ear.L_y,Ear.L_z,Ear.R_x,Ear.R_y,Ear.R_z,hip.Center_x,hip.Center_y,hip.Center_z
0,-0.27064925,-0.40085453,-0.26193103,-0.21200286,-0.10848453,0.04759496,-0.12664586,0.28933913,-0.029923856,0.11309877,0.2971027,-0.01640618,0.22549546,-0.08907472,0.0548898,0.3106952,-0.39954704,-0.239783,-0.2265269,1.0738454,0.11382257,-0.39321077,0.8922806,0.05732964,-0.15010598,0.79328823,-0.015748618,0.121488556,0.801729,0.031390913,0.2870211,0.94863915,0.18223408,0.13751872,1.146072,0.13705362,-0.0149576785,0.82920736,0.018291831,-0.017334608,1.0425388,0.04706339,-0.017551921,0.9560461,0.17950428,0.015460759,0.9934949,0.14054076,-0.05155838,0.99230564,0.13786033,0.06158962,0.9689466,0.047816265,-0.094877265,0.96604884,0.039164882,-0.00677354633808136,0.2932209074497223,-0.023165017366409302
