frame,Ankle.R_x,Ankle.R_y,Ankle.R_z,Knee.R_x,Knee.R_y,Knee.R_z,Hip.R_x,Hip.R_y,Hip.R_z,Hip.L_x,Hip.L_y,Hip.L_z,Knee.L_x,Knee.L_y,Knee.L_z,Ankle.L_x,Ankle.L_y,Ankle.L_z,Wrist.R_x,Wrist.R_y,Wrist.R_z,Elbow.R_x,Elbow.R_y,Elbow.R_z,Shoulder.R_x,Shoulder.R_y,Shoulder.R_z,Shoulder.L_x,Shoulder.L_y,Shoulder.L_z,Elbow.L_x,Elbow.L_y,Elbow.L_z,Wrist.L_x,Wrist.L_y,Wrist.L_z,Neck_x,Neck_y,Neck_z,Head_x,Head_y,Head_z,Nose_x,Nose_y,Nose_z,Eye.L_x,Eye.L_y,Eye.L_z,Eye.R_x,Eye.R_y,Eye.R_z,Ear.L_x,Ear.L_y,Ear.L_z,Ear.R_x,Ear.R_y,Ear.R_z,hip.Center_x,hip.Center_y,hip.Center_z
0,-0.1255182,-0.47660202,-0.11871168,-0.15253352,-0.117480285,0.108902246,-0.12371035,0.29173237,-0.022796098,0.11239022,0.2525218,-0.0179508,0.09323146,-0.13422781,0.11406414,0.13842735,-0.53690356,-0.039743517,0.26238328,1.1599337,0.11297385,0.05258576,1.0320743,0.0363881,0.08882064,0.77720094,-0.024095062,0.28928477,0.6715302,-0.0020779131,0.50381184,0.8046107,0.05711329,0.5505023,1.0497047,0.12432432,0.19885,0.7385854,0.0038603637,0.30501816,0.90850776,0.053636108,0.26883116,0.81574476,0.17395896,0.31340352,0.83591133,0.13625067,0.25610983,0.86897385,0.143423,0.33157963,0.80951166,0.037276533,0.2011058,0.88458073,0.0508993,-0.005660064518451691,0.27212709188461304,-0.020373448729515076
