frame,Ankle.R_x,Ankle.R_y,Ankle.R_z,Knee.R_x,Knee.R_y,Knee.R_z,Hip.R_x,Hip.R_y,Hip.R_z,Hip.L_x,Hip.L_y,Hip.L_z,Knee.L_x,Knee.L_y,Knee.L_z,Ankle.L_x,Ankle.L_y,Ankle.L_z,Wrist.R_x,Wrist.R_y,Wrist.R_z,Elbow.R_x,Elbow.R_y,Elbow.R_z,Shoulder.R_x,Shoulder.R_y,Shoulder.R_z,Shoulder.L_x,Shoulder.L_y,Shoulder.L_z,Elbow.L_x,Elbow.L_y,Elbow.L_z,Wrist.L_x,Wrist.L_y,Wrist.L_z,Neck_x,Neck_y,Neck_z,Head_x,Head_y,Head_z,Nose_x,Nose_y,Nose_z,Eye.L_x,Eye.L_y,Eye.L_z,Eye.R_x,Eye.R_y,Eye.R_z,Ear.L_x,Ear.L_y,Ear.L_z,Ear.R_x,Ear.R_y,Ear.R_z,hip.Center_x,hip.Center_y,hip.Center_z
0,-0.09892971,-0.47860634,-0.12311189,-0.15400489,-0.121922225,0.10803364,-0.1236384,0.29131207,-0.02318199,0.11190911,0.24947035,-0.01830052,0.09626656,-0.13581866,0.11952243,0.14949079,-0.54848194,-0.0127393715,0.3021513,1.1211147,0.12051998,0.07538047,1.0233506,0.047258254,0.10784004,0.7705196,-0.027336154,0.30208123,0.6580971,-0.011751052,0.52677417,0.7798218,0.040364236,0.58765733,1.0191078,0.120127946,0.21554126,0.7265289,-0.002086523,0.32803643,0.88925546,0.05377384,0.28984338,0.79228073,0.17003028,0.3347625,0.8126801,0.13285972,0.27861524,0.84721124,0.1420947,0.3511822,0.79041374,0.032710597,0.22338477,0.86880636,0.050987598,-0.005864646285772324,0.27039122581481934,-0.020741254091262817
