frame,Ankle.R_x,Ankle.R_y,Ankle.R_z,Knee.R_x,Knee.R_y,Knee.R_z,Hip.R_x,Hip.R_y,Hip.R_z,Hip.L_x,Hip.L_y,Hip.L_z,Knee.L_x,Knee.L_y,Knee.L_z,Ankle.L_x,Ankle.L_y,Ankle.L_z,Wrist.R_x,Wrist.R_y,Wrist.R_z,Elbow.R_x,Elbow.R_y,Elbow.R_z,Shoulder.R_x,Shoulder.R_y,Shoulder.R_z,Shoulder.L_x,Shoulder.L_y,Shoulder.L_z,Elbow.L_x,Elbow.L_y,Elbow.L_z,Wrist.L_x,Wrist.L_y,Wrist.L_z,Neck_x,Neck_y,Neck_z,Head_x,Head_y,Head_z,Nose_x,Nose_y,Nose_z,Eye.L_x,Eye.L_y,Eye.L_z,Eye.R_x,Eye.R_y,Eye.R_z,Ear.L_x,Ear.L_y,Ear.L_z,Ear.R_x,Ear.R_y,Ear.R_z,hip.Center_x,hip.Center_y,hip.Center_z
0,-0.102418765,-0.47301674,-0.14975116,-0.14516398,-0.123878,0.08859293,-0.12369688,0.2934856,-0.018055275,0.11144854,0.2536896,-0.021237083,0.104876585,-0.1318351,0.105919026,0.15241317,-0.52913237,-0.057443578,0.27195144,1.1551844,0.12568355,0.06404394,1.0313315,0.042236425,0.10535053,0.7761512,-0.012024999,0.30037633,0.66362065,0.0046339175,0.52629364,0.78156626,0.05400364,0.59273136,1.0169702,0.13454904,0.21386531,0.7330122,0.015037294,0.33034703,0.8958,0.064353,0.29258245,0.80387723,0.18517812,0.33706698,0.82204807,0.14623196,0.28183877,0.8580409,0.15531904,0.35110235,0.79561174,0.04654033,0.22494903,0.8774409,0.06448279,-0.006124168634414673,0.27358758449554443,-0.01964617893099785
