frame,Ankle.R_x,Ankle.R_y,Ankle.R_z,Knee.R_x,Knee.R_y,Knee.R_z,Hip.R_x,Hip.R_y,Hip.R_z,Hip.L_x,Hip.L_y,Hip.L_z,Knee.L_x,Knee.L_y,Knee.L_z,Ankle.L_x,Ankle.L_y,Ankle.L_z,Wrist.R_x,Wrist.R_y,Wrist.R_z,Elbow.R_x,Elbow.R_y,Elbow.R_z,Shoulder.R_x,Shoulder.R_y,Shoulder.R_z,Shoulder.L_x,Shoulder.L_y,Shoulder.L_z,Elbow.L_x,Elbow.L_y,Elbow.L_z,Wrist.L_x,Wrist.L_y,Wrist.L_z,Neck_x,Neck_y,Neck_z,Head_x,Head_y,Head_z,Nose_x,Nose_y,Nose_z,Eye.L_x,Eye.L_y,Eye.L_z,Eye.R_x,Eye.R_y,Eye.R_z,Ear.L_x,Ear.L_y,Ear.L_z,Ear.R_x,Ear.R_y,Ear.R_z,hip.Center_x,hip.Center_y,hip.Center_z
0,-0.13067903,-0.5554175,-0.20774543,-0.107840866,-0.1706649,0.005916102,-0.124229684,0.24802178,-0.02611213,0.111562744,0.28356156,-0.0009842273,0.15397777,-0.14682533,-0.026630426,0.20598215,-0.50291854,-0.2878321,-0.50089645,1.1009207,0.03191837,-0.46752056,0.85262525,-0.053288195,-0.24694432,0.70548576,-0.07360561,-0.047255408,0.79350305,-0.018378086,-0.043028962,1.0220788,0.10773341,-0.24618192,1.1661077,0.18914874,-0.15705776,0.7668309,-0.034124874,-0.24363415,0.9529529,-0.012830071,-0.22871017,0.8708809,0.120197326,-0.20859635,0.91923124,0.08654381,-0.26767462,0.89143324,0.07434861,-0.14597204,0.9168906,0.0034592748,-0.27997082,0.8558317,-0.026861388,-0.006333470344543457,0.265791654586792,-0.013548178598284721
