frame,Ankle.R_x,Ankle.R_y,Ankle.R_z,Knee.R_x,Knee.R_y,Knee.R_z,Hip.R_x,Hip.R_y,Hip.R_z,Hip.L_x,Hip.L_y,Hip.L_z,Knee.L_x,Knee.L_y,Knee.L_z,Ankle.L_x,Ankle.L_y,Ankle.L_z,Wrist.R_x,Wrist.R_y,Wrist.R_z,Elbow.R_x,Elbow.R_y,Elbow.R_z,Shoulder.R_x,Shoulder.R_y,Shoulder.R_z,Shoulder.L_x,Shoulder.L_y,Shoulder.L_z,Elbow.L_x,Elbow.L_y,Elbow.L_z,Wrist.L_x,Wrist.L_y,Wrist.L_z,Neck_x,Neck_y,Neck_z,Head_x,Head_y,Head_z,Nose_x,Nose_y,Nose_z,Eye.L_x,Eye.L_y,Eye.L_z,Eye.R_x,Eye.R_y,Eye.R_z,Ear.L_x,Ear.L_y,Ear.L_z,Ear.R_x,Ear.R_y,Ear.R_z,hip.Center_x,hip.Center_y,hip.Center_z
0,-0.11581949,-0.5283814,-0.21383676,-0.10717785,-0.15894616,0.017652052,-0.12584163,0.26099336,-0.017640306,0.11203224,0.28601912,-0.012401722,0.15205339,-0.13941222,-0.021900553,0.20096079,-0.4909367,-0.28289124,-0.32302284,1.1786712,0.1356476,-0.37077063,0.92777115,0.06737765,-0.2099625,0.7447447,-0.03349741,0.011959055,0.8075231,-0.01052974,0.047338374,1.0360099,0.108288854,-0.10894388,1.2209665,0.21101798,-0.10358487,0.7967928,-0.015134944,-0.16121843,0.99625534,-0.00858515,-0.13653591,0.9315153,0.13266769,-0.11562663,0.9713234,0.0889358,-0.17911083,0.9510724,0.08937002,-0.066385835,0.9484093,-0.00094601,-0.21179564,0.9035503,-0.0031570294,-0.0069046951830387115,0.273506224155426,-0.015021014027297497
