frame,Ankle.R_x,Ankle.R_y,Ankle.R_z,Knee.R_x,Knee.R_y,Knee.R_z,Hip.R_x,Hip.R_y,Hip.R_z,Hip.L_x,Hip.L_y,Hip.L_z,Knee.L_x,Knee.L_y,Knee.L_z,Ankle.L_x,Ankle.L_y,Ankle.L_z,Wrist.R_x,Wrist.R_y,Wrist.R_z,Elbow.R_x,Elbow.R_y,Elbow.R_z,Shoulder.R_x,Shoulder.R_y,Shoulder.R_z,Shoulder.L_x,Shoulder.L_y,Shoulder.L_z,Elbow.L_x,Elbow.L_y,Elbow.L_z,Wrist.L_x,Wrist.L_y,Wrist.L_z,Neck_x,Neck_y,Neck_z,Head_x,Head_y,Head_z,Nose_x,Nose_y,Nose_z,Eye.L_x,Eye.L_y,Eye.L_z,Eye.R_x,Eye.R_y,Eye.R_z,Ear.L_x,Ear.L_y,Ear.L_z,Ear.R_x,Ear.R_y,Ear.R_z,hip.Center_x,hip.Center_y,hip.Center_z
0,-0.07815804,-0.4570738,-0.07348033,-0.1282419,-0.10707428,0.16587049,-0.12419166,0.2913744,-0.014058218,0.11103596,0.24530628,-0.033956062,0.11069878,-0.112508036,0.16081917,0.1763353,-0.53124255,0.054195363,0.38265148,1.0681393,0.22470137,0.15753604,0.9847753,0.12703988,0.14982866,0.7507298,0.0017941643,0.3278528,0.61427575,-0.027663445,0.57782847,0.6875424,-0.021897227,0.7259848,0.87927336,0.07299554,0.2533254,0.6873281,0.0053465045,0.4011816,0.8034787,0.09008276,0.3609322,0.6734617,0.16433147,0.40273654,0.7008924,0.12867251,0.35779807,0.7355687,0.16358243,0.39819807,0.7221363,0.02843576,0.29452723,0.8014113,0.10454289,-0.006577849388122559,0.2683403491973877,-0.02400713972747326
