frame,Ankle.R_x,Ankle.R_y,Ankle.R_z,Knee.R_x,Knee.R_y,Knee.R_z,Hip.R_x,Hip.R_y,Hip.R_z,Hip.L_x,Hip.L_y,Hip.L_z,Knee.L_x,Knee.L_y,Knee.L_z,Ankle.L_x,Ankle.L_y,Ankle.L_z,Wrist.R_x,Wrist.R_y,Wrist.R_z,Elbow.R_x,Elbow.R_y,Elbow.R_z,Shoulder.R_x,Shoulder.R_y,Shoulder.R_z,Shoulder.L_x,Shoulder.L_y,Shoulder.L_z,Elbow.L_x,Elbow.L_y,Elbow.L_z,Wrist.L_x,Wrist.L_y,Wrist.L_z,Neck_x,Neck_y,Neck_z,Head_x,Head_y,Head_z,Nose_x,Nose_y,Nose_z,Eye.L_x,Eye.L_y,Eye.L_z,Eye.R_x,Eye.R_y,Eye.R_z,Ear.L_x,Ear.L_y,Ear.L_z,Ear.R_x,Ear.R_y,Ear.R_z,hip.Center_x,hip.Center_y,hip.Center_z
0,-0.14812908,-0.5306142,-0.21097654,-0.11171378,-0.15926212,0.02033601,-0.1264651,0.26879317,-0.013370692,0.11428626,0.27240658,-0.017137416,0.123018794,-0.15549514,-0.010827141,0.16118059,-0.49374032,-0.29484302,-0.12730691,1.2227882,0.20820326,-0.2075816,0.97658813,0.1432137,-0.12761909,0.77090144,3.5919365e-06,0.104087144,0.7811387,0.014473116,0.13619795,0.99382854,0.1573686,0.038307,1.2305055,0.23362133,-0.010494411,0.7967897,0.007982755,-0.020162895,1.0022331,0.02125616,-0.012920544,0.9281677,0.15886015,0.01722219,0.9639696,0.11736677,-0.04917591,0.95833415,0.116540134,0.061293334,0.93477356,0.026463328,-0.0892964,0.92313826,0.022107925,-0.00608941912651062,0.2705998718738556,-0.015254054218530655
