frame,Ankle.R_x,Ankle.R_y,Ankle.R_z,Knee.R_x,Knee.R_y,Knee.R_z,Hip.R_x,Hip.R_y,Hip.R_z,Hip.L_x,Hip.L_y,Hip.L_z,Knee.L_x,Knee.L_y,Knee.L_z,Ankle.L_x,Ankle.L_y,Ankle.L_z,Wrist.R_x,Wrist.R_y,Wrist.R_z,Elbow.R_x,Elbow.R_y,Elbow.R_z,Shoulder.R_x,Shoulder.R_y,Shoulder.R_z,Shoulder.L_x,Shoulder.L_y,Shoulder.L_z,Elbow.L_x,Elbow.L_y,Elbow.L_z,Wrist.L_x,Wrist.L_y,Wrist.L_z,Neck_x,Neck_y,Neck_z,Head_x,Head_y,Head_z,Nose_x,Nose_y,Nose_z,Eye.L_x,Eye.L_y,Eye.L_z,Eye.R_x,Eye.R_y,Eye.R_z,Ear.L_x,Ear.L_y,Ear.L_z,Ear.R_x,Ear.R_y,Ear.R_z,hip.Center_x,hip.Center_y,hip.Center_z
0,-0.09591411,-0.472868,-0.06011454,-0.13799573,-0.107959345,0.16317418,-0.1239362,0.29046744,-0.016579468,0.11169184,0.2444952,-0.030173123,0.10777291,-0.12579073,0.14491475,0.16392376,-0.5489762,0.04123014,0.35600665,1.0929574,0.21326792,0.14180046,0.9967409,0.10026333,0.13866441,0.7549722,-0.010343587,0.31889623,0.627029,-0.025735602,0.5649085,0.71283835,-0.0038036918,0.6918253,0.91677696,0.09865834,0.24053782,0.696935,0.0014507929,0.37148297,0.8277096,0.090123735,0.33204886,0.7015321,0.1717582,0.37561598,0.7290621,0.13833296,0.32478288,0.7630057,0.16468902,0.38111418,0.7409782,0.036307,0.26467538,0.81824267,0.09324107,-0.006122179329395294,0.26748132705688477,-0.02337629534304142
