frame,Ankle.R_x,Ankle.R_y,Ankle.R_z,Knee.R_x,Knee.R_y,Knee.R_z,Hip.R_x,Hip.R_y,Hip.R_z,Hip.L_x,Hip.L_y,Hip.L_z,Knee.L_x,Knee.L_y,Knee.L_z,Ankle.L_x,Ankle.L_y,Ankle.L_z,Wrist.R_x,Wrist.R_y,Wrist.R_z,Elbow.R_x,Elbow.R_y,Elbow.R_z,Shoulder.R_x,Shoulder.R_y,Shoulder.R_z,Shoulder.L_x,Shoulder.L_y,Shoulder.L_z,Elbow.L_x,Elbow.L_y,Elbow.L_z,Wrist.L_x,Wrist.L_y,Wrist.L_z,Neck_x,Neck_y,Neck_z,Head_x,Head_y,Head_z,Nose_x,Nose_y,Nose_z,Eye.L_x,Eye.L_y,Eye.L_z,Eye.R_x,Eye.R_y,Eye.R_z,Ear.L_x,Ear.L_y,Ear.L_z,Ear.R_x,Ear.R_y,Ear.R_z,hip.Center_x,hip.Center_y,hip.Center_z
0,-0.08276373,-0.48614308,-0.09082475,-0.13404444,-0.12352786,0.13958433,-0.12445343,0.28891677,-0.012821682,0.11225174,0.24400212,-0.031777196,0.106848106,-0.13325053,0.13316858,0.16443983,-0.55731493,0.023636358,0.41547072,1.0144479,0.23834047,0.17015064,0.9690943,0.16128051,0.13759533,0.75237626,0.009157815,0.31835502,0.62503916,-0.028406698,0.56377745,0.71538293,-0.0100918915,0.6543467,0.9284521,0.10980962,0.24036165,0.69375044,0.0076937773,0.3755316,0.8140937,0.10943729,0.32983196,0.6817082,0.17596696,0.3753286,0.7109697,0.14701054,0.32463384,0.7436639,0.17517634,0.38455155,0.73326457,0.04687926,0.2687763,0.80795383,0.10811286,-0.006100844591856003,0.2664594352245331,-0.02229943871498108
