frame,Ankle.R_x,Ankle.R_y,Ankle.R_z,Knee.R_x,Knee.R_y,Knee.R_z,Hip.R_x,Hip.R_y,Hip.R_z,Hip.L_x,Hip.L_y,Hip.L_z,Knee.L_x,Knee.L_y,Knee.L_z,Ankle.L_x,Ankle.L_y,Ankle.L_z,Wrist.R_x,Wrist.R_y,Wrist.R_z,Elbow.R_x,Elbow.R_y,Elbow.R_z,Shoulder.R_x,Shoulder.R_y,Shoulder.R_z,Shoulder.L_x,Shoulder.L_y,Shoulder.L_z,Elbow.L_x,Elbow.L_y,Elbow.L_z,Wrist.L_x,Wrist.L_y,Wrist.L_z,Neck_x,Neck_y,Neck_z,Head_x,Head_y,Head_z,Nose_x,Nose_y,Nose_z,Eye.L_x,Eye.L_y,Eye.L_z,Eye.R_x,Eye.R_y,Eye.R_z,Ear.L_x,Ear.L_y,Ear.L_z,Ear.R_x,Ear.R_y,Ear.R_z,hip.Center_x,hip.Center_y,hip.Center_z
0,-0.13720664,-0.53803724,-0.25895238,-0.11849472,-0.16383138,-0.022065965,-0.12606184,0.26943883,-0.019040031,0.11457591,0.2667349,-0.006902119,0.10736446,-0.16260387,-0.025885412,0.13042364,-0.5403898,-0.2625177,-0.10115926,1.2322025,0.15308052,-0.20064636,0.990039,0.09597161,-0.11102708,0.7721958,-0.023993032,0.1150351,0.7767724,0.006885193,0.15376154,0.9990297,0.13520248,0.044614945,1.2384748,0.18372351,0.002968519,0.7940988,-0.0038640988,-0.007659062,1.0002594,0.028169755,-0.012241606,0.91105783,0.15653807,0.021345198,0.95122105,0.12233135,-0.044753812,0.9459787,0.11487117,0.073191546,0.9325434,0.032897256,-0.07577181,0.9219558,0.014091961,-0.005742967128753662,0.26808685064315796,-0.012971075251698494
