frame,Ankle.R_x,Ankle.R_y,Ankle.R_z,Knee.R_x,Knee.R_y,Knee.R_z,Hip.R_x,Hip.R_y,Hip.R_z,Hip.L_x,Hip.L_y,Hip.L_z,Knee.L_x,Knee.L_y,Knee.L_z,Ankle.L_x,Ankle.L_y,Ankle.L_z,Wrist.R_x,Wrist.R_y,Wrist.R_z,Elbow.R_x,Elbow.R_y,Elbow.R_z,Shoulder.R_x,Shoulder.R_y,Shoulder.R_z,Shoulder.L_x,Shoulder.L_y,Shoulder.L_z,Elbow.L_x,Elbow.L_y,Elbow.L_z,Wrist.L_x,Wrist.L_y,Wrist.L_z,Neck_x,Neck_y,Neck_z,Head_x,Head_y,Head_z,Nose_x,Nose_y,Nose_z,Eye.L_x,Eye.L_y,Eye.L_z,Eye.R_x,Eye.R_y,Eye.R_z,Ear.L_x,Ear.L_y,Ear.L_z,Ear.R_x,Ear.R_y,Ear.R_z,hip.Center_x,hip.Center_y,hip.Center_z
0,-0.057107512,-0.4600256,-0.10476087,-0.13320622,-0.11865791,0.14455113,-0.12503687,0.2919307,-0.013093544,0.11213326,0.245709,-0.034504965,0.11356671,-0.11747736,0.15500824,0.19161437,-0.5271669,0.013639217,0.39464712,1.0221698,0.31071383,0.1609404,0.9408131,0.22694652,0.14855616,0.74467,0.044473395,0.33300242,0.60747737,-0.01075477,0.58941066,0.66254,0.00021091965,0.75679255,0.81720036,0.1299255,0.25736824,0.680928,0.03173244,0.41462258,0.7801731,0.12704733,0.36486274,0.64534616,0.18392426,0.40897304,0.6740031,0.15199074,0.36612725,0.7070948,0.19110678,0.40672645,0.70829046,0.055190735,0.3078275,0.7841659,0.1406469,-0.0064518041908741,0.2688198685646057,-0.02379925549030304
