frame,Ankle.R_x,Ankle.R_y,Ankle.R_z,Knee.R_x,Knee.R_y,Knee.R_z,Hip.R_x,Hip.R_y,Hip.R_z,Hip.L_x,Hip.L_y,Hip.L_z,Knee.L_x,Knee.L_y,Knee.L_z,Ankle.L_x,Ankle.L_y,Ankle.L_z,Wrist.R_x,Wrist.R_y,Wrist.R_z,Elbow.R_x,Elbow.R_y,Elbow.R_z,Shoulder.R_x,Shoulder.R_y,Shoulder.R_z,Shoulder.L_x,Shoulder.L_y,Shoulder.L_z,Elbow.L_x,Elbow.L_y,Elbow.L_z,Wrist.L_x,Wrist.L_y,Wrist.L_z,Neck_x,Neck_y,Neck_z,Head_x,Head_y,Head_z,Nose_x,Nose_y,Nose_z,Eye.L_x,Eye.L_y,Eye.L_z,Eye.R_x,Eye.R_y,Eye.R_z,Ear.L_x,Ear.L_y,Ear.L_z,Ear.R_x,Ear.R_y,Ear.R_z,hip.Center_x,hip.Center_y,hip.Center_z
0,-0.11891998,-0.471726,-0.10024073,-0.15095803,-0.112169065,0.12318801,-0.1240795,0.29060534,-0.023147838,0.1127087,0.25295246,-0.019893216,0.096778505,-0.12580866,0.13096592,0.14042541,-0.5259621,-0.026080994,0.25320676,1.1571673,0.11022506,0.04399725,1.0297034,0.034398854,0.08590596,0.77561456,-0.023021813,0.28703007,0.67032206,-0.0018441863,0.5029856,0.8028106,0.052189793,0.546878,1.0486075,0.11479157,0.19677117,0.73726463,0.0048312712,0.30750886,0.9049531,0.049831484,0.269777,0.81645954,0.17269301,0.3145598,0.8343465,0.13420011,0.25833598,0.869242,0.14100175,0.3310642,0.8049746,0.035888553,0.20294869,0.88409936,0.048717476,-0.00568540021777153,0.2717788815498352,-0.021520527079701424
