frame,Ankle.R_x,Ankle.R_y,Ankle.R_z,Knee.R_x,Knee.R_y,Knee.R_z,Hip.R_x,Hip.R_y,Hip.R_z,Hip.L_x,Hip.L_y,Hip.L_z,Knee.L_x,Knee.L_y,Knee.L_z,Ankle.L_x,Ankle.L_y,Ankle.L_z,Wrist.R_x,Wrist.R_y,Wrist.R_z,Elbow.R_x,Elbow.R_y,Elbow.R_z,Shoulder.R_x,Shoulder.R_y,Shoulder.R_z,Shoulder.L_x,Shoulder.L_y,Shoulder.L_z,Elbow.L_x,Elbow.L_y,Elbow.L_z,Wrist.L_x,Wrist.L_y,Wrist.L_z,Neck_x,Neck_y,Neck_z,Head_x,Head_y,Head_z,Nose_x,Nose_y,Nose_z,Eye.L_x,Eye.L_y,Eye.L_z,Eye.R_x,Eye.R_y,Eye.R_z,Ear.L_x,Ear.L_y,Ear.L_z,Ear.R_x,Ear.R_y,Ear.R_z,hip.Center_x,hip.Center_y,hip.Center_z
0,-0.13927159,-0.45955256,-0.12669514,-0.13928902,-0.11550578,0.12788327,-0.12472317,0.28939646,-0.021385018,0.11271876,0.25850743,-0.019284831,0.09798084,-0.1422968,0.08420562,0.119339764,-0.5403432,-0.09292316,0.22248879,1.2030739,0.056611665,0.018219914,1.0480278,0.014884012,0.04990303,0.7906696,-0.036087837,0.2572736,0.70590764,-0.0017381858,0.43629533,0.8740656,0.08261035,0.44150814,1.1320117,0.12057175,0.16085991,0.7634022,-0.004179021,0.25249133,0.9445463,0.033443578,0.22331506,0.85962474,0.16181704,0.26622608,0.8798926,0.12166198,0.2066094,0.9092852,0.1266078,0.28625506,0.84608066,0.024856646,0.15006512,0.91300243,0.03321377,-0.006002206355333328,0.2739519476890564,-0.02033492550253868
