frame,Ankle.R_x,Ankle.R_y,Ankle.R_z,Knee.R_x,Knee.R_y,Knee.R_z,Hip.R_x,Hip.R_y,Hip.R_z,Hip.L_x,Hip.L_y,Hip.L_z,Knee.L_x,Knee.L_y,Knee.L_z,Ankle.L_x,Ankle.L_y,Ankle.L_z,Wrist.R_x,Wrist.R_y,Wrist.R_z,Elbow.R_x,Elbow.R_y,Elbow.R_z,Shoulder.R_x,Shoulder.R_y,Shoulder.R_z,Shoulder.L_x,Shoulder.L_y,Shoulder.L_z,Elbow.L_x,Elbow.L_y,Elbow.L_z,Wrist.L_x,Wrist.L_y,Wrist.L_z,Neck_x,Neck_y,Neck_z,Head_x,Head_y,Head_z,Nose_x,Nose_y,Nose_z,Eye.L_x,Eye.L_y,Eye.L_z,Eye.R_x,Eye.R_y,Eye.R_z,Ear.L_x,Ear.L_y,Ear.L_z,Ear.R_x,Ear.R_y,Ear.R_z,hip.Center_x,hip.Center_y,hip.Center_z
0,-0.0829812,-0.46919608,-0.065342836,-0.12955861,-0.11045294,0.16886872,-0.124596834,0.29010648,-0.011666859,0.111689515,0.24347737,-0.03683667,0.11669284,-0.118664965,0.15472345,0.18046848,-0.54604256,0.06270323,0.42941839,1.0080347,0.23726565,0.18004073,0.95266736,0.18314788,0.14397633,0.746868,0.01679804,0.32554364,0.6140933,-0.03242273,0.5766838,0.6899068,-0.022513751,0.69508654,0.88735306,0.10077127,0.24939704,0.685418,0.007947601,0.39822206,0.79555,0.10339496,0.3514381,0.6623996,0.1666251,0.39580247,0.6909268,0.13512945,0.34965634,0.7244679,0.16965984,0.39724258,0.71851283,0.0361586,0.29127216,0.79526466,0.11161272,-0.006453659385442734,0.2667919397354126,-0.02425176277756691
