frame,Ankle.R_x,Ankle.R_y,Ankle.R_z,Knee.R_x,Knee.R_y,Knee.R_z,Hip.R_x,Hip.R_y,Hip.R_z,Hip.L_x,Hip.L_y,Hip.L_z,Knee.L_x,Knee.L_y,Knee.L_z,Ankle.L_x,Ankle.L_y,Ankle.L_z,Wrist.R_x,Wrist.R_y,Wrist.R_z,Elbow.R_x,Elbow.R_y,Elbow.R_z,Shoulder.R_x,Shoulder.R_y,Shoulder.R_z,Shoulder.L_x,Shoulder.L_y,Shoulder.L_z,Elbow.L_x,Elbow.L_y,Elbow.L_z,Wrist.L_x,Wrist.L_y,Wrist.L_z,Neck_x,Neck_y,Neck_z,Head_x,Head_y,Head_z,Nose_x,Nose_y,Nose_z,Eye.L_x,Eye.L_y,Eye.L_z,Eye.R_x,Eye.R_y,Eye.R_z,Ear.L_x,Ear.L_y,Ear.L_z,Ear.R_x,Ear.R_y,Ear.R_z,hip.Center_x,hip.Center_y,hip.Center_z
0,-0.094145946,-0.49605086,-0.27675772,-0.10618167,-0.16232643,0.008511921,-0.12616226,0.27004418,-0.031263594,0.113583446,0.27128246,0.00020092225,0.08927216,-0.15595937,0.031877752,0.1268215,-0.538294,-0.18760887,-0.10570451,1.239645,0.1466207,-0.19808061,0.996892,0.08713349,-0.1104061,0.77945745,-0.033761866,0.11658926,0.7797035,0.009416359,0.15449405,0.99197096,0.15329085,0.0481812,1.2308787,0.2031457,0.003991277,0.8003205,-0.010392031,-0.0020253917,1.0078346,0.0009828432,-0.00826383,0.934113,0.13925917,0.026286764,0.9689127,0.100124165,-0.0401257,0.96526355,0.09406263,0.07648263,0.9379529,0.012904462,-0.073743775,0.9306379,-0.0034404732,-0.0062894076108932495,0.270663321018219,-0.015531335957348347
