frame,Ankle.R_x,Ankle.R_y,Ankle.R_z,Knee.R_x,Knee.R_y,Knee.R_z,Hip.R_x,Hip.R_y,Hip.R_z,Hip.L_x,Hip.L_y,Hip.L_z,Knee.L_x,Knee.L_y,Knee.L_z,Ankle.L_x,Ankle.L_y,Ankle.L_z,Wrist.R_x,Wrist.R_y,Wrist.R_z,Elbow.R_x,Elbow.R_y,Elbow.R_z,Shoulder.R_x,Shoulder.R_y,Shoulder.R_z,Shoulder.L_x,Shoulder.L_y,Shoulder.L_z,Elbow.L_x,Elbow.L_y,Elbow.L_z,Wrist.L_x,Wrist.L_y,Wrist.L_z,Neck_x,Neck_y,Neck_z,Head_x,Head_y,Head_z,Nose_x,Nose_y,Nose_z,Eye.L_x,Eye.L_y,Eye.L_z,Eye.R_x,Eye.R_y,Eye.R_z,Ear.L_x,Ear.L_y,Ear.L_z,Ear.R_x,Ear.R_y,Ear.R_z,hip.Center_x,hip.Center_y,hip.Center_z
0,-0.10863408,-0.5442706,-0.18738627,-0.091889895,-0.16170982,0.020978617,-0.12589009,0.25793952,-0.010446394,0.11169085,0.28440905,-0.017711766,0.1577384,-0.1377204,-0.04265719,0.21228233,-0.4905173,-0.300645,-0.26373953,1.2058647,0.14260502,-0.32242483,0.9540218,0.08566791,-0.19225955,0.7534193,-0.022167725,0.03463833,0.7976298,-0.0084991455,0.06655002,1.0215235,0.11581815,-0.07691198,1.2301186,0.18980095,-0.081307724,0.7967534,-0.011259661,-0.12019284,1.0002084,-0.008868004,-0.09854317,0.936672,0.13303179,-0.075152874,0.97349364,0.08827152,-0.14006907,0.9590787,0.09047917,-0.030351248,0.9443613,-0.0019922536,-0.17831299,0.913086,-0.00032765698,-0.007099620997905731,0.27117428183555603,-0.01407907996326685
