frame,Ankle.R_x,Ankle.R_y,Ankle.R_z,Knee.R_x,Knee.R_y,Knee.R_z,Hip.R_x,Hip.R_y,Hip.R_z,Hip.L_x,Hip.L_y,Hip.L_z,Knee.L_x,Knee.L_y,Knee.L_z,Ankle.L_x,Ankle.L_y,Ankle.L_z,Wrist.R_x,Wrist.R_y,Wrist.R_z,Elbow.R_x,Elbow.R_y,Elbow.R_z,Shoulder.R_x,Shoulder.R_y,Shoulder.R_z,Shoulder.L_x,Shoulder.L_y,Shoulder.L_z,Elbow.L_x,Elbow.L_y,Elbow.L_z,Wrist.L_x,Wrist.L_y,Wrist.L_z,Neck_x,Neck_y,Neck_z,Head_x,Head_y,Head_z,Nose_x,Nose_y,Nose_z,Eye.L_x,Eye.L_y,Eye.L_z,Eye.R_x,Eye.R_y,Eye.R_z,Ear.L_x,Ear.L_y,Ear.L_z,Ear.R_x,Ear.R_y,Ear.R_z,hip.Center_x,hip.Center_y,hip.Center_z
0,-0.095253974,-0.49243546,-0.28099075,-0.106020354,-0.1621101,0.00813362,-0.12627009,0.27050883,-0.030613972,0.11367352,0.27176887,-0.00055864,0.08994429,-0.15548547,0.031761847,0.12674059,-0.53641284,-0.19016552,-0.107333705,1.2391906,0.1554162,-0.19841573,0.99685067,0.091801316,-0.11084482,0.78039634,-0.031272672,0.11652191,0.7808163,0.00998891,0.15489462,0.9934846,0.15325786,0.04841509,1.2320962,0.20484716,0.003782994,0.8012866,-0.008833104,-0.0024941626,1.0087978,0.0024154598,-0.007943785,0.9353253,0.14092475,0.026356148,0.970144,0.101523034,-0.040086493,0.96628726,0.09573319,0.07635014,0.9391136,0.014124389,-0.07406298,0.9313189,-0.0015858484,-0.006298281252384186,0.27113884687423706,-0.01558630634099245
