frame,Ankle.R_x,Ankle.R_y,Ankle.R_z,Knee.R_x,Knee.R_y,Knee.R_z,Hip.R_x,Hip.R_y,Hip.R_z,Hip.L_x,Hip.L_y,Hip.L_z,Knee.L_x,Knee.L_y,Knee.L_z,Ankle.L_x,Ankle.L_y,Ankle.L_z,Wrist.R_x,Wrist.R_y,Wrist.R_z,Elbow.R_x,Elbow.R_y,Elbow.R_z,Shoulder.R_x,Shoulder.R_y,Shoulder.R_z,Shoulder.L_x,Shoulder.L_y,Shoulder.L_z,Elbow.L_x,Elbow.L_y,Elbow.L_z,Wrist.L_x,Wrist.L_y,Wrist.L_z,Neck_x,Neck_y,Neck_z,Head_x,Head_y,Head_z,Nose_x,Nose_y,Nose_z,Eye.L_x,Eye.L_y,Eye.L_z,Eye.R_x,Eye.R_y,Eye.R_z,Ear.L_x,Ear.L_y,Ear.L_z,Ear.R_x,Ear.R_y,Ear.R_z,hip.Center_x,hip.Center_y,hip.Center_z
0,-0.12463301,-0.45172232,-0.24929848,-0.12813485,-0.14170253,0.04985007,-0.12480213,0.2863736,-0.025324896,0.112991124,0.26273292,-0.0064557237,0.0685308,-0.15391605,0.03824846,0.097185016,-0.53126943,-0.17976424,0.05783704,1.2378868,0.09022883,-0.09692027,1.0310419,0.050238222,-0.014722059,0.79620296,-0.039367422,0.21206641,0.7472168,0.00320171,0.32663357,0.94825315,0.1179094,0.29566282,1.206132,0.16094801,0.106023915,0.7916794,-0.012493242,0.16231987,0.9930924,0.0050725406,0.1486907,0.91629905,0.14099069,0.1876029,0.9409195,0.098556936,0.12330699,0.95857954,0.10135555,0.21485351,0.9021002,0.0048588114,0.06860598,0.9424566,0.007906053,-0.005905501544475555,0.27455323934555054,-0.01589030958712101
