frame,Ankle.R_x,Ankle.R_y,Ankle.R_z,Knee.R_x,Knee.R_y,Knee.R_z,Hip.R_x,Hip.R_y,Hip.R_z,Hip.L_x,Hip.L_y,Hip.L_z,Knee.L_x,Knee.L_y,Knee.L_z,Ankle.L_x,Ankle.L_y,Ankle.L_z,Wrist.R_x,Wrist.R_y,Wrist.R_z,Elbow.R_x,Elbow.R_y,Elbow.R_z,Shoulder.R_x,Shoulder.R_y,Shoulder.R_z,Shoulder.L_x,Shoulder.L_y,Shoulder.L_z,Elbow.L_x,Elbow.L_y,Elbow.L_z,Wrist.L_x,Wrist.L_y,Wrist.L_z,Neck_x,Neck_y,Neck_z,Head_x,Head_y,Head_z,Nose_x,Nose_y,Nose_z,Eye.L_x,Eye.L_y,Eye.L_z,Eye.R_x,Eye.R_y,Eye.R_z,Ear.L_x,Ear.L_y,Ear.L_z,Ear.R_x,Ear.R_y,Ear.R_z,hip.Center_x,hip.Center_y,hip.Center_z
0,-0.09436746,-0.470073,-0.05616093,-0.14453845,-0.10478461,0.16339433,-0.12390928,0.2912942,-0.018645763,0.11178805,0.24468575,-0.028749812,0.10686542,-0.1229734,0.15003847,0.16437194,-0.5449096,0.04457723,0.34159464,1.1007206,0.19154659,0.12798898,1.0032468,0.08089953,0.13898858,0.75567144,-0.016252521,0.32038882,0.6280848,-0.02584463,0.56404114,0.7203101,-0.0050757853,0.675907,0.93452054,0.0922788,0.24169718,0.69820976,-0.0009421194,0.3725256,0.83138174,0.08579517,0.3314692,0.70785224,0.17079924,0.3756115,0.73423034,0.13719241,0.32455003,0.7691413,0.16178653,0.3825616,0.74291,0.03488137,0.26560923,0.8224487,0.08770395,-0.006060615181922913,0.26798996329307556,-0.023697787895798683
