frame,Ankle.R_x,Ankle.R_y,Ankle.R_z,Knee.R_x,Knee.R_y,Knee.R_z,Hip.R_x,Hip.R_y,Hip.R_z,Hip.L_x,Hip.L_y,Hip.L_z,Knee.L_x,Knee.L_y,Knee.L_z,Ankle.L_x,Ankle.L_y,Ankle.L_z,Wrist.R_x,Wrist.R_y,Wrist.R_z,Elbow.R_x,Elbow.R_y,Elbow.R_z,Shoulder.R_x,Shoulder.R_y,Shoulder.R_z,Shoulder.L_x,Shoulder.L_y,Shoulder.L_z,Elbow.L_x,Elbow.L_y,Elbow.L_z,Wrist.L_x,Wrist.L_y,Wrist.L_z,Neck_x,Neck_y,Neck_z,Head_x,Head_y,Head_z,Nose_x,Nose_y,Nose_z,Eye.L_x,Eye.L_y,Eye.L_z,Eye.R_x,Eye.R_y,Eye.R_z,Ear.L_x,Ear.L_y,Ear.L_z,Ear.R_x,Ear.R_y,Ear.R_z,hip.Center_x,hip.Center_y,hip.Center_z
0,-0.19025573,-0.5179208,-0.24938433,-0.13900284,-0.15298021,-0.0074696713,-0.1252315,0.27740708,-0.023706265,0.11472956,0.26660576,-0.0056934943,0.09096311,-0.16203006,-0.0101473695,0.106840014,-0.521711,-0.2703439,-0.13679992,1.2484802,0.15247943,-0.20096922,0.99806076,0.081340276,-0.10668163,0.77725405,-0.027696542,0.119068354,0.7849124,0.0138854515,0.14034152,1.0113482,0.13706079,0.03807107,1.2531946,0.19228208,0.007252426,0.80083215,-0.004397191,-0.0041433848,1.0065627,0.003463951,-0.0207614,0.93559015,0.14233471,0.016072655,0.9709294,0.105788656,-0.04920889,0.96430147,0.09316485,0.07626146,0.9402446,0.024611803,-0.071519054,0.92633784,-0.006026678,-0.005250971764326096,0.27200642228126526,-0.01469988003373146
