frame,Ankle.R_x,Ankle.R_y,Ankle.R_z,Knee.R_x,Knee.R_y,Knee.R_z,Hip.R_x,Hip.R_y,Hip.R_z,Hip.L_x,Hip.L_y,Hip.L_z,Knee.L_x,Knee.L_y,Knee.L_z,Ankle.L_x,Ankle.L_y,Ankle.L_z,Wrist.R_x,Wrist.R_y,Wrist.R_z,Elbow.R_x,Elbow.R_y,Elbow.R_z,Shoulder.R_x,Shoulder.R_y,Shoulder.R_z,Shoulder.L_x,Shoulder.L_y,Shoulder.L_z,Elbow.L_x,Elbow.L_y,Elbow.L_z,Wrist.L_x,Wrist.L_y,Wrist.L_z,Neck_x,Neck_y,Neck_z,Head_x,Head_y,Head_z,Nose_x,Nose_y,Nose_z,Eye.L_x,Eye.L_y,Eye.L_z,Eye.R_x,Eye.R_y,Eye.R_z,Ear.L_x,Ear.L_y,Ear.L_z,Ear.R_x,Ear.R_y,Ear.R_z,hip.Center_x,hip.Center_y,hip.Center_z
0,-0.12135629,-0.5326521,-0.18670473,-0.09999818,-0.15811378,0.037963197,-0.12690799,0.26416287,-0.019147748,0.11319654,0.27701,-0.012303066,0.13212912,-0.15006089,-0.006620543,0.19069429,-0.48768127,-0.28610778,-0.19951259,1.217548,0.17162623,-0.2630701,0.96573365,0.11379595,-0.15562241,0.7625507,-0.012919883,0.07609181,0.78720754,0.016134841,0.094624445,1.0026261,0.15616809,-0.015802698,1.2345282,0.22646846,-0.03950353,0.79652774,0.002214796,-0.05784845,1.0017374,0.0058799665,-0.053517416,0.9345461,0.14710517,-0.023061331,0.96936166,0.10506247,-0.089147575,0.96159744,0.102234736,0.025183536,0.9371971,0.017523222,-0.12472609,0.92083013,0.008084992,-0.00685572624206543,0.27058643102645874,-0.015725407749414444
