frame,Ankle.R_x,Ankle.R_y,Ankle.R_z,Knee.R_x,Knee.R_y,Knee.R_z,Hip.R_x,Hip.R_y,Hip.R_z,Hip.L_x,Hip.L_y,Hip.L_z,Knee.L_x,Knee.L_y,Knee.L_z,Ankle.L_x,Ankle.L_y,Ankle.L_z,Wrist.R_x,Wrist.R_y,Wrist.R_z,Elbow.R_x,Elbow.R_y,Elbow.R_z,Shoulder.R_x,Shoulder.R_y,Shoulder.R_z,Shoulder.L_x,Shoulder.L_y,Shoulder.L_z,Elbow.L_x,Elbow.L_y,Elbow.L_z,Wrist.L_x,Wrist.L_y,Wrist.L_z,Neck_x,Neck_y,Neck_z,Head_x,Head_y,Head_z,Nose_x,Nose_y,Nose_z,Eye.L_x,Eye.L_y,Eye.L_z,Eye.R_x,Eye.R_y,Eye.R_z,Ear.L_x,Ear.L_y,Ear.L_z,Ear.R_x,Ear.R_y,Ear.R_z,hip.Center_x,hip.Center_y,hip.Center_z
0,-0.10309349,-0.48278955,-0.045582093,-0.15739825,-0.10511262,0.15337011,-0.12317704,0.29170853,-0.02277255,0.1120952,0.2444266,-0.022976745,0.09632623,-0.13167393,0.13972,0.1419528,-0.558661,0.04729388,0.31216133,1.1141154,0.18176763,0.1062309,1.0099177,0.06294657,0.13186881,0.7588451,-0.02177573,0.31564018,0.63617504,-0.018105632,0.554806,0.7368772,0.0152470255,0.6548937,0.95763624,0.11123382,0.23539683,0.7045339,0.0006164266,0.3644381,0.8406781,0.08581356,0.32303578,0.71914756,0.17384252,0.36728373,0.74479926,0.13969499,0.31617194,0.780262,0.16340148,0.37451813,0.75097,0.037241153,0.2574535,0.83176,0.08770022,-0.005540918558835983,0.2680675685405731,-0.02287464775145054
