frame,Ankle.R_x,Ankle.R_y,Ankle.R_z,Knee.R_x,Knee.R_y,Knee.R_z,Hip.R_x,Hip.R_y,Hip.R_z,Hip.L_x,Hip.L_y,Hip.L_z,Knee.L_x,Knee.L_y,Knee.L_z,Ankle.L_x,Ankle.L_y,Ankle.L_z,Wrist.R_x,Wrist.R_y,Wrist.R_z,Elbow.R_x,Elbow.R_y,Elbow.R_z,Shoulder.R_x,Shoulder.R_y,Shoulder.R_z,Shoulder.L_x,Shoulder.L_y,Shoulder.L_z,Elbow.L_x,Elbow.L_y,Elbow.L_z,Wrist.L_x,Wrist.L_y,Wrist.L_z,Neck_x,Neck_y,Neck_z,Head_x,Head_y,Head_z,Nose_x,Nose_y,Nose_z,Eye.L_x,Eye.L_y,Eye.L_z,Eye.R_x,Eye.R_y,Eye.R_z,Ear.L_x,Ear.L_y,Ear.L_z,Ear.R_x,Ear.R_y,Ear.R_z,hip.Center_x,hip.Center_y,hip.Center_z
0,-0.12307296,-0.52256286,-0.20875883,-0.10080387,-0.15821065,0.03011677,-0.12688622,0.26552933,-0.017222729,0.11325829,0.2761495,-0.013553818,0.13011065,-0.14978297,-0.008717336,0.18670899,-0.4891679,-0.28478873,-0.1915922,1.2120254,0.19415033,-0.25377128,0.96014833,0.13750663,-0.14970502,0.7622961,0.0005505647,0.08607292,0.7837901,0.025079884,0.11454823,0.99555534,0.16825618,0.019000983,1.2313375,0.24557216,-0.031106748,0.79614526,0.011943411,-0.046995867,1.0016193,0.01206569,-0.040202376,0.93702745,0.15426172,-0.010278047,0.9707651,0.11093062,-0.076504365,0.96370053,0.10980024,0.035572845,0.9364177,0.022888131,-0.11457841,0.9216838,0.017259538,-0.006813965737819672,0.2708394229412079,-0.01538827270269394
