frame,Ankle.R_x,Ankle.R_y,Ankle.R_z,Knee.R_x,Knee.R_y,Knee.R_z,Hip.R_x,Hip.R_y,Hip.R_z,Hip.L_x,Hip.L_y,Hip.L_z,Knee.L_x,Knee.L_y,Knee.L_z,Ankle.L_x,Ankle.L_y,Ankle.L_z,Wrist.R_x,Wrist.R_y,Wrist.R_z,Elbow.R_x,Elbow.R_y,Elbow.R_z,Shoulder.R_x,Shoulder.R_y,Shoulder.R_z,Shoulder.L_x,Shoulder.L_y,Shoulder.L_z,Elbow.L_x,Elbow.L_y,Elbow.L_z,Wrist.L_x,Wrist.L_y,Wrist.L_z,Neck_x,Neck_y,Neck_z,Head_x,Head_y,Head_z,Nose_x,Nose_y,Nose_z,Eye.L_x,Eye.L_y,Eye.L_z,Eye.R_x,Eye.R_y,Eye.R_z,Ear.L_x,Ear.L_y,Ear.L_z,Ear.R_x,Ear.R_y,Ear.R_z,hip.Center_x,hip.Center_y,hip.Center_z
0,-0.14309648,-0.47480786,-0.12083247,-0.15976183,-0.116211936,0.111200295,-0.1235117,0.2897105,-0.029127719,0.11294791,0.25214645,-0.012831189,0.08571435,-0.13666265,0.11884997,0.12018993,-0.5429358,-0.032484975,0.2037448,1.1774607,0.07462546,0.0067520523,1.0321963,-0.005302674,0.06920241,0.7774384,-0.041383795,0.27299935,0.68548554,0.003858862,0.4698071,0.83537674,0.08187994,0.50414336,1.0856234,0.14038195,0.1792768,0.74735296,-0.0024890434,0.27540153,0.92387265,0.039009426,0.23509149,0.8408559,0.16500112,0.28113824,0.8592202,0.12819208,0.2226286,0.89082646,0.12923798,0.3057328,0.8248513,0.03318765,0.17273858,0.8963028,0.032877043,-0.005281895399093628,0.2709284722805023,-0.02097945287823677
