frame,Ankle.R_x,Ankle.R_y,Ankle.R_z,Knee.R_x,Knee.R_y,Knee.R_z,Hip.R_x,Hip.R_y,Hip.R_z,Hip.L_x,Hip.L_y,Hip.L_z,Knee.L_x,Knee.L_y,Knee.L_z,Ankle.L_x,Ankle.L_y,Ankle.L_z,Wrist.R_x,Wrist.R_y,Wrist.R_z,Elbow.R_x,Elbow.R_y,Elbow.R_z,Shoulder.R_x,Shoulder.R_y,Shoulder.R_z,Shoulder.L_x,Shoulder.L_y,Shoulder.L_z,Elbow.L_x,Elbow.L_y,Elbow.L_z,Wrist.L_x,Wrist.L_y,Wrist.L_z,Neck_x,Neck_y,Neck_z,Head_x,Head_y,Head_z,Nose_x,Nose_y,Nose_z,Eye.L_x,Eye.L_y,Eye.L_z,Eye.R_x,Eye.R_y,Eye.R_z,Ear.L_x,Ear.L_y,Ear.L_z,Ear.R_x,Ear.R_y,Ear.R_z,hip.Center_x,hip.Center_y,hip.Center_z
0,-0.12858002,-0.470833,-0.11686497,-0.15422074,-0.11479703,0.11827668,-0.12422364,0.2916644,-0.025768377,0.11333933,0.25354815,-0.016950795,0.0877482,-0.13382643,0.12112695,0.12594704,-0.53527874,-0.04207561,0.204304,1.1693072,0.10622294,0.0020618066,1.0315871,0.025992908,0.072187334,0.78021526,-0.026847858,0.280666,0.68257296,0.0025284276,0.4875039,0.8274476,0.06467414,0.51711947,1.0797179,0.11656078,0.18619972,0.7466809,0.0048276903,0.28540185,0.9214669,0.054820836,0.24871199,0.8295406,0.17573915,0.2937709,0.85057235,0.1389218,0.23516375,0.88187444,0.14381945,0.3159045,0.82295513,0.040864076,0.18233725,0.8940497,0.04933642,-0.0054421573877334595,0.2726062536239624,-0.021359585225582123
