frame,Ankle.R_x,Ankle.R_y,Ankle.R_z,Knee.R_x,Knee.R_y,Knee.R_z,Hip.R_x,Hip.R_y,Hip.R_z,Hip.L_x,Hip.L_y,Hip.L_z,Knee.L_x,Knee.L_y,Knee.L_z,Ankle.L_x,Ankle.L_y,Ankle.L_z,Wrist.R_x,Wrist.R_y,Wrist.R_z,Elbow.R_x,Elbow.R_y,Elbow.R_z,Shoulder.R_x,Shoulder.R_y,Shoulder.R_z,Shoulder.L_x,Shoulder.L_y,Shoulder.L_z,Elbow.L_x,Elbow.L_y,Elbow.L_z,Wrist.L_x,Wrist.L_y,Wrist.L_z,Neck_x,Neck_y,Neck_z,Head_x,Head_y,Head_z,Nose_x,Nose_y,Nose_z,Eye.L_x,Eye.L_y,Eye.L_z,Eye.R_x,Eye.R_y,Eye.R_z,Ear.L_x,Ear.L_y,Ear.L_z,Ear.R_x,Ear.R_y,Ear.R_z,hip.Center_x,hip.Center_y,hip.Center_z
0,-0.14225802,-0.56753683,-0.19065759,-0.107773446,-0.17556253,0.009421723,-0.12332033,0.24127226,-0.0325787,0.11107776,0.2789349,0.0048787035,0.1433058,-0.15370187,-0.000542452,0.20132588,-0.5278672,-0.23475373,-0.51925886,1.0639336,0.004860435,-0.48178408,0.8184056,-0.08264119,-0.25361603,0.6832461,-0.086426556,-0.06534756,0.77939457,-0.019699764,-0.07900137,1.0059031,0.10798609,-0.30040503,1.1286546,0.16847391,-0.17142205,0.746946,-0.04082635,-0.27162522,0.9234021,-0.016516427,-0.2604337,0.8342592,0.11125122,-0.24186532,0.8859608,0.08303057,-0.29728088,0.8548939,0.06435476,-0.17380163,0.89374065,0.0055958256,-0.2988785,0.82604194,-0.03853616,-0.006121285259723663,0.26010358333587646,-0.013849997892975807
