frame,Ankle.R_x,Ankle.R_y,Ankle.R_z,Knee.R_x,Knee.R_y,Knee.R_z,Hip.R_x,Hip.R_y,Hip.R_z,Hip.L_x,Hip.L_y,Hip.L_z,Knee.L_x,Knee.L_y,Knee.L_z,Ankle.L_x,Ankle.L_y,Ankle.L_z,Wrist.R_x,Wrist.R_y,Wrist.R_z,Elbow.R_x,Elbow.R_y,Elbow.R_z,Shoulder.R_x,Shoulder.R_y,Shoulder.R_z,Shoulder.L_x,Shoulder.L_y,Shoulder.L_z,Elbow.L_x,Elbow.L_y,Elbow.L_z,Wrist.L_x,Wrist.L_y,Wrist.L_z,Neck_x,Neck_y,Neck_z,Head_x,Head_y,Head_z,Nose_x,Nose_y,Nose_z,Eye.L_x,Eye.L_y,Eye.L_z,Eye.R_x,Eye.R_y,Eye.R_z,Ear.L_x,Ear.L_y,Ear.L_z,Ear.R_x,Ear.R_y,Ear.R_z,hip.Center_x,hip.Center_y,hip.Center_z
0,-0.055908434,-0.4566287,-0.11001731,-0.13188724,-0.1192924,0.14459215,-0.12515852,0.29153746,-0.012837118,0.112170696,0.24599428,-0.03441763,0.112907656,-0.1193733,0.15164815,0.19413957,-0.5270227,0.0060607702,0.395221,1.0175922,0.31727225,0.16138719,0.93818057,0.23237732,0.14898215,0.74433357,0.047485776,0.33288008,0.60647345,-0.009895913,0.59031296,0.6577591,-0.0014296288,0.7585578,0.811934,0.12727027,0.2577334,0.6802278,0.03369318,0.41674498,0.7778476,0.12752561,0.36657608,0.64326286,0.18470721,0.41051403,0.67165256,0.1522727,0.36847967,0.7049912,0.19205281,0.40725577,0.7062534,0.055633336,0.3101407,0.78268933,0.14262632,-0.006493911147117615,0.2687658667564392,-0.023627374321222305
