frame,Ankle.R_x,Ankle.R_y,Ankle.R_z,Knee.R_x,Knee.R_y,Knee.R_z,Hip.R_x,Hip.R_y,Hip.R_z,Hip.L_x,Hip.L_y,Hip.L_z,Knee.L_x,Knee.L_y,Knee.L_z,Ankle.L_x,Ankle.L_y,Ankle.L_z,Wrist.R_x,Wrist.R_y,Wrist.R_z,Elbow.R_x,Elbow.R_y,Elbow.R_z,Shoulder.R_x,Shoulder.R_y,Shoulder.R_z,Shoulder.L_x,Shoulder.L_y,Shoulder.L_z,Elbow.L_x,Elbow.L_y,Elbow.L_z,Wrist.L_x,Wrist.L_y,Wrist.L_z,Neck_x,Neck_y,Neck_z,Head_x,Head_y,Head_z,Nose_x,Nose_y,Nose_z,Eye.L_x,Eye.L_y,Eye.L_z,Eye.R_x,Eye.R_y,Eye.R_z,Ear.L_x,Ear.L_y,Ear.L_z,Ear.R_x,Ear.R_y,Ear.R_z,hip.Center_x,hip.Center_y,hip.Center_z
0,-0.06156407,-0.45154905,-0.0908051,-0.12639011,-0.11198208,0.16172317,-0.12522624,0.29041842,-0.013848741,0.11180149,0.24540374,-0.035263717,0.112017386,-0.111102074,0.16407947,0.19121824,-0.5283989,0.050853718,0.41138306,1.0164928,0.2953441,0.17365411,0.9394001,0.22076847,0.14851968,0.74345714,0.0416092,0.33024737,0.6074323,-0.012372668,0.5845471,0.66770446,0.0012848955,0.7476835,0.8360899,0.11772013,0.25487614,0.67991126,0.029822519,0.40975884,0.78068143,0.12563896,0.35967046,0.6470239,0.1847071,0.40416387,0.67508173,0.15294537,0.36047825,0.70888114,0.19039989,0.40361878,0.70700985,0.055339098,0.30290526,0.78433704,0.13730223,-0.006712377071380615,0.26791107654571533,-0.024556228891015053
