frame,Ankle.R_x,Ankle.R_y,Ankle.R_z,Knee.R_x,Knee.R_y,Knee.R_z,Hip.R_x,Hip.R_y,Hip.R_z,Hip.L_x,Hip.L_y,Hip.L_z,Knee.L_x,Knee.L_y,Knee.L_z,Ankle.L_x,Ankle.L_y,Ankle.L_z,Wrist.R_x,Wrist.R_y,Wrist.R_z,Elbow.R_x,Elbow.R_y,Elbow.R_z,Shoulder.R_x,Shoulder.R_y,Shoulder.R_z,Shoulder.L_x,Shoulder.L_y,Shoulder.L_z,Elbow.L_x,Elbow.L_y,Elbow.L_z,Wrist.L_x,Wrist.L_y,Wrist.L_z,Neck_x,Neck_y,Neck_z,Head_x,Head_y,Head_z,Nose_x,Nose_y,Nose_z,Eye.L_x,Eye.L_y,Eye.L_z,Eye.R_x,Eye.R_y,Eye.R_z,Ear.L_x,Ear.L_y,Ear.L_z,Ear.R_x,Ear.R_y,Ear.R_z,hip.Center_x,hip.Center_y,hip.Center_z
0,-0.11555948,-0.5694229,-0.15560746,-0.10240285,-0.16904217,0.03061035,-0.12502082,0.24858257,-0.02263184,0.111952975,0.28450543,-0.007760915,0.15977387,-0.14596549,-0.01827969,0.21841316,-0.4965394,-0.2884828,-0.4403318,1.1359494,0.05544835,-0.44299316,0.8790726,-0.012018983,-0.24315754,0.71322656,-0.06928441,-0.035171922,0.79503983,-0.03536955,-0.018705156,1.0281466,0.08233695,-0.21877861,1.179385,0.16197771,-0.14649822,0.7720233,-0.041996323,-0.22039543,0.9623498,-0.028753415,-0.19986069,0.8909238,0.10979522,-0.17970808,0.93492603,0.07048363,-0.2410046,0.90983653,0.06500594,-0.12362388,0.9218285,-0.016353937,-0.26310933,0.8664974,-0.031725153,-0.006533920764923096,0.266543984413147,-0.015196377411484718
