frame,Ankle.R_x,Ankle.R_y,Ankle.R_z,Knee.R_x,Knee.R_y,Knee.R_z,Hip.R_x,Hip.R_y,Hip.R_z,Hip.L_x,Hip.L_y,Hip.L_z,Knee.L_x,Knee.L_y,Knee.L_z,Ankle.L_x,Ankle.L_y,Ankle.L_z,Wrist.R_x,Wrist.R_y,Wrist.R_z,Elbow.R_x,Elbow.R_y,Elbow.R_z,Shoulder.R_x,Shoulder.R_y,Shoulder.R_z,Shoulder.L_x,Shoulder.L_y,Shoulder.L_z,Elbow.L_x,Elbow.L_y,Elbow.L_z,Wrist.L_x,Wrist.L_y,Wrist.L_z,Neck_x,Neck_y,Neck_z,Head_x,Head_y,Head_z,Nose_x,Nose_y,Nose_z,Eye.L_x,Eye.L_y,Eye.L_z,Eye.R_x,Eye.R_y,Eye.R_z,Ear.L_x,Ear.L_y,Ear.L_z,Ear.R_x,Ear.R_y,Ear.R_z,hip.Center_x,hip.Center_y,hip.Center_z
0,-0.13471575,-0.45907488,-0.19482668,-0.12843028,-0.13373248,0.08801351,-0.124964565,0.28836155,-0.017767854,0.11267461,0.26107824,-0.017021997,0.094710626,-0.15380234,0.03434577,0.113776684,-0.5345853,-0.18232423,0.1574438,1.241673,0.025803708,-0.02090743,1.0526035,0.0013957797,0.029627409,0.7974585,-0.045970917,0.24147254,0.72536975,-0.0040352917,0.39655703,0.91022176,0.09109025,0.4082993,1.1709445,0.12261204,0.14285234,0.777455,-0.01216825,0.22597484,0.96523714,0.024069434,0.20450893,0.8778763,0.15269181,0.24523257,0.90043473,0.11115143,0.18455262,0.92716074,0.11843068,0.26364937,0.86827374,0.013284354,0.12487537,0.9289961,0.026385,-0.006144978106021881,0.27471989393234253,-0.01739492639899254
