frame,Ankle.R_x,Ankle.R_y,Ankle.R_z,Knee.R_x,Knee.R_y,Knee.R_z,Hip.R_x,Hip.R_y,Hip.R_z,Hip.L_x,Hip.L_y,Hip.L_z,Knee.L_x,Knee.L_y,Knee.L_z,Ankle.L_x,Ankle.L_y,Ankle.L_z,Wrist.R_x,Wrist.R_y,Wrist.R_z,Elbow.R_x,Elbow.R_y,Elbow.R_z,Shoulder.R_x,Shoulder.R_y,Shoulder.R_z,Shoulder.L_x,Shoulder.L_y,Shoulder.L_z,Elbow.L_x,Elbow.L_y,Elbow.L_z,Wrist.L_x,Wrist.L_y,Wrist.L_z,Neck_x,Neck_y,Neck_z,Head_x,Head_y,Head_z,Nose_x,Nose_y,Nose_z,Eye.L_x,Eye.L_y,Eye.L_z,Eye.R_x,Eye.R_y,Eye.R_z,Ear.L_x,Ear.L_y,Ear.L_z,Ear.R_x,Ear.R_y,Ear.R_z,hip.Center_x,hip.Center_y,hip.Center_z
0,-0.07348552,-0.4447354,-0.03523709,-0.12361893,-0.09054084,0.19743161,-0.12498489,0.291585,-0.014166857,0.11095631,0.2438124,-0.03833871,0.12238287,-0.09692574,0.18159309,0.19705558,-0.520091,0.09344113,0.39077985,1.037738,0.2325521,0.15582928,0.97090155,0.14654796,0.15567255,0.7440222,0.006520056,0.33403647,0.60423785,-0.028874122,0.5870421,0.67040765,-0.026292304,0.7423339,0.85237855,0.07721195,0.26074183,0.6781682,0.006337158,0.41592523,0.78609395,0.09030991,0.372074,0.6553456,0.16080958,0.4141247,0.68219376,0.12497687,0.3717123,0.71748376,0.16255124,0.40773976,0.7075243,0.025890924,0.30956507,0.7883428,0.10796153,-0.007014289498329163,0.2676987051963806,-0.026252783834934235
