frame,Ankle.R_x,Ankle.R_y,Ankle.R_z,Knee.R_x,Knee.R_y,Knee.R_z,Hip.R_x,Hip.R_y,Hip.R_z,Hip.L_x,Hip.L_y,Hip.L_z,Knee.L_x,Knee.L_y,Knee.L_z,Ankle.L_x,Ankle.L_y,Ankle.L_z,Wrist.R_x,Wrist.R_y,Wrist.R_z,Elbow.R_x,Elbow.R_y,Elbow.R_z,Shoulder.R_x,Shoulder.R_y,Shoulder.R_z,Shoulder.L_x,Shoulder.L_y,Shoulder.L_z,Elbow.L_x,Elbow.L_y,Elbow.L_z,Wrist.L_x,Wrist.L_y,Wrist.L_z,Neck_x,Neck_y,Neck_z,Head_x,Head_y,Head_z,Nose_x,Nose_y,Nose_z,Eye.L_x,Eye.L_y,Eye.L_z,Eye.R_x,Eye.R_y,Eye.R_z,Ear.L_x,Ear.L_y,Ear.L_z,Ear.R_x,Ear.R_y,Ear.R_z,hip.Center_x,hip.Center_y,hip.Center_z
0,-0.103939794,-0.47363883,-0.13471307,-0.15843262,-0.12145337,0.10117172,-0.12304391,0.29227805,-0.023850005,0.111594856,0.24853255,-0.016800614,0.093602605,-0.13747941,0.11519033,0.14714952,-0.54516745,-0.028367337,0.31361878,1.1167343,0.11961302,0.08541457,1.0233816,0.04763942,0.11315204,0.7687333,-0.02099425,0.30548412,0.6538005,-0.0036752908,0.5323428,0.7726213,0.04314482,0.59307873,1.0139619,0.11344077,0.21986037,0.7232774,0.0059308913,0.33478802,0.883439,0.06350012,0.294735,0.7862562,0.17895311,0.34000745,0.806084,0.14196752,0.2845896,0.8416482,0.15155119,0.35589,0.784479,0.041696012,0.22970141,0.86516273,0.06066866,-0.005724526941776276,0.27040529251098633,-0.02032531052827835
