frame,Ankle.R_x,Ankle.R_y,Ankle.R_z,Knee.R_x,Knee.R_y,Knee.R_z,Hip.R_x,Hip.R_y,Hip.R_z,Hip.L_x,Hip.L_y,Hip.L_z,Knee.L_x,Knee.L_y,Knee.L_z,Ankle.L_x,Ankle.L_y,Ankle.L_z,Wrist.R_x,Wrist.R_y,Wrist.R_z,Elbow.R_x,Elbow.R_y,Elbow.R_z,Shoulder.R_x,Shoulder.R_y,Shoulder.R_z,Shoulder.L_x,Shoulder.L_y,Shoulder.L_z,Elbow.L_x,Elbow.L_y,Elbow.L_z,Wrist.L_x,Wrist.L_y,Wrist.L_z,Neck_x,Neck_y,Neck_z,Head_x,Head_y,Head_z,Nose_x,Nose_y,Nose_z,Eye.L_x,Eye.L_y,Eye.L_z,Eye.R_x,Eye.R_y,Eye.R_z,Ear.L_x,Ear.L_y,Ear.L_z,Ear.R_x,Ear.R_y,Ear.R_z,hip.Center_x,hip.Center_y,hip.Center_z
0,-0.13782959,-0.47303665,-0.26727852,-0.11952927,-0.14963773,0.022492068,-0.12490976,0.27999184,-0.031613268,0.11325285,0.27052948,-7.0932438e-06,0.06617322,-0.15290281,0.027895737,0.08428015,-0.5254925,-0.20174436,-0.08557165,1.2532179,0.14582042,-0.17457896,1.0113292,0.08115376,-0.09560947,0.7890205,-0.033111207,0.12951045,0.7881116,0.016564064,0.1534016,1.0082214,0.14862809,0.052620832,1.2499535,0.19522803,0.0184945,0.80834717,-0.006636945,0.014400422,1.0167576,0.00080392184,0.0033297949,0.9468378,0.14092374,0.039501604,0.98011845,0.101507336,-0.02683181,0.97691333,0.09356463,0.092521586,0.946185,0.016508557,-0.05839365,0.9396145,-0.0040727146,-0.005828455090522766,0.27526065707206726,-0.015810180455446243
