frame,Ankle.R_x,Ankle.R_y,Ankle.R_z,Knee.R_x,Knee.R_y,Knee.R_z,Hip.R_x,Hip.R_y,Hip.R_z,Hip.L_x,Hip.L_y,Hip.L_z,Knee.L_x,Knee.L_y,Knee.L_z,Ankle.L_x,Ankle.L_y,Ankle.L_z,Wrist.R_x,Wrist.R_y,Wrist.R_z,Elbow.R_x,Elbow.R_y,Elbow.R_z,Shoulder.R_x,Shoulder.R_y,Shoulder.R_z,Shoulder.L_x,Shoulder.L_y,Shoulder.L_z,Elbow.L_x,Elbow.L_y,Elbow.L_z,Wrist.L_x,Wrist.L_y,Wrist.L_z,Neck_x,Neck_y,Neck_z,Head_x,Head_y,Head_z,Nose_x,Nose_y,Nose_z,Eye.L_x,Eye.L_y,Eye.L_z,Eye.R_x,Eye.R_y,Eye.R_z,Ear.L_x,Ear.L_y,Ear.L_z,Ear.R_x,Ear.R_y,Ear.R_z,hip.Center_x,hip.Center_y,hip.Center_z
0,-0.1161232,-0.539776,-0.20693046,-0.11270383,-0.16125925,0.017982442,-0.12630498,0.26061645,-0.021311102,0.112642914,0.28457758,-0.008668876,0.15333323,-0.14295547,-0.039219905,0.20638815,-0.4856377,-0.3187898,-0.3264402,1.1765227,0.10456236,-0.38564625,0.92383367,0.047228817,-0.21317738,0.7422537,-0.042098697,0.0065069757,0.808383,-0.007622779,0.027905736,1.0386802,0.11543837,-0.15491955,1.2128819,0.19467635,-0.107937746,0.795014,-0.016410809,-0.16583878,0.99482703,-0.00020482903,-0.14335105,0.9219917,0.13772883,-0.121598125,0.96396005,0.09642691,-0.18534546,0.94433606,0.09504443,-0.071579896,0.94565934,0.0059702545,-0.21753067,0.9021808,-0.00063457526,-0.006831035017967224,0.2725970149040222,-0.014989988878369331
