frame,Ankle.R_x,Ankle.R_y,Ankle.R_z,Knee.R_x,Knee.R_y,Knee.R_z,Hip.R_x,Hip.R_y,Hip.R_z,Hip.L_x,Hip.L_y,Hip.L_z,Knee.L_x,Knee.L_y,Knee.L_z,Ankle.L_x,Ankle.L_y,Ankle.L_z,Wrist.R_x,Wrist.R_y,Wrist.R_z,Elbow.R_x,Elbow.R_y,Elbow.R_z,Shoulder.R_x,Shoulder.R_y,Shoulder.R_z,Shoulder.L_x,Shoulder.L_y,Shoulder.L_z,Elbow.L_x,Elbow.L_y,Elbow.L_z,Wrist.L_x,Wrist.L_y,Wrist.L_z,Neck_x,Neck_y,Neck_z,Head_x,Head_y,Head_z,Nose_x,Nose_y,Nose_z,Eye.L_x,Eye.L_y,Eye.L_z,Eye.R_x,Eye.R_y,Eye.R_z,Ear.L_x,Ear.L_y,Ear.L_z,Ear.R_x,Ear.R_y,Ear.R_z,hip.Center_x,hip.Center_y,hip.Center_z
0,-0.15315743,-0.5264586,-0.19804513,-0.11365706,-0.15610716,0.034008216,-0.1266046,0.2709126,-0.016205546,0.114491075,0.27369097,-0.015918385,0.12057804,-0.1545613,0.0024777083,0.15608163,-0.490536,-0.28423786,-0.12650168,1.2263266,0.19928029,-0.21079615,0.98044187,0.13829613,-0.12697859,0.7743717,-0.002445065,0.10651201,0.7827985,0.020151794,0.13686985,0.99145836,0.1702563,0.035384662,1.2281494,0.24133767,-0.008928352,0.79963386,0.009813699,-0.016189925,1.0063497,0.027977614,-0.012933724,0.9282315,0.16346878,0.018645294,0.9646242,0.123465374,-0.04787082,0.96027637,0.121247604,0.06401396,0.9371692,0.032515343,-0.087104075,0.9283468,0.025079722,-0.006056763231754303,0.2723017930984497,-0.016061965376138687
