frame,Ankle.R_x,Ankle.R_y,Ankle.R_z,Knee.R_x,Knee.R_y,Knee.R_z,Hip.R_x,Hip.R_y,Hip.R_z,Hip.L_x,Hip.L_y,Hip.L_z,Knee.L_x,Knee.L_y,Knee.L_z,Ankle.L_x,Ankle.L_y,Ankle.L_z,Wrist.R_x,Wrist.R_y,Wrist.R_z,Elbow.R_x,Elbow.R_y,Elbow.R_z,Shoulder.R_x,Shoulder.R_y,Shoulder.R_z,Shoulder.L_x,Shoulder.L_y,Shoulder.L_z,Elbow.L_x,Elbow.L_y,Elbow.L_z,Wrist.L_x,Wrist.L_y,Wrist.L_z,Neck_x,Neck_y,Neck_z,Head_x,Head_y,Head_z,Nose_x,Nose_y,Nose_z,Eye.L_x,Eye.L_y,Eye.L_z,Eye.R_x,Eye.R_y,Eye.R_z,Ear.L_x,Ear.L_y,Ear.L_z,Ear.R_x,Ear.R_y,Ear.R_z,hip.Center_x,hip.Center_y,hip.Center_z
0,-0.080470935,-0.4777571,-0.10876611,-0.13165995,-0.123897016,0.13155198,-0.124060184,0.2915545,-0.010580505,0.111405484,0.24534957,-0.0335253,0.10781472,-0.13076398,0.1282272,0.16290057,-0.55361414,0.019559085,0.43791762,0.9947429,0.25771436,0.18985152,0.9592079,0.18550365,0.14603049,0.7518139,0.024436869,0.32493082,0.62216467,-0.020349644,0.57025063,0.7111838,-0.0025275953,0.6735479,0.9174434,0.119113475,0.24859178,0.691908,0.018536802,0.38939437,0.8100722,0.11618673,0.34310016,0.6791145,0.18515036,0.38835546,0.70737493,0.15455154,0.33900213,0.7412577,0.18381652,0.3953697,0.7285249,0.05378005,0.2823181,0.8059967,0.1176689,-0.006327349692583084,0.2684520483016968,-0.022052902728319168
