frame,Ankle.R_x,Ankle.R_y,Ankle.R_z,Knee.R_x,Knee.R_y,Knee.R_z,Hip.R_x,Hip.R_y,Hip.R_z,Hip.L_x,Hip.L_y,Hip.L_z,Knee.L_x,Knee.L_y,Knee.L_z,Ankle.L_x,Ankle.L_y,Ankle.L_z,Wrist.R_x,Wrist.R_y,Wrist.R_z,Elbow.R_x,Elbow.R_y,Elbow.R_z,Shoulder.R_x,Shoulder.R_y,Shoulder.R_z,Shoulder.L_x,Shoulder.L_y,Shoulder.L_z,Elbow.L_x,Elbow.L_y,Elbow.L_z,Wrist.L_x,Wrist.L_y,Wrist.L_z,Neck_x,Neck_y,Neck_z,Head_x,Head_y,Head_z,Nose_x,Nose_y,Nose_z,Eye.L_x,Eye.L_y,Eye.L_z,Eye.R_x,Eye.R_y,Eye.R_z,Ear.L_x,Ear.L_y,Ear.L_z,Ear.R_x,Ear.R_y,Ear.R_z,hip.Center_x,hip.Center_y,hip.Center_z
0,-0.11912577,-0.4544426,-0.23283972,-0.12384307,-0.1410364,0.06088112,-0.12512499,0.28282407,-0.028002435,0.113563076,0.26648653,-0.007548201,0.07186017,-0.14700834,0.0684371,0.10613723,-0.51005244,-0.1682686,-0.04026938,1.2465467,0.17964627,-0.13090304,1.0127256,0.099302426,-0.04774107,0.7907159,-0.01467273,0.18451665,0.75498116,0.0223938,0.27301145,0.9601084,0.14895608,0.23724084,1.2152796,0.20640671,0.07427194,0.79435754,0.005016595,0.107219204,0.9979216,0.006553702,0.095305875,0.93372416,0.14861685,0.13344307,0.9592254,0.10584405,0.06731652,0.96803993,0.1033527,0.17170271,0.9152851,0.018123731,0.021739751,0.93569946,0.010077538,-0.005780957639217377,0.274655282497406,-0.017775317654013634
