frame,Ankle.R_x,Ankle.R_y,Ankle.R_z,Knee.R_x,Knee.R_y,Knee.R_z,Hip.R_x,Hip.R_y,Hip.R_z,Hip.L_x,Hip.L_y,Hip.L_z,Knee.L_x,Knee.L_y,Knee.L_z,Ankle.L_x,Ankle.L_y,Ankle.L_z,Wrist.R_x,Wrist.R_y,Wrist.R_z,Elbow.R_x,Elbow.R_y,Elbow.R_z,Shoulder.R_x,Shoulder.R_y,Shoulder.R_z,Shoulder.L_x,Shoulder.L_y,Shoulder.L_z,Elbow.L_x,Elbow.L_y,Elbow.L_z,Wrist.L_x,Wrist.L_y,Wrist.L_z,Neck_x,Neck_y,Neck_z,Head_x,Head_y,Head_z,Nose_x,Nose_y,Nose_z,Eye.L_x,Eye.L_y,Eye.L_z,Eye.R_x,Eye.R_y,Eye.R_z,Ear.L_x,Ear.L_y,Ear.L_z,Ear.R_x,Ear.R_y,Ear.R_z,hip.Center_x,hip.Center_y,hip.Center_z
0,-0.10281891,-0.5531655,-0.19332616,-0.10712697,-0.16533805,0.01719264,-0.12578478,0.25639474,-0.024908666,0.11224323,0.28466743,-0.0054914583,0.15151452,-0.14623152,-0.011067757,0.21493705,-0.49265122,-0.28453815,-0.4228364,1.1517099,0.087166674,-0.41807052,0.89619184,0.012757911,-0.22271538,0.7314877,-0.064138584,-0.007865351,0.8045998,-0.030985478,0.013455721,1.0391941,0.08350712,-0.17681924,1.2022066,0.16783069,-0.120775595,0.78718543,-0.03825461,-0.18719716,0.9830033,-0.024406353,-0.16935432,0.9097825,0.11399715,-0.14745702,0.95342684,0.074693665,-0.20971064,0.93034214,0.06891723,-0.09118389,0.93911016,-0.01255222,-0.23322847,0.8880379,-0.028647006,-0.006770778447389603,0.2705310881137848,-0.015200061723589897
