frame,Ankle.R_x,Ankle.R_y,Ankle.R_z,Knee.R_x,Knee.R_y,Knee.R_z,Hip.R_x,Hip.R_y,Hip.R_z,Hip.L_x,Hip.L_y,Hip.L_z,Knee.L_x,Knee.L_y,Knee.L_z,Ankle.L_x,Ankle.L_y,Ankle.L_z,Wrist.R_x,Wrist.R_y,Wrist.R_z,Elbow.R_x,Elbow.R_y,Elbow.R_z,Shoulder.R_x,Shoulder.R_y,Shoulder.R_z,Shoulder.L_x,Shoulder.L_y,Shoulder.L_z,Elbow.L_x,Elbow.L_y,Elbow.L_z,Wrist.L_x,Wrist.L_y,Wrist.L_z,Neck_x,Neck_y,Neck_z,Head_x,Head_y,Head_z,Nose_x,Nose_y,Nose_z,Eye.L_x,Eye.L_y,Eye.L_z,Eye.R_x,Eye.R_y,Eye.R_z,Ear.L_x,Ear.L_y,Ear.L_z,Ear.R_x,Ear.R_y,Ear.R_z,hip.Center_x,hip.Center_y,hip.Center_z
0,-0.12327907,-0.5317397,-0.15483055,-0.10130708,-0.1537405,0.061553717,-0.12700097,0.26423323,-0.01848201,0.11321053,0.27586263,-0.015296467,0.13472936,-0.14918125,0.007829283,0.1942501,-0.4929008,-0.26282793,-0.1873218,1.2098376,0.17651801,-0.25830787,0.9601386,0.120529786,-0.1514197,0.75931346,-0.010179505,0.08323388,0.78213567,0.015174238,0.10865844,0.9974284,0.15389201,0.0018814015,1.2301242,0.22552925,-0.03324452,0.79294395,0.002456691,-0.049272936,0.9977716,0.0049641547,-0.041529503,0.9314557,0.14598899,-0.011925669,0.9656244,0.10297126,-0.07810318,0.95865405,0.10219222,0.033151377,0.932503,0.0143911885,-0.116981946,0.9178964,0.009671215,-0.006895221769809723,0.2700479328632355,-0.016889238730072975
