frame,Ankle.R_x,Ankle.R_y,Ankle.R_z,Knee.R_x,Knee.R_y,Knee.R_z,Hip.R_x,Hip.R_y,Hip.R_z,Hip.L_x,Hip.L_y,Hip.L_z,Knee.L_x,Knee.L_y,Knee.L_z,Ankle.L_x,Ankle.L_y,Ankle.L_z,Wrist.R_x,Wrist.R_y,Wrist.R_z,Elbow.R_x,Elbow.R_y,Elbow.R_z,Shoulder.R_x,Shoulder.R_y,Shoulder.R_z,Shoulder.L_x,Shoulder.L_y,Shoulder.L_z,Elbow.L_x,Elbow.L_y,Elbow.L_z,Wrist.L_x,Wrist.L_y,Wrist.L_z,Neck_x,Neck_y,Neck_z,Head_x,Head_y,Head_z,Nose_x,Nose_y,Nose_z,Eye.L_x,Eye.L_y,Eye.L_z,Eye.R_x,Eye.R_y,Eye.R_z,Ear.L_x,Ear.L_y,Ear.L_z,Ear.R_x,Ear.R_y,Ear.R_z,hip.Center_x,hip.Center_y,hip.Center_z
0,-0.07919864,-0.49544954,-0.3016953,-0.097020544,-0.16730432,-0.0074182297,-0.12671842,0.26755196,-0.028848741,0.113794506,0.26958314,-0.0008081983,0.0937139,-0.15901838,0.02018522,0.13040681,-0.54591674,-0.19503511,-0.103846565,1.2349044,0.15913963,-0.19577159,0.9909266,0.10122758,-0.10978558,0.775687,-0.025533319,0.11891511,0.77401483,0.014741251,0.16328351,0.9826758,0.16270429,0.063040465,1.2227533,0.22192296,0.0057754526,0.79632306,-0.0042795595,0.0014683155,1.0030234,0.0049291626,-0.0050918553,0.93085635,0.14384551,0.02963534,0.96513164,0.104435444,-0.036782123,0.961769,0.09847335,0.079423316,0.93300885,0.01758767,-0.070342354,0.92644036,0.0015127808,-0.0064619556069374084,0.2685675621032715,-0.014828469604253769
