frame,Ankle.R_x,Ankle.R_y,Ankle.R_z,Knee.R_x,Knee.R_y,Knee.R_z,Hip.R_x,Hip.R_y,Hip.R_z,Hip.L_x,Hip.L_y,Hip.L_z,Knee.L_x,Knee.L_y,Knee.L_z,Ankle.L_x,Ankle.L_y,Ankle.L_z,Wrist.R_x,Wrist.R_y,Wrist.R_z,Elbow.R_x,Elbow.R_y,Elbow.R_z,Shoulder.R_x,Shoulder.R_y,Shoulder.R_z,Shoulder.L_x,Shoulder.L_y,Shoulder.L_z,Elbow.L_x,Elbow.L_y,Elbow.L_z,Wrist.L_x,Wrist.L_y,Wrist.L_z,Neck_x,Neck_y,Neck_z,Head_x,Head_y,Head_z,Nose_x,Nose_y,Nose_z,Eye.L_x,Eye.L_y,Eye.L_z,Eye.R_x,Eye.R_y,Eye.R_z,Ear.L_x,Ear.L_y,Ear.L_z,Ear.R_x,Ear.R_y,Ear.R_z,hip.Center_x,hip.Center_y,hip.Center_z
0,-0.113442615,-0.54435056,-0.1795736,-0.09769534,-0.16009448,0.02551008,-0.12574774,0.2584852,-0.00963332,0.11172923,0.28513148,-0.019370995,0.15896001,-0.13738422,-0.03952049,0.21162307,-0.49091,-0.2970738,-0.30285117,1.1954992,0.12032946,-0.34994477,0.93848485,0.0799184,-0.20377442,0.7453193,-0.02196281,0.023008363,0.80115205,-0.014227727,0.058526024,1.0328273,0.094218336,-0.08449642,1.2373302,0.17916074,-0.09346074,0.7950548,-0.013058487,-0.14212133,0.9968525,-0.011412917,-0.11301192,0.93599606,0.13024165,-0.092772715,0.97341084,0.08434329,-0.15685403,0.95594627,0.088755615,-0.049349926,0.94546795,-0.0069013806,-0.19577695,0.90716076,-0.0003609378,-0.0070092566311359406,0.27180832624435425,-0.014502158388495445
