frame,Ankle.R_x,Ankle.R_y,Ankle.R_z,Knee.R_x,Knee.R_y,Knee.R_z,Hip.R_x,Hip.R_y,Hip.R_z,Hip.L_x,Hip.L_y,Hip.L_z,Knee.L_x,Knee.L_y,Knee.L_z,Ankle.L_x,Ankle.L_y,Ankle.L_z,Wrist.R_x,Wrist.R_y,Wrist.R_z,Elbow.R_x,Elbow.R_y,Elbow.R_z,Shoulder.R_x,Shoulder.R_y,Shoulder.R_z,Shoulder.L_x,Shoulder.L_y,Shoulder.L_z,Elbow.L_x,Elbow.L_y,Elbow.L_z,Wrist.L_x,Wrist.L_y,Wrist.L_z,Neck_x,Neck_y,Neck_z,Head_x,Head_y,Head_z,Nose_x,Nose_y,Nose_z,Eye.L_x,Eye.L_y,Eye.L_z,Eye.R_x,Eye.R_y,Eye.R_z,Ear.L_x,Ear.L_y,Ear.L_z,Ear.R_x,Ear.R_y,Ear.R_z,hip.Center_x,hip.Center_y,hip.Center_z
0,-0.07716906,-0.4524076,-0.063169464,-0.124261014,-0.10254532,0.17662428,-0.12446393,0.2909455,-0.01346904,0.11096181,0.24487025,-0.035846252,0.11493127,-0.11005368,0.1632366,0.1809832,-0.5301038,0.059871413,0.39055255,1.063199,0.22446975,0.16101202,0.9786262,0.1385535,0.15023984,0.7484257,0.006099141,0.32889968,0.6105892,-0.027301408,0.5801098,0.68028617,-0.021832915,0.73112416,0.86968,0.07385628,0.25432456,0.68443364,0.0070358436,0.4038761,0.79898477,0.09072438,0.36154097,0.67029476,0.16584343,0.4039014,0.6967938,0.13011435,0.35930768,0.73242676,0.16454473,0.40009207,0.7172606,0.029646412,0.2972332,0.7986067,0.10474187,-0.006751060485839844,0.26790785789489746,-0.02465764619410038
