frame,Ankle.R_x,Ankle.R_y,Ankle.R_z,Knee.R_x,Knee.R_y,Knee.R_z,Hip.R_x,Hip.R_y,Hip.R_z,Hip.L_x,Hip.L_y,Hip.L_z,Knee.L_x,Knee.L_y,Knee.L_z,Ankle.L_x,Ankle.L_y,Ankle.L_z,Wrist.R_x,Wrist.R_y,Wrist.R_z,Elbow.R_x,Elbow.R_y,Elbow.R_z,Shoulder.R_x,Shoulder.R_y,Shoulder.R_z,Shoulder.L_x,Shoulder.L_y,Shoulder.L_z,Elbow.L_x,Elbow.L_y,Elbow.L_z,Wrist.L_x,Wrist.L_y,Wrist.L_z,Neck_x,Neck_y,Neck_z,Head_x,Head_y,Head_z,Nose_x,Nose_y,Nose_z,Eye.L_x,Eye.L_y,Eye.L_z,Eye.R_x,Eye.R_y,Eye.R_z,Ear.L_x,Ear.L_y,Ear.L_z,Ear.R_x,Ear.R_y,Ear.R_z,hip.Center_x,hip.Center_y,hip.Center_z
0,-0.11872056,-0.5302975,-0.19405891,-0.107037954,-0.15604839,0.027674662,-0.125909,0.26255178,-0.014165743,0.11182603,0.28652358,-0.016414708,0.15496397,-0.13738474,-0.027213765,0.20324193,-0.4847523,-0.2930455,-0.31453517,1.1867393,0.11634989,-0.36497775,0.93143284,0.071327955,-0.20698215,0.7463844,-0.030324485,0.018855408,0.8085178,-0.014866712,0.04878698,1.0424359,0.092157826,-0.10191503,1.2405736,0.1786899,-0.09771198,0.799166,-0.017302282,-0.15260305,0.9997138,-0.018241456,-0.12829186,0.94042665,0.12527986,-0.1070737,0.97833717,0.079985894,-0.17073767,0.95859945,0.08126814,-0.05786392,0.95148647,-0.009028881,-0.20379777,0.9077691,-0.009419998,-0.007041484117507935,0.27453768253326416,-0.01529022492468357
