frame,Ankle.R_x,Ankle.R_y,Ankle.R_z,Knee.R_x,Knee.R_y,Knee.R_z,Hip.R_x,Hip.R_y,Hip.R_z,Hip.L_x,Hip.L_y,Hip.L_z,Knee.L_x,Knee.L_y,Knee.L_z,Ankle.L_x,Ankle.L_y,Ankle.L_z,Wrist.R_x,Wrist.R_y,Wrist.R_z,Elbow.R_x,Elbow.R_y,Elbow.R_z,Shoulder.R_x,Shoulder.R_y,Shoulder.R_z,Shoulder.L_x,Shoulder.L_y,Shoulder.L_z,Elbow.L_x,Elbow.L_y,Elbow.L_z,Wrist.L_x,Wrist.L_y,Wrist.L_z,Neck_x,Neck_y,Neck_z,Head_x,Head_y,Head_z,Nose_x,Nose_y,Nose_z,Eye.L_x,Eye.L_y,Eye.L_z,Eye.R_x,Eye.R_y,Eye.R_z,Ear.L_x,Ear.L_y,Ear.L_z,Ear.R_x,Ear.R_y,Ear.R_z,hip.Center_x,hip.Center_y,hip.Center_z
0,-0.13867809,-0.47397664,-0.21431279,-0.12474475,-0.14041224,0.057567332,-0.12446535,0.28185493,-0.03233904,0.11339767,0.2657411,-0.0022974422,0.05856385,-0.1488818,0.06426748,0.09220507,-0.51790065,-0.16341557,-0.08018834,1.2475184,0.17795205,-0.15138897,1.0066159,0.097927675,-0.064146705,0.78649926,-0.014010744,0.16582642,0.762387,0.03447348,0.23053968,0.9690552,0.17227024,0.17517816,1.2204729,0.23073563,0.05464003,0.79601115,0.011273213,0.06933503,1.0005747,0.011490655,0.05498753,0.9379385,0.15421037,0.09311201,0.9662306,0.1132471,0.026710749,0.9686323,0.10660185,0.14066255,0.92451596,0.028909586,-0.009706866,0.9306981,0.011602327,-0.005533836781978607,0.27379801869392395,-0.0173182412981987
