frame,Ankle.R_x,Ankle.R_y,Ankle.R_z,Knee.R_x,Knee.R_y,Knee.R_z,Hip.R_x,Hip.R_y,Hip.R_z,Hip.L_x,Hip.L_y,Hip.L_z,Knee.L_x,Knee.L_y,Knee.L_z,Ankle.L_x,Ankle.L_y,Ankle.L_z,Wrist.R_x,Wrist.R_y,Wrist.R_z,Elbow.R_x,Elbow.R_y,Elbow.R_z,Shoulder.R_x,Shoulder.R_y,Shoulder.R_z,Shoulder.L_x,Shoulder.L_y,Shoulder.L_z,Elbow.L_x,Elbow.L_y,Elbow.L_z,Wrist.L_x,Wrist.L_y,Wrist.L_z,Neck_x,Neck_y,Neck_z,Head_x,Head_y,Head_z,Nose_x,Nose_y,Nose_z,Eye.L_x,Eye.L_y,Eye.L_z,Eye.R_x,Eye.R_y,Eye.R_z,Ear.L_x,Ear.L_y,Ear.L_z,Ear.R_x,Ear.R_y,Ear.R_z,hip.Center_x,hip.Center_y,hip.Center_z
0,-0.11949563,-0.53537804,-0.15232676,-0.10054113,-0.15432853,0.06008288,-0.12711792,0.2639055,-0.01800275,0.11314373,0.27593175,-0.015709292,0.13753633,-0.14939584,0.0019262253,0.19212681,-0.49322236,-0.27062184,-0.18950447,1.2129858,0.16287443,-0.26171494,0.9621211,0.112844564,-0.15399618,0.75799066,-0.01248456,0.077876486,0.7846321,0.012073397,0.098318204,1.0065157,0.14113668,-0.016686914,1.2375258,0.20634916,-0.03735128,0.7929434,2.2221357e-05,-0.056798905,0.995904,-0.005586902,-0.050455872,0.93683183,0.13890736,-0.020726683,0.9695539,0.09477637,-0.08675063,0.9609667,0.09303642,0.027058361,0.9331244,0.008806407,-0.12272484,0.91475904,0.0018695407,-0.006987094879150391,0.26991862058639526,-0.01685602217912674
