frame,Ankle.R_x,Ankle.R_y,Ankle.R_z,Knee.R_x,Knee.R_y,Knee.R_z,Hip.R_x,Hip.R_y,Hip.R_z,Hip.L_x,Hip.L_y,Hip.L_z,Knee.L_x,Knee.L_y,Knee.L_z,Ankle.L_x,Ankle.L_y,Ankle.L_z,Wrist.R_x,Wrist.R_y,Wrist.R_z,Elbow.R_x,Elbow.R_y,Elbow.R_z,Shoulder.R_x,Shoulder.R_y,Shoulder.R_z,Shoulder.L_x,Shoulder.L_y,Shoulder.L_z,Elbow.L_x,Elbow.L_y,Elbow.L_z,Wrist.L_x,Wrist.L_y,Wrist.L_z,Neck_x,Neck_y,Neck_z,Head_x,Head_y,Head_z,Nose_x,Nose_y,Nose_z,Eye.L_x,Eye.L_y,Eye.L_z,Eye.R_x,Eye.R_y,Eye.R_z,Ear.L_x,Ear.L_y,Ear.L_z,Ear.R_x,Ear.R_y,Ear.R_z,hip.Center_x,hip.Center_y,hip.Center_z
0,-0.06581353,-0.45388627,-0.07711848,-0.12554078,-0.109019205,0.1701718,-0.12536438,0.28981474,-0.013432784,0.11186388,0.24442053,-0.037184488,0.11654186,-0.105200484,0.17339976,0.19340272,-0.5253703,0.06784921,0.4131963,1.0061843,0.28923267,0.17225683,0.93881726,0.2148702,0.14741625,0.74214554,0.036545128,0.32880178,0.6077863,-0.017021254,0.58209074,0.672875,-0.0056244633,0.7475735,0.8398516,0.110187955,0.25362203,0.6788602,0.02498509,0.40915203,0.77888274,0.11922176,0.36013955,0.64476377,0.1780763,0.40406138,0.6730037,0.14582428,0.3609891,0.7065143,0.18426797,0.40189946,0.7057403,0.048598096,0.30251104,0.7823596,0.13280329,-0.006750248372554779,0.26711761951446533,-0.02530863508582115
