frame,Ankle.R_x,Ankle.R_y,Ankle.R_z,Knee.R_x,Knee.R_y,Knee.R_z,Hip.R_x,Hip.R_y,Hip.R_z,Hip.L_x,Hip.L_y,Hip.L_z,Knee.L_x,Knee.L_y,Knee.L_z,Ankle.L_x,Ankle.L_y,Ankle.L_z,Wrist.R_x,Wrist.R_y,Wrist.R_z,Elbow.R_x,Elbow.R_y,Elbow.R_z,Shoulder.R_x,Shoulder.R_y,Shoulder.R_z,Shoulder.L_x,Shoulder.L_y,Shoulder.L_z,Elbow.L_x,Elbow.L_y,Elbow.L_z,Wrist.L_x,Wrist.L_y,Wrist.L_z,Neck_x,Neck_y,Neck_z,Head_x,Head_y,Head_z,Nose_x,Nose_y,Nose_z,Eye.L_x,Eye.L_y,Eye.L_z,Eye.R_x,Eye.R_y,Eye.R_z,Ear.L_x,Ear.L_y,Ear.L_z,Ear.R_x,Ear.R_y,Ear.R_z,hip.Center_x,hip.Center_y,hip.Center_z
0,-0.11928614,-0.53802943,-0.16502585,-0.09984813,-0.15680565,0.048875213,-0.12710646,0.26379097,-0.0177322,0.11286181,0.27648994,-0.014874233,0.14017165,-0.14925532,-0.0066246227,0.1967476,-0.49156743,-0.28183255,-0.19314748,1.2152538,0.14823723,-0.26796344,0.96390605,0.10269042,-0.15780799,0.7579337,-0.017893977,0.071446784,0.78844655,0.008207876,0.08499029,1.0154984,0.12879996,-0.02810666,1.2488003,0.1916785,-0.04262292,0.79429793,-0.0039322106,-0.06638742,0.99675477,-0.009508966,-0.057988465,0.93854815,0.1354458,-0.029169653,0.97160566,0.0908999,-0.09504516,0.96168125,0.08959779,0.018909043,0.9356421,0.0048211813,-0.13061398,0.9142262,-0.0012838952,-0.007122322916984558,0.27014046907424927,-0.01630321517586708
