frame,Ankle.R_x,Ankle.R_y,Ankle.R_z,Knee.R_x,Knee.R_y,Knee.R_z,Hip.R_x,Hip.R_y,Hip.R_z,Hip.L_x,Hip.L_y,Hip.L_z,Knee.L_x,Knee.L_y,Knee.L_z,Ankle.L_x,Ankle.L_y,Ankle.L_z,Wrist.R_x,Wrist.R_y,Wrist.R_z,Elbow.R_x,Elbow.R_y,Elbow.R_z,Shoulder.R_x,Shoulder.R_y,Shoulder.R_z,Shoulder.L_x,Shoulder.L_y,Shoulder.L_z,Elbow.L_x,Elbow.L_y,Elbow.L_z,Wrist.L_x,Wrist.L_y,Wrist.L_z,Neck_x,Neck_y,Neck_z,Head_x,Head_y,Head_z,Nose_x,Nose_y,Nose_z,Eye.L_x,Eye.L_y,Eye.L_z,Eye.R_x,Eye.R_y,Eye.R_z,Ear.L_x,Ear.L_y,Ear.L_z,Ear.R_x,Ear.R_y,Ear.R_z,hip.Center_x,hip.Center_y,hip.Center_z
0,-0.0713021,-0.5282224,-0.27774262,-0.09635061,-0.16933946,-0.017448427,-0.12697293,0.26627687,-0.026758377,0.11413401,0.26781318,-0.0010990934,0.1016786,-0.16287807,0.0014036597,0.13644509,-0.55072296,-0.21777903,-0.08502486,1.241614,0.14946643,-0.18357082,0.9976693,0.096905515,-0.105192915,0.77512836,-0.02226595,0.119067736,0.77138245,0.018061422,0.1588585,0.9849967,0.16068777,0.059356894,1.2278677,0.21433134,0.008397944,0.7936654,0.0007422082,0.006133906,1.0000134,0.01857402,0.0022173114,0.9221382,0.15456426,0.036364175,0.95753646,0.11573862,-0.030254101,0.9553221,0.11153873,0.08314185,0.9286102,0.02628473,-0.06665061,0.92460716,0.014048683,-0.006419457495212555,0.2670450210571289,-0.013928734697401524
