frame,Ankle.R_x,Ankle.R_y,Ankle.R_z,Knee.R_x,Knee.R_y,Knee.R_z,Hip.R_x,Hip.R_y,Hip.R_z,Hip.L_x,Hip.L_y,Hip.L_z,Knee.L_x,Knee.L_y,Knee.L_z,Ankle.L_x,Ankle.L_y,Ankle.L_z,Wrist.R_x,Wrist.R_y,Wrist.R_z,Elbow.R_x,Elbow.R_y,Elbow.R_z,Shoulder.R_x,Shoulder.R_y,Shoulder.R_z,Shoulder.L_x,Shoulder.L_y,Shoulder.L_z,Elbow.L_x,Elbow.L_y,Elbow.L_z,Wrist.L_x,Wrist.L_y,Wrist.L_z,Neck_x,Neck_y,Neck_z,Head_x,Head_y,Head_z,Nose_x,Nose_y,Nose_z,Eye.L_x,Eye.L_y,Eye.L_z,Eye.R_x,Eye.R_y,Eye.R_z,Ear.L_x,Ear.L_y,Ear.L_z,Ear.R_x,Ear.R_y,Ear.R_z,hip.Center_x,hip.Center_y,hip.Center_z
0,-0.13889977,-0.4618771,-0.18916683,-0.12799324,-0.13369603,0.090743944,-0.12485353,0.2880387,-0.017341545,0.11274085,0.26039356,-0.017521797,0.09465573,-0.15397069,0.038259264,0.11184692,-0.5378651,-0.17349412,0.17324668,1.2393968,0.03421991,-0.008116905,1.0532715,0.006740555,0.03406252,0.7962791,-0.040010057,0.24466279,0.7196263,-0.0008280559,0.40941155,0.8973931,0.09251274,0.42040637,1.1576784,0.124860704,0.14655636,0.7737864,-0.0069690472,0.23275028,0.9588963,0.031217003,0.20882514,0.87111664,0.15902235,0.25023562,0.893201,0.11794256,0.18999995,0.92097557,0.12497407,0.26869565,0.8614698,0.02001706,0.13106084,0.9244942,0.03271821,-0.006056338548660278,0.2742161154747009,-0.017431670799851418
