frame,Ankle.R_x,Ankle.R_y,Ankle.R_z,Knee.R_x,Knee.R_y,Knee.R_z,Hip.R_x,Hip.R_y,Hip.R_z,Hip.L_x,Hip.L_y,Hip.L_z,Knee.L_x,Knee.L_y,Knee.L_z,Ankle.L_x,Ankle.L_y,Ankle.L_z,Wrist.R_x,Wrist.R_y,Wrist.R_z,Elbow.R_x,Elbow.R_y,Elbow.R_z,Shoulder.R_x,Shoulder.R_y,Shoulder.R_z,Shoulder.L_x,Shoulder.L_y,Shoulder.L_z,Elbow.L_x,Elbow.L_y,Elbow.L_z,Wrist.L_x,Wrist.L_y,Wrist.L_z,Neck_x,Neck_y,Neck_z,Head_x,Head_y,Head_z,Nose_x,Nose_y,Nose_z,Eye.L_x,Eye.L_y,Eye.L_z,Eye.R_x,Eye.R_y,Eye.R_z,Ear.L_x,Ear.L_y,Ear.L_z,Ear.R_x,Ear.R_y,Ear.R_z,hip.Center_x,hip.Center_y,hip.Center_z
0,-0.15951408,-0.524194,-0.27586356,-0.12753604,-0.15812267,-0.029607225,-0.12561621,0.27450693,-0.018904982,0.11465807,0.2677907,-0.007067349,0.09928804,-0.16115168,-0.029199086,0.11346085,-0.5306457,-0.27733034,-0.10368586,1.2268245,0.15691881,-0.20747693,0.9852556,0.10736542,-0.11553952,0.7749411,-0.023550415,0.114912465,0.7850001,0.007807958,0.14673758,1.0048213,0.14274895,0.032536015,1.2415279,0.19239639,0.00046349596,0.8006305,-0.0051277876,-0.014217475,1.0087138,0.024307057,-0.018466726,0.9203854,0.15334687,0.014827251,0.96092737,0.118916444,-0.051161073,0.954394,0.11078807,0.06838616,0.94234896,0.030061118,-0.08099072,0.9287417,0.009709265,-0.00547906756401062,0.27114880084991455,-0.012986165471374989
