frame,Ankle.R_x,Ankle.R_y,Ankle.R_z,Knee.R_x,Knee.R_y,Knee.R_z,Hip.R_x,Hip.R_y,Hip.R_z,Hip.L_x,Hip.L_y,Hip.L_z,Knee.L_x,Knee.L_y,Knee.L_z,Ankle.L_x,Ankle.L_y,Ankle.L_z,Wrist.R_x,Wrist.R_y,Wrist.R_z,Elbow.R_x,Elbow.R_y,Elbow.R_z,Shoulder.R_x,Shoulder.R_y,Shoulder.R_z,Shoulder.L_x,Shoulder.L_y,Shoulder.L_z,Elbow.L_x,Elbow.L_y,Elbow.L_z,Wrist.L_x,Wrist.L_y,Wrist.L_z,Neck_x,Neck_y,Neck_z,Head_x,Head_y,Head_z,Nose_x,Nose_y,Nose_z,Eye.L_x,Eye.L_y,Eye.L_z,Eye.R_x,Eye.R_y,Eye.R_z,Ear.L_x,Ear.L_y,Ear.L_z,Ear.R_x,Ear.R_y,Ear.R_z,hip.Center_x,hip.Center_y,hip.Center_z
0,-0.13439518,-0.45968702,-0.19442417,-0.1286443,-0.13358751,0.08753543,-0.124943495,0.28854686,-0.017657608,0.112654954,0.26123008,-0.017194068,0.09471704,-0.15363353,0.03393002,0.113007866,-0.5344986,-0.18254422,0.15867142,1.2420228,0.030336643,-0.019625,1.0529027,0.0057289973,0.029712759,0.79798734,-0.043772135,0.24154055,0.7256186,-0.0030711882,0.39729047,0.9097636,0.092460975,0.4085274,1.1703488,0.12504634,0.14295928,0.77771425,-0.010539005,0.22624241,0.96527463,0.026024882,0.20595868,0.8772647,0.15441808,0.24629603,0.9000299,0.11259526,0.18567957,0.9267186,0.12057504,0.26381677,0.8683478,0.014403559,0.12510988,0.9290135,0.029091338,-0.006144270300865173,0.27488845586776733,-0.017425838857889175
