frame,Ankle.R_x,Ankle.R_y,Ankle.R_z,Knee.R_x,Knee.R_y,Knee.R_z,Hip.R_x,Hip.R_y,Hip.R_z,Hip.L_x,Hip.L_y,Hip.L_z,Knee.L_x,Knee.L_y,Knee.L_z,Ankle.L_x,Ankle.L_y,Ankle.L_z,Wrist.R_x,Wrist.R_y,Wrist.R_z,Elbow.R_x,Elbow.R_y,Elbow.R_z,Shoulder.R_x,Shoulder.R_y,Shoulder.R_z,Shoulder.L_x,Shoulder.L_y,Shoulder.L_z,Elbow.L_x,Elbow.L_y,Elbow.L_z,Wrist.L_x,Wrist.L_y,Wrist.L_z,Neck_x,Neck_y,Neck_z,Head_x,Head_y,Head_z,Nose_x,Nose_y,Nose_z,Eye.L_x,Eye.L_y,Eye.L_z,Eye.R_x,Eye.R_y,Eye.R_z,Ear.L_x,Ear.L_y,Ear.L_z,Ear.R_x,Ear.R_y,Ear.R_z,hip.Center_x,hip.Center_y,hip.Center_z
0,-0.08100415,-0.49394616,-0.06956863,-0.1403381,-0.120061114,0.13874504,-0.124454975,0.28884107,-0.016573371,0.11232462,0.24527952,-0.026968312,0.10683316,-0.13643397,0.12662178,0.16829473,-0.5554222,0.0035739453,0.38860136,1.0368122,0.22430436,0.15248156,0.98820317,0.12565231,0.13271305,0.7570947,-0.005800071,0.31520653,0.6294266,-0.027358804,0.5593869,0.721889,-0.003336384,0.6382783,0.941074,0.111733064,0.23546025,0.7001769,0.0018154802,0.36459902,0.8318835,0.09729737,0.31569865,0.70756006,0.17659894,0.362665,0.7338634,0.14710759,0.31024075,0.7690197,0.16808107,0.37768698,0.7440454,0.045549296,0.25838307,0.8241211,0.09054345,-0.0060651786625385284,0.2670602798461914,-0.021770842373371124
