frame,Ankle.R_x,Ankle.R_y,Ankle.R_z,Knee.R_x,Knee.R_y,Knee.R_z,Hip.R_x,Hip.R_y,Hip.R_z,Hip.L_x,Hip.L_y,Hip.L_z,Knee.L_x,Knee.L_y,Knee.L_z,Ankle.L_x,Ankle.L_y,Ankle.L_z,Wrist.R_x,Wrist.R_y,Wrist.R_z,Elbow.R_x,Elbow.R_y,Elbow.R_z,Shoulder.R_x,Shoulder.R_y,Shoulder.R_z,Shoulder.L_x,Shoulder.L_y,Shoulder.L_z,Elbow.L_x,Elbow.L_y,Elbow.L_z,Wrist.L_x,Wrist.L_y,Wrist.L_z,Neck_x,Neck_y,Neck_z,Head_x,Head_y,Head_z,Nose_x,Nose_y,Nose_z,Eye.L_x,Eye.L_y,Eye.L_z,Eye.R_x,Eye.R_y,Eye.R_z,Ear.L_x,Ear.L_y,Ear.L_z,Ear.R_x,Ear.R_y,Ear.R_z,hip.Center_x,hip.Center_y,hip.Center_z
0,-0.16031687,-0.5205275,-0.28445765,-0.12818345,-0.15787227,-0.033937495,-0.12564486,0.27404025,-0.021214873,0.114569575,0.26640195,-0.004922958,0.09711088,-0.16182332,-0.029922975,0.112967335,-0.530505,-0.27834085,-0.124397025,1.2398541,0.15572333,-0.20508859,0.993278,0.08921218,-0.10904516,0.77508163,-0.024174657,0.117935315,0.7815395,0.013838371,0.15099224,1.0047376,0.14114255,0.048734963,1.2455726,0.1980142,0.005186502,0.79849124,-0.0017934125,-0.0075437045,1.0053893,0.017668704,-0.02046036,0.9246301,0.15124987,0.015247084,0.9628382,0.11668402,-0.050207805,0.95648426,0.10504299,0.07358745,0.9386927,0.032276243,-0.074228026,0.92556465,0.004038072,-0.005537644028663635,0.27022111415863037,-0.013068915344774723
