frame,Ankle.R_x,Ankle.R_y,Ankle.R_z,Knee.R_x,Knee.R_y,Knee.R_z,Hip.R_x,Hip.R_y,Hip.R_z,Hip.L_x,Hip.L_y,Hip.L_z,Knee.L_x,Knee.L_y,Knee.L_z,Ankle.L_x,Ankle.L_y,Ankle.L_z,Wrist.R_x,Wrist.R_y,Wrist.R_z,Elbow.R_x,Elbow.R_y,Elbow.R_z,Shoulder.R_x,Shoulder.R_y,Shoulder.R_z,Shoulder.L_x,Shoulder.L_y,Shoulder.L_z,Elbow.L_x,Elbow.L_y,Elbow.L_z,Wrist.L_x,Wrist.L_y,Wrist.L_z,Neck_x,Neck_y,Neck_z,Head_x,Head_y,Head_z,Nose_x,Nose_y,Nose_z,Eye.L_x,Eye.L_y,Eye.L_z,Eye.R_x,Eye.R_y,Eye.R_z,Ear.L_x,Ear.L_y,Ear.L_z,Ear.R_x,Ear.R_y,Ear.R_z,hip.Center_x,hip.Center_y,hip.Center_z
0,-0.13642116,-0.46861473,-0.20582356,-0.13200733,-0.13786797,0.07064644,-0.12487879,0.2856995,-0.01844871,0.11324365,0.2615545,-0.015080476,0.08725594,-0.15521255,0.02526766,0.10024992,-0.5359614,-0.18983305,0.093728736,1.2312938,0.081265025,-0.076998755,1.0383102,0.040655244,-0.002649255,0.7946859,-0.030513112,0.21933363,0.7375479,0.003960779,0.36003458,0.927547,0.109416336,0.34909016,1.1838965,0.16537043,0.11513628,0.7842627,-0.003274281,0.17806436,0.98007137,0.025303926,0.16518998,0.89628655,0.15709583,0.20371835,0.92173314,0.115222774,0.14027725,0.9414617,0.12067847,0.22712387,0.8875873,0.018955875,0.08262798,0.93268716,0.028296247,-0.00581756979227066,0.27362698316574097,-0.01676459237933159
