frame,Ankle.R_x,Ankle.R_y,Ankle.R_z,Knee.R_x,Knee.R_y,Knee.R_z,Hip.R_x,Hip.R_y,Hip.R_z,Hip.L_x,Hip.L_y,Hip.L_z,Knee.L_x,Knee.L_y,Knee.L_z,Ankle.L_x,Ankle.L_y,Ankle.L_z,Wrist.R_x,Wrist.R_y,Wrist.R_z,Elbow.R_x,Elbow.R_y,Elbow.R_z,Shoulder.R_x,Shoulder.R_y,Shoulder.R_z,Shoulder.L_x,Shoulder.L_y,Shoulder.L_z,Elbow.L_x,Elbow.L_y,Elbow.L_z,Wrist.L_x,Wrist.L_y,Wrist.L_z,Neck_x,Neck_y,Neck_z,Head_x,Head_y,Head_z,Nose_x,Nose_y,Nose_z,Eye.L_x,Eye.L_y,Eye.L_z,Eye.R_x,Eye.R_y,Eye.R_z,Ear.L_x,Ear.L_y,Ear.L_z,Ear.R_x,Ear.R_y,Ear.R_z,hip.Center_x,hip.Center_y,hip.Center_z
0,-0.05515766,-0.45301253,-0.11567512,-0.13528788,-0.118884735,0.14055382,-0.12525645,0.29152894,-0.015241296,0.11230815,0.24528351,-0.03122059,0.10939242,-0.12241904,0.14750123,0.19730681,-0.5261449,-0.0029210977,0.41309193,1.0243027,0.2858407,0.173758,0.9463403,0.21836467,0.15126818,0.743628,0.045183875,0.3345667,0.60347027,-0.002917788,0.589555,0.6604049,0.01222136,0.7507223,0.82647437,0.13439016,0.25903127,0.6793376,0.036234535,0.41372573,0.784896,0.12875727,0.3649085,0.6528319,0.19274491,0.4091592,0.6802347,0.15988353,0.36530656,0.7148799,0.19642545,0.407857,0.70878494,0.06116754,0.30689266,0.7880295,0.14058518,-0.006474148482084274,0.2684062123298645,-0.023230943828821182
