frame,Ankle.R_x,Ankle.R_y,Ankle.R_z,Knee.R_x,Knee.R_y,Knee.R_z,Hip.R_x,Hip.R_y,Hip.R_z,Hip.L_x,Hip.L_y,Hip.L_z,Knee.L_x,Knee.L_y,Knee.L_z,Ankle.L_x,Ankle.L_y,Ankle.L_z,Wrist.R_x,Wrist.R_y,Wrist.R_z,Elbow.R_x,Elbow.R_y,Elbow.R_z,Shoulder.R_x,Shoulder.R_y,Shoulder.R_z,Shoulder.L_x,Shoulder.L_y,Shoulder.L_z,Elbow.L_x,Elbow.L_y,Elbow.L_z,Wrist.L_x,Wrist.L_y,Wrist.L_z,Neck_x,Neck_y,Neck_z,Head_x,Head_y,Head_z,Nose_x,Nose_y,Nose_z,Eye.L_x,Eye.L_y,Eye.L_z,Eye.R_x,Eye.R_y,Eye.R_z,Ear.L_x,Ear.L_y,Ear.L_z,Ear.R_x,Ear.R_y,Ear.R_z,hip.Center_x,hip.Center_y,hip.Center_z
0,-0.14916183,-0.5336531,-0.27080968,-0.12385802,-0.16132864,-0.03172087,-0.12567383,0.27153933,-0.02075869,0.11453276,0.2660334,-0.0048018647,0.10015118,-0.16308147,-0.02869327,0.11770107,-0.540515,-0.2657316,-0.1037652,1.231161,0.14833103,-0.20420294,0.9888855,0.093939334,-0.111806765,0.7726395,-0.026365977,0.114604264,0.77954525,0.008954363,0.14733772,1.0009501,0.14063641,0.03489168,1.2391244,0.18772241,0.0021551866,0.79578125,-0.0043863785,-0.010662392,1.0023338,0.028665908,-0.017293736,0.91191065,0.15605032,0.016760528,0.9526017,0.122839004,-0.049156435,0.9470113,0.11394852,0.070677266,0.9350593,0.034324124,-0.07804765,0.9236357,0.012315191,-0.0055705346167087555,0.26878637075424194,-0.01278027705848217
