frame,Ankle.R_x,Ankle.R_y,Ankle.R_z,Knee.R_x,Knee.R_y,Knee.R_z,Hip.R_x,Hip.R_y,Hip.R_z,Hip.L_x,Hip.L_y,Hip.L_z,Knee.L_x,Knee.L_y,Knee.L_z,Ankle.L_x,Ankle.L_y,Ankle.L_z,Wrist.R_x,Wrist.R_y,Wrist.R_z,Elbow.R_x,Elbow.R_y,Elbow.R_z,Shoulder.R_x,Shoulder.R_y,Shoulder.R_z,Shoulder.L_x,Shoulder.L_y,Shoulder.L_z,Elbow.L_x,Elbow.L_y,Elbow.L_z,Wrist.L_x,Wrist.L_y,Wrist.L_z,Neck_x,Neck_y,Neck_z,Head_x,Head_y,Head_z,Nose_x,Nose_y,Nose_z,Eye.L_x,Eye.L_y,Eye.L_z,Eye.R_x,Eye.R_y,Eye.R_z,Ear.L_x,Ear.L_y,Ear.L_z,Ear.R_x,Ear.R_y,Ear.R_z,hip.Center_x,hip.Center_y,hip.Center_z
0,-0.117088884,-0.5363207,-0.17982939,-0.09898418,-0.15842345,0.040615674,-0.1271193,0.26346487,-0.016783329,0.11279888,0.27786303,-0.015249877,0.14238311,-0.14809921,-0.009652358,0.19876693,-0.48868003,-0.2872045,-0.1961837,1.2151662,0.1456671,-0.2732704,0.9638289,0.10421452,-0.1632397,0.7580389,-0.016986081,0.06541194,0.7916171,0.0063521937,0.07753791,1.0194311,0.12600218,-0.041076742,1.2502435,0.18766989,-0.04882162,0.79581994,-0.004111345,-0.07668112,0.9984046,-0.008508533,-0.06470846,0.9397435,0.1361709,-0.03729115,0.97354615,0.09124316,-0.10299005,0.962342,0.09098327,0.010115037,0.9387968,0.0042078756,-0.13921571,0.9145112,0.0003748946,-0.007160212844610214,0.27066394686698914,-0.016016602516174316
