frame,Ankle.R_x,Ankle.R_y,Ankle.R_z,Knee.R_x,Knee.R_y,Knee.R_z,Hip.R_x,Hip.R_y,Hip.R_z,Hip.L_x,Hip.L_y,Hip.L_z,Knee.L_x,Knee.L_y,Knee.L_z,Ankle.L_x,Ankle.L_y,Ankle.L_z,Wrist.R_x,Wrist.R_y,Wrist.R_z,Elbow.R_x,Elbow.R_y,Elbow.R_z,Shoulder.R_x,Shoulder.R_y,Shoulder.R_z,Shoulder.L_x,Shoulder.L_y,Shoulder.L_z,Elbow.L_x,Elbow.L_y,Elbow.L_z,Wrist.L_x,Wrist.L_y,Wrist.L_z,Neck_x,Neck_y,Neck_z,Head_x,Head_y,Head_z,Nose_x,Nose_y,Nose_z,Eye.L_x,Eye.L_y,Eye.L_z,Eye.R_x,Eye.R_y,Eye.R_z,Ear.L_x,Ear.L_y,Ear.L_z,Ear.R_x,Ear.R_y,Ear.R_z,hip.Center_x,hip.Center_y,hip.Center_z
0,-0.07176532,-0.53820366,-0.25125337,-0.09059191,-0.16988401,-0.007018856,-0.12725389,0.2634689,-0.01754982,0.11419727,0.2690579,-0.009989014,0.121844515,-0.16023473,0.0019475892,0.16484147,-0.52281946,-0.2537822,-0.082970746,1.2344073,0.16737264,-0.18262517,0.99365056,0.10735793,-0.107087314,0.7716951,-0.013153326,0.11639111,0.76855713,0.012750763,0.16277255,0.9864761,0.14452714,0.06080799,1.2263858,0.20178384,0.0062534763,0.7895706,0.004497734,0.0044196453,0.99501336,0.03219792,0.0044794343,0.91006243,0.16342933,0.0372454,0.94776046,0.12606707,-0.029241852,0.94507635,0.12312743,0.082013205,0.9242608,0.03434994,-0.067449376,0.9194312,0.025308698,-0.006528310477733612,0.2662633955478668,-0.013769417069852352
