frame,Ankle.R_x,Ankle.R_y,Ankle.R_z,Knee.R_x,Knee.R_y,Knee.R_z,Hip.R_x,Hip.R_y,Hip.R_z,Hip.L_x,Hip.L_y,Hip.L_z,Knee.L_x,Knee.L_y,Knee.L_z,Ankle.L_x,Ankle.L_y,Ankle.L_z,Wrist.R_x,Wrist.R_y,Wrist.R_z,Elbow.R_x,Elbow.R_y,Elbow.R_z,Shoulder.R_x,Shoulder.R_y,Shoulder.R_z,Shoulder.L_x,Shoulder.L_y,Shoulder.L_z,Elbow.L_x,Elbow.L_y,Elbow.L_z,Wrist.L_x,Wrist.L_y,Wrist.L_z,Neck_x,Neck_y,Neck_z,Head_x,Head_y,Head_z,Nose_x,Nose_y,Nose_z,Eye.L_x,Eye.L_y,Eye.L_z,Eye.R_x,Eye.R_y,Eye.R_z,Ear.L_x,Ear.L_y,Ear.L_z,Ear.R_x,Ear.R_y,Ear.R_z,hip.Center_x,hip.Center_y,hip.Center_z
0,-0.19359054,-0.51283246,-0.25581825,-0.14133567,-0.15079439,-0.009315827,-0.12489235,0.28045744,-0.024486335,0.11447317,0.26675758,-0.0050391406,0.084352694,-0.1617615,-0.013780206,0.09632772,-0.52340335,-0.2719263,-0.14146751,1.2538846,0.1463934,-0.20092407,1.0001583,0.08068513,-0.105434015,0.77967596,-0.02878761,0.12132925,0.7891074,0.013923695,0.13808522,1.0186901,0.13217504,0.0441659,1.2655509,0.18468954,0.009246724,0.8041378,-0.0054106247,-0.004237001,1.0101504,0.00086878194,-0.020569593,0.9403585,0.1405063,0.016140528,0.975726,0.10350469,-0.04910482,0.9682108,0.09068796,0.077237025,0.9448619,0.022772692,-0.070740566,0.9288173,-0.008319493,-0.005209587514400482,0.2736074924468994,-0.014762737788259983
