frame,Ankle.R_x,Ankle.R_y,Ankle.R_z,Knee.R_x,Knee.R_y,Knee.R_z,Hip.R_x,Hip.R_y,Hip.R_z,Hip.L_x,Hip.L_y,Hip.L_z,Knee.L_x,Knee.L_y,Knee.L_z,Ankle.L_x,Ankle.L_y,Ankle.L_z,Wrist.R_x,Wrist.R_y,Wrist.R_z,Elbow.R_x,Elbow.R_y,Elbow.R_z,Shoulder.R_x,Shoulder.R_y,Shoulder.R_z,Shoulder.L_x,Shoulder.L_y,Shoulder.L_z,Elbow.L_x,Elbow.L_y,Elbow.L_z,Wrist.L_x,Wrist.L_y,Wrist.L_z,Neck_x,Neck_y,Neck_z,Head_x,Head_y,Head_z,Nose_x,Nose_y,Nose_z,Eye.L_x,Eye.L_y,Eye.L_z,Eye.R_x,Eye.R_y,Eye.R_z,Ear.L_x,Ear.L_y,Ear.L_z,Ear.R_x,Ear.R_y,Ear.R_z,hip.Center_x,hip.Center_y,hip.Center_z
0,-0.059071556,-0.45047402,-0.12341832,-0.1295998,-0.12081373,0.14105938,-0.12506175,0.29148802,-0.011744693,0.11180654,0.24577864,-0.034642063,0.112990946,-0.120166555,0.14705248,0.19705865,-0.529202,0.008893055,0.43469185,1.0037601,0.29772922,0.19218114,0.9310007,0.2345626,0.15324476,0.74254954,0.049021594,0.33476302,0.60284805,-0.011804289,0.59021026,0.65847915,0.00018170592,0.7441148,0.8278699,0.12653418,0.26040602,0.67859685,0.032467745,0.41887072,0.779878,0.12499489,0.36681104,0.6482219,0.18666925,0.41175312,0.6750728,0.15425788,0.3687182,0.71021104,0.19123077,0.41130763,0.7051298,0.055945016,0.31224892,0.78553045,0.13667372,-0.006627604365348816,0.26863333582878113,-0.023193378001451492
