frame,Ankle.R_x,Ankle.R_y,Ankle.R_z,Knee.R_x,Knee.R_y,Knee.R_z,Hip.R_x,Hip.R_y,Hip.R_z,Hip.L_x,Hip.L_y,Hip.L_z,Knee.L_x,Knee.L_y,Knee.L_z,Ankle.L_x,Ankle.L_y,Ankle.L_z,Wrist.R_x,Wrist.R_y,Wrist.R_z,Elbow.R_x,Elbow.R_y,Elbow.R_z,Shoulder.R_x,Shoulder.R_y,Shoulder.R_z,Shoulder.L_x,Shoulder.L_y,Shoulder.L_z,Elbow.L_x,Elbow.L_y,Elbow.L_z,Wrist.L_x,Wrist.L_y,Wrist.L_z,Neck_x,Neck_y,Neck_z,Head_x,Head_y,Head_z,Nose_x,Nose_y,Nose_z,Eye.L_x,Eye.L_y,Eye.L_z,Eye.R_x,Eye.R_y,Eye.R_z,Ear.L_x,Ear.L_y,Ear.L_z,Ear.R_x,Ear.R_y,Ear.R_z,hip.Center_x,hip.Center_y,hip.Center_z
0,-0.09965486,-0.53415674,-0.24019594,-0.11365759,-0.16255045,-0.004072152,-0.12605253,0.26118702,-0.0235429,0.112434305,0.28632218,-0.0063804872,0.152844,-0.1429527,-0.023245292,0.20367825,-0.48987722,-0.29730967,-0.3995465,1.1586452,0.11151889,-0.41052276,0.9039903,0.03620921,-0.21833985,0.74071366,-0.05134522,-0.0019699503,0.8126586,-0.020702742,0.022214022,1.0469358,0.094329365,-0.16329885,1.212797,0.18360414,-0.115443565,0.7960883,-0.026474617,-0.18507545,0.9927314,-0.008154001,-0.16114493,0.9181567,0.12899765,-0.14133662,0.9626967,0.089301124,-0.20340522,0.93844485,0.085327104,-0.08733807,0.95036507,-0.00018828921,-0.22962172,0.89656013,-0.012300095,-0.006809111684560776,0.2737545967102051,-0.014961693435907364
