frame,Ankle.R_x,Ankle.R_y,Ankle.R_z,Knee.R_x,Knee.R_y,Knee.R_z,Hip.R_x,Hip.R_y,Hip.R_z,Hip.L_x,Hip.L_y,Hip.L_z,Knee.L_x,Knee.L_y,Knee.L_z,Ankle.L_x,Ankle.L_y,Ankle.L_z,Wrist.R_x,Wrist.R_y,Wrist.R_z,Elbow.R_x,Elbow.R_y,Elbow.R_z,Shoulder.R_x,Shoulder.R_y,Shoulder.R_z,Shoulder.L_x,Shoulder.L_y,Shoulder.L_z,Elbow.L_x,Elbow.L_y,Elbow.L_z,Wrist.L_x,Wrist.L_y,Wrist.L_z,Neck_x,Neck_y,Neck_z,Head_x,Head_y,Head_z,Nose_x,Nose_y,Nose_z,Eye.L_x,Eye.L_y,Eye.L_z,Eye.R_x,Eye.R_y,Eye.R_z,Ear.L_x,Ear.L_y,Ear.L_z,Ear.R_x,Ear.R_y,Ear.R_z,hip.Center_x,hip.Center_y,hip.Center_z
0,-0.05525484,-0.46818468,-0.13719252,-0.13392608,-0.13078262,0.11829027,-0.12506752,0.28873062,-0.012022443,0.11227026,0.24491325,-0.03090094,0.10865843,-0.1309877,0.13358665,0.19401298,-0.5356076,-0.018335653,0.42334795,1.0100865,0.2748174,0.1776267,0.93955505,0.22584191,0.14646241,0.74260104,0.04750695,0.32900748,0.60486656,-0.0071312822,0.58456355,0.659505,0.0064522987,0.74157715,0.82594573,0.13237828,0.25412658,0.67984843,0.03457793,0.41244075,0.7802893,0.12831128,0.36199957,0.64639807,0.18627141,0.406188,0.6744603,0.15416017,0.363899,0.7079884,0.19330569,0.40347695,0.7081861,0.05741564,0.3063124,0.785028,0.14241746,-0.006398629397153854,0.2668219208717346,-0.021461691707372665
