frame,Ankle.R_x,Ankle.R_y,Ankle.R_z,Knee.R_x,Knee.R_y,Knee.R_z,Hip.R_x,Hip.R_y,Hip.R_z,Hip.L_x,Hip.L_y,Hip.L_z,Knee.L_x,Knee.L_y,Knee.L_z,Ankle.L_x,Ankle.L_y,Ankle.L_z,Wrist.R_x,Wrist.R_y,Wrist.R_z,Elbow.R_x,Elbow.R_y,Elbow.R_z,Shoulder.R_x,Shoulder.R_y,Shoulder.R_z,Shoulder.L_x,Shoulder.L_y,Shoulder.L_z,Elbow.L_x,Elbow.L_y,Elbow.L_z,Wrist.L_x,Wrist.L_y,Wrist.L_z,Neck_x,Neck_y,Neck_z,Head_x,Head_y,Head_z,Nose_x,Nose_y,Nose_z,Eye.L_x,Eye.L_y,Eye.L_z,Eye.R_x,Eye.R_y,Eye.R_z,Ear.L_x,Ear.L_y,Ear.L_z,Ear.R_x,Ear.R_y,Ear.R_z,hip.Center_x,hip.Center_y,hip.Center_z
0,-0.13310304,-0.46825656,-0.2698928,-0.12064254,-0.14855653,0.023545677,-0.12517236,0.28047165,-0.03174663,0.113370426,0.27319,-0.0010707586,0.07108603,-0.1502898,0.03333904,0.08987082,-0.5198686,-0.20039397,-0.10168054,1.2503245,0.16551921,-0.18493888,1.0084927,0.0923173,-0.10314874,0.78989035,-0.027770149,0.12507752,0.7911957,0.01990052,0.14968258,1.0093862,0.15547323,0.052382775,1.2500299,0.2153876,0.012596691,0.81111366,-0.0037153,0.008184895,1.019243,-0.0033894507,-0.0035216846,0.95460236,0.13931902,0.03281928,0.986539,0.09878622,-0.03349746,0.98276925,0.0905358,0.086726844,0.9494728,0.01540023,-0.06436958,0.9416173,-0.0058959816,-0.005900967866182327,0.2768308222293854,-0.01640869490802288
