frame,Ankle.R_x,Ankle.R_y,Ankle.R_z,Knee.R_x,Knee.R_y,Knee.R_z,Hip.R_x,Hip.R_y,Hip.R_z,Hip.L_x,Hip.L_y,Hip.L_z,Knee.L_x,Knee.L_y,Knee.L_z,Ankle.L_x,Ankle.L_y,Ankle.L_z,Wrist.R_x,Wrist.R_y,Wrist.R_z,Elbow.R_x,Elbow.R_y,Elbow.R_z,Shoulder.R_x,Shoulder.R_y,Shoulder.R_z,Shoulder.L_x,Shoulder.L_y,Shoulder.L_z,Elbow.L_x,Elbow.L_y,Elbow.L_z,Wrist.L_x,Wrist.L_y,Wrist.L_z,Neck_x,Neck_y,Neck_z,Head_x,Head_y,Head_z,Nose_x,Nose_y,Nose_z,Eye.L_x,Eye.L_y,Eye.L_z,Eye.R_x,Eye.R_y,Eye.R_z,Ear.L_x,Ear.L_y,Ear.L_z,Ear.R_x,Ear.R_y,Ear.R_z,hip.Center_x,hip.Center_y,hip.Center_z
0,-0.1064025,-0.5472457,-0.18110804,-0.093436025,-0.16083622,0.024309596,-0.12640935,0.26067796,-0.012782785,0.11178364,0.28427768,-0.01625048,0.15747221,-0.13924399,-0.042677097,0.21439356,-0.48257285,-0.3159687,-0.23897538,1.21456,0.1373237,-0.31030628,0.96439457,0.07994295,-0.18596306,0.7591575,-0.028763521,0.041474923,0.80036736,-0.009203262,0.060850874,1.0278554,0.11228824,-0.07707721,1.2454112,0.1784273,-0.0738138,0.8007257,-0.01596791,-0.10834166,1.0043862,-0.01835172,-0.09179709,0.944257,0.12592742,-0.066377714,0.9793049,0.080614194,-0.1317254,0.96629155,0.08146992,-0.019570548,0.94674605,-0.0077385455,-0.1686195,0.9183614,-0.00925363,-0.007312856614589691,0.27247780561447144,-0.014516633003950119
