frame,Ankle.R_x,Ankle.R_y,Ankle.R_z,Knee.R_x,Knee.R_y,Knee.R_z,Hip.R_x,Hip.R_y,Hip.R_z,Hip.L_x,Hip.L_y,Hip.L_z,Knee.L_x,Knee.L_y,Knee.L_z,Ankle.L_x,Ankle.L_y,Ankle.L_z,Wrist.R_x,Wrist.R_y,Wrist.R_z,Elbow.R_x,Elbow.R_y,Elbow.R_z,Shoulder.R_x,Shoulder.R_y,Shoulder.R_z,Shoulder.L_x,Shoulder.L_y,Shoulder.L_z,Elbow.L_x,Elbow.L_y,Elbow.L_z,Wrist.L_x,Wrist.L_y,Wrist.L_z,Neck_x,Neck_y,Neck_z,Head_x,Head_y,Head_z,Nose_x,Nose_y,Nose_z,Eye.L_x,Eye.L_y,Eye.L_z,Eye.R_x,Eye.R_y,Eye.R_z,Ear.L_x,Ear.L_y,Ear.L_z,Ear.R_x,Ear.R_y,Ear.R_z,hip.Center_x,hip.Center_y,hip.Center_z
0,-0.08926974,-0.5476602,-0.24154088,-0.09737071,-0.17008092,-0.010085651,-0.12687972,0.2632569,-0.018639868,0.114248104,0.26626194,-0.008079374,0.11854607,-0.16300574,-0.010058092,0.16307022,-0.5338623,-0.25478104,-0.08095391,1.2291162,0.16177055,-0.18429093,0.9882209,0.1081858,-0.10691996,0.7677083,-0.013388237,0.11631933,0.7655388,0.017333422,0.15526076,0.98133373,0.15504873,0.054822218,1.2227079,0.2098436,0.0063406145,0.7863242,0.0057947636,0.0035370337,0.9908463,0.029582683,0.0025764164,0.90890265,0.16265705,0.035648003,0.9457613,0.12480445,-0.030806437,0.94298387,0.12142813,0.081033066,0.92030203,0.03404568,-0.06806235,0.9152491,0.023994882,-0.006315808743238449,0.2647594213485718,-0.013359621167182922
