frame,Ankle.R_x,Ankle.R_y,Ankle.R_z,Knee.R_x,Knee.R_y,Knee.R_z,Hip.R_x,Hip.R_y,Hip.R_z,Hip.L_x,Hip.L_y,Hip.L_z,Knee.L_x,Knee.L_y,Knee.L_z,Ankle.L_x,Ankle.L_y,Ankle.L_z,Wrist.R_x,Wrist.R_y,Wrist.R_z,Elbow.R_x,Elbow.R_y,Elbow.R_z,Shoulder.R_x,Shoulder.R_y,Shoulder.R_z,Shoulder.L_x,Shoulder.L_y,Shoulder.L_z,Elbow.L_x,Elbow.L_y,Elbow.L_z,Wrist.L_x,Wrist.L_y,Wrist.L_z,Neck_x,Neck_y,Neck_z,Head_x,Head_y,Head_z,Nose_x,Nose_y,Nose_z,Eye.L_x,Eye.L_y,Eye.L_z,Eye.R_x,Eye.R_y,Eye.R_z,Ear.L_x,Ear.L_y,Ear.L_z,Ear.R_x,Ear.R_y,Ear.R_z,hip.Center_x,hip.Center_y,hip.Center_z
0,-0.18956904,-0.51857436,-0.24986905,-0.13837963,-0.1533958,-0.008052438,-0.12527773,0.2771366,-0.023315765,0.11474434,0.26658663,-0.0059945537,0.0916905,-0.16212904,-0.01067226,0.10756625,-0.5218173,-0.27107197,-0.13546392,1.2487766,0.15291667,-0.19981423,0.9984543,0.08137591,-0.106522895,0.77725065,-0.027722381,0.11890991,0.7847532,0.01309119,0.14007819,1.0115325,0.13561991,0.038011655,1.2535286,0.1908964,0.0072586816,0.80061984,-0.0046831127,-0.004055896,1.0062697,0.0036919464,-0.020267516,0.934993,0.14246464,0.016456963,0.9704046,0.10589214,-0.048858397,0.96381336,0.09344642,0.076380074,0.9398989,0.024468798,-0.07145853,0.9260814,-0.0057583936,-0.005266692489385605,0.27186161279678345,-0.014655159786343575
