frame,Ankle.R_x,Ankle.R_y,Ankle.R_z,Knee.R_x,Knee.R_y,Knee.R_z,Hip.R_x,Hip.R_y,Hip.R_z,Hip.L_x,Hip.L_y,Hip.L_z,Knee.L_x,Knee.L_y,Knee.L_z,Ankle.L_x,Ankle.L_y,Ankle.L_z,Wrist.R_x,Wrist.R_y,Wrist.R_z,Elbow.R_x,Elbow.R_y,Elbow.R_z,Shoulder.R_x,Shoulder.R_y,Shoulder.R_z,Shoulder.L_x,Shoulder.L_y,Shoulder.L_z,Elbow.L_x,Elbow.L_y,Elbow.L_z,Wrist.L_x,Wrist.L_y,Wrist.L_z,Neck_x,Neck_y,Neck_z,Head_x,Head_y,Head_z,Nose_x,Nose_y,Nose_z,Eye.L_x,Eye.L_y,Eye.L_z,Eye.R_x,Eye.R_y,Eye.R_z,Ear.L_x,Ear.L_y,Ear.L_z,Ear.R_x,Ear.R_y,Ear.R_z,hip.Center_x,hip.Center_y,hip.Center_z
0,-0.17441115,-0.49360365,-0.034106653,0.016088873,-0.12602355,0.03527201,-0.021499088,0.29721507,0.1001305,0.01917128,0.30185327,-0.13008066,0.02626118,-0.11349406,-0.11233893,-0.13624854,-0.5007893,-0.15978494,0.13259308,0.94871944,0.16808178,0.11877436,0.73614585,0.28454447,-0.061795823,0.81274056,0.1211291,0.020032428,0.8248476,-0.1451777,0.27400902,0.8158461,-0.12599604,0.14096801,1.0000614,-0.040799126,-0.031658947,0.8628161,-0.012313963,-0.028310863,1.0824525,0.017510843,0.088751875,0.99299026,0.075742655,0.07096022,1.0373242,0.032346204,0.031995505,1.0234766,0.08559635,0.020049132,1.023593,-0.0626688,-0.0699527,0.9934298,0.061661676,-0.0011639036238193512,0.2995341718196869,-0.014975078403949738
