frame,Ankle.R_x,Ankle.R_y,Ankle.R_z,Knee.R_x,Knee.R_y,Knee.R_z,Hip.R_x,Hip.R_y,Hip.R_z,Hip.L_x,Hip.L_y,Hip.L_z,Knee.L_x,Knee.L_y,Knee.L_z,Ankle.L_x,Ankle.L_y,Ankle.L_z,Wrist.R_x,Wrist.R_y,Wrist.R_z,Elbow.R_x,Elbow.R_y,Elbow.R_z,Shoulder.R_x,Shoulder.R_y,Shoulder.R_z,Shoulder.L_x,Shoulder.L_y,Shoulder.L_z,Elbow.L_x,Elbow.L_y,Elbow.L_z,Wrist.L_x,Wrist.L_y,Wrist.L_z,Neck_x,Neck_y,Neck_z,Head_x,Head_y,Head_z,Nose_x,Nose_y,Nose_z,Eye.L_x,Eye.L_y,Eye.L_z,Eye.R_x,Eye.R_y,Eye.R_z,Ear.L_x,Ear.L_y,Ear.L_z,Ear.R_x,Ear.R_y,Ear.R_z,hip.Center_x,hip.Center_y,hip.Center_z
0,-0.016805599,-0.4866553,-0.034782838,0.09936893,-0.11522504,0.12785517,-0.09776073,0.26448298,0.06274615,0.07102394,0.2849735,-0.109094456,0.2854318,0.008175731,0.09495168,0.26936084,-0.38959482,-0.057522073,0.24572572,0.77774745,0.29830304,0.061311852,0.62097263,0.35686982,-0.0502512,0.72431356,0.14292026,0.1364829,0.6947783,-0.08051242,0.3146711,0.5013416,-0.037054546,0.3746484,0.72218007,0.03740853,0.046106156,0.76641893,0.03346327,0.10211951,0.97422034,0.069935024,0.1438729,0.85989344,0.162721,0.16243804,0.900742,0.12029125,0.105048075,0.9078602,0.15227233,0.1500395,0.8966112,0.017691422,0.020348705,0.91322243,0.09172109,-0.0133683942258358,0.2747282385826111,-0.02317415177822113
