frame,Ankle.R_x,Ankle.R_y,Ankle.R_z,Knee.R_x,Knee.R_y,Knee.R_z,Hip.R_x,Hip.R_y,Hip.R_z,Hip.L_x,Hip.L_y,Hip.L_z,Knee.L_x,Knee.L_y,Knee.L_z,Ankle.L_x,Ankle.L_y,Ankle.L_z,Wrist.R_x,Wrist.R_y,Wrist.R_z,Elbow.R_x,Elbow.R_y,Elbow.R_z,Shoulder.R_x,Shoulder.R_y,Shoulder.R_z,Shoulder.L_x,Shoulder.L_y,Shoulder.L_z,Elbow.L_x,Elbow.L_y,Elbow.L_z,Wrist.L_x,Wrist.L_y,Wrist.L_z,Neck_x,Neck_y,Neck_z,Head_x,Head_y,Head_z,Nose_x,Nose_y,Nose_z,Eye.L_x,Eye.L_y,Eye.L_z,Eye.R_x,Eye.R_y,Eye.R_z,Ear.L_x,Ear.L_y,Ear.L_z,Ear.R_x,Ear.R_y,Ear.R_z,hip.Center_x,hip.Center_y,hip.Center_z
0,-0.081535384,-0.46308735,0.055319063,0.1497194,-0.10588081,0.120634735,-0.05563845,0.28261694,0.09101324,0.041952696,0.2822858,-0.13112362,0.05928489,-0.14059864,-0.09740584,-0.10764504,-0.5444123,-0.14684805,0.10150326,0.9524731,0.25428283,-0.0005637817,0.73531723,0.32706088,-0.09304029,0.7799859,0.07643596,0.09436328,0.75627804,-0.14051327,0.30729225,0.7272713,0.016330918,0.23977308,0.96800435,0.0071510193,-0.008914803,0.81691,-0.046320375,-0.01681355,1.0322431,-0.058997832,0.078953505,0.966459,0.045533948,0.074022695,0.99893296,-0.008875161,0.022896817,0.99513113,0.03431574,0.050439715,0.96156144,-0.10595119,-0.067021,0.9546828,-0.0073627494,-0.0068428777158260345,0.2824513912200928,-0.020055189728736877
