frame,Ankle.R_x,Ankle.R_y,Ankle.R_z,Knee.R_x,Knee.R_y,Knee.R_z,Hip.R_x,Hip.R_y,Hip.R_z,Hip.L_x,Hip.L_y,Hip.L_z,Knee.L_x,Knee.L_y,Knee.L_z,Ankle.L_x,Ankle.L_y,Ankle.L_z,Wrist.R_x,Wrist.R_y,Wrist.R_z,Elbow.R_x,Elbow.R_y,Elbow.R_z,Shoulder.R_x,Shoulder.R_y,Shoulder.R_z,Shoulder.L_x,Shoulder.L_y,Shoulder.L_z,Elbow.L_x,Elbow.L_y,Elbow.L_z,Wrist.L_x,Wrist.L_y,Wrist.L_z,Neck_x,Neck_y,Neck_z,Head_x,Head_y,Head_z,Nose_x,Nose_y,Nose_z,Eye.L_x,Eye.L_y,Eye.L_z,Eye.R_x,Eye.R_y,Eye.R_z,Ear.L_x,Ear.L_y,Ear.L_z,Ear.R_x,Ear.R_y,Ear.R_z,hip.Center_x,hip.Center_y,hip.Center_z
0,-0.105054945,-0.4909228,0.035151586,0.11685188,-0.13308525,0.039608434,0.02218793,0.28154865,0.09814175,-0.030940743,0.2814484,-0.13364768,0.11575751,-0.10577747,-0.16770266,-0.06981972,-0.4831371,-0.10408665,0.10911928,0.9604465,0.10006478,0.19787222,0.8085068,0.2695561,-0.015144943,0.7651718,0.11709826,-0.08366464,0.74957776,-0.16220273,-0.017106554,0.684441,-0.4171215,0.07751332,0.8972394,-0.3597582,-0.04430861,0.8023497,-0.01873948,0.014264226,1.012573,0.008059235,0.116410464,0.90291166,-0.030916497,0.0848078,0.9532144,-0.05008754,0.09147802,0.93902504,0.014384419,-0.01513581,0.9598993,-0.07955402,0.0004274994,0.92764497,0.06737767,-0.004376406781375408,0.281498521566391,-0.017752964049577713
