frame,Ankle.R_x,Ankle.R_y,Ankle.R_z,Knee.R_x,Knee.R_y,Knee.R_z,Hip.R_x,Hip.R_y,Hip.R_z,Hip.L_x,Hip.L_y,Hip.L_z,Knee.L_x,Knee.L_y,Knee.L_z,Ankle.L_x,Ankle.L_y,Ankle.L_z,Wrist.R_x,Wrist.R_y,Wrist.R_z,Elbow.R_x,Elbow.R_y,Elbow.R_z,Shoulder.R_x,Shoulder.R_y,Shoulder.R_z,Shoulder.L_x,Shoulder.L_y,Shoulder.L_z,Elbow.L_x,Elbow.L_y,Elbow.L_z,Wrist.L_x,Wrist.L_y,Wrist.L_z,Neck_x,Neck_y,Neck_z,Head_x,Head_y,Head_z,Nose_x,Nose_y,Nose_z,Eye.L_x,Eye.L_y,Eye.L_z,Eye.R_x,Eye.R_y,Eye.R_z,Ear.L_x,Ear.L_y,Ear.L_z,Ear.R_x,Ear.R_y,Ear.R_z,hip.Center_x,hip.Center_y,hip.Center_z
0,-0.21176225,-0.5260869,-0.15081488,0.0149911465,-0.18492895,0.03866493,-0.06956635,0.24905051,0.08929601,0.0381433,0.29958168,-0.13248333,0.3684879,0.19025174,0.05582601,0.41389358,-0.21710809,-0.111290835,0.41639805,0.55460674,0.27098018,0.1597702,0.49908423,0.3084014,0.0043877335,0.7006303,0.18537733,0.028860502,0.7260886,-0.11393748,0.013447749,0.49801123,-0.28026593,0.23651129,0.45122668,-0.16270944,0.036215663,0.76987064,0.04648701,0.13768557,0.9621911,0.0962898,0.19657612,0.82203966,0.12066372,0.20019102,0.8739883,0.08641351,0.166871,0.8724389,0.14455913,0.13937968,0.9038647,0.007335793,0.0657832,0.8997328,0.14054984,-0.015711523592472076,0.27431610226631165,-0.02159366011619568
