frame,Ankle.R_x,Ankle.R_y,Ankle.R_z,Knee.R_x,Knee.R_y,Knee.R_z,Hip.R_x,Hip.R_y,Hip.R_z,Hip.L_x,Hip.L_y,Hip.L_z,Knee.L_x,Knee.L_y,Knee.L_z,Ankle.L_x,Ankle.L_y,Ankle.L_z,Wrist.R_x,Wrist.R_y,Wrist.R_z,Elbow.R_x,Elbow.R_y,Elbow.R_z,Shoulder.R_x,Shoulder.R_y,Shoulder.R_z,Shoulder.L_x,Shoulder.L_y,Shoulder.L_z,Elbow.L_x,Elbow.L_y,Elbow.L_z,Wrist.L_x,Wrist.L_y,Wrist.L_z,Neck_x,Neck_y,Neck_z,Head_x,Head_y,Head_z,Nose_x,Nose_y,Nose_z,Eye.L_x,Eye.L_y,Eye.L_z,Eye.R_x,Eye.R_y,Eye.R_z,Ear.L_x,Ear.L_y,Ear.L_z,Ear.R_x,Ear.R_y,Ear.R_z,hip.Center_x,hip.Center_y,hip.Center_z
0,-0.19835769,-0.38813013,-0.35321978,0.01503489,-0.16524379,-0.040993776,-0.07417755,0.25588673,0.08537653,0.048470177,0.31610915,-0.12137929,0.34207907,0.05470432,0.024617009,0.23674977,-0.31716174,-0.16822962,0.36679485,0.75393295,0.2720456,0.1675252,0.59599364,0.32650572,-0.03205681,0.7325952,0.19445485,0.03995019,0.7513752,-0.097161025,0.22307938,0.56638783,-0.18864053,0.3132918,0.709058,-0.0011651756,0.012001506,0.7966206,0.058726065,0.16805778,0.95275724,0.12157188,0.17399293,0.7996107,0.119350925,0.19195586,0.8522597,0.09132959,0.16650343,0.8521513,0.15333372,0.13750593,0.9150055,0.026912242,0.0798952,0.9134059,0.16859284,-0.012853685766458511,0.2859979271888733,-0.018001381307840347
