frame,Ankle.R_x,Ankle.R_y,Ankle.R_z,Knee.R_x,Knee.R_y,Knee.R_z,Hip.R_x,Hip.R_y,Hip.R_z,Hip.L_x,Hip.L_y,Hip.L_z,Knee.L_x,Knee.L_y,Knee.L_z,Ankle.L_x,Ankle.L_y,Ankle.L_z,Wrist.R_x,Wrist.R_y,Wrist.R_z,Elbow.R_x,Elbow.R_y,Elbow.R_z,Shoulder.R_x,Shoulder.R_y,Shoulder.R_z,Shoulder.L_x,Shoulder.L_y,Shoulder.L_z,Elbow.L_x,Elbow.L_y,Elbow.L_z,Wrist.L_x,Wrist.L_y,Wrist.L_z,Neck_x,Neck_y,Neck_z,Head_x,Head_y,Head_z,Nose_x,Nose_y,Nose_z,Eye.L_x,Eye.L_y,Eye.L_z,Eye.R_x,Eye.R_y,Eye.R_z,Ear.L_x,Ear.L_y,Ear.L_z,Ear.R_x,Ear.R_y,Ear.R_z,hip.Center_x,hip.Center_y,hip.Center_z
0,-0.14991733,-0.50435495,-0.21223804,-0.015600491,-0.16516359,0.0265432,-0.092701845,0.26479453,0.066869125,0.074283555,0.292085,-0.107385784,0.28539526,-0.012491304,0.0838324,0.18494162,-0.38545078,-0.108678594,0.33564618,0.7242872,0.33749086,0.109213434,0.60318506,0.3677059,-0.04262115,0.7216738,0.17442217,0.114850365,0.72650284,-0.06918007,0.30053985,0.53171694,-0.054672275,0.29726022,0.6399412,0.17181261,0.03700733,0.77752596,0.060675513,0.12188648,0.9651415,0.14360024,0.15123628,0.8230135,0.19185475,0.17293927,0.87247646,0.16134343,0.11936919,0.87678677,0.20032984,0.1528124,0.90265656,0.06372405,0.03195502,0.9117527,0.1537869,-0.009209144860506058,0.2784397602081299,-0.020258329808712006
