frame,Ankle.R_x,Ankle.R_y,Ankle.R_z,Knee.R_x,Knee.R_y,Knee.R_z,Hip.R_x,Hip.R_y,Hip.R_z,Hip.L_x,Hip.L_y,Hip.L_z,Knee.L_x,Knee.L_y,Knee.L_z,Ankle.L_x,Ankle.L_y,Ankle.L_z,Wrist.R_x,Wrist.R_y,Wrist.R_z,Elbow.R_x,Elbow.R_y,Elbow.R_z,Shoulder.R_x,Shoulder.R_y,Shoulder.R_z,Shoulder.L_x,Shoulder.L_y,Shoulder.L_z,Elbow.L_x,Elbow.L_y,Elbow.L_z,Wrist.L_x,Wrist.L_y,Wrist.L_z,Neck_x,Neck_y,Neck_z,Head_x,Head_y,Head_z,Nose_x,Nose_y,Nose_z,Eye.L_x,Eye.L_y,Eye.L_z,Eye.R_x,Eye.R_y,Eye.R_z,Ear.L_x,Ear.L_y,Ear.L_z,Ear.R_x,Ear.R_y,Ear.R_z,hip.Center_x,hip.Center_y,hip.Center_z
0,0.5372622,-0.17026825,-0.068936296,0.347563,0.19708641,0.004620338,-0.003407992,0.29151094,0.103877455,-0.03261235,0.26795372,-0.14013647,0.10867436,-0.13047718,-0.077326074,-0.096907735,-0.49534842,0.03429153,0.35181054,0.6576819,0.3068509,0.11991574,0.56975013,0.3255964,0.06301551,0.7295671,0.10733479,0.111182235,0.7060365,-0.19416496,0.18078864,0.45461574,-0.27271253,0.3099351,0.45153174,-0.06358918,0.1033636,0.7761514,-0.039752927,0.17740428,0.9816259,-0.0053760284,0.22784117,0.8566755,0.07120517,0.24233621,0.90176404,0.029495582,0.1898404,0.90652823,0.07034139,0.21607915,0.90686536,-0.07395003,0.09979858,0.9203977,0.021863297,-0.018010171130299568,0.279732346534729,-0.018129505217075348
