frame,Ankle.R_x,Ankle.R_y,Ankle.R_z,Knee.R_x,Knee.R_y,Knee.R_z,Hip.R_x,Hip.R_y,Hip.R_z,Hip.L_x,Hip.L_y,Hip.L_z,Knee.L_x,Knee.L_y,Knee.L_z,Ankle.L_x,Ankle.L_y,Ankle.L_z,Wrist.R_x,Wrist.R_y,Wrist.R_z,Elbow.R_x,Elbow.R_y,Elbow.R_z,Shoulder.R_x,Shoulder.R_y,Shoulder.R_z,Shoulder.L_x,Shoulder.L_y,Shoulder.L_z,Elbow.L_x,Elbow.L_y,Elbow.L_z,Wrist.L_x,Wrist.L_y,Wrist.L_z,Neck_x,Neck_y,Neck_z,Head_x,Head_y,Head_z,Nose_x,Nose_y,Nose_z,Eye.L_x,Eye.L_y,Eye.L_z,Eye.R_x,Eye.R_y,Eye.R_z,Ear.L_x,Ear.L_y,Ear.L_z,Ear.R_x,Ear.R_y,Ear.R_z,hip.Center_x,hip.Center_y,hip.Center_z
0,-0.21877822,-0.4730357,-0.24296632,-0.058034882,-0.13730179,-0.027276736,-0.06560673,0.2818932,0.08698453,0.05510089,0.3046908,-0.11935963,0.225275,-0.07409612,-0.030522838,-0.01986216,-0.39334512,-0.16511317,0.05397684,0.9228676,0.19450544,0.07313162,0.72469354,0.33969617,-0.08111489,0.78827345,0.13358234,0.041112453,0.79464734,-0.12840325,0.3009029,0.74700147,-0.16806819,0.17120479,0.93910164,-0.090424955,-0.0261509,0.83920836,0.0062276768,0.0040453644,1.0572071,0.049283125,0.08557796,0.9453122,0.12315876,0.08666135,0.993122,0.08095266,0.035308763,0.98630196,0.12352315,0.05586385,0.99299085,-0.021729596,-0.0619324,0.97791433,0.07679689,-0.005252918228507042,0.29329198598861694,-0.016187548637390137
