frame,Ankle.R_x,Ankle.R_y,Ankle.R_z,Knee.R_x,Knee.R_y,Knee.R_z,Hip.R_x,Hip.R_y,Hip.R_z,Hip.L_x,Hip.L_y,Hip.L_z,Knee.L_x,Knee.L_y,Knee.L_z,Ankle.L_x,Ankle.L_y,Ankle.L_z,Wrist.R_x,Wrist.R_y,Wrist.R_z,Elbow.R_x,Elbow.R_y,Elbow.R_z,Shoulder.R_x,Shoulder.R_y,Shoulder.R_z,Shoulder.L_x,Shoulder.L_y,Shoulder.L_z,Elbow.L_x,Elbow.L_y,Elbow.L_z,Wrist.L_x,Wrist.L_y,Wrist.L_z,Neck_x,Neck_y,Neck_z,Head_x,Head_y,Head_z,Nose_x,Nose_y,Nose_z,Eye.L_x,Eye.L_y,Eye.L_z,Eye.R_x,Eye.R_y,Eye.R_z,Ear.L_x,Ear.L_y,Ear.L_z,Ear.R_x,Ear.R_y,Ear.R_z,hip.Center_x,hip.Center_y,hip.Center_z
0,0.02984535,-0.5339362,-0.21821539,0.052770756,-0.16097566,-0.0022372259,-0.09079932,0.23594964,0.0746827,0.051182423,0.296302,-0.117538795,0.23426656,0.36448166,0.13329303,0.57926035,0.14032435,0.24760564,0.3243639,0.5889065,0.38035828,0.103311405,0.48016107,0.34828022,0.023688253,0.6764795,0.18084678,0.105225526,0.6735745,-0.10117942,0.11959046,0.44165725,-0.24451277,0.28054515,0.5267065,-0.08746603,0.08800936,0.73248845,0.04837349,0.17798409,0.92976797,0.08794798,0.22807443,0.7976124,0.14590088,0.24109669,0.8444897,0.10721401,0.19499333,0.84964216,0.15493473,0.20126164,0.8597484,0.013245981,0.10007888,0.8732913,0.12255597,-0.019808446988463402,0.26612579822540283,-0.021428048610687256
