frame,Ankle.R_x,Ankle.R_y,Ankle.R_z,Knee.R_x,Knee.R_y,Knee.R_z,Hip.R_x,Hip.R_y,Hip.R_z,Hip.L_x,Hip.L_y,Hip.L_z,Knee.L_x,Knee.L_y,Knee.L_z,Ankle.L_x,Ankle.L_y,Ankle.L_z,Wrist.R_x,Wrist.R_y,Wrist.R_z,Elbow.R_x,Elbow.R_y,Elbow.R_z,Shoulder.R_x,Shoulder.R_y,Shoulder.R_z,Shoulder.L_x,Shoulder.L_y,Shoulder.L_z,Elbow.L_x,Elbow.L_y,Elbow.L_z,Wrist.L_x,Wrist.L_y,Wrist.L_z,Neck_x,Neck_y,Neck_z,Head_x,Head_y,Head_z,Nose_x,Nose_y,Nose_z,Eye.L_x,Eye.L_y,Eye.L_z,Eye.R_x,Eye.R_y,Eye.R_z,Ear.L_x,Ear.L_y,Ear.L_z,Ear.R_x,Ear.R_y,Ear.R_z,hip.Center_x,hip.Center_y,hip.Center_z
0,-0.22709997,-0.40258664,-0.3338309,-0.025850922,-0.15907784,-0.03035133,-0.081000894,0.27004293,0.080083385,0.05920934,0.30549115,-0.11983399,0.32294294,0.034164604,0.059737302,0.13145006,-0.30797797,-0.10464794,0.31545374,0.9258836,0.22007573,0.18808448,0.72078985,0.31225225,-0.02110302,0.7723347,0.14203626,0.0841377,0.74557114,-0.13194834,0.32657617,0.61909986,-0.15690994,0.31128326,0.8487001,-0.055410508,0.03000427,0.81209534,0.0070265373,0.11514166,1.0170481,0.05841111,0.16738248,0.8813729,0.11172862,0.17804909,0.93048704,0.07354859,0.13149059,0.93353033,0.12170239,0.13804,0.9500114,-0.02263838,0.031957388,0.9570617,0.08804547,-0.010895777493715286,0.28776705265045166,-0.01987530291080475
