frame,Ankle.R_x,Ankle.R_y,Ankle.R_z,Knee.R_x,Knee.R_y,Knee.R_z,Hip.R_x,Hip.R_y,Hip.R_z,Hip.L_x,Hip.L_y,Hip.L_z,Knee.L_x,Knee.L_y,Knee.L_z,Ankle.L_x,Ankle.L_y,Ankle.L_z,Wrist.R_x,Wrist.R_y,Wrist.R_z,Elbow.R_x,Elbow.R_y,Elbow.R_z,Shoulder.R_x,Shoulder.R_y,Shoulder.R_z,Shoulder.L_x,Shoulder.L_y,Shoulder.L_z,Elbow.L_x,Elbow.L_y,Elbow.L_z,Wrist.L_x,Wrist.L_y,Wrist.L_z,Neck_x,Neck_y,Neck_z,Head_x,Head_y,Head_z,Nose_x,Nose_y,Nose_z,Eye.L_x,Eye.L_y,Eye.L_z,Eye.R_x,Eye.R_y,Eye.R_z,Ear.L_x,Ear.L_y,Ear.L_z,Ear.R_x,Ear.R_y,Ear.R_z,hip.Center_x,hip.Center_y,hip.Center_z
0,-0.1522879,-0.52003723,-0.0040006866,0.025861192,-0.13679937,0.022172438,0.019601721,0.28493598,0.09957733,-0.02005597,0.29927623,-0.13381937,0.050691057,-0.10786248,-0.16661152,-0.08326339,-0.5106645,-0.21142982,0.16631596,0.9495068,0.12594615,0.22312327,0.7496214,0.25371182,-0.014524418,0.78572536,0.1462532,-0.08820389,0.7806123,-0.1369875,-0.0036924903,0.67987525,-0.37273896,0.10767714,0.8859049,-0.32236034,-0.0499165,0.8334943,0.009323964,-0.011471553,1.0528089,0.023366576,0.10631554,0.9506161,0.00483275,0.07092494,0.9960195,-0.02201109,0.072136,0.98758644,0.044465203,-0.02757939,0.9893596,-0.06272207,-0.02393315,0.97030747,0.09027297,-0.0002271244302392006,0.29210609197616577,-0.017121020704507828
