frame,Ankle.R_x,Ankle.R_y,Ankle.R_z,Knee.R_x,Knee.R_y,Knee.R_z,Hip.R_x,Hip.R_y,Hip.R_z,Hip.L_x,Hip.L_y,Hip.L_z,Knee.L_x,Knee.L_y,Knee.L_z,Ankle.L_x,Ankle.L_y,Ankle.L_z,Wrist.R_x,Wrist.R_y,Wrist.R_z,Elbow.R_x,Elbow.R_y,Elbow.R_z,Shoulder.R_x,Shoulder.R_y,Shoulder.R_z,Shoulder.L_x,Shoulder.L_y,Shoulder.L_z,Elbow.L_x,Elbow.L_y,Elbow.L_z,Wrist.L_x,Wrist.L_y,Wrist.L_z,Neck_x,Neck_y,Neck_z,Head_x,Head_y,Head_z,Nose_x,Nose_y,Nose_z,Eye.L_x,Eye.L_y,Eye.L_z,Eye.R_x,Eye.R_y,Eye.R_z,Ear.L_x,Ear.L_y,Ear.L_z,Ear.R_x,Ear.R_y,Ear.R_z,hip.Center_x,hip.Center_y,hip.Center_z
0,0.5149355,-0.25237334,0.15932952,0.32975087,0.1379243,0.10361225,-0.028562766,0.29537994,0.09984238,0.00035320967,0.25407216,-0.14434618,0.06701267,-0.15923974,-0.038448572,-0.10390277,-0.56756157,0.041201502,0.28802046,0.55059904,0.27329504,0.036590934,0.5109601,0.2757824,0.04908236,0.716807,0.09008604,0.17337827,0.68375236,-0.1863287,0.26255244,0.4247986,-0.2386016,0.34121725,0.42419496,0.001570086,0.13458607,0.75554174,-0.04448051,0.25971198,0.9356079,-0.00088306575,0.296313,0.78944343,0.034488276,0.30810335,0.83899844,-0.0029506907,0.2750265,0.84498423,0.054821506,0.2534778,0.87140447,-0.08575533,0.18016267,0.8871628,0.04573837,-0.014104777947068214,0.2747260332107544,-0.022251900285482407
