frame,Ankle.R_x,Ankle.R_y,Ankle.R_z,Knee.R_x,Knee.R_y,Knee.R_z,Hip.R_x,Hip.R_y,Hip.R_z,Hip.L_x,Hip.L_y,Hip.L_z,Knee.L_x,Knee.L_y,Knee.L_z,Ankle.L_x,Ankle.L_y,Ankle.L_z,Wrist.R_x,Wrist.R_y,Wrist.R_z,Elbow.R_x,Elbow.R_y,Elbow.R_z,Shoulder.R_x,Shoulder.R_y,Shoulder.R_z,Shoulder.L_x,Shoulder.L_y,Shoulder.L_z,Elbow.L_x,Elbow.L_y,Elbow.L_z,Wrist.L_x,Wrist.L_y,Wrist.L_z,Neck_x,Neck_y,Neck_z,Head_x,Head_y,Head_z,Nose_x,Nose_y,Nose_z,Eye.L_x,Eye.L_y,Eye.L_z,Eye.R_x,Eye.R_y,Eye.R_z,Ear.L_x,Ear.L_y,Ear.L_z,Ear.R_x,Ear.R_y,Ear.R_z,hip.Center_x,hip.Center_y,hip.Center_z
0,-0.13160533,-0.48162264,0.06924869,0.08583015,-0.12763843,0.04239942,0.018674629,0.2882731,0.09886591,-0.023662956,0.29169965,-0.13211426,0.106597506,-0.09569824,-0.1529315,-0.08131069,-0.47109744,-0.17984976,0.17868172,0.911218,0.05036091,0.24466011,0.74521744,0.21049684,0.01829692,0.7926855,0.100224204,-0.054274946,0.75707185,-0.1779854,0.024896014,0.5764077,-0.3550917,0.13503902,0.7799939,-0.31731775,-0.010397471,0.826089,-0.038906608,0.043468673,1.0398573,-0.029110849,0.15282084,0.92980397,-0.04548647,0.12163429,0.9772165,-0.07276212,0.121176474,0.9694911,-0.006710343,0.024750113,0.97661096,-0.11401678,0.025281407,0.96008193,0.037519857,-0.0024941638112068176,0.28998637199401855,-0.016624175012111664
