frame,Ankle.R_x,Ankle.R_y,Ankle.R_z,Knee.R_x,Knee.R_y,Knee.R_z,Hip.R_x,Hip.R_y,Hip.R_z,Hip.L_x,Hip.L_y,Hip.L_z,Knee.L_x,Knee.L_y,Knee.L_z,Ankle.L_x,Ankle.L_y,Ankle.L_z,Wrist.R_x,Wrist.R_y,Wrist.R_z,Elbow.R_x,Elbow.R_y,Elbow.R_z,Shoulder.R_x,Shoulder.R_y,Shoulder.R_z,Shoulder.L_x,Shoulder.L_y,Shoulder.L_z,Elbow.L_x,Elbow.L_y,Elbow.L_z,Wrist.L_x,Wrist.L_y,Wrist.L_z,Neck_x,Neck_y,Neck_z,Head_x,Head_y,Head_z,Nose_x,Nose_y,Nose_z,Eye.L_x,Eye.L_y,Eye.L_z,Eye.R_x,Eye.R_y,Eye.R_z,Ear.L_x,Ear.L_y,Ear.L_z,Ear.R_x,Ear.R_y,Ear.R_z,hip.Center_x,hip.Center_y,hip.Center_z
0,0.6724715,0.20205408,-0.049368322,0.285063,0.37140253,0.03719945,-0.03446906,0.28835642,0.1000558,-0.0054068924,0.23472503,-0.14456865,0.12023869,-0.16269271,-0.025439437,-0.093348,-0.55085236,0.065092005,0.20716487,0.51330125,0.22857474,-0.042920206,0.48632386,0.20073381,0.0776247,0.68971,0.06776085,0.24353008,0.61137503,-0.1642441,0.32629415,0.35565573,-0.11355547,0.3783044,0.4465107,0.117421426,0.18867654,0.6993935,-0.05072812,0.31359747,0.8708209,-0.038745135,0.3489374,0.734876,0.028677724,0.36252102,0.7757261,-0.017839864,0.32774982,0.7932781,0.03639359,0.3115054,0.79012555,-0.10649309,0.23408261,0.8330413,0.014818065,-0.019937977194786072,0.2615407109260559,-0.022256426513195038
