frame,Ankle.R_x,Ankle.R_y,Ankle.R_z,Knee.R_x,Knee.R_y,Knee.R_z,Hip.R_x,Hip.R_y,Hip.R_z,Hip.L_x,Hip.L_y,Hip.L_z,Knee.L_x,Knee.L_y,Knee.L_z,Ankle.L_x,Ankle.L_y,Ankle.L_z,Wrist.R_x,Wrist.R_y,Wrist.R_z,Elbow.R_x,Elbow.R_y,Elbow.R_z,Shoulder.R_x,Shoulder.R_y,Shoulder.R_z,Shoulder.L_x,Shoulder.L_y,Shoulder.L_z,Elbow.L_x,Elbow.L_y,Elbow.L_z,Wrist.L_x,Wrist.L_y,Wrist.L_z,Neck_x,Neck_y,Neck_z,Head_x,Head_y,Head_z,Nose_x,Nose_y,Nose_z,Eye.L_x,Eye.L_y,Eye.L_z,Eye.R_x,Eye.R_y,Eye.R_z,Ear.L_x,Ear.L_y,Ear.L_z,Ear.R_x,Ear.R_y,Ear.R_z,hip.Center_x,hip.Center_y,hip.Center_z
0,-0.16415103,-0.4608053,-0.24336231,-0.010262055,-0.17339954,0.033527654,-0.093531124,0.24782261,0.068221994,0.06358599,0.29458284,-0.114037804,0.32676178,0.2108913,0.12797835,0.30541044,-0.16327378,-0.04491725,0.36414275,0.7500592,0.3837809,0.13824236,0.62482816,0.36634994,-0.039268523,0.6997985,0.18018103,0.10692184,0.7254423,-0.049042083,0.33806857,0.61880076,0.014736567,0.31118268,0.65960056,0.26322997,0.02485101,0.75861454,0.07161128,0.060642105,0.94907665,0.16674276,0.09477143,0.8115889,0.22023216,0.11745812,0.8642273,0.19996159,0.05440835,0.8589279,0.21894044,0.12473509,0.8969574,0.10086885,-0.016879026,0.8838762,0.1479606,-0.014972567558288574,0.2712027430534363,-0.022907905280590057
