frame,Ankle.R_x,Ankle.R_y,Ankle.R_z,Knee.R_x,Knee.R_y,Knee.R_z,Hip.R_x,Hip.R_y,Hip.R_z,Hip.L_x,Hip.L_y,Hip.L_z,Knee.L_x,Knee.L_y,Knee.L_z,Ankle.L_x,Ankle.L_y,Ankle.L_z,Wrist.R_x,Wrist.R_y,Wrist.R_z,Elbow.R_x,Elbow.R_y,Elbow.R_z,Shoulder.R_x,Shoulder.R_y,Shoulder.R_z,Shoulder.L_x,Shoulder.L_y,Shoulder.L_z,Elbow.L_x,Elbow.L_y,Elbow.L_z,Wrist.L_x,Wrist.L_y,Wrist.L_z,Neck_x,Neck_y,Neck_z,Head_x,Head_y,Head_z,Nose_x,Nose_y,Nose_z,Eye.L_x,Eye.L_y,Eye.L_z,Eye.R_x,Eye.R_y,Eye.R_z,Ear.L_x,Ear.L_y,Ear.L_z,Ear.R_x,Ear.R_y,Ear.R_z,hip.Center_x,hip.Center_y,hip.Center_z
0,0.6817482,0.2807388,0.03046266,0.26462045,0.40684277,0.06823749,-0.046899337,0.29174492,0.09297486,0.0062665776,0.22093698,-0.1443563,0.109969765,-0.17196707,0.008420136,-0.03673021,-0.59575975,0.10546436,0.24003164,0.47983733,0.3201809,-0.003051171,0.4625421,0.23614445,0.07561858,0.66868633,0.06445791,0.22390199,0.5996091,-0.18322657,0.29359505,0.33184752,-0.16740164,0.38869163,0.36444467,0.06752968,0.17673694,0.68583435,-0.057455722,0.2925352,0.86093533,-0.014421061,0.30139154,0.7274543,0.06449646,0.33149314,0.7674712,0.025307849,0.27852467,0.78565836,0.061781213,0.3164647,0.77900296,-0.0773882,0.20073888,0.823424,0.0056880116,-0.02031637914478779,0.25634095072746277,-0.025690719485282898
