frame,Ankle.R_x,Ankle.R_y,Ankle.R_z,Knee.R_x,Knee.R_y,Knee.R_z,Hip.R_x,Hip.R_y,Hip.R_z,Hip.L_x,Hip.L_y,Hip.L_z,Knee.L_x,Knee.L_y,Knee.L_z,Ankle.L_x,Ankle.L_y,Ankle.L_z,Wrist.R_x,Wrist.R_y,Wrist.R_z,Elbow.R_x,Elbow.R_y,Elbow.R_z,Shoulder.R_x,Shoulder.R_y,Shoulder.R_z,Shoulder.L_x,Shoulder.L_y,Shoulder.L_z,Elbow.L_x,Elbow.L_y,Elbow.L_z,Wrist.L_x,Wrist.L_y,Wrist.L_z,Neck_x,Neck_y,Neck_z,Head_x,Head_y,Head_z,Nose_x,Nose_y,Nose_z,Eye.L_x,Eye.L_y,Eye.L_z,Eye.R_x,Eye.R_y,Eye.R_z,Ear.L_x,Ear.L_y,Ear.L_z,Ear.R_x,Ear.R_y,Ear.R_z,hip.Center_x,hip.Center_y,hip.Center_z
0,0.02479958,-0.4864703,0.15165633,0.14521287,-0.07027684,0.19104706,-0.08155262,0.28140226,0.07378699,0.0647772,0.27348113,-0.12049542,0.14829226,-0.1336872,0.0055861208,-0.07175674,-0.49385762,-0.12636396,0.23325287,0.84575176,0.30464518,0.033810403,0.6906462,0.33881223,-0.07030723,0.7564722,0.09751516,0.11910702,0.7168932,-0.12985623,0.276208,0.5065716,-0.068481445,0.2747389,0.7032585,0.082220435,0.023891406,0.7940202,-0.01645933,0.06634502,1.0084277,0.0064654616,0.076422624,0.9085121,0.12293363,0.107514895,0.9452701,0.08299309,0.042312715,0.9530353,0.09325748,0.13114043,0.92624366,-0.018002875,-0.016718667,0.94544405,0.008377753,-0.00838770717382431,0.27744168043136597,-0.023354217410087585
