frame,Ankle.R_x,Ankle.R_y,Ankle.R_z,Knee.R_x,Knee.R_y,Knee.R_z,Hip.R_x,Hip.R_y,Hip.R_z,Hip.L_x,Hip.L_y,Hip.L_z,Knee.L_x,Knee.L_y,Knee.L_z,Ankle.L_x,Ankle.L_y,Ankle.L_z,Wrist.R_x,Wrist.R_y,Wrist.R_z,Elbow.R_x,Elbow.R_y,Elbow.R_z,Shoulder.R_x,Shoulder.R_y,Shoulder.R_z,Shoulder.L_x,Shoulder.L_y,Shoulder.L_z,Elbow.L_x,Elbow.L_y,Elbow.L_z,Wrist.L_x,Wrist.L_y,Wrist.L_z,Neck_x,Neck_y,Neck_z,Head_x,Head_y,Head_z,Nose_x,Nose_y,Nose_z,Eye.L_x,Eye.L_y,Eye.L_z,Eye.R_x,Eye.R_y,Eye.R_z,Ear.L_x,Ear.L_y,Ear.L_z,Ear.R_x,Ear.R_y,Ear.R_z,hip.Center_x,hip.Center_y,hip.Center_z
0,0.3828655,-0.44543958,0.048053592,0.20683202,-0.051144987,0.12412572,-0.07675278,0.25572437,0.09088348,0.034129366,0.30763626,-0.12724228,0.32815906,0.05232079,-0.029455628,0.49554968,-0.3115156,-0.22280295,0.34534898,0.4352027,0.33339408,0.09667584,0.3954934,0.29414546,0.09369497,0.6598387,0.21780208,0.1832866,0.67996013,-0.075241715,0.18325105,0.4276568,-0.18851191,0.36303428,0.41990837,-0.013618951,0.17188235,0.7284391,0.0846082,0.30135688,0.9075488,0.13614795,0.34184656,0.7603111,0.16269565,0.35181916,0.8119385,0.12758124,0.31902224,0.8144031,0.18615144,0.29534438,0.8479918,0.046404723,0.22227396,0.85517794,0.18185195,-0.02131170779466629,0.28168031573295593,-0.018179401755332947
