frame,Ankle.R_x,Ankle.R_y,Ankle.R_z,Knee.R_x,Knee.R_y,Knee.R_z,Hip.R_x,Hip.R_y,Hip.R_z,Hip.L_x,Hip.L_y,Hip.L_z,Knee.L_x,Knee.L_y,Knee.L_z,Ankle.L_x,Ankle.L_y,Ankle.L_z,Wrist.R_x,Wrist.R_y,Wrist.R_z,Elbow.R_x,Elbow.R_y,Elbow.R_z,Shoulder.R_x,Shoulder.R_y,Shoulder.R_z,Shoulder.L_x,Shoulder.L_y,Shoulder.L_z,Elbow.L_x,Elbow.L_y,Elbow.L_z,Wrist.L_x,Wrist.L_y,Wrist.L_z,Neck_x,Neck_y,Neck_z,Head_x,Head_y,Head_z,Nose_x,Nose_y,Nose_z,Eye.L_x,Eye.L_y,Eye.L_z,Eye.R_x,Eye.R_y,Eye.R_z,Ear.L_x,Ear.L_y,Ear.L_z,Ear.R_x,Ear.R_y,Ear.R_z,hip.Center_x,hip.Center_y,hip.Center_z
0,-0.065796174,-0.53047675,-0.15717699,0.043355223,-0.15395178,0.039599977,-0.08722103,0.26261422,0.0795961,0.049503125,0.3075619,-0.12692596,0.3326651,0.23978661,0.0970395,0.42056116,-0.1753639,0.03493991,0.3545026,0.6351149,0.41303653,0.13323957,0.5075083,0.38362616,0.015916966,0.6944641,0.2070432,0.09900188,0.7235918,-0.09284073,0.028586201,0.51763654,-0.27281132,0.14546151,0.3965387,-0.08832582,0.08137524,0.7712874,0.072666936,0.17506921,0.9744608,0.13060762,0.2358452,0.8375688,0.16555347,0.24042189,0.8885833,0.12903547,0.2028318,0.8877163,0.18489315,0.18554509,0.9129523,0.042799175,0.100364044,0.91138285,0.1718657,-0.018858950585126877,0.28508806228637695,-0.0236649289727211
