frame,Ankle.R_x,Ankle.R_y,Ankle.R_z,Knee.R_x,Knee.R_y,Knee.R_z,Hip.R_x,Hip.R_y,Hip.R_z,Hip.L_x,Hip.L_y,Hip.L_z,Knee.L_x,Knee.L_y,Knee.L_z,Ankle.L_x,Ankle.L_y,Ankle.L_z,Wrist.R_x,Wrist.R_y,Wrist.R_z,Elbow.R_x,Elbow.R_y,Elbow.R_z,Shoulder.R_x,Shoulder.R_y,Shoulder.R_z,Shoulder.L_x,Shoulder.L_y,Shoulder.L_z,Elbow.L_x,Elbow.L_y,Elbow.L_z,Wrist.L_x,Wrist.L_y,Wrist.L_z,Neck_x,Neck_y,Neck_z,Head_x,Head_y,Head_z,Nose_x,Nose_y,Nose_z,Eye.L_x,Eye.L_y,Eye.L_z,Eye.R_x,Eye.R_y,Eye.R_z,Ear.L_x,Ear.L_y,Ear.L_z,Ear.R_x,Ear.R_y,Ear.R_z,hip.Center_x,hip.Center_y,hip.Center_z
0,-0.21608461,-0.47978446,-0.03258791,0.026041755,-0.13504948,0.012392932,-0.0013206417,0.2892157,0.1021691,-0.0038140654,0.30235073,-0.13451797,0.068544604,-0.10948278,-0.15142263,-0.15489,-0.47212732,-0.17321812,0.13531886,1.0252057,0.1454902,0.19005758,0.81714857,0.26391956,-0.03495668,0.80620354,0.12533632,0.001967951,0.78548735,-0.16200763,0.25949118,0.74810183,-0.20599097,0.20235582,0.9752148,-0.13707902,-0.032976966,0.8451915,-0.020179989,-0.04460328,1.066775,-0.021973526,0.089622974,0.9962136,0.020687867,0.058861155,1.0304245,-0.0238442,0.034851134,1.0255151,0.03876329,-0.01111334,0.9967232,-0.098868474,-0.06649095,0.9863291,0.045973036,-0.0025673536583781242,0.29578322172164917,-0.01617443561553955
