frame,Ankle.R_x,Ankle.R_y,Ankle.R_z,Knee.R_x,Knee.R_y,Knee.R_z,Hip.R_x,Hip.R_y,Hip.R_z,Hip.L_x,Hip.L_y,Hip.L_z,Knee.L_x,Knee.L_y,Knee.L_z,Ankle.L_x,Ankle.L_y,Ankle.L_z,Wrist.R_x,Wrist.R_y,Wrist.R_z,Elbow.R_x,Elbow.R_y,Elbow.R_z,Shoulder.R_x,Shoulder.R_y,Shoulder.R_z,Shoulder.L_x,Shoulder.L_y,Shoulder.L_z,Elbow.L_x,Elbow.L_y,Elbow.L_z,Wrist.L_x,Wrist.L_y,Wrist.L_z,Neck_x,Neck_y,Neck_z,Head_x,Head_y,Head_z,Nose_x,Nose_y,Nose_z,Eye.L_x,Eye.L_y,Eye.L_z,Eye.R_x,Eye.R_y,Eye.R_z,Ear.L_x,Ear.L_y,Ear.L_z,Ear.R_x,Ear.R_y,Ear.R_z,hip.Center_x,hip.Center_y,hip.Center_z
0,-0.23831445,-0.5287307,-0.079197556,-0.06632646,-0.14065535,-0.0024784293,0.0121993115,0.26917666,0.10168657,-0.0040349425,0.29809785,-0.13538624,0.0034113752,-0.117636085,-0.17382094,-0.07441894,-0.5346793,-0.25490862,-0.021903606,1.0476732,0.13087183,0.11984203,0.92388314,0.29376298,-0.057620883,0.7807723,0.16495937,-0.09712393,0.7859366,-0.1059203,-0.00862798,0.8283192,-0.35405263,0.05761365,0.9992357,-0.19447821,-0.07636526,0.82138515,0.03621554,-0.058919713,1.0417472,0.052951943,0.06895544,0.95419914,0.026736045,0.026578188,0.99483156,0.002268767,0.03406772,0.9875419,0.0685167,-0.07253227,0.9758345,-0.030269418,-0.05653512,0.9597494,0.12097684,0.004082184284925461,0.28363725543022156,-0.016849838197231293
