frame,Ankle.R_x,Ankle.R_y,Ankle.R_z,Knee.R_x,Knee.R_y,Knee.R_z,Hip.R_x,Hip.R_y,Hip.R_z,Hip.L_x,Hip.L_y,Hip.L_z,Knee.L_x,Knee.L_y,Knee.L_z,Ankle.L_x,Ankle.L_y,Ankle.L_z,Wrist.R_x,Wrist.R_y,Wrist.R_z,Elbow.R_x,Elbow.R_y,Elbow.R_z,Shoulder.R_x,Shoulder.R_y,Shoulder.R_z,Shoulder.L_x,Shoulder.L_y,Shoulder.L_z,Elbow.L_x,Elbow.L_y,Elbow.L_z,Wrist.L_x,Wrist.L_y,Wrist.L_z,Neck_x,Neck_y,Neck_z,Head_x,Head_y,Head_z,Nose_x,Nose_y,Nose_z,Eye.L_x,Eye.L_y,Eye.L_z,Eye.R_x,Eye.R_y,Eye.R_z,Ear.L_x,Ear.L_y,Ear.L_z,Ear.R_x,Ear.R_y,Ear.R_z,hip.Center_x,hip.Center_y,hip.Center_z
0,0.644946,-0.029530393,-0.1028127,0.34372663,0.26035953,-0.011937509,-0.0026317157,0.29059947,0.10306259,-0.031680446,0.2518297,-0.14047676,0.08228613,-0.15534325,-0.059421346,-0.14357738,-0.5173566,0.060762327,0.27398583,0.67205745,0.2199074,0.064957805,0.5560951,0.2882496,0.037288122,0.7254111,0.07474338,0.10902466,0.6833701,-0.21277413,0.20909223,0.43378767,-0.24517398,0.28274116,0.5363286,-0.032883268,0.090632476,0.7588908,-0.069723204,0.18906642,0.9523257,-0.038968395,0.23669684,0.8171617,0.019921899,0.24881676,0.86348116,-0.021225438,0.20613489,0.8710327,0.029324844,0.20463564,0.87897336,-0.11534321,0.111374706,0.89880943,3.7103891e-06,-0.017156081274151802,0.2712146043777466,-0.01870708540081978
