frame,Ankle.R_x,Ankle.R_y,Ankle.R_z,Knee.R_x,Knee.R_y,Knee.R_z,Hip.R_x,Hip.R_y,Hip.R_z,Hip.L_x,Hip.L_y,Hip.L_z,Knee.L_x,Knee.L_y,Knee.L_z,Ankle.L_x,Ankle.L_y,Ankle.L_z,Wrist.R_x,Wrist.R_y,Wrist.R_z,Elbow.R_x,Elbow.R_y,Elbow.R_z,Shoulder.R_x,Shoulder.R_y,Shoulder.R_z,Shoulder.L_x,Shoulder.L_y,Shoulder.L_z,Elbow.L_x,Elbow.L_y,Elbow.L_z,Wrist.L_x,Wrist.L_y,Wrist.L_z,Neck_x,Neck_y,Neck_z,Head_x,Head_y,Head_z,Nose_x,Nose_y,Nose_z,Eye.L_x,Eye.L_y,Eye.L_z,Eye.R_x,Eye.R_y,Eye.R_z,Ear.L_x,Ear.L_y,Ear.L_z,Ear.R_x,Ear.R_y,Ear.R_z,hip.Center_x,hip.Center_y,hip.Center_z
0,-0.15697673,-0.5040159,-0.17692511,-0.009945913,-0.16364466,0.037497215,-0.08077802,0.25874096,0.07683614,0.061001983,0.29308414,-0.11385107,0.31629115,0.02027447,0.038864028,0.20649257,-0.31428894,-0.19451292,0.25638285,0.9490288,0.26678407,0.17362349,0.7314619,0.35469872,-0.010170801,0.7383779,0.16413818,0.06594245,0.72163707,-0.107546344,0.23952387,0.55996495,-0.23292062,0.26206744,0.78132796,-0.14363098,0.031925123,0.7783528,0.037469983,0.071137555,0.9848713,0.07627968,0.15728934,0.8751254,0.14157057,0.15571332,0.9213567,0.10005573,0.10940276,0.9159554,0.14726016,0.11402113,0.92022455,0.005208023,0.010911161,0.90877694,0.11273027,-0.009888017550110817,0.2759125530719757,-0.018507465720176697
