frame,Ankle.R_x,Ankle.R_y,Ankle.R_z,Knee.R_x,Knee.R_y,Knee.R_z,Hip.R_x,Hip.R_y,Hip.R_z,Hip.L_x,Hip.L_y,Hip.L_z,Knee.L_x,Knee.L_y,Knee.L_z,Ankle.L_x,Ankle.L_y,Ankle.L_z,Wrist.R_x,Wrist.R_y,Wrist.R_z,Elbow.R_x,Elbow.R_y,Elbow.R_z,Shoulder.R_x,Shoulder.R_y,Shoulder.R_z,Shoulder.L_x,Shoulder.L_y,Shoulder.L_z,Elbow.L_x,Elbow.L_y,Elbow.L_z,Wrist.L_x,Wrist.L_y,Wrist.L_z,Neck_x,Neck_y,Neck_z,Head_x,Head_y,Head_z,Nose_x,Nose_y,Nose_z,Eye.L_x,Eye.L_y,Eye.L_z,Eye.R_x,Eye.R_y,Eye.R_z,Ear.L_x,Ear.L_y,Ear.L_z,Ear.R_x,Ear.R_y,Ear.R_z,hip.Center_x,hip.Center_y,hip.Center_z
0,-0.16983193,-0.47846097,0.075722225,0.026046844,-0.127291,0.029863875,0.03905517,0.2822702,0.09181149,-0.037315138,0.296941,-0.12202645,0.014547769,-0.09063002,-0.17817166,-0.109585956,-0.47811168,-0.21723041,0.1883626,0.9176775,0.046204783,0.30637878,0.7544537,0.16475348,0.06819002,0.78773177,0.10468114,-0.017846197,0.7669746,-0.16099225,0.12797786,0.65197563,-0.33334798,0.18302248,0.8664119,-0.27380043,0.022700313,0.826224,-0.024266392,0.018745827,1.0363473,-0.0052314643,0.15722916,0.9695683,-0.034797393,0.11063379,1.0057958,-0.057086587,0.11737623,0.99437296,0.008091614,0.016360149,0.9760833,-0.09405485,0.032623388,0.9518902,0.05524289,0.0008700154721736908,0.28960561752319336,-0.015107478946447372
