frame,Ankle.R_x,Ankle.R_y,Ankle.R_z,Knee.R_x,Knee.R_y,Knee.R_z,Hip.R_x,Hip.R_y,Hip.R_z,Hip.L_x,Hip.L_y,Hip.L_z,Knee.L_x,Knee.L_y,Knee.L_z,Ankle.L_x,Ankle.L_y,Ankle.L_z,Wrist.R_x,Wrist.R_y,Wrist.R_z,Elbow.R_x,Elbow.R_y,Elbow.R_z,Shoulder.R_x,Shoulder.R_y,Shoulder.R_z,Shoulder.L_x,Shoulder.L_y,Shoulder.L_z,Elbow.L_x,Elbow.L_y,Elbow.L_z,Wrist.L_x,Wrist.L_y,Wrist.L_z,Neck_x,Neck_y,Neck_z,Head_x,Head_y,Head_z,Nose_x,Nose_y,Nose_z,Eye.L_x,Eye.L_y,Eye.L_z,Eye.R_x,Eye.R_y,Eye.R_z,Ear.L_x,Ear.L_y,Ear.L_z,Ear.R_x,Ear.R_y,Ear.R_z,hip.Center_x,hip.Center_y,hip.Center_z
0,-0.16376184,-0.5090134,-0.20930612,-0.012376486,-0.16454056,0.00613881,-0.08481689,0.2584814,0.07517649,0.06625365,0.29802433,-0.110420875,0.30197108,-0.0061410046,0.032648984,0.20517766,-0.342574,-0.21454515,0.27336088,0.76402056,0.34625313,0.11712657,0.5683274,0.36320195,-0.025791796,0.71487385,0.19666857,0.114827976,0.7289842,-0.05476036,0.30434164,0.5450357,-0.046854783,0.33178398,0.74997956,0.08457462,0.049804397,0.7746183,0.078624055,0.14855093,0.96246254,0.13842131,0.20600846,0.8222323,0.16208611,0.20946968,0.87427926,0.12829249,0.17714258,0.8724052,0.18641596,0.1484605,0.9049332,0.051098783,0.07505808,0.9001258,0.18263619,-0.009281620383262634,0.27825286984443665,-0.017622191458940506
