frame,Ankle.R_x,Ankle.R_y,Ankle.R_z,Knee.R_x,Knee.R_y,Knee.R_z,Hip.R_x,Hip.R_y,Hip.R_z,Hip.L_x,Hip.L_y,Hip.L_z,Knee.L_x,Knee.L_y,Knee.L_z,Ankle.L_x,Ankle.L_y,Ankle.L_z,Wrist.R_x,Wrist.R_y,Wrist.R_z,Elbow.R_x,Elbow.R_y,Elbow.R_z,Shoulder.R_x,Shoulder.R_y,Shoulder.R_z,Shoulder.L_x,Shoulder.L_y,Shoulder.L_z,Elbow.L_x,Elbow.L_y,Elbow.L_z,Wrist.L_x,Wrist.L_y,Wrist.L_z,Neck_x,Neck_y,Neck_z,Head_x,Head_y,Head_z,Nose_x,Nose_y,Nose_z,Eye.L_x,Eye.L_y,Eye.L_z,Eye.R_x,Eye.R_y,Eye.R_z,Ear.L_x,Ear.L_y,Ear.L_z,Ear.R_x,Ear.R_y,Ear.R_z,hip.Center_x,hip.Center_y,hip.Center_z
0,0.21675377,-0.51376915,-0.20715109,0.12822151,-0.12789063,-0.013368615,-0.07426572,0.2503952,0.09166485,0.035032757,0.30565953,-0.12440618,0.32348117,0.16658203,0.06858971,0.6451981,-0.118046165,0.16356656,0.35350883,0.39320782,0.32454637,0.10648602,0.3739403,0.26285046,0.0842778,0.6454492,0.21555734,0.16957122,0.6758536,-0.074269645,0.15015927,0.42419636,-0.1911909,0.326418,0.37650988,-0.019257458,0.16128321,0.7228284,0.085434586,0.3082111,0.8936306,0.13435766,0.32670602,0.74400985,0.16716854,0.34514597,0.7926525,0.13055196,0.31127095,0.80182457,0.18802637,0.29630086,0.8329198,0.046571787,0.22185867,0.85520554,0.17874502,-0.01961648091673851,0.27802735567092896,-0.016370665282011032
