frame,Ankle.R_x,Ankle.R_y,Ankle.R_z,Knee.R_x,Knee.R_y,Knee.R_z,Hip.R_x,Hip.R_y,Hip.R_z,Hip.L_x,Hip.L_y,Hip.L_z,Knee.L_x,Knee.L_y,Knee.L_z,Ankle.L_x,Ankle.L_y,Ankle.L_z,Wrist.R_x,Wrist.R_y,Wrist.R_z,Elbow.R_x,Elbow.R_y,Elbow.R_z,Shoulder.R_x,Shoulder.R_y,Shoulder.R_z,Shoulder.L_x,Shoulder.L_y,Shoulder.L_z,Elbow.L_x,Elbow.L_y,Elbow.L_z,Wrist.L_x,Wrist.L_y,Wrist.L_z,Neck_x,Neck_y,Neck_z,Head_x,Head_y,Head_z,Nose_x,Nose_y,Nose_z,Eye.L_x,Eye.L_y,Eye.L_z,Eye.R_x,Eye.R_y,Eye.R_z,Ear.L_x,Ear.L_y,Ear.L_z,Ear.R_x,Ear.R_y,Ear.R_z,hip.Center_x,hip.Center_y,hip.Center_z
0,-0.18963102,-0.514495,-0.2251009,-0.022261724,-0.16996334,-0.0030167436,-0.08083524,0.2561782,0.08071557,0.057644084,0.3123944,-0.118222125,0.33970514,0.06680528,0.04662945,0.2547872,-0.28939867,-0.18157516,0.26441628,0.7914287,0.29286757,0.111047,0.6267893,0.41569176,-0.028199632,0.7334861,0.20092057,0.04590675,0.7513394,-0.0898908,0.100257605,0.5719844,-0.2993791,0.1974387,0.6006425,-0.07082487,0.026137447,0.79250884,0.06715064,0.12992401,0.9873837,0.11107559,0.19555178,0.8486967,0.13212372,0.19280353,0.90015775,0.095980205,0.1675696,0.89931774,0.15812422,0.1215094,0.92610997,0.024603214,0.06423372,0.92424965,0.16580774,-0.011595577001571655,0.2842863202095032,-0.018753279000520706
