frame,Ankle.R_x,Ankle.R_y,Ankle.R_z,Knee.R_x,Knee.R_y,Knee.R_z,Hip.R_x,Hip.R_y,Hip.R_z,Hip.L_x,Hip.L_y,Hip.L_z,Knee.L_x,Knee.L_y,Knee.L_z,Ankle.L_x,Ankle.L_y,Ankle.L_z,Wrist.R_x,Wrist.R_y,Wrist.R_z,Elbow.R_x,Elbow.R_y,Elbow.R_z,Shoulder.R_x,Shoulder.R_y,Shoulder.R_z,Shoulder.L_x,Shoulder.L_y,Shoulder.L_z,Elbow.L_x,Elbow.L_y,Elbow.L_z,Wrist.L_x,Wrist.L_y,Wrist.L_z,Neck_x,Neck_y,Neck_z,Head_x,Head_y,Head_z,Nose_x,Nose_y,Nose_z,Eye.L_x,Eye.L_y,Eye.L_z,Eye.R_x,Eye.R_y,Eye.R_z,Ear.L_x,Ear.L_y,Ear.L_z,Ear.R_x,Ear.R_y,Ear.R_z,hip.Center_x,hip.Center_y,hip.Center_z
0,0.026888283,-0.5037948,0.06380232,0.17033388,-0.106954165,0.05745701,-0.0033293497,0.27521306,0.10074969,-0.00566349,0.2808665,-0.1367995,0.042256255,-0.13134865,-0.13712451,-0.08471268,-0.54059166,-0.1335181,0.16360645,0.87189764,0.24612492,0.037629053,0.71277636,0.38129747,-0.037530676,0.7538462,0.1281921,0.044831302,0.7479871,-0.14858489,0.27586845,0.63817406,-0.21110824,0.22235386,0.7911072,-0.032000195,0.0033156518,0.79877317,-0.009580815,0.022750324,1.0110567,0.008089243,0.13797374,0.9183948,0.052722704,0.118156135,0.96000063,0.01048756,0.08912128,0.95428044,0.06970428,0.052352786,0.94396913,-0.06870595,-0.012746284,0.9329722,0.065747805,-0.004496419802308083,0.2780397832393646,-0.018024906516075134
