frame,Ankle.R_x,Ankle.R_y,Ankle.R_z,Knee.R_x,Knee.R_y,Knee.R_z,Hip.R_x,Hip.R_y,Hip.R_z,Hip.L_x,Hip.L_y,Hip.L_z,Knee.L_x,Knee.L_y,Knee.L_z,Ankle.L_x,Ankle.L_y,Ankle.L_z,Wrist.R_x,Wrist.R_y,Wrist.R_z,Elbow.R_x,Elbow.R_y,Elbow.R_z,Shoulder.R_x,Shoulder.R_y,Shoulder.R_z,Shoulder.L_x,Shoulder.L_y,Shoulder.L_z,Elbow.L_x,Elbow.L_y,Elbow.L_z,Wrist.L_x,Wrist.L_y,Wrist.L_z,Neck_x,Neck_y,Neck_z,Head_x,Head_y,Head_z,Nose_x,Nose_y,Nose_z,Eye.L_x,Eye.L_y,Eye.L_z,Eye.R_x,Eye.R_y,Eye.R_z,Ear.L_x,Ear.L_y,Ear.L_z,Ear.R_x,Ear.R_y,Ear.R_z,hip.Center_x,hip.Center_y,hip.Center_z
0,0.28023234,-0.4041555,-0.000102406295,0.31320316,0.01642525,-0.012027823,0.026235875,0.28962207,0.09692633,-0.048882928,0.26913968,-0.13356498,0.05739857,-0.1352022,-0.09927542,-0.008073095,-0.55435115,-0.006371951,0.31545037,0.8429772,-0.016607938,0.28358895,0.8013142,0.22663365,0.08378621,0.7719634,0.049365234,0.0017938511,0.7103599,-0.22184344,-0.03335665,0.48082587,-0.36414224,0.17649405,0.53096366,-0.25513673,0.06421675,0.78377956,-0.08914549,0.16004512,0.9770135,-0.09249378,0.24177642,0.84668565,-0.07130712,0.22875454,0.8939123,-0.11030229,0.21404788,0.8968739,-0.04545471,0.14422983,0.90611374,-0.17190205,0.11396776,0.9144138,-0.024407454,-0.011323526501655579,0.2793808579444885,-0.018319323658943176
