frame,Ankle.R_x,Ankle.R_y,Ankle.R_z,Knee.R_x,Knee.R_y,Knee.R_z,Hip.R_x,Hip.R_y,Hip.R_z,Hip.L_x,Hip.L_y,Hip.L_z,Knee.L_x,Knee.L_y,Knee.L_z,Ankle.L_x,Ankle.L_y,Ankle.L_z,Wrist.R_x,Wrist.R_y,Wrist.R_z,Elbow.R_x,Elbow.R_y,Elbow.R_z,Shoulder.R_x,Shoulder.R_y,Shoulder.R_z,Shoulder.L_x,Shoulder.L_y,Shoulder.L_z,Elbow.L_x,Elbow.L_y,Elbow.L_z,Wrist.L_x,Wrist.L_y,Wrist.L_z,Neck_x,Neck_y,Neck_z,Head_x,Head_y,Head_z,Nose_x,Nose_y,Nose_z,Eye.L_x,Eye.L_y,Eye.L_z,Eye.R_x,Eye.R_y,Eye.R_z,Ear.L_x,Ear.L_y,Ear.L_z,Ear.R_x,Ear.R_y,Ear.R_z,hip.Center_x,hip.Center_y,hip.Center_z
0,0.056969434,-0.43238506,-0.28835064,0.0679913,-0.11727275,-0.010234132,-0.09250915,0.27417397,0.07754664,0.06131217,0.3312365,-0.099255115,0.26471928,0.02298051,0.011899935,0.44080427,-0.3382816,-0.132567,0.35265583,0.47756308,0.38331485,0.10373121,0.45755678,0.36739153,0.08407259,0.7060319,0.257683,0.21588589,0.6941212,-0.030633913,0.2101221,0.4299001,-0.11793987,0.3953885,0.3833863,0.034572944,0.18383801,0.76873344,0.12616578,0.30658704,0.96731377,0.17458588,0.34937426,0.8244205,0.22014025,0.35973376,0.87361467,0.17982814,0.3220918,0.8804395,0.23537025,0.30892804,0.8984467,0.08951791,0.22185731,0.91663194,0.21933061,-0.015598490834236145,0.30270522832870483,-0.010854236781597137
