frame,Ankle.R_x,Ankle.R_y,Ankle.R_z,Knee.R_x,Knee.R_y,Knee.R_z,Hip.R_x,Hip.R_y,Hip.R_z,Hip.L_x,Hip.L_y,Hip.L_z,Knee.L_x,Knee.L_y,Knee.L_z,Ankle.L_x,Ankle.L_y,Ankle.L_z,Wrist.R_x,Wrist.R_y,Wrist.R_z,Elbow.R_x,Elbow.R_y,Elbow.R_z,Shoulder.R_x,Shoulder.R_y,Shoulder.R_z,Shoulder.L_x,Shoulder.L_y,Shoulder.L_z,Elbow.L_x,Elbow.L_y,Elbow.L_z,Wrist.L_x,Wrist.L_y,Wrist.L_z,Neck_x,Neck_y,Neck_z,Head_x,Head_y,Head_z,Nose_x,Nose_y,Nose_z,Eye.L_x,Eye.L_y,Eye.L_z,Eye.R_x,Eye.R_y,Eye.R_z,Ear.L_x,Ear.L_y,Ear.L_z,Ear.R_x,Ear.R_y,Ear.R_z,hip.Center_x,hip.Center_y,hip.Center_z
0,-0.16081707,-0.49438202,0.065080054,0.020205254,-0.12540439,0.03279815,0.03738022,0.29202548,0.09309365,-0.03590156,0.30025712,-0.1258033,0.015761979,-0.100675225,-0.15510559,-0.11158122,-0.49592626,-0.17626414,0.20754275,0.95843744,-6.5234475e-05,0.30259418,0.7666534,0.10949999,0.0512167,0.7998305,0.11490838,-0.067509994,0.7779893,-0.14811552,0.026125893,0.6165506,-0.33042237,0.14349502,0.8139643,-0.2795565,-0.013416979,0.8438165,-0.008023583,-0.026582357,1.0592417,0.02615413,0.11475461,0.99179375,0.016414165,0.07276212,1.0314785,-0.0108027235,0.06661425,1.0131819,0.053335868,-0.013937242,1.0074813,-0.0695661,-0.026004363,0.9677808,0.07868677,0.0007393285632133484,0.29614129662513733,-0.01635482907295227
