frame,Ankle.R_x,Ankle.R_y,Ankle.R_z,Knee.R_x,Knee.R_y,Knee.R_z,Hip.R_x,Hip.R_y,Hip.R_z,Hip.L_x,Hip.L_y,Hip.L_z,Knee.L_x,Knee.L_y,Knee.L_z,Ankle.L_x,Ankle.L_y,Ankle.L_z,Wrist.R_x,Wrist.R_y,Wrist.R_z,Elbow.R_x,Elbow.R_y,Elbow.R_z,Shoulder.R_x,Shoulder.R_y,Shoulder.R_z,Shoulder.L_x,Shoulder.L_y,Shoulder.L_z,Elbow.L_x,Elbow.L_y,Elbow.L_z,Wrist.L_x,Wrist.L_y,Wrist.L_z,Neck_x,Neck_y,Neck_z,Head_x,Head_y,Head_z,Nose_x,Nose_y,Nose_z,Eye.L_x,Eye.L_y,Eye.L_z,Eye.R_x,Eye.R_y,Eye.R_z,Ear.L_x,Ear.L_y,Ear.L_z,Ear.R_x,Ear.R_y,Ear.R_z,hip.Center_x,hip.Center_y,hip.Center_z
0,-0.12804261,-0.50543797,-0.19581857,0.0150366975,-0.17265512,0.040699553,-0.08972199,0.24280086,0.07367897,0.05532532,0.2996955,-0.11762916,0.357859,0.19653064,0.08207051,0.38107443,-0.16278574,-0.14226615,0.4003318,0.49349746,0.3110897,0.13984221,0.474659,0.31869823,-0.02090026,0.66478056,0.20673563,0.1061198,0.6987146,-0.050277513,0.25489867,0.47518444,-0.07793566,0.27816993,0.4612374,0.17367978,0.046000175,0.740207,0.08957642,0.14251742,0.9265369,0.15766287,0.18382181,0.7838309,0.18894711,0.19752379,0.83426476,0.15706638,0.15560913,0.8354966,0.20854758,0.15266284,0.8692314,0.07150131,0.059474237,0.87097704,0.18856743,-0.017198335379362106,0.2712481617927551,-0.021975096315145493
