frame,Ankle.R_x,Ankle.R_y,Ankle.R_z,Knee.R_x,Knee.R_y,Knee.R_z,Hip.R_x,Hip.R_y,Hip.R_z,Hip.L_x,Hip.L_y,Hip.L_z,Knee.L_x,Knee.L_y,Knee.L_z,Ankle.L_x,Ankle.L_y,Ankle.L_z,Wrist.R_x,Wrist.R_y,Wrist.R_z,Elbow.R_x,Elbow.R_y,Elbow.R_z,Shoulder.R_x,Shoulder.R_y,Shoulder.R_z,Shoulder.L_x,Shoulder.L_y,Shoulder.L_z,Elbow.L_x,Elbow.L_y,Elbow.L_z,Wrist.L_x,Wrist.L_y,Wrist.L_z,Neck_x,Neck_y,Neck_z,Head_x,Head_y,Head_z,Nose_x,Nose_y,Nose_z,Eye.L_x,Eye.L_y,Eye.L_z,Eye.R_x,Eye.R_y,Eye.R_z,Ear.L_x,Ear.L_y,Ear.L_z,Ear.R_x,Ear.R_y,Ear.R_z,hip.Center_x,hip.Center_y,hip.Center_z
0,-0.22885369,-0.45652688,-0.17483185,0.011618296,-0.14906359,0.013524845,-0.04936349,0.2803409,0.09578094,0.03663451,0.30583456,-0.12767473,0.19174498,-0.09233922,-0.110685796,-0.033856582,-0.43204132,-0.2632116,0.22906114,1.0657698,0.19346802,0.10862288,0.8737082,0.3134317,-0.060834724,0.81535023,0.105346024,0.026937326,0.7725582,-0.16916338,0.2852008,0.74561536,-0.25361723,0.28897083,0.9718875,-0.14335269,-0.020030927,0.8377964,-0.03623651,0.028229522,1.0558622,-0.053812463,0.13786793,0.95384103,-0.005093757,0.11610005,0.9909196,-0.052499466,0.09443188,0.99927783,0.010462938,0.037070774,0.97241104,-0.12154878,-0.014506482,0.9921062,0.023608303,-0.006364490836858749,0.2930877208709717,-0.015946894884109497
