frame,Ankle.R_x,Ankle.R_y,Ankle.R_z,Knee.R_x,Knee.R_y,Knee.R_z,Hip.R_x,Hip.R_y,Hip.R_z,Hip.L_x,Hip.L_y,Hip.L_z,Knee.L_x,Knee.L_y,Knee.L_z,Ankle.L_x,Ankle.L_y,Ankle.L_z,Wrist.R_x,Wrist.R_y,Wrist.R_z,Elbow.R_x,Elbow.R_y,Elbow.R_z,Shoulder.R_x,Shoulder.R_y,Shoulder.R_z,Shoulder.L_x,Shoulder.L_y,Shoulder.L_z,Elbow.L_x,Elbow.L_y,Elbow.L_z,Wrist.L_x,Wrist.L_y,Wrist.L_z,Neck_x,Neck_y,Neck_z,Head_x,Head_y,Head_z,Nose_x,Nose_y,Nose_z,Eye.L_x,Eye.L_y,Eye.L_z,Eye.R_x,Eye.R_y,Eye.R_z,Ear.L_x,Ear.L_y,Ear.L_z,Ear.R_x,Ear.R_y,Ear.R_z,hip.Center_x,hip.Center_y,hip.Center_z
0,-0.051330253,-0.58424586,-0.018322652,0.07423165,-0.1699237,0.103893556,-0.056941263,0.25163662,0.09364165,0.029613081,0.27510765,-0.1377002,0.35614133,0.099274404,0.03927826,0.4170577,-0.3310535,-0.06948623,0.40722537,0.38954687,0.27949634,0.1481086,0.43014148,0.27456918,0.04780865,0.66896665,0.16390833,0.04069709,0.6994828,-0.13061933,-0.0036633974,0.46828523,-0.28027204,0.2273875,0.37017742,-0.24159697,0.0684077,0.74213517,0.02424237,0.16454203,0.93515605,0.06060553,0.23289672,0.79962796,0.07902607,0.23054737,0.85111314,0.044760704,0.20420119,0.8481964,0.10586729,0.16071844,0.8763237,-0.026138132,0.10429269,0.8704077,0.11186139,-0.013664091005921364,0.26337212324142456,-0.022029273211956024
