frame,Ankle.R_x,Ankle.R_y,Ankle.R_z,Knee.R_x,Knee.R_y,Knee.R_z,Hip.R_x,Hip.R_y,Hip.R_z,Hip.L_x,Hip.L_y,Hip.L_z,Knee.L_x,Knee.L_y,Knee.L_z,Ankle.L_x,Ankle.L_y,Ankle.L_z,Wrist.R_x,Wrist.R_y,Wrist.R_z,Elbow.R_x,Elbow.R_y,Elbow.R_z,Shoulder.R_x,Shoulder.R_y,Shoulder.R_z,Shoulder.L_x,Shoulder.L_y,Shoulder.L_z,Elbow.L_x,Elbow.L_y,Elbow.L_z,Wrist.L_x,Wrist.L_y,Wrist.L_z,Neck_x,Neck_y,Neck_z,Head_x,Head_y,Head_z,Nose_x,Nose_y,Nose_z,Eye.L_x,Eye.L_y,Eye.L_z,Eye.R_x,Eye.R_y,Eye.R_z,Ear.L_x,Ear.L_y,Ear.L_z,Ear.R_x,Ear.R_y,Ear.R_z,hip.Center_x,hip.Center_y,hip.Center_z
0,-0.012964127,-0.5289226,0.0110296225,0.083406,-0.1240282,0.16199559,-0.094230324,0.27516225,0.06475009,0.07226941,0.27703482,-0.11859177,0.27173904,-0.064225405,0.06486498,0.060433652,-0.43140745,-0.058027383,0.2355162,0.837238,0.28237268,0.04583569,0.66788244,0.33050236,-0.06806317,0.7485418,0.09103333,0.113256305,0.70013964,-0.1397871,0.27562004,0.4827651,-0.0876908,0.3072167,0.70372564,0.0274437,0.022756837,0.78351235,-0.026328988,0.059780315,0.9991403,0.00059299875,0.09223866,0.8942149,0.10898502,0.11527212,0.93444866,0.0672574,0.05185839,0.93828416,0.08731377,0.123991236,0.92192245,-0.03719327,-0.019198895,0.93162084,0.010518059,-0.010980457067489624,0.2760985493659973,-0.02692084014415741
