frame,Ankle.R_x,Ankle.R_y,Ankle.R_z,Knee.R_x,Knee.R_y,Knee.R_z,Hip.R_x,Hip.R_y,Hip.R_z,Hip.L_x,Hip.L_y,Hip.L_z,Knee.L_x,Knee.L_y,Knee.L_z,Ankle.L_x,Ankle.L_y,Ankle.L_z,Wrist.R_x,Wrist.R_y,Wrist.R_z,Elbow.R_x,Elbow.R_y,Elbow.R_z,Shoulder.R_x,Shoulder.R_y,Shoulder.R_z,Shoulder.L_x,Shoulder.L_y,Shoulder.L_z,Elbow.L_x,Elbow.L_y,Elbow.L_z,Wrist.L_x,Wrist.L_y,Wrist.L_z,Neck_x,Neck_y,Neck_z,Head_x,Head_y,Head_z,Nose_x,Nose_y,Nose_z,Eye.L_x,Eye.L_y,Eye.L_z,Eye.R_x,Eye.R_y,Eye.R_z,Ear.L_x,Ear.L_y,Ear.L_z,Ear.R_x,Ear.R_y,Ear.R_z,hip.Center_x,hip.Center_y,hip.Center_z
0,0.44270128,-0.19535798,0.14514714,0.3373162,0.2186495,0.11547797,-0.036846645,0.28508696,0.10265478,0.0012149235,0.2650016,-0.14504357,0.08664341,-0.15246429,-0.10742079,-0.15781197,-0.5253819,-0.11944293,0.288165,0.6223962,0.27123377,0.047027513,0.5565762,0.3173389,0.007988229,0.7276829,0.10144501,0.13123105,0.69400305,-0.17573923,0.20603585,0.42773777,-0.20788926,0.16895047,0.37953028,0.037109427,0.08350572,0.7705537,-0.035319272,0.17099144,0.97380507,-0.0025830797,0.22965631,0.8422103,0.052903406,0.23609582,0.88863754,0.010901228,0.19691324,0.8943638,0.06483343,0.18401664,0.9010724,-0.07928866,0.09722879,0.91621786,0.043103665,-0.017815859988331795,0.2750442624092102,-0.021194394677877426
