frame,Ankle.R_x,Ankle.R_y,Ankle.R_z,Knee.R_x,Knee.R_y,Knee.R_z,Hip.R_x,Hip.R_y,Hip.R_z,Hip.L_x,Hip.L_y,Hip.L_z,Knee.L_x,Knee.L_y,Knee.L_z,Ankle.L_x,Ankle.L_y,Ankle.L_z,Wrist.R_x,Wrist.R_y,Wrist.R_z,Elbow.R_x,Elbow.R_y,Elbow.R_z,Shoulder.R_x,Shoulder.R_y,Shoulder.R_z,Shoulder.L_x,Shoulder.L_y,Shoulder.L_z,Elbow.L_x,Elbow.L_y,Elbow.L_z,Wrist.L_x,Wrist.L_y,Wrist.L_z,Neck_x,Neck_y,Neck_z,Head_x,Head_y,Head_z,Nose_x,Nose_y,Nose_z,Eye.L_x,Eye.L_y,Eye.L_z,Eye.R_x,Eye.R_y,Eye.R_z,Ear.L_x,Ear.L_y,Ear.L_z,Ear.R_x,Ear.R_y,Ear.R_z,hip.Center_x,hip.Center_y,hip.Center_z
0,0.12274877,-0.5084925,-0.2676276,0.11562668,-0.13267416,-0.041291382,-0.06448968,0.24724478,0.0970072,0.026070228,0.3091467,-0.12517662,0.3365829,0.1834981,0.03672258,0.6384776,-0.13421974,0.030080903,0.36641213,0.47496775,0.3313412,0.12204689,0.41958827,0.2835368,0.05816079,0.67367876,0.20069638,0.14424142,0.6880995,-0.09075005,0.17490959,0.43007532,-0.19197322,0.35767734,0.38080588,-0.026806178,0.12692052,0.7465668,0.065409526,0.24994688,0.9364149,0.110408515,0.28563842,0.7920983,0.15020055,0.29932797,0.8409389,0.112413645,0.26226854,0.84794784,0.16787867,0.2492832,0.87155056,0.025141258,0.16706921,0.8889953,0.15293774,-0.01920972391963005,0.27819573879241943,-0.01408471167087555
