frame,Ankle.R_x,Ankle.R_y,Ankle.R_z,Knee.R_x,Knee.R_y,Knee.R_z,Hip.R_x,Hip.R_y,Hip.R_z,Hip.L_x,Hip.L_y,Hip.L_z,Knee.L_x,Knee.L_y,Knee.L_z,Ankle.L_x,Ankle.L_y,Ankle.L_z,Wrist.R_x,Wrist.R_y,Wrist.R_z,Elbow.R_x,Elbow.R_y,Elbow.R_z,Shoulder.R_x,Shoulder.R_y,Shoulder.R_z,Shoulder.L_x,Shoulder.L_y,Shoulder.L_z,Elbow.L_x,Elbow.L_y,Elbow.L_z,Wrist.L_x,Wrist.L_y,Wrist.L_z,Neck_x,Neck_y,Neck_z,Head_x,Head_y,Head_z,Nose_x,Nose_y,Nose_z,Eye.L_x,Eye.L_y,Eye.L_z,Eye.R_x,Eye.R_y,Eye.R_z,Ear.L_x,Ear.L_y,Ear.L_z,Ear.R_x,Ear.R_y,Ear.R_z,hip.Center_x,hip.Center_y,hip.Center_z
0,-0.2072582,-0.5272453,-0.15124774,-0.07166975,-0.13986592,-0.020681566,-0.04025277,0.27218094,0.09756307,0.03728114,0.293416,-0.12910295,0.17777531,-0.102262415,-0.08810562,0.0019170817,-0.48206115,-0.19085325,0.1215856,1.0275562,0.13835599,0.08570722,0.86331713,0.32227767,-0.07127668,0.7872139,0.12130472,-0.012413764,0.77245355,-0.14958934,0.20219466,0.75124836,-0.30783752,0.2306376,0.9299371,-0.14414921,-0.04284229,0.8192855,-0.011784339,-0.010109266,1.0345249,-0.009534409,0.110576496,0.93695104,0.012905711,0.08148211,0.9767139,-0.026740383,0.068100706,0.9768648,0.038752858,-0.004344538,0.9602791,-0.08544378,-0.035960317,0.96120155,0.063658826,-0.0014858152717351913,0.2827984690666199,-0.01576993614435196
