frame,Ankle.R_x,Ankle.R_y,Ankle.R_z,Knee.R_x,Knee.R_y,Knee.R_z,Hip.R_x,Hip.R_y,Hip.R_z,Hip.L_x,Hip.L_y,Hip.L_z,Knee.L_x,Knee.L_y,Knee.L_z,Ankle.L_x,Ankle.L_y,Ankle.L_z,Wrist.R_x,Wrist.R_y,Wrist.R_z,Elbow.R_x,Elbow.R_y,Elbow.R_z,Shoulder.R_x,Shoulder.R_y,Shoulder.R_z,Shoulder.L_x,Shoulder.L_y,Shoulder.L_z,Elbow.L_x,Elbow.L_y,Elbow.L_z,Wrist.L_x,Wrist.L_y,Wrist.L_z,Neck_x,Neck_y,Neck_z,Head_x,Head_y,Head_z,Nose_x,Nose_y,Nose_z,Eye.L_x,Eye.L_y,Eye.L_z,Eye.R_x,Eye.R_y,Eye.R_z,Ear.L_x,Ear.L_y,Ear.L_z,Ear.R_x,Ear.R_y,Ear.R_z,hip.Center_x,hip.Center_y,hip.Center_z
0,0.24846292,-0.30140555,0.14430091,0.29380745,0.113666,0.1440098,-0.055413704,0.28997672,0.093783155,0.026797874,0.27601433,-0.13912885,0.099589415,-0.13749972,-0.06382363,-0.19005956,-0.4468364,-0.14175814,0.38912272,0.67882425,0.31048912,0.15228388,0.5993948,0.34622675,0.0454726,0.7397262,0.14346541,0.1746298,0.710985,-0.12781283,0.2666307,0.46193922,-0.14758822,0.35179964,0.5427379,0.06770341,0.11842408,0.7833745,0.015219977,0.16946246,0.991065,0.06446912,0.20324102,0.8717658,0.15718248,0.22596642,0.91644174,0.11907384,0.16386852,0.91921705,0.14347205,0.22898708,0.9166136,0.012181081,0.08923076,0.925069,0.07189855,-0.014307915233075619,0.2829955220222473,-0.022672846913337708
