frame,Ankle.R_x,Ankle.R_y,Ankle.R_z,Knee.R_x,Knee.R_y,Knee.R_z,Hip.R_x,Hip.R_y,Hip.R_z,Hip.L_x,Hip.L_y,Hip.L_z,Knee.L_x,Knee.L_y,Knee.L_z,Ankle.L_x,Ankle.L_y,Ankle.L_z,Wrist.R_x,Wrist.R_y,Wrist.R_z,Elbow.R_x,Elbow.R_y,Elbow.R_z,Shoulder.R_x,Shoulder.R_y,Shoulder.R_z,Shoulder.L_x,Shoulder.L_y,Shoulder.L_z,Elbow.L_x,Elbow.L_y,Elbow.L_z,Wrist.L_x,Wrist.L_y,Wrist.L_z,Neck_x,Neck_y,Neck_z,Head_x,Head_y,Head_z,Nose_x,Nose_y,Nose_z,Eye.L_x,Eye.L_y,Eye.L_z,Eye.R_x,Eye.R_y,Eye.R_z,Ear.L_x,Ear.L_y,Ear.L_z,Ear.R_x,Ear.R_y,Ear.R_z,hip.Center_x,hip.Center_y,hip.Center_z
0,-0.12139494,-0.44637474,-0.002926706,0.13940205,-0.119929835,0.069652975,-0.022206435,0.28482485,0.100815915,0.011129852,0.29278064,-0.13681714,0.07620769,-0.12483365,-0.10968523,-0.09466016,-0.5209731,-0.1295504,0.25855103,1.0168182,0.16469009,0.17603189,0.8139968,0.28812867,-0.033691537,0.79557145,0.11670236,0.002662812,0.7530027,-0.17339776,0.19872704,0.584751,-0.25268728,0.2626205,0.781177,-0.120877184,-0.022574145,0.82798463,-0.027080089,-0.016296629,1.049837,-0.016118554,0.08710393,0.9617717,0.060869463,0.07734193,1.0027642,0.0132125765,0.032294482,0.99545217,0.062268637,0.03646776,0.98273575,-0.08420929,-0.06518225,0.9684211,0.029687598,-0.005538291297852993,0.28880274295806885,-0.018000613898038864
