frame,Ankle.R_x,Ankle.R_y,Ankle.R_z,Knee.R_x,Knee.R_y,Knee.R_z,Hip.R_x,Hip.R_y,Hip.R_z,Hip.L_x,Hip.L_y,Hip.L_z,Knee.L_x,Knee.L_y,Knee.L_z,Ankle.L_x,Ankle.L_y,Ankle.L_z,Wrist.R_x,Wrist.R_y,Wrist.R_z,Elbow.R_x,Elbow.R_y,Elbow.R_z,Shoulder.R_x,Shoulder.R_y,Shoulder.R_z,Shoulder.L_x,Shoulder.L_y,Shoulder.L_z,Elbow.L_x,Elbow.L_y,Elbow.L_z,Wrist.L_x,Wrist.L_y,Wrist.L_z,Neck_x,Neck_y,Neck_z,Head_x,Head_y,Head_z,Nose_x,Nose_y,Nose_z,Eye.L_x,Eye.L_y,Eye.L_z,Eye.R_x,Eye.R_y,Eye.R_z,Ear.L_x,Ear.L_y,Ear.L_z,Ear.R_x,Ear.R_y,Ear.R_z,hip.Center_x,hip.Center_y,hip.Center_z
0,-0.15279783,-0.49174902,-0.16818163,-0.0008275572,-0.15614754,0.05117396,-0.083753906,0.26975688,0.07381396,0.06599318,0.2928009,-0.112265676,0.28488025,-0.019769926,0.052470777,0.129528,-0.33440885,-0.18461019,0.28447396,0.93106633,0.24303703,0.1581119,0.7292892,0.3251792,-0.037767477,0.75469714,0.1483894,0.064343065,0.74213064,-0.11745256,0.263674,0.58297193,-0.19613186,0.26054573,0.79435563,-0.07688099,0.011780176,0.79791445,0.024796508,0.045931995,1.0062113,0.079344496,0.10868231,0.8887477,0.15713473,0.11905375,0.9373959,0.11940692,0.06166482,0.9315215,0.15224859,0.10443215,0.94325423,0.015753537,-0.024608929,0.93058366,0.092763916,-0.008880361914634705,0.28127890825271606,-0.01922585815191269
