frame,Ankle.R_x,Ankle.R_y,Ankle.R_z,Knee.R_x,Knee.R_y,Knee.R_z,Hip.R_x,Hip.R_y,Hip.R_z,Hip.L_x,Hip.L_y,Hip.L_z,Knee.L_x,Knee.L_y,Knee.L_z,Ankle.L_x,Ankle.L_y,Ankle.L_z,Wrist.R_x,Wrist.R_y,Wrist.R_z,Elbow.R_x,Elbow.R_y,Elbow.R_z,Shoulder.R_x,Shoulder.R_y,Shoulder.R_z,Shoulder.L_x,Shoulder.L_y,Shoulder.L_z,Elbow.L_x,Elbow.L_y,Elbow.L_z,Wrist.L_x,Wrist.L_y,Wrist.L_z,Neck_x,Neck_y,Neck_z,Head_x,Head_y,Head_z,Nose_x,Nose_y,Nose_z,Eye.L_x,Eye.L_y,Eye.L_z,Eye.R_x,Eye.R_y,Eye.R_z,Ear.L_x,Ear.L_y,Ear.L_z,Ear.R_x,Ear.R_y,Ear.R_z,hip.Center_x,hip.Center_y,hip.Center_z
0,-0.027740957,-0.5145636,-0.19276278,0.03732901,-0.16721845,0.04573034,-0.10053175,0.23633838,0.05946614,0.068842925,0.28230184,-0.11058408,0.2556533,0.27872235,0.18836945,0.4065557,-0.11183931,0.18045267,0.36927962,0.60027736,0.41086185,0.12952715,0.52110624,0.36662376,-0.02825461,0.6519138,0.19552709,0.13090724,0.6900465,-0.016456792,0.31986117,0.5637084,0.1056903,0.21939917,0.6413558,0.32095492,0.044852387,0.7171865,0.0952693,0.09853385,0.89361036,0.19873866,0.12253093,0.7510866,0.23936914,0.14912894,0.80252534,0.22224584,0.08731826,0.80100286,0.24462274,0.1530199,0.84161717,0.12722129,0.015354661,0.8377341,0.1814321,-0.01584441214799881,0.25932011008262634,-0.025558970868587494
