frame,Ankle.R_x,Ankle.R_y,Ankle.R_z,Knee.R_x,Knee.R_y,Knee.R_z,Hip.R_x,Hip.R_y,Hip.R_z,Hip.L_x,Hip.L_y,Hip.L_z,Knee.L_x,Knee.L_y,Knee.L_z,Ankle.L_x,Ankle.L_y,Ankle.L_z,Wrist.R_x,Wrist.R_y,Wrist.R_z,Elbow.R_x,Elbow.R_y,Elbow.R_z,Shoulder.R_x,Shoulder.R_y,Shoulder.R_z,Shoulder.L_x,Shoulder.L_y,Shoulder.L_z,Elbow.L_x,Elbow.L_y,Elbow.L_z,Wrist.L_x,Wrist.L_y,Wrist.L_z,Neck_x,Neck_y,Neck_z,Head_x,Head_y,Head_z,Nose_x,Nose_y,Nose_z,Eye.L_x,Eye.L_y,Eye.L_z,Eye.R_x,Eye.R_y,Eye.R_z,Ear.L_x,Ear.L_y,Ear.L_z,Ear.R_x,Ear.R_y,Ear.R_z,hip.Center_x,hip.Center_y,hip.Center_z
0,-0.13439603,-0.44981435,-0.24542283,0.035402182,-0.1599443,0.024300594,-0.077923894,0.26042265,0.08345482,0.049587164,0.30804455,-0.12373978,0.32657135,0.111351,0.07632644,0.27270204,-0.25824037,-0.12278341,0.43780607,0.61310035,0.2678342,0.20536655,0.5381099,0.3488471,0.02454852,0.70215255,0.21902852,0.06293988,0.7543461,-0.07666257,0.051737744,0.5747374,-0.28490013,0.13504483,0.48096916,-0.06899451,0.05946428,0.7813196,0.08746135,0.1582301,0.9722365,0.1532625,0.21927604,0.831793,0.16575372,0.2210693,0.8865373,0.13512784,0.18908888,0.87986505,0.19360095,0.15816939,0.9209724,0.05922571,0.08716264,0.90562755,0.19364657,-0.01416836492717266,0.28423359990119934,-0.020142480731010437
