frame,Ankle.R_x,Ankle.R_y,Ankle.R_z,Knee.R_x,Knee.R_y,Knee.R_z,Hip.R_x,Hip.R_y,Hip.R_z,Hip.L_x,Hip.L_y,Hip.L_z,Knee.L_x,Knee.L_y,Knee.L_z,Ankle.L_x,Ankle.L_y,Ankle.L_z,Wrist.R_x,Wrist.R_y,Wrist.R_z,Elbow.R_x,Elbow.R_y,Elbow.R_z,Shoulder.R_x,Shoulder.R_y,Shoulder.R_z,Shoulder.L_x,Shoulder.L_y,Shoulder.L_z,Elbow.L_x,Elbow.L_y,Elbow.L_z,Wrist.L_x,Wrist.L_y,Wrist.L_z,Neck_x,Neck_y,Neck_z,Head_x,Head_y,Head_z,Nose_x,Nose_y,Nose_z,Eye.L_x,Eye.L_y,Eye.L_z,Eye.R_x,Eye.R_y,Eye.R_z,Ear.L_x,Ear.L_y,Ear.L_z,Ear.R_x,Ear.R_y,Ear.R_z,hip.Center_x,hip.Center_y,hip.Center_z
0,-0.1533993,-0.50565535,-0.027937967,0.030737115,-0.13657883,0.022170348,-0.0032517405,0.27802584,0.100798264,0.0060176426,0.2892434,-0.13047475,0.03178814,-0.119394794,-0.12613961,-0.12062444,-0.5060578,-0.18405361,0.13557117,0.88530815,0.14186533,0.16503353,0.6879821,0.2718304,-0.030936182,0.76520175,0.14423236,0.00033595017,0.78840435,-0.12742563,0.23700565,0.7496551,-0.1941689,0.16742213,0.938458,-0.071363226,-0.019359503,0.8202192,0.015307404,0.023209076,1.0259148,0.072771825,0.13006009,0.9135858,0.08145381,0.11188967,0.9661652,0.05218292,0.08648054,0.9487772,0.11115122,0.03795708,0.9778136,-0.02178473,-0.018470503,0.938937,0.11337062,0.0013829510426148772,0.28363460302352905,-0.014838241040706635
