frame,Ankle.R_x,Ankle.R_y,Ankle.R_z,Knee.R_x,Knee.R_y,Knee.R_z,Hip.R_x,Hip.R_y,Hip.R_z,Hip.L_x,Hip.L_y,Hip.L_z,Knee.L_x,Knee.L_y,Knee.L_z,Ankle.L_x,Ankle.L_y,Ankle.L_z,Wrist.R_x,Wrist.R_y,Wrist.R_z,Elbow.R_x,Elbow.R_y,Elbow.R_z,Shoulder.R_x,Shoulder.R_y,Shoulder.R_z,Shoulder.L_x,Shoulder.L_y,Shoulder.L_z,Elbow.L_x,Elbow.L_y,Elbow.L_z,Wrist.L_x,Wrist.L_y,Wrist.L_z,Neck_x,Neck_y,Neck_z,Head_x,Head_y,Head_z,Nose_x,Nose_y,Nose_z,Eye.L_x,Eye.L_y,Eye.L_z,Eye.R_x,Eye.R_y,Eye.R_z,Ear.L_x,Ear.L_y,Ear.L_z,Ear.R_x,Ear.R_y,Ear.R_z,hip.Center_x,hip.Center_y,hip.Center_z
0,-0.16272016,-0.48483878,-0.23250009,-0.032970008,-0.13794655,-0.015900236,-0.07489867,0.2836163,0.08175632,0.065546416,0.30942002,-0.110071585,0.1827968,-0.09494405,-0.03775777,0.003004001,-0.41256312,-0.26252913,0.23555262,0.9821352,0.25488865,0.09928965,0.7935717,0.35329065,-0.066151366,0.80521494,0.13535541,0.036178607,0.77846456,-0.14332156,0.24323532,0.6390006,-0.25625545,0.28319034,0.8308684,-0.11006133,-0.01469944,0.84479344,0.00038524438,0.04106581,1.0659181,0.029232616,0.100547135,0.9499714,0.11656876,0.110859424,0.993487,0.07088325,0.056647517,0.99749637,0.11013722,0.08597589,0.9888886,-0.033646867,-0.038259678,0.9993687,0.05782663,-0.004676125943660736,0.29651814699172974,-0.014157630503177643
