frame,Ankle.R_x,Ankle.R_y,Ankle.R_z,Knee.R_x,Knee.R_y,Knee.R_z,Hip.R_x,Hip.R_y,Hip.R_z,Hip.L_x,Hip.L_y,Hip.L_z,Knee.L_x,Knee.L_y,Knee.L_z,Ankle.L_x,Ankle.L_y,Ankle.L_z,Wrist.R_x,Wrist.R_y,Wrist.R_z,Elbow.R_x,Elbow.R_y,Elbow.R_z,Shoulder.R_x,Shoulder.R_y,Shoulder.R_z,Shoulder.L_x,Shoulder.L_y,Shoulder.L_z,Elbow.L_x,Elbow.L_y,Elbow.L_z,Wrist.L_x,Wrist.L_y,Wrist.L_z,Neck_x,Neck_y,Neck_z,Head_x,Head_y,Head_z,Nose_x,Nose_y,Nose_z,Eye.L_x,Eye.L_y,Eye.L_z,Eye.R_x,Eye.R_y,Eye.R_z,Ear.L_x,Ear.L_y,Ear.L_z,Ear.R_x,Ear.R_y,Ear.R_z,hip.Center_x,hip.Center_y,hip.Center_z
0,-0.067851886,-0.44900194,0.030207735,0.16781606,-0.104406275,0.09422162,-0.031158868,0.2810785,0.098404646,0.016202142,0.28216496,-0.13612841,0.11420014,-0.12737605,-0.10725047,-0.0977768,-0.5028632,-0.13471806,0.17292883,0.9894187,0.23048358,0.10908754,0.7639134,0.31146982,-0.061987065,0.7690258,0.10726677,0.019432519,0.7492864,-0.17170966,0.25847846,0.65723073,-0.24697813,0.25236169,0.87850785,-0.14342281,-0.028620904,0.8089906,-0.03149396,-0.019933961,1.0262955,-0.015080497,0.0839577,0.93667746,0.056360394,0.0734956,0.97800875,0.010096312,0.030564826,0.9710069,0.060564496,0.028977856,0.96075654,-0.08427634,-0.06742693,0.94560564,0.03194561,-0.0074783628806471825,0.2816217243671417,-0.018861882388591766
