frame,Ankle.R_x,Ankle.R_y,Ankle.R_z,Knee.R_x,Knee.R_y,Knee.R_z,Hip.R_x,Hip.R_y,Hip.R_z,Hip.L_x,Hip.L_y,Hip.L_z,Knee.L_x,Knee.L_y,Knee.L_z,Ankle.L_x,Ankle.L_y,Ankle.L_z,Wrist.R_x,Wrist.R_y,Wrist.R_z,Elbow.R_x,Elbow.R_y,Elbow.R_z,Shoulder.R_x,Shoulder.R_y,Shoulder.R_z,Shoulder.L_x,Shoulder.L_y,Shoulder.L_z,Elbow.L_x,Elbow.L_y,Elbow.L_z,Wrist.L_x,Wrist.L_y,Wrist.L_z,Neck_x,Neck_y,Neck_z,Head_x,Head_y,Head_z,Nose_x,Nose_y,Nose_z,Eye.L_x,Eye.L_y,Eye.L_z,Eye.R_x,Eye.R_y,Eye.R_z,Ear.L_x,Ear.L_y,Ear.L_z,Ear.R_x,Ear.R_y,Ear.R_z,hip.Center_x,hip.Center_y,hip.Center_z
0,-0.15534082,-0.53727084,-0.16601707,0.0061741965,-0.17592788,0.035242323,-0.081113465,0.24876127,0.081646964,0.050103784,0.3093102,-0.12582093,0.3637439,0.17112161,0.06492673,0.2932718,-0.17010127,-0.18036377,0.33049297,0.75345474,0.23047537,0.16840318,0.5946467,0.35775003,-0.027310077,0.7093088,0.19896133,0.036675204,0.7399465,-0.09287293,0.07588978,0.54442364,-0.29010084,0.14284177,0.47195733,-0.056270868,0.015484029,0.7771516,0.06627107,0.10893132,0.97324413,0.121346585,0.17842205,0.8363625,0.12889154,0.17395505,0.88990796,0.09730019,0.15008743,0.8831326,0.15965334,0.10050443,0.91957116,0.030300168,0.046921134,0.9040586,0.1718913,-0.015504840761423111,0.279035747051239,-0.022086985409259796
