frame,Ankle.R_x,Ankle.R_y,Ankle.R_z,Knee.R_x,Knee.R_y,Knee.R_z,Hip.R_x,Hip.R_y,Hip.R_z,Hip.L_x,Hip.L_y,Hip.L_z,Knee.L_x,Knee.L_y,Knee.L_z,Ankle.L_x,Ankle.L_y,Ankle.L_z,Wrist.R_x,Wrist.R_y,Wrist.R_z,Elbow.R_x,Elbow.R_y,Elbow.R_z,Shoulder.R_x,Shoulder.R_y,Shoulder.R_z,Shoulder.L_x,Shoulder.L_y,Shoulder.L_z,Elbow.L_x,Elbow.L_y,Elbow.L_z,Wrist.L_x,Wrist.L_y,Wrist.L_z,Neck_x,Neck_y,Neck_z,Head_x,Head_y,Head_z,Nose_x,Nose_y,Nose_z,Eye.L_x,Eye.L_y,Eye.L_z,Eye.R_x,Eye.R_y,Eye.R_z,Ear.L_x,Ear.L_y,Ear.L_z,Ear.R_x,Ear.R_y,Ear.R_z,hip.Center_x,hip.Center_y,hip.Center_z
0,-0.076394,-0.5286534,-0.0756403,0.011973818,-0.15440866,0.1028641,-0.105343826,0.24426234,0.055310633,0.07674887,0.2895202,-0.0996441,0.32072768,0.08068224,0.1166841,0.35839707,-0.13629712,-0.23741902,0.311275,0.5786825,0.4471769,0.06954807,0.536806,0.3709657,-0.05535412,0.6758207,0.18391035,0.14593236,0.691905,0.0045759603,0.2604641,0.53000426,0.16717201,0.13567781,0.5131979,0.38672936,0.039577357,0.7345853,0.09472133,0.08486354,0.9190527,0.19250545,0.093051195,0.7795743,0.24841794,0.12461474,0.82786083,0.23077908,0.06034083,0.83160317,0.24353077,0.14544237,0.8575863,0.13459209,0.00121229,0.86565566,0.16645996,-0.014297477900981903,0.2668912708759308,-0.02216673456132412
