frame,Ankle.R_x,Ankle.R_y,Ankle.R_z,Knee.R_x,Knee.R_y,Knee.R_z,Hip.R_x,Hip.R_y,Hip.R_z,Hip.L_x,Hip.L_y,Hip.L_z,Knee.L_x,Knee.L_y,Knee.L_z,Ankle.L_x,Ankle.L_y,Ankle.L_z,Wrist.R_x,Wrist.R_y,Wrist.R_z,Elbow.R_x,Elbow.R_y,Elbow.R_z,Shoulder.R_x,Shoulder.R_y,Shoulder.R_z,Shoulder.L_x,Shoulder.L_y,Shoulder.L_z,Elbow.L_x,Elbow.L_y,Elbow.L_z,Wrist.L_x,Wrist.L_y,Wrist.L_z,Neck_x,Neck_y,Neck_z,Head_x,Head_y,Head_z,Nose_x,Nose_y,Nose_z,Eye.L_x,Eye.L_y,Eye.L_z,Eye.R_x,Eye.R_y,Eye.R_z,Ear.L_x,Ear.L_y,Ear.L_z,Ear.R_x,Ear.R_y,Ear.R_z,hip.Center_x,hip.Center_y,hip.Center_z
0,0.3178488,-0.43187448,-0.16492872,0.22307032,-0.07666419,0.07731892,-0.08194596,0.24225524,0.086387366,0.03446058,0.29903722,-0.12862693,0.33468577,0.20115821,0.085219614,0.6380841,-0.1046465,0.19138771,0.3490818,0.46451685,0.2961854,0.09758383,0.40321314,0.29787987,0.019933034,0.6547894,0.20618647,0.11584118,0.6963451,-0.07897276,0.1554206,0.4683005,-0.23666725,0.3177906,0.45641708,-0.04534689,0.091484405,0.73572326,0.07938036,0.21535155,0.91905695,0.13622655,0.24401821,0.77256715,0.17434403,0.26139557,0.82174915,0.1385434,0.22189403,0.8289648,0.19228171,0.21688876,0.85565287,0.050057948,0.12970653,0.87390745,0.1739373,-0.023742690682411194,0.27064621448516846,-0.021119780838489532
