frame,Ankle.R_x,Ankle.R_y,Ankle.R_z,Knee.R_x,Knee.R_y,Knee.R_z,Hip.R_x,Hip.R_y,Hip.R_z,Hip.L_x,Hip.L_y,Hip.L_z,Knee.L_x,Knee.L_y,Knee.L_z,Ankle.L_x,Ankle.L_y,Ankle.L_z,Wrist.R_x,Wrist.R_y,Wrist.R_z,Elbow.R_x,Elbow.R_y,Elbow.R_z,Shoulder.R_x,Shoulder.R_y,Shoulder.R_z,Shoulder.L_x,Shoulder.L_y,Shoulder.L_z,Elbow.L_x,Elbow.L_y,Elbow.L_z,Wrist.L_x,Wrist.L_y,Wrist.L_z,Neck_x,Neck_y,Neck_z,Head_x,Head_y,Head_z,Nose_x,Nose_y,Nose_z,Eye.L_x,Eye.L_y,Eye.L_z,Eye.R_x,Eye.R_y,Eye.R_z,Ear.L_x,Ear.L_y,Ear.L_z,Ear.R_x,Ear.R_y,Ear.R_z,hip.Center_x,hip.Center_y,hip.Center_z
0,-0.18349211,-0.47725788,-0.21757433,-0.007958292,-0.16403499,0.015129488,-0.07803352,0.25647646,0.07969204,0.059477914,0.29729334,-0.11449032,0.29020157,-0.014316137,0.015708115,0.23044671,-0.37214035,-0.21100023,0.39054835,0.5821269,0.32089186,0.14328617,0.52745986,0.35771185,-0.015882678,0.6919487,0.21448691,0.105438106,0.7355542,-0.04082088,0.29533005,0.5536008,-0.037818454,0.27355424,0.59154665,0.20714375,0.04370705,0.7665436,0.09742606,0.12263369,0.95609343,0.17388473,0.18247232,0.81762254,0.1996254,0.18878996,0.8713234,0.1696528,0.14751118,0.86509824,0.22101156,0.13959745,0.90308404,0.08441364,0.04727778,0.8891057,0.20212942,-0.00927780382335186,0.27688491344451904,-0.0173991397023201
