frame,Ankle.R_x,Ankle.R_y,Ankle.R_z,Knee.R_x,Knee.R_y,Knee.R_z,Hip.R_x,Hip.R_y,Hip.R_z,Hip.L_x,Hip.L_y,Hip.L_z,Knee.L_x,Knee.L_y,Knee.L_z,Ankle.L_x,Ankle.L_y,Ankle.L_z,Wrist.R_x,Wrist.R_y,Wrist.R_z,Elbow.R_x,Elbow.R_y,Elbow.R_z,Shoulder.R_x,Shoulder.R_y,Shoulder.R_z,Shoulder.L_x,Shoulder.L_y,Shoulder.L_z,Elbow.L_x,Elbow.L_y,Elbow.L_z,Wrist.L_x,Wrist.L_y,Wrist.L_z,Neck_x,Neck_y,Neck_z,Head_x,Head_y,Head_z,Nose_x,Nose_y,Nose_z,Eye.L_x,Eye.L_y,Eye.L_z,Eye.R_x,Eye.R_y,Eye.R_z,Ear.L_x,Ear.L_y,Ear.L_z,Ear.R_x,Ear.R_y,Ear.R_z,hip.Center_x,hip.Center_y,hip.Center_z
0,0.513761,-0.2587375,-0.05905615,0.3328589,0.12084311,0.016668312,-0.012495942,0.29158887,0.10401769,-0.018957278,0.27060574,-0.13943706,0.10909675,-0.13242793,-0.06586049,-0.06753567,-0.5268246,0.014554219,0.3263387,0.6038429,0.3135439,0.08453652,0.5395708,0.28510368,0.061570518,0.73472035,0.09548001,0.17085287,0.68314034,-0.18341722,0.26508814,0.43940067,-0.11877719,0.3427662,0.5411815,0.09704527,0.135072,0.7671017,-0.04819206,0.26322976,0.9466197,-0.009695098,0.29226494,0.8005655,0.030963048,0.30718768,0.84853005,-0.0073706657,0.27156562,0.85743237,0.048189,0.25814447,0.88041556,-0.09474631,0.17876513,0.9027791,0.033439577,-0.015726611018180847,0.28109729290008545,-0.01770968735218048
