frame,Ankle.R_x,Ankle.R_y,Ankle.R_z,Knee.R_x,Knee.R_y,Knee.R_z,Hip.R_x,Hip.R_y,Hip.R_z,Hip.L_x,Hip.L_y,Hip.L_z,Knee.L_x,Knee.L_y,Knee.L_z,Ankle.L_x,Ankle.L_y,Ankle.L_z,Wrist.R_x,Wrist.R_y,Wrist.R_z,Elbow.R_x,Elbow.R_y,Elbow.R_z,Shoulder.R_x,Shoulder.R_y,Shoulder.R_z,Shoulder.L_x,Shoulder.L_y,Shoulder.L_z,Elbow.L_x,Elbow.L_y,Elbow.L_z,Wrist.L_x,Wrist.L_y,Wrist.L_z,Neck_x,Neck_y,Neck_z,Head_x,Head_y,Head_z,Nose_x,Nose_y,Nose_z,Eye.L_x,Eye.L_y,Eye.L_z,Eye.R_x,Eye.R_y,Eye.R_z,Ear.L_x,Ear.L_y,Ear.L_z,Ear.R_x,Ear.R_y,Ear.R_z,hip.Center_x,hip.Center_y,hip.Center_z
0,0.701653,0.058178805,0.14954667,0.3328898,0.29516134,0.089026734,-0.027828544,0.29281813,0.10201164,-0.013519918,0.2443416,-0.14897253,0.09284879,-0.17080304,-0.09651531,-0.12278707,-0.57401645,-0.056019776,0.26062492,0.56320953,0.2766664,0.0076571796,0.51770383,0.28456634,0.07431116,0.69895947,0.07544013,0.16652796,0.6493054,-0.20973895,0.14526501,0.39299268,-0.33497363,0.22703175,0.2363144,-0.1475608,0.15284532,0.72337294,-0.062398437,0.2663867,0.90581554,-0.03517523,0.3104763,0.770617,0.029997662,0.32374954,0.81430817,-0.013822541,0.28252822,0.8263836,0.037931815,0.27751207,0.8280848,-0.107708156,0.18686645,0.857299,0.009716481,-0.02067423053085804,0.2685798704624176,-0.02348044142127037
