frame,Ankle.R_x,Ankle.R_y,Ankle.R_z,Knee.R_x,Knee.R_y,Knee.R_z,Hip.R_x,Hip.R_y,Hip.R_z,Hip.L_x,Hip.L_y,Hip.L_z,Knee.L_x,Knee.L_y,Knee.L_z,Ankle.L_x,Ankle.L_y,Ankle.L_z,Wrist.R_x,Wrist.R_y,Wrist.R_z,Elbow.R_x,Elbow.R_y,Elbow.R_z,Shoulder.R_x,Shoulder.R_y,Shoulder.R_z,Shoulder.L_x,Shoulder.L_y,Shoulder.L_z,Elbow.L_x,Elbow.L_y,Elbow.L_z,Wrist.L_x,Wrist.L_y,Wrist.L_z,Neck_x,Neck_y,Neck_z,Head_x,Head_y,Head_z,Nose_x,Nose_y,Nose_z,Eye.L_x,Eye.L_y,Eye.L_z,Eye.R_x,Eye.R_y,Eye.R_z,Ear.L_x,Ear.L_y,Ear.L_z,Ear.R_x,Ear.R_y,Ear.R_z,hip.Center_x,hip.Center_y,hip.Center_z
0,-0.18138768,-0.51706535,-0.054156173,-0.012731801,-0.135342,0.0108776055,-0.0060023465,0.28399405,0.10219395,0.0077899466,0.2984887,-0.13232851,0.02540711,-0.11517673,-0.15245068,-0.1363158,-0.5003875,-0.23501542,0.16304718,0.9194679,0.1814158,0.13980153,0.7010069,0.28497303,-0.052064434,0.7885932,0.13640836,-0.0074446993,0.7999296,-0.14167902,0.24383539,0.77938557,-0.19636872,0.17229892,0.9796525,-0.08030188,-0.04120504,0.84094834,-0.0016321959,-0.051696587,1.0574703,0.012356401,0.077258095,0.98273194,0.06466119,0.052384887,1.0215847,0.0204449,0.020366568,1.0096815,0.07830248,-0.0066819526,0.9964997,-0.06607861,-0.07964027,0.9706949,0.067486346,0.0008938000537455082,0.2912413775920868,-0.01506727933883667
