frame,Ankle.R_x,Ankle.R_y,Ankle.R_z,Knee.R_x,Knee.R_y,Knee.R_z,Hip.R_x,Hip.R_y,Hip.R_z,Hip.L_x,Hip.L_y,Hip.L_z,Knee.L_x,Knee.L_y,Knee.L_z,Ankle.L_x,Ankle.L_y,Ankle.L_z,Wrist.R_x,Wrist.R_y,Wrist.R_z,Elbow.R_x,Elbow.R_y,Elbow.R_z,Shoulder.R_x,Shoulder.R_y,Shoulder.R_z,Shoulder.L_x,Shoulder.L_y,Shoulder.L_z,Elbow.L_x,Elbow.L_y,Elbow.L_z,Wrist.L_x,Wrist.L_y,Wrist.L_z,Neck_x,Neck_y,Neck_z,Head_x,Head_y,Head_z,Nose_x,Nose_y,Nose_z,Eye.L_x,Eye.L_y,Eye.L_z,Eye.R_x,Eye.R_y,Eye.R_z,Ear.L_x,Ear.L_y,Ear.L_z,Ear.R_x,Ear.R_y,Ear.R_z,hip.Center_x,hip.Center_y,hip.Center_z
0,0.2299463,-0.38035947,-0.13333055,0.26726598,-0.009663015,0.07418585,-0.05656799,0.26933402,0.10193221,0.0076902146,0.30955428,-0.1377576,0.33651444,0.12100415,-0.025808223,0.43526205,-0.27207187,-0.18099566,0.39007822,0.55199033,0.20668516,0.16119106,0.48354492,0.288632,0.0975762,0.71883845,0.17430699,0.1372907,0.7242881,-0.13352701,0.14056112,0.47831395,-0.25159818,0.28651056,0.47865456,-0.048541922,0.14442883,0.7788838,0.026752613,0.26818645,0.9669888,0.06340823,0.320344,0.82203484,0.08402479,0.32277423,0.87422574,0.04795061,0.29628903,0.8746386,0.109904215,0.25548577,0.9075029,-0.027482275,0.19635814,0.90893424,0.116958156,-0.02443888783454895,0.2894441485404968,-0.017912693321704865
