frame,Ankle.R_x,Ankle.R_y,Ankle.R_z,Knee.R_x,Knee.R_y,Knee.R_z,Hip.R_x,Hip.R_y,Hip.R_z,Hip.L_x,Hip.L_y,Hip.L_z,Knee.L_x,Knee.L_y,Knee.L_z,Ankle.L_x,Ankle.L_y,Ankle.L_z,Wrist.R_x,Wrist.R_y,Wrist.R_z,Elbow.R_x,Elbow.R_y,Elbow.R_z,Shoulder.R_x,Shoulder.R_y,Shoulder.R_z,Shoulder.L_x,Shoulder.L_y,Shoulder.L_z,Elbow.L_x,Elbow.L_y,Elbow.L_z,Wrist.L_x,Wrist.L_y,Wrist.L_z,Neck_x,Neck_y,Neck_z,Head_x,Head_y,Head_z,Nose_x,Nose_y,Nose_z,Eye.L_x,Eye.L_y,Eye.L_z,Eye.R_x,Eye.R_y,Eye.R_z,Ear.L_x,Ear.L_y,Ear.L_z,Ear.R_x,Ear.R_y,Ear.R_z,hip.Center_x,hip.Center_y,hip.Center_z
0,-0.22665909,-0.48237824,-0.060552947,0.0001826022,-0.13884276,0.017056633,-0.015716285,0.28089723,0.10020667,0.019788843,0.28684175,-0.12947278,0.02731756,-0.12702602,-0.10704308,-0.18868521,-0.48315582,-0.18240169,0.13572541,0.8510994,0.1519941,0.111884974,0.6438562,0.26800853,-0.048884988,0.7700599,0.13391355,0.01199733,0.7915561,-0.13353917,0.24623694,0.7239084,-0.18498567,0.17644133,0.910445,-0.055965003,-0.020471262,0.8263067,0.006679506,0.01543957,1.034004,0.056867123,0.11946404,0.92309976,0.092112236,0.106572874,0.9734582,0.056286946,0.0712561,0.96011615,0.11131753,0.046161406,0.97940516,-0.030017897,-0.032794565,0.94903684,0.09594602,0.0020362790673971176,0.28386950492858887,-0.014633052051067352
