frame,Ankle.R_x,Ankle.R_y,Ankle.R_z,Knee.R_x,Knee.R_y,Knee.R_z,Hip.R_x,Hip.R_y,Hip.R_z,Hip.L_x,Hip.L_y,Hip.L_z,Knee.L_x,Knee.L_y,Knee.L_z,Ankle.L_x,Ankle.L_y,Ankle.L_z,Wrist.R_x,Wrist.R_y,Wrist.R_z,Elbow.R_x,Elbow.R_y,Elbow.R_z,Shoulder.R_x,Shoulder.R_y,Shoulder.R_z,Shoulder.L_x,Shoulder.L_y,Shoulder.L_z,Elbow.L_x,Elbow.L_y,Elbow.L_z,Wrist.L_x,Wrist.L_y,Wrist.L_z,Neck_x,Neck_y,Neck_z,Head_x,Head_y,Head_z,Nose_x,Nose_y,Nose_z,Eye.L_x,Eye.L_y,Eye.L_z,Eye.R_x,Eye.R_y,Eye.R_z,Ear.L_x,Ear.L_y,Ear.L_z,Ear.R_x,Ear.R_y,Ear.R_z,hip.Center_x,hip.Center_y,hip.Center_z
0,-0.1861711,-0.5153537,-0.07292382,-0.023233566,-0.14198756,0.01566162,-0.0074588107,0.26922205,0.10161125,0.014553504,0.29227507,-0.13097982,0.04332389,-0.11605291,-0.13727924,-0.065932274,-0.5132927,-0.21735889,0.082235485,0.9413481,0.11823886,0.20133805,0.81777555,0.2869931,-0.015271516,0.75965726,0.16547954,-0.057691544,0.7700072,-0.11073226,0.0010212837,0.70776826,-0.3631152,0.10887654,0.8811791,-0.2521754,-0.0336264,0.8100822,0.038488753,-0.009005252,1.0211866,0.094486214,0.114152156,0.93448806,0.055393398,0.0758665,0.98130393,0.03826626,0.07975557,0.9606972,0.1013471,-0.021134406,0.9744246,-0.00030400977,-0.012389496,0.9291891,0.14315818,0.0035473466850817204,0.28074854612350464,-0.014684285968542099
