frame,Ankle.R_x,Ankle.R_y,Ankle.R_z,Knee.R_x,Knee.R_y,Knee.R_z,Hip.R_x,Hip.R_y,Hip.R_z,Hip.L_x,Hip.L_y,Hip.L_z,Knee.L_x,Knee.L_y,Knee.L_z,Ankle.L_x,Ankle.L_y,Ankle.L_z,Wrist.R_x,Wrist.R_y,Wrist.R_z,Elbow.R_x,Elbow.R_y,Elbow.R_z,Shoulder.R_x,Shoulder.R_y,Shoulder.R_z,Shoulder.L_x,Shoulder.L_y,Shoulder.L_z,Elbow.L_x,Elbow.L_y,Elbow.L_z,Wrist.L_x,Wrist.L_y,Wrist.L_z,Neck_x,Neck_y,Neck_z,Head_x,Head_y,Head_z,Nose_x,Nose_y,Nose_z,Eye.L_x,Eye.L_y,Eye.L_z,Eye.R_x,Eye.R_y,Eye.R_z,Ear.L_x,Ear.L_y,Ear.L_z,Ear.R_x,Ear.R_y,Ear.R_z,hip.Center_x,hip.Center_y,hip.Center_z
0,-0.16096029,-0.474695,0.037127394,0.09077005,-0.13426878,0.045661658,0.007286568,0.2887297,0.1001489,-0.016808473,0.28988478,-0.13720979,0.087360755,-0.115397274,-0.14802675,-0.088938795,-0.503689,-0.12007651,0.18551649,0.8736763,0.14769028,0.12709612,0.683634,0.29119873,-0.05134902,0.7794275,0.12123266,-0.059120663,0.7719928,-0.1732956,0.124453925,0.70197046,-0.35420418,0.16460784,0.9122928,-0.23882782,-0.0587831,0.8262396,-0.024651205,-0.043964215,1.0435781,-0.009725156,0.08409314,0.95463115,0.0058090985,0.05284214,0.99631625,-0.030282192,0.03719292,0.9877514,0.034203492,-0.029592335,0.9795432,-0.09577504,-0.06449678,0.9600354,0.052780144,-0.004760952200740576,0.28930723667144775,-0.01853044331073761
