frame,Ankle.R_x,Ankle.R_y,Ankle.R_z,Knee.R_x,Knee.R_y,Knee.R_z,Hip.R_x,Hip.R_y,Hip.R_z,Hip.L_x,Hip.L_y,Hip.L_z,Knee.L_x,Knee.L_y,Knee.L_z,Ankle.L_x,Ankle.L_y,Ankle.L_z,Wrist.R_x,Wrist.R_y,Wrist.R_z,Elbow.R_x,Elbow.R_y,Elbow.R_z,Shoulder.R_x,Shoulder.R_y,Shoulder.R_z,Shoulder.L_x,Shoulder.L_y,Shoulder.L_z,Elbow.L_x,Elbow.L_y,Elbow.L_z,Wrist.L_x,Wrist.L_y,Wrist.L_z,Neck_x,Neck_y,Neck_z,Head_x,Head_y,Head_z,Nose_x,Nose_y,Nose_z,Eye.L_x,Eye.L_y,Eye.L_z,Eye.R_x,Eye.R_y,Eye.R_z,Ear.L_x,Ear.L_y,Ear.L_z,Ear.R_x,Ear.R_y,Ear.R_z,hip.Center_x,hip.Center_y,hip.Center_z
0,-0.14863718,-0.53234184,-0.10880399,0.035403762,-0.15820304,0.02780902,-0.061951283,0.2658729,0.09232718,0.03744966,0.29522166,-0.131319,0.32559755,0.05638091,0.02205568,0.342481,-0.3724041,-0.053485684,0.28613383,0.6877631,0.29335666,0.06348513,0.61985797,0.39428562,-0.016018398,0.7385129,0.15549707,0.09850203,0.7208067,-0.12571369,0.19602862,0.4751585,-0.20649585,0.117583565,0.50140065,0.028613279,0.0540734,0.78373355,0.01952904,0.15232165,0.98102146,0.04477911,0.20770144,0.84946334,0.10291879,0.21399683,0.8934579,0.058984406,0.17659381,0.90347624,0.113204435,0.15992132,0.9048412,-0.02949296,0.0761638,0.9289212,0.09493905,-0.012250810861587524,0.28054726123809814,-0.01949591189622879
