frame,Ankle.R_x,Ankle.R_y,Ankle.R_z,Knee.R_x,Knee.R_y,Knee.R_z,Hip.R_x,Hip.R_y,Hip.R_z,Hip.L_x,Hip.L_y,Hip.L_z,Knee.L_x,Knee.L_y,Knee.L_z,Ankle.L_x,Ankle.L_y,Ankle.L_z,Wrist.R_x,Wrist.R_y,Wrist.R_z,Elbow.R_x,Elbow.R_y,Elbow.R_z,Shoulder.R_x,Shoulder.R_y,Shoulder.R_z,Shoulder.L_x,Shoulder.L_y,Shoulder.L_z,Elbow.L_x,Elbow.L_y,Elbow.L_z,Wrist.L_x,Wrist.L_y,Wrist.L_z,Neck_x,Neck_y,Neck_z,Head_x,Head_y,Head_z,Nose_x,Nose_y,Nose_z,Eye.L_x,Eye.L_y,Eye.L_z,Eye.R_x,Eye.R_y,Eye.R_z,Ear.L_x,Ear.L_y,Ear.L_z,Ear.R_x,Ear.R_y,Ear.R_z,hip.Center_x,hip.Center_y,hip.Center_z
0,-0.28662202,-0.44118747,-0.16009058,-0.020798143,-0.14638802,0.0051630875,-0.030645685,0.2814215,0.10116862,0.021031706,0.3051567,-0.1339227,0.2230444,-0.066909954,-0.09608425,-0.067548715,-0.36431774,-0.18224473,0.18083106,0.9827757,0.110597774,0.23820248,0.8112247,0.28253454,0.008418353,0.8010006,0.13810425,-0.026831927,0.77571905,-0.15268801,0.0171438,0.65611935,-0.40127963,0.103078105,0.87137306,-0.32932866,-0.0028581722,0.8384385,-0.0032833302,0.016845629,1.0592368,0.0033733551,0.14358923,0.9714011,0.036364492,0.1153049,1.011486,-0.005128164,0.09331208,1.0062993,0.058165614,0.039387487,0.9899504,-0.0773291,-0.01090035,0.978843,0.06812226,-0.004806989803910255,0.2932891249656677,-0.0163770392537117
