frame,Ankle.R_x,Ankle.R_y,Ankle.R_z,Knee.R_x,Knee.R_y,Knee.R_z,Hip.R_x,Hip.R_y,Hip.R_z,Hip.L_x,Hip.L_y,Hip.L_z,Knee.L_x,Knee.L_y,Knee.L_z,Ankle.L_x,Ankle.L_y,Ankle.L_z,Wrist.R_x,Wrist.R_y,Wrist.R_z,Elbow.R_x,Elbow.R_y,Elbow.R_z,Shoulder.R_x,Shoulder.R_y,Shoulder.R_z,Shoulder.L_x,Shoulder.L_y,Shoulder.L_z,Elbow.L_x,Elbow.L_y,Elbow.L_z,Wrist.L_x,Wrist.L_y,Wrist.L_z,Neck_x,Neck_y,Neck_z,Head_x,Head_y,Head_z,Nose_x,Nose_y,Nose_z,Eye.L_x,Eye.L_y,Eye.L_z,Eye.R_x,Eye.R_y,Eye.R_z,Ear.L_x,Ear.L_y,Ear.L_z,Ear.R_x,Ear.R_y,Ear.R_z,hip.Center_x,hip.Center_y,hip.Center_z
0,0.5886809,-0.11799849,-0.22944981,0.33962148,0.1906312,-0.064215824,0.007831268,0.2844739,0.1069085,-0.040426962,0.26729196,-0.13571551,0.098487765,-0.13549227,-0.08527392,0.027177626,-0.56682706,-0.009634054,0.25077766,0.60193634,0.28946158,0.009499121,0.53783864,0.2878066,0.057003606,0.72443247,0.087956876,0.12832163,0.6768534,-0.20615724,0.1902945,0.40825298,-0.25083643,0.31873542,0.35450935,-0.04076979,0.119000465,0.75734335,-0.061931197,0.23304364,0.94713205,-0.043587174,0.29175526,0.806905,-0.010363862,0.29223144,0.85615534,-0.050648637,0.26711518,0.86030847,0.011267029,0.22289245,0.87949467,-0.12608565,0.16759722,0.89134836,0.014337473,-0.016297847032546997,0.27588292956352234,-0.014403507113456726
