frame,Ankle.R_x,Ankle.R_y,Ankle.R_z,Knee.R_x,Knee.R_y,Knee.R_z,Hip.R_x,Hip.R_y,Hip.R_z,Hip.L_x,Hip.L_y,Hip.L_z,Knee.L_x,Knee.L_y,Knee.L_z,Ankle.L_x,Ankle.L_y,Ankle.L_z,Wrist.R_x,Wrist.R_y,Wrist.R_z,Elbow.R_x,Elbow.R_y,Elbow.R_z,Shoulder.R_x,Shoulder.R_y,Shoulder.R_z,Shoulder.L_x,Shoulder.L_y,Shoulder.L_z,Elbow.L_x,Elbow.L_y,Elbow.L_z,Wrist.L_x,Wrist.L_y,Wrist.L_z,Neck_x,Neck_y,Neck_z,Head_x,Head_y,Head_z,Nose_x,Nose_y,Nose_z,Eye.L_x,Eye.L_y,Eye.L_z,Eye.R_x,Eye.R_y,Eye.R_z,Ear.L_x,Ear.L_y,Ear.L_z,Ear.R_x,Ear.R_y,Ear.R_z,hip.Center_x,hip.Center_y,hip.Center_z
0,-0.15493752,-0.5211902,-0.12327718,0.0047558392,-0.16647902,0.063270554,-0.08306284,0.25527894,0.07526326,0.06449357,0.28443253,-0.11660361,0.29837385,-0.0030712017,0.05852636,0.18317844,-0.3433925,-0.16890249,0.37268594,0.6545079,0.36524987,0.13870718,0.54922605,0.36063161,-0.024565648,0.683846,0.1968356,0.12138934,0.7278201,-0.030455852,0.3280502,0.58387923,0.03623618,0.2655548,0.644658,0.27153054,0.04185877,0.7523389,0.09164187,0.08812872,0.93890846,0.18398519,0.13672431,0.803043,0.23242188,0.15300728,0.8562385,0.20724642,0.095263146,0.84924555,0.23823765,0.14011393,0.8863561,0.108820476,0.011057392,0.87051535,0.18196368,-0.009284637868404388,0.2698557376861572,-0.020670175552368164
