frame,Ankle.R_x,Ankle.R_y,Ankle.R_z,Knee.R_x,Knee.R_y,Knee.R_z,Hip.R_x,Hip.R_y,Hip.R_z,Hip.L_x,Hip.L_y,Hip.L_z,Knee.L_x,Knee.L_y,Knee.L_z,Ankle.L_x,Ankle.L_y,Ankle.L_z,Wrist.R_x,Wrist.R_y,Wrist.R_z,Elbow.R_x,Elbow.R_y,Elbow.R_z,Shoulder.R_x,Shoulder.R_y,Shoulder.R_z,Shoulder.L_x,Shoulder.L_y,Shoulder.L_z,Elbow.L_x,Elbow.L_y,Elbow.L_z,Wrist.L_x,Wrist.L_y,Wrist.L_z,Neck_x,Neck_y,Neck_z,Head_x,Head_y,Head_z,Nose_x,Nose_y,Nose_z,Eye.L_x,Eye.L_y,Eye.L_z,Eye.R_x,Eye.R_y,Eye.R_z,Ear.L_x,Ear.L_y,Ear.L_z,Ear.R_x,Ear.R_y,Ear.R_z,hip.Center_x,hip.Center_y,hip.Center_z
0,-0.16954593,-0.53903836,-0.005951474,-0.012699205,-0.14351179,0.02172586,0.025825016,0.27500707,0.098750144,-0.020678764,0.2951022,-0.13415058,-0.006508235,-0.11884941,-0.16484417,-0.13982601,-0.5240483,-0.21336572,0.040351883,1.0941123,0.055806737,0.19495235,0.9517109,0.19116253,-0.005732023,0.7909132,0.14029959,-0.08525305,0.7788094,-0.12396647,-0.0075917547,0.8075746,-0.3792422,0.11023834,0.9954385,-0.2761403,-0.048726637,0.8231176,0.014831967,-0.047750924,1.0409064,0.026096849,0.08299029,0.96709275,-0.0198382,0.03323982,1.0023674,-0.037406042,0.05178798,0.9972209,0.026792483,-0.067282386,0.97228765,-0.053928513,-0.025844812,0.96110773,0.093275376,0.002573125995695591,0.28505462408065796,-0.01770021766424179
