frame,Ankle.R_x,Ankle.R_y,Ankle.R_z,Knee.R_x,Knee.R_y,Knee.R_z,Hip.R_x,Hip.R_y,Hip.R_z,Hip.L_x,Hip.L_y,Hip.L_z,Knee.L_x,Knee.L_y,Knee.L_z,Ankle.L_x,Ankle.L_y,Ankle.L_z,Wrist.R_x,Wrist.R_y,Wrist.R_z,Elbow.R_x,Elbow.R_y,Elbow.R_z,Shoulder.R_x,Shoulder.R_y,Shoulder.R_z,Shoulder.L_x,Shoulder.L_y,Shoulder.L_z,Elbow.L_x,Elbow.L_y,Elbow.L_z,Wrist.L_x,Wrist.L_y,Wrist.L_z,Neck_x,Neck_y,Neck_z,Head_x,Head_y,Head_z,Nose_x,Nose_y,Nose_z,Eye.L_x,Eye.L_y,Eye.L_z,Eye.R_x,Eye.R_y,Eye.R_z,Ear.L_x,Ear.L_y,Ear.L_z,Ear.R_x,Ear.R_y,Ear.R_z,hip.Center_x,hip.Center_y,hip.Center_z
0,0.61029696,0.19081494,0.037830528,0.24612372,0.41386855,0.08262709,-0.05615525,0.2845669,0.09322667,0.013837317,0.23427428,-0.14394192,0.14284864,-0.15583216,-0.0058607534,-0.06574302,-0.55047905,0.04985284,0.29836878,0.5002872,0.3046768,0.056173015,0.44197327,0.24865268,0.06642478,0.6702705,0.103769,0.23610653,0.6214321,-0.13062638,0.32111773,0.37940565,-0.051900767,0.38991266,0.47821587,0.1705379,0.17041491,0.70200133,-0.013486002,0.27248427,0.8870165,0.021724783,0.29867655,0.75684434,0.100533046,0.3215326,0.798066,0.058241002,0.27117553,0.8128946,0.09955363,0.29625082,0.8064379,-0.04238819,0.18495443,0.8428582,0.05132485,-0.021158967167139053,0.25942060351371765,-0.025357626378536224
