frame,Ankle.R_x,Ankle.R_y,Ankle.R_z,Knee.R_x,Knee.R_y,Knee.R_z,Hip.R_x,Hip.R_y,Hip.R_z,Hip.L_x,Hip.L_y,Hip.L_z,Knee.L_x,Knee.L_y,Knee.L_z,Ankle.L_x,Ankle.L_y,Ankle.L_z,Wrist.R_x,Wrist.R_y,Wrist.R_z,Elbow.R_x,Elbow.R_y,Elbow.R_z,Shoulder.R_x,Shoulder.R_y,Shoulder.R_z,Shoulder.L_x,Shoulder.L_y,Shoulder.L_z,Elbow.L_x,Elbow.L_y,Elbow.L_z,Wrist.L_x,Wrist.L_y,Wrist.L_z,Neck_x,Neck_y,Neck_z,Head_x,Head_y,Head_z,Nose_x,Nose_y,Nose_z,Eye.L_x,Eye.L_y,Eye.L_z,Eye.R_x,Eye.R_y,Eye.R_z,Ear.L_x,Ear.L_y,Ear.L_z,Ear.R_x,Ear.R_y,Ear.R_z,hip.Center_x,hip.Center_y,hip.Center_z
0,-0.19402681,-0.4909993,0.017913975,0.016423935,-0.13011615,0.0252466,0.024851702,0.29083204,0.09777222,-0.023614796,0.30133498,-0.1310953,0.030209722,-0.10799213,-0.1438099,-0.12885812,-0.49758962,-0.15866777,0.20964727,0.9285015,0.09877344,0.24251965,0.7183161,0.21249571,0.008987291,0.7974666,0.1389683,-0.056014962,0.7973987,-0.14240456,0.115235955,0.7101597,-0.317552,0.15352009,0.92931974,-0.23245144,-0.027087944,0.848094,0.0050200447,0.009584233,1.0674839,0.031267457,0.12585238,0.9617639,0.036079057,0.09897716,1.0097708,0.003966525,0.08352337,0.9982389,0.06821328,0.012649879,1.0081577,-0.060514987,-0.021037675,0.9827925,0.08824621,0.00061845313757658,0.2960835099220276,-0.016661543399095535
