frame,Ankle.R_x,Ankle.R_y,Ankle.R_z,Knee.R_x,Knee.R_y,Knee.R_z,Hip.R_x,Hip.R_y,Hip.R_z,Hip.L_x,Hip.L_y,Hip.L_z,Knee.L_x,Knee.L_y,Knee.L_z,Ankle.L_x,Ankle.L_y,Ankle.L_z,Wrist.R_x,Wrist.R_y,Wrist.R_z,Elbow.R_x,Elbow.R_y,Elbow.R_z,Shoulder.R_x,Shoulder.R_y,Shoulder.R_z,Shoulder.L_x,Shoulder.L_y,Shoulder.L_z,Elbow.L_x,Elbow.L_y,Elbow.L_z,Wrist.L_x,Wrist.L_y,Wrist.L_z,Neck_x,Neck_y,Neck_z,Head_x,Head_y,Head_z,Nose_x,Nose_y,Nose_z,Eye.L_x,Eye.L_y,Eye.L_z,Eye.R_x,Eye.R_y,Eye.R_z,Ear.L_x,Ear.L_y,Ear.L_z,Ear.R_x,Ear.R_y,Ear.R_z,hip.Center_x,hip.Center_y,hip.Center_z
0,-0.24079534,-0.49156502,-0.057173602,-0.0007682084,-0.13553372,0.004439691,-0.020510938,0.2930257,0.10191691,0.012056147,0.31715795,-0.1335414,0.055541318,-0.10269032,-0.17037944,-0.17568162,-0.4609299,-0.26503688,0.17770635,1.1239285,0.2111038,0.15336002,0.8988908,0.32830885,-0.03521528,0.8355355,0.13979325,0.048556633,0.81509113,-0.14381574,0.31776547,0.8253343,-0.14335527,0.23530072,1.0400119,-0.036972124,-0.010175662,0.8716665,-0.0070837596,-0.03576675,1.0922204,-0.011539127,0.09678967,1.0347412,0.054329254,0.06953764,1.066268,0.0042598993,0.035572402,1.0576544,0.06213452,0.018168688,1.0257972,-0.08396076,-0.062482398,1.0071249,0.05230873,-0.004227395635098219,0.30509182810783386,-0.01581224799156189
