frame,Ankle.R_x,Ankle.R_y,Ankle.R_z,Knee.R_x,Knee.R_y,Knee.R_z,Hip.R_x,Hip.R_y,Hip.R_z,Hip.L_x,Hip.L_y,Hip.L_z,Knee.L_x,Knee.L_y,Knee.L_z,Ankle.L_x,Ankle.L_y,Ankle.L_z,Wrist.R_x,Wrist.R_y,Wrist.R_z,Elbow.R_x,Elbow.R_y,Elbow.R_z,Shoulder.R_x,Shoulder.R_y,Shoulder.R_z,Shoulder.L_x,Shoulder.L_y,Shoulder.L_z,Elbow.L_x,Elbow.L_y,Elbow.L_z,Wrist.L_x,Wrist.L_y,Wrist.L_z,Neck_x,Neck_y,Neck_z,Head_x,Head_y,Head_z,Nose_x,Nose_y,Nose_z,Eye.L_x,Eye.L_y,Eye.L_z,Eye.R_x,Eye.R_y,Eye.R_z,Ear.L_x,Ear.L_y,Ear.L_z,Ear.R_x,Ear.R_y,Ear.R_z,hip.Center_x,hip.Center_y,hip.Center_z
0,-0.19290432,-0.45354566,-0.24450874,-0.03324742,-0.15048124,0.0054480555,-0.086509645,0.27321744,0.07211265,0.069427215,0.29911733,-0.106930576,0.27741736,-0.011956199,0.061432444,0.1480614,-0.2870465,-0.22441,0.30689558,0.90330386,0.27823874,0.15997535,0.70710313,0.32368314,-0.02789716,0.7662643,0.14974646,0.085018024,0.7471139,-0.112658404,0.28699377,0.5823423,-0.14920583,0.30532992,0.80631715,-0.0619403,0.02683503,0.80873513,0.025916774,0.06538236,1.0185219,0.08017124,0.11938029,0.8988737,0.16208407,0.13361041,0.9470211,0.1246939,0.07408672,0.9432559,0.15412489,0.12535419,0.95313895,0.019697487,-0.0093135815,0.9450622,0.08928624,-0.00854121521115303,0.2861673831939697,-0.017408963292837143
