frame,Ankle.R_x,Ankle.R_y,Ankle.R_z,Knee.R_x,Knee.R_y,Knee.R_z,Hip.R_x,Hip.R_y,Hip.R_z,Hip.L_x,Hip.L_y,Hip.L_z,Knee.L_x,Knee.L_y,Knee.L_z,Ankle.L_x,Ankle.L_y,Ankle.L_z,Wrist.R_x,Wrist.R_y,Wrist.R_z,Elbow.R_x,Elbow.R_y,Elbow.R_z,Shoulder.R_x,Shoulder.R_y,Shoulder.R_z,Shoulder.L_x,Shoulder.L_y,Shoulder.L_z,Elbow.L_x,Elbow.L_y,Elbow.L_z,Wrist.L_x,Wrist.L_y,Wrist.L_z,Neck_x,Neck_y,Neck_z,Head_x,Head_y,Head_z,Nose_x,Nose_y,Nose_z,Eye.L_x,Eye.L_y,Eye.L_z,Eye.R_x,Eye.R_y,Eye.R_z,Ear.L_x,Ear.L_y,Ear.L_z,Ear.R_x,Ear.R_y,Ear.R_z,hip.Center_x,hip.Center_y,hip.Center_z
0,0.65224546,-0.023135662,0.05717968,0.3227584,0.24957623,0.08280363,-0.03800211,0.2774785,0.10526077,0.00051352533,0.26949668,-0.13941121,0.10672173,-0.13576974,-0.14077929,-0.028085398,-0.5506121,-0.22836697,0.2403235,0.55186623,0.25697303,-0.008184834,0.51227593,0.26649028,0.05094762,0.71694165,0.10070082,0.19897203,0.64937663,-0.15458398,0.26409248,0.38168138,-0.14055395,0.36763704,0.3647754,0.08857088,0.15183803,0.740051,-0.026892208,0.2619239,0.92862093,0.0030662138,0.3057222,0.79218537,0.06290626,0.31801313,0.8372021,0.020113409,0.278143,0.8475665,0.07268927,0.27100813,0.85342765,-0.071779825,0.18209839,0.87924147,0.047805056,-0.018744293600320816,0.27348756790161133,-0.017075221985578537
