frame,Ankle.R_x,Ankle.R_y,Ankle.R_z,Knee.R_x,Knee.R_y,Knee.R_z,Hip.R_x,Hip.R_y,Hip.R_z,Hip.L_x,Hip.L_y,Hip.L_z,Knee.L_x,Knee.L_y,Knee.L_z,Ankle.L_x,Ankle.L_y,Ankle.L_z,Wrist.R_x,Wrist.R_y,Wrist.R_z,Elbow.R_x,Elbow.R_y,Elbow.R_z,Shoulder.R_x,Shoulder.R_y,Shoulder.R_z,Shoulder.L_x,Shoulder.L_y,Shoulder.L_z,Elbow.L_x,Elbow.L_y,Elbow.L_z,Wrist.L_x,Wrist.L_y,Wrist.L_z,Neck_x,Neck_y,Neck_z,Head_x,Head_y,Head_z,Nose_x,Nose_y,Nose_z,Eye.L_x,Eye.L_y,Eye.L_z,Eye.R_x,Eye.R_y,Eye.R_z,Ear.L_x,Ear.L_y,Ear.L_z,Ear.R_x,Ear.R_y,Ear.R_z,hip.Center_x,hip.Center_y,hip.Center_z
0,-0.20758215,-0.51751626,-0.07336256,-0.025041223,-0.14108822,0.010834429,-0.018611157,0.2806943,0.10143201,0.02136011,0.29316777,-0.13209806,0.012678269,-0.12462329,-0.1432242,-0.17320433,-0.50324136,-0.22773875,0.106528915,0.9996888,0.21501732,0.12501024,0.7790127,0.31996417,-0.05615756,0.7851604,0.12837723,0.023736658,0.7916706,-0.14128658,0.28451318,0.8006055,-0.17244264,0.21046253,1.0037773,-0.058524385,-0.02913598,0.83269984,-0.0077717463,-0.046319455,1.0477026,0.002550828,0.08706949,0.98102665,0.054138362,0.059406195,1.0165656,0.008907124,0.030039035,1.006559,0.0685408,-0.0014782953,0.9847993,-0.07360765,-0.06897013,0.96323955,0.06300774,0.0013744765892624855,0.28693103790283203,-0.015333026647567749
