frame,Ankle.R_x,Ankle.R_y,Ankle.R_z,Knee.R_x,Knee.R_y,Knee.R_z,Hip.R_x,Hip.R_y,Hip.R_z,Hip.L_x,Hip.L_y,Hip.L_z,Knee.L_x,Knee.L_y,Knee.L_z,Ankle.L_x,Ankle.L_y,Ankle.L_z,Wrist.R_x,Wrist.R_y,Wrist.R_z,Elbow.R_x,Elbow.R_y,Elbow.R_z,Shoulder.R_x,Shoulder.R_y,Shoulder.R_z,Shoulder.L_x,Shoulder.L_y,Shoulder.L_z,Elbow.L_x,Elbow.L_y,Elbow.L_z,Wrist.L_x,Wrist.L_y,Wrist.L_z,Neck_x,Neck_y,Neck_z,Head_x,Head_y,Head_z,Nose_x,Nose_y,Nose_z,Eye.L_x,Eye.L_y,Eye.L_z,Eye.R_x,Eye.R_y,Eye.R_z,Ear.L_x,Ear.L_y,Ear.L_z,Ear.R_x,Ear.R_y,Ear.R_z,hip.Center_x,hip.Center_y,hip.Center_z
0,0.18816897,-0.41390264,0.09074259,0.32563102,0.0029742243,0.05730836,-0.008377293,0.28494355,0.10356239,-0.015305442,0.26386064,-0.14900713,0.06733301,-0.16021752,-0.07574308,-0.112980105,-0.56689054,0.016449122,0.36362746,0.8872535,0.16154847,0.18704197,0.7467068,0.29474396,0.004565852,0.76279736,0.07828735,0.051710166,0.69921976,-0.20957914,0.24699962,0.49944228,-0.23655993,0.31778798,0.69333845,-0.08632391,0.027568772,0.7852696,-0.06948422,0.07883377,0.9993534,-0.06022891,0.16189544,0.8892517,0.011545315,0.16037588,0.93131137,-0.035396762,0.11799317,0.93438137,0.01644753,0.11077233,0.92260957,-0.12943904,0.016769864,0.9319444,-0.011163294,-0.011841367930173874,0.27440208196640015,-0.022722367197275162
