frame,Ankle.R_x,Ankle.R_y,Ankle.R_z,Knee.R_x,Knee.R_y,Knee.R_z,Hip.R_x,Hip.R_y,Hip.R_z,Hip.L_x,Hip.L_y,Hip.L_z,Knee.L_x,Knee.L_y,Knee.L_z,Ankle.L_x,Ankle.L_y,Ankle.L_z,Wrist.R_x,Wrist.R_y,Wrist.R_z,Elbow.R_x,Elbow.R_y,Elbow.R_z,Shoulder.R_x,Shoulder.R_y,Shoulder.R_z,Shoulder.L_x,Shoulder.L_y,Shoulder.L_z,Elbow.L_x,Elbow.L_y,Elbow.L_z,Wrist.L_x,Wrist.L_y,Wrist.L_z,Neck_x,Neck_y,Neck_z,Head_x,Head_y,Head_z,Nose_x,Nose_y,Nose_z,Eye.L_x,Eye.L_y,Eye.L_z,Eye.R_x,Eye.R_y,Eye.R_z,Ear.L_x,Ear.L_y,Ear.L_z,Ear.R_x,Ear.R_y,Ear.R_z,hip.Center_x,hip.Center_y,hip.Center_z
0,0.378576,-0.2921624,0.15616998,0.32943317,0.13102809,0.09067701,-0.027581226,0.30390817,0.09993969,-0.007141406,0.25495508,-0.14667714,0.13185863,-0.13460702,-0.025221055,-0.047943514,-0.5238613,0.08984233,0.3231954,0.5567153,0.26358217,0.07347363,0.52098715,0.28012004,0.09978687,0.7137178,0.07891386,0.21334514,0.660096,-0.20354572,0.24366453,0.38967115,-0.27977586,0.27436483,0.29681057,-0.046377867,0.18020128,0.74427766,-0.05994098,0.25628448,0.9478923,-0.03727221,0.32016012,0.8299848,0.041255496,0.32801944,0.8726985,-0.0049185455,0.28038538,0.87867844,0.042109206,0.28990605,0.8698497,-0.104173765,0.18363756,0.8860589,0.004189104,-0.017361316829919815,0.27943164110183716,-0.023368723690509796
