frame,Ankle.R_x,Ankle.R_y,Ankle.R_z,Knee.R_x,Knee.R_y,Knee.R_z,Hip.R_x,Hip.R_y,Hip.R_z,Hip.L_x,Hip.L_y,Hip.L_z,Knee.L_x,Knee.L_y,Knee.L_z,Ankle.L_x,Ankle.L_y,Ankle.L_z,Wrist.R_x,Wrist.R_y,Wrist.R_z,Elbow.R_x,Elbow.R_y,Elbow.R_z,Shoulder.R_x,Shoulder.R_y,Shoulder.R_z,Shoulder.L_x,Shoulder.L_y,Shoulder.L_z,Elbow.L_x,Elbow.L_y,Elbow.L_z,Wrist.L_x,Wrist.L_y,Wrist.L_z,Neck_x,Neck_y,Neck_z,Head_x,Head_y,Head_z,Nose_x,Nose_y,Nose_z,Eye.L_x,Eye.L_y,Eye.L_z,Eye.R_x,Eye.R_y,Eye.R_z,Ear.L_x,Ear.L_y,Ear.L_z,Ear.R_x,Ear.R_y,Ear.R_z,hip.Center_x,hip.Center_y,hip.Center_z
0,-0.18620124,-0.50377953,-0.05149361,0.008756415,-0.13273568,0.022849724,-0.008767293,0.2927447,0.102134876,0.0019443883,0.30411926,-0.13556181,0.1252894,-0.0997267,-0.1393238,-0.12456314,-0.44550753,-0.15634075,0.09484877,0.912973,0.13631836,0.16679198,0.7123127,0.2570016,-0.045580246,0.8015468,0.1422264,-0.026690863,0.8119084,-0.14282423,0.19875322,0.74041104,-0.25666386,0.14417903,0.95132214,-0.14934498,-0.04015328,0.85301733,0.007405971,0.0012243282,1.0671746,0.055276748,0.10674672,0.9534357,0.084422,0.09153827,1.004541,0.04921761,0.058620982,0.99134845,0.10630746,0.026050165,1.0116307,-0.03656353,-0.049040854,0.98136187,0.09669738,-0.0034114522859454155,0.29843199253082275,-0.016713466495275497
