frame,Ankle.R_x,Ankle.R_y,Ankle.R_z,Knee.R_x,Knee.R_y,Knee.R_z,Hip.R_x,Hip.R_y,Hip.R_z,Hip.L_x,Hip.L_y,Hip.L_z,Knee.L_x,Knee.L_y,Knee.L_z,Ankle.L_x,Ankle.L_y,Ankle.L_z,Wrist.R_x,Wrist.R_y,Wrist.R_z,Elbow.R_x,Elbow.R_y,Elbow.R_z,Shoulder.R_x,Shoulder.R_y,Shoulder.R_z,Shoulder.L_x,Shoulder.L_y,Shoulder.L_z,Elbow.L_x,Elbow.L_y,Elbow.L_z,Wrist.L_x,Wrist.L_y,Wrist.L_z,Neck_x,Neck_y,Neck_z,Head_x,Head_y,Head_z,Nose_x,Nose_y,Nose_z,Eye.L_x,Eye.L_y,Eye.L_z,Eye.R_x,Eye.R_y,Eye.R_z,Ear.L_x,Ear.L_y,Ear.L_z,Ear.R_x,Ear.R_y,Ear.R_z,hip.Center_x,hip.Center_y,hip.Center_z
0,-0.1749668,-0.51837075,-0.05561907,-0.021243528,-0.13289854,0.013034941,-0.024191625,0.28453702,0.10012747,0.027408823,0.2987835,-0.12763388,0.0027089762,-0.112986326,-0.14760223,-0.14642857,-0.49703598,-0.24587741,0.07848849,0.91670597,0.2518275,0.03900814,0.6924345,0.32656184,-0.09197687,0.7897664,0.12950596,0.016787855,0.81011647,-0.12699278,0.26913828,0.7955398,-0.101870656,0.14936993,0.9884075,-0.023623232,-0.047056742,0.8455566,0.00018279627,-0.05059191,1.06353,0.02008052,0.069737524,0.98159504,0.08187303,0.050416674,1.0222018,0.036370225,0.013347324,1.0113026,0.091358244,-0.002394233,1.0011789,-0.05471093,-0.087738164,0.9774823,0.071738675,0.0016085989773273468,0.29166024923324585,-0.01375320553779602
