frame,Ankle.R_x,Ankle.R_y,Ankle.R_z,Knee.R_x,Knee.R_y,Knee.R_z,Hip.R_x,Hip.R_y,Hip.R_z,Hip.L_x,Hip.L_y,Hip.L_z,Knee.L_x,Knee.L_y,Knee.L_z,Ankle.L_x,Ankle.L_y,Ankle.L_z,Wrist.R_x,Wrist.R_y,Wrist.R_z,Elbow.R_x,Elbow.R_y,Elbow.R_z,Shoulder.R_x,Shoulder.R_y,Shoulder.R_z,Shoulder.L_x,Shoulder.L_y,Shoulder.L_z,Elbow.L_x,Elbow.L_y,Elbow.L_z,Wrist.L_x,Wrist.L_y,Wrist.L_z,Neck_x,Neck_y,Neck_z,Head_x,Head_y,Head_z,Nose_x,Nose_y,Nose_z,Eye.L_x,Eye.L_y,Eye.L_z,Eye.R_x,Eye.R_y,Eye.R_z,Ear.L_x,Ear.L_y,Ear.L_z,Ear.R_x,Ear.R_y,Ear.R_z,hip.Center_x,hip.Center_y,hip.Center_z
0,-0.05122821,-0.55868685,0.05485899,0.012109589,-0.14592181,0.14420193,-0.106875315,0.23916548,0.050253298,0.07236332,0.27517822,-0.10936637,0.29108885,0.25633875,0.17536983,0.48656,-0.10758093,0.08943938,0.3113549,0.5077271,0.46030888,0.085526496,0.4756388,0.34111762,-0.04252807,0.6402149,0.17715375,0.14057624,0.6683805,-0.015872449,0.27811772,0.5159277,0.13811807,0.1964693,0.58666104,0.36610875,0.04603924,0.70464706,0.08292435,0.11730799,0.8797552,0.17621629,0.14079073,0.73752034,0.21506971,0.1663809,0.7870569,0.19289008,0.10935409,0.7887106,0.22519538,0.15641002,0.8246002,0.099108964,0.029548448,0.8279654,0.17415924,-0.017255999147892,0.2571718692779541,-0.02955653704702854
