frame,Ankle.R_x,Ankle.R_y,Ankle.R_z,Knee.R_x,Knee.R_y,Knee.R_z,Hip.R_x,Hip.R_y,Hip.R_z,Hip.L_x,Hip.L_y,Hip.L_z,Knee.L_x,Knee.L_y,Knee.L_z,Ankle.L_x,Ankle.L_y,Ankle.L_z,Wrist.R_x,Wrist.R_y,Wrist.R_z,Elbow.R_x,Elbow.R_y,Elbow.R_z,Shoulder.R_x,Shoulder.R_y,Shoulder.R_z,Shoulder.L_x,Shoulder.L_y,Shoulder.L_z,Elbow.L_x,Elbow.L_y,Elbow.L_z,Wrist.L_x,Wrist.L_y,Wrist.L_z,Neck_x,Neck_y,Neck_z,Head_x,Head_y,Head_z,Nose_x,Nose_y,Nose_z,Eye.L_x,Eye.L_y,Eye.L_z,Eye.R_x,Eye.R_y,Eye.R_z,Ear.L_x,Ear.L_y,Ear.L_z,Ear.R_x,Ear.R_y,Ear.R_z,hip.Center_x,hip.Center_y,hip.Center_z
0,-0.10306312,-0.44060037,-0.29966256,0.02782561,-0.15609193,-0.0049177622,-0.087519,0.25971493,0.07908754,0.05507041,0.31525192,-0.118638076,0.31468776,0.19481145,0.113408595,0.34200785,-0.18300173,-0.06758235,0.38959727,0.6078986,0.30901164,0.16483957,0.52489644,0.39597404,0.05094881,0.7080286,0.22153015,0.10666517,0.7384202,-0.07697292,0.029330635,0.57700855,-0.28965187,0.15504096,0.47011936,-0.10515451,0.10598939,0.77490723,0.08728394,0.20992988,0.96466905,0.15465161,0.25762522,0.8225192,0.19242276,0.26989344,0.8740108,0.15840356,0.22545475,0.8745057,0.20882598,0.22722973,0.9042297,0.06671657,0.127612,0.9054142,0.18391033,-0.016224293038249016,0.28748342394828796,-0.01977526769042015
