frame,Ankle.R_x,Ankle.R_y,Ankle.R_z,Knee.R_x,Knee.R_y,Knee.R_z,Hip.R_x,Hip.R_y,Hip.R_z,Hip.L_x,Hip.L_y,Hip.L_z,Knee.L_x,Knee.L_y,Knee.L_z,Ankle.L_x,Ankle.L_y,Ankle.L_z,Wrist.R_x,Wrist.R_y,Wrist.R_z,Elbow.R_x,Elbow.R_y,Elbow.R_z,Shoulder.R_x,Shoulder.R_y,Shoulder.R_z,Shoulder.L_x,Shoulder.L_y,Shoulder.L_z,Elbow.L_x,Elbow.L_y,Elbow.L_z,Wrist.L_x,Wrist.L_y,Wrist.L_z,Neck_x,Neck_y,Neck_z,Head_x,Head_y,Head_z,Nose_x,Nose_y,Nose_z,Eye.L_x,Eye.L_y,Eye.L_z,Eye.R_x,Eye.R_y,Eye.R_z,Ear.L_x,Ear.L_y,Ear.L_z,Ear.R_x,Ear.R_y,Ear.R_z,hip.Center_x,hip.Center_y,hip.Center_z
0,-0.12086603,-0.5019224,0.019800398,0.0825622,-0.13289596,0.059714556,-0.009825451,0.2848482,0.10123907,0.00040299643,0.2878669,-0.13732769,0.14004779,-0.1065767,-0.1338575,-0.11803792,-0.44545186,-0.14369895,0.21441185,0.9156333,0.14985219,0.20238233,0.7103815,0.2805879,0.0011680936,0.7730008,0.12273203,0.005243018,0.759201,-0.16907175,0.15472706,0.6085841,-0.33372718,0.21987216,0.8157593,-0.23188159,0.0045011966,0.8178309,-0.017527709,0.020228386,1.031348,0.012559903,0.13790692,0.9379659,0.05404772,0.118216634,0.9829094,0.0147070885,0.08574668,0.9705311,0.07153344,0.056196738,0.97261405,-0.07081868,-0.016133226,0.9455825,0.0606092,-0.0047112274914979935,0.2863575518131256,-0.018044307827949524
