frame,Ankle.R_x,Ankle.R_y,Ankle.R_z,Knee.R_x,Knee.R_y,Knee.R_z,Hip.R_x,Hip.R_y,Hip.R_z,Hip.L_x,Hip.L_y,Hip.L_z,Knee.L_x,Knee.L_y,Knee.L_z,Ankle.L_x,Ankle.L_y,Ankle.L_z,Wrist.R_x,Wrist.R_y,Wrist.R_z,Elbow.R_x,Elbow.R_y,Elbow.R_z,Shoulder.R_x,Shoulder.R_y,Shoulder.R_z,Shoulder.L_x,Shoulder.L_y,Shoulder.L_z,Elbow.L_x,Elbow.L_y,Elbow.L_z,Wrist.L_x,Wrist.L_y,Wrist.L_z,Neck_x,Neck_y,Neck_z,Head_x,Head_y,Head_z,Nose_x,Nose_y,Nose_z,Eye.L_x,Eye.L_y,Eye.L_z,Eye.R_x,Eye.R_y,Eye.R_z,Ear.L_x,Ear.L_y,Ear.L_z,Ear.R_x,Ear.R_y,Ear.R_z,hip.Center_x,hip.Center_y,hip.Center_z
0,-0.19561979,-0.4463315,-0.23878899,-0.019315574,-0.14899576,0.01001395,-0.076162264,0.2776815,0.08059776,0.061030675,0.30379415,-0.113547795,0.26197037,-0.03872399,0.016576659,0.053333208,-0.30975842,-0.22627543,0.28152418,0.9811223,0.25847515,0.16867253,0.77414143,0.34377164,-0.023597363,0.7814934,0.1579049,0.05528136,0.75520146,-0.12277065,0.20743285,0.5627498,-0.23577029,0.2589504,0.7677114,-0.11782581,0.01823342,0.8214048,0.027894258,0.055734824,1.0347568,0.08340061,0.11002302,0.91487586,0.16606095,0.12414572,0.9636394,0.12866913,0.064003214,0.95921123,0.1572223,0.117854305,0.96984303,0.022565715,-0.018486867,0.96021223,0.090632245,-0.007565794512629509,0.2907378077507019,-0.016475018113851547
