frame,Ankle.R_x,Ankle.R_y,Ankle.R_z,Knee.R_x,Knee.R_y,Knee.R_z,Hip.R_x,Hip.R_y,Hip.R_z,Hip.L_x,Hip.L_y,Hip.L_z,Knee.L_x,Knee.L_y,Knee.L_z,Ankle.L_x,Ankle.L_y,Ankle.L_z,Wrist.R_x,Wrist.R_y,Wrist.R_z,Elbow.R_x,Elbow.R_y,Elbow.R_z,Shoulder.R_x,Shoulder.R_y,Shoulder.R_z,Shoulder.L_x,Shoulder.L_y,Shoulder.L_z,Elbow.L_x,Elbow.L_y,Elbow.L_z,Wrist.L_x,Wrist.L_y,Wrist.L_z,Neck_x,Neck_y,Neck_z,Head_x,Head_y,Head_z,Nose_x,Nose_y,Nose_z,Eye.L_x,Eye.L_y,Eye.L_z,Eye.R_x,Eye.R_y,Eye.R_z,Ear.L_x,Ear.L_y,Ear.L_z,Ear.R_x,Ear.R_y,Ear.R_z,hip.Center_x,hip.Center_y,hip.Center_z
0,-0.0054248166,-0.5292539,0.036029264,0.07823892,-0.123312615,0.13833259,-0.07961365,0.26936263,0.07546258,0.06010898,0.27537334,-0.12029361,0.25453207,-0.06773494,0.009894061,0.114248,-0.45502222,-0.111400574,0.22323604,0.7878813,0.41564065,0.015262267,0.65214586,0.38082662,-0.044237595,0.7285552,0.12809579,0.120809644,0.7019739,-0.11457011,0.31656727,0.51728743,-0.13406947,0.38589364,0.7137242,-0.01051815,0.041601367,0.7696057,0.009431037,0.07134767,0.97942954,0.039446335,0.14522251,0.87515646,0.12417595,0.15015326,0.9181695,0.080086544,0.097751886,0.91584826,0.120032504,0.12448106,0.9100628,-0.019590676,0.0063272854,0.9061493,0.072160006,-0.009752335026860237,0.2723679840564728,-0.022415515035390854
