frame,Ankle.R_x,Ankle.R_y,Ankle.R_z,Knee.R_x,Knee.R_y,Knee.R_z,Hip.R_x,Hip.R_y,Hip.R_z,Hip.L_x,Hip.L_y,Hip.L_z,Knee.L_x,Knee.L_y,Knee.L_z,Ankle.L_x,Ankle.L_y,Ankle.L_z,Wrist.R_x,Wrist.R_y,Wrist.R_z,Elbow.R_x,Elbow.R_y,Elbow.R_z,Shoulder.R_x,Shoulder.R_y,Shoulder.R_z,Shoulder.L_x,Shoulder.L_y,Shoulder.L_z,Elbow.L_x,Elbow.L_y,Elbow.L_z,Wrist.L_x,Wrist.L_y,Wrist.L_z,Neck_x,Neck_y,Neck_z,Head_x,Head_y,Head_z,Nose_x,Nose_y,Nose_z,Eye.L_x,Eye.L_y,Eye.L_z,Eye.R_x,Eye.R_y,Eye.R_z,Ear.L_x,Ear.L_y,Ear.L_z,Ear.R_x,Ear.R_y,Ear.R_z,hip.Center_x,hip.Center_y,hip.Center_z
0,-0.12818696,-0.49127483,-0.16944182,0.023674466,-0.17010793,0.06491099,-0.087258115,0.23956308,0.07376716,0.054632384,0.29433745,-0.11713334,0.33896345,0.1904578,0.10089211,0.404522,-0.15821825,-0.12200612,0.45474145,0.5903283,0.2981708,0.20478569,0.527228,0.30951726,0.0015005153,0.6635211,0.20470142,0.1024452,0.702824,-0.049751412,0.31308985,0.548849,-0.04265999,0.3307595,0.6290414,0.192102,0.049446505,0.7348982,0.08555861,0.1380094,0.9235819,0.1446738,0.19190115,0.7849562,0.17111811,0.19948032,0.83623475,0.13891041,0.16216318,0.83414745,0.19346115,0.14518087,0.8676275,0.058396988,0.06299532,0.862605,0.18190444,-0.016312865540385246,0.26695024967193604,-0.021683089435100555
