frame,Ankle.R_x,Ankle.R_y,Ankle.R_z,Knee.R_x,Knee.R_y,Knee.R_z,Hip.R_x,Hip.R_y,Hip.R_z,Hip.L_x,Hip.L_y,Hip.L_z,Knee.L_x,Knee.L_y,Knee.L_z,Ankle.L_x,Ankle.L_y,Ankle.L_z,Wrist.R_x,Wrist.R_y,Wrist.R_z,Elbow.R_x,Elbow.R_y,Elbow.R_z,Shoulder.R_x,Shoulder.R_y,Shoulder.R_z,Shoulder.L_x,Shoulder.L_y,Shoulder.L_z,Elbow.L_x,Elbow.L_y,Elbow.L_z,Wrist.L_x,Wrist.L_y,Wrist.L_z,Neck_x,Neck_y,Neck_z,Head_x,Head_y,Head_z,Nose_x,Nose_y,Nose_z,Eye.L_x,Eye.L_y,Eye.L_z,Eye.R_x,Eye.R_y,Eye.R_z,Ear.L_x,Ear.L_y,Ear.L_z,Ear.R_x,Ear.R_y,Ear.R_z,hip.Center_x,hip.Center_y,hip.Center_z
0,-0.16590296,-0.51706916,-0.01964631,0.0039994577,-0.13345511,0.014502509,0.015467401,0.28547204,0.10025514,-0.014238886,0.29953802,-0.13215415,0.035343215,-0.10892323,-0.16645691,-0.12376517,-0.4991812,-0.2194359,0.12916648,0.9581899,0.14848614,0.17943032,0.74906397,0.25895333,-0.049059045,0.7902958,0.13981229,-0.06814037,0.7833748,-0.14768341,0.14010206,0.7241036,-0.29728875,0.13804747,0.94693005,-0.20933859,-0.07047766,0.83652925,0.0005795695,-0.08923078,1.0543603,0.018288298,0.04905559,0.98460406,0.04817701,0.016095106,1.0227323,0.009160895,-0.0059240907,1.0091985,0.071061134,-0.055078518,0.99579054,-0.06700353,-0.10465199,0.9664408,0.07582976,0.0006142575293779373,0.29250502586364746,-0.01594950631260872
