frame,Ankle.R_x,Ankle.R_y,Ankle.R_z,Knee.R_x,Knee.R_y,Knee.R_z,Hip.R_x,Hip.R_y,Hip.R_z,Hip.L_x,Hip.L_y,Hip.L_z,Knee.L_x,Knee.L_y,Knee.L_z,Ankle.L_x,Ankle.L_y,Ankle.L_z,Wrist.R_x,Wrist.R_y,Wrist.R_z,Elbow.R_x,Elbow.R_y,Elbow.R_z,Shoulder.R_x,Shoulder.R_y,Shoulder.R_z,Shoulder.L_x,Shoulder.L_y,Shoulder.L_z,Elbow.L_x,Elbow.L_y,Elbow.L_z,Wrist.L_x,Wrist.L_y,Wrist.L_z,Neck_x,Neck_y,Neck_z,Head_x,Head_y,Head_z,Nose_x,Nose_y,Nose_z,Eye.L_x,Eye.L_y,Eye.L_z,Eye.R_x,Eye.R_y,Eye.R_z,Ear.L_x,Ear.L_y,Ear.L_z,Ear.R_x,Ear.R_y,Ear.R_z,hip.Center_x,hip.Center_y,hip.Center_z
0,-0.18214661,-0.5142748,0.04285848,0.008449102,-0.13821112,0.042626068,0.032309353,0.28248966,0.09579175,-0.02986456,0.29543537,-0.12973042,0.027569039,-0.10590654,-0.18976869,-0.13138682,-0.49820524,-0.22573295,-0.0015845133,1.0121987,0.045382876,0.1951741,0.92026967,0.15880403,-0.027669804,0.7966453,0.12502335,-0.13180885,0.75979644,-0.13420787,-0.12558855,0.6590967,-0.3848371,0.03777395,0.83194655,-0.36713618,-0.077869646,0.8226302,-0.0029655918,-0.04424059,1.0429245,-0.022933763,0.05744581,0.9382203,-0.07767849,0.011914149,0.9801091,-0.09154381,0.042753696,0.98053396,-0.03240837,-0.09221125,0.9696189,-0.08324766,-0.022757597,0.9706003,0.052799758,0.001222396269440651,0.2889625132083893,-0.016969334334135056
