frame,Ankle.R_x,Ankle.R_y,Ankle.R_z,Knee.R_x,Knee.R_y,Knee.R_z,Hip.R_x,Hip.R_y,Hip.R_z,Hip.L_x,Hip.L_y,Hip.L_z,Knee.L_x,Knee.L_y,Knee.L_z,Ankle.L_x,Ankle.L_y,Ankle.L_z,Wrist.R_x,Wrist.R_y,Wrist.R_z,Elbow.R_x,Elbow.R_y,Elbow.R_z,Shoulder.R_x,Shoulder.R_y,Shoulder.R_z,Shoulder.L_x,Shoulder.L_y,Shoulder.L_z,Elbow.L_x,Elbow.L_y,Elbow.L_z,Wrist.L_x,Wrist.L_y,Wrist.L_z,Neck_x,Neck_y,Neck_z,Head_x,Head_y,Head_z,Nose_x,Nose_y,Nose_z,Eye.L_x,Eye.L_y,Eye.L_z,Eye.R_x,Eye.R_y,Eye.R_z,Ear.L_x,Ear.L_y,Ear.L_z,Ear.R_x,Ear.R_y,Ear.R_z,hip.Center_x,hip.Center_y,hip.Center_z
0,0.12901518,-0.4820549,0.08549804,0.22212294,-0.07143848,0.07503023,-0.01118315,0.27428055,0.10002087,-0.0010143763,0.26919296,-0.13831402,0.057475556,-0.1400741,-0.11202538,-0.05598174,-0.5537514,-0.09416675,0.13608195,0.8289554,0.11611613,0.070071526,0.74008405,0.3328029,-0.028396254,0.7571502,0.09177111,0.060107537,0.72579867,-0.17062297,0.28665853,0.59828186,-0.19774649,0.20334797,0.79201245,-0.084923826,0.016394116,0.78511995,-0.042072766,0.034914408,0.9919335,-0.038021084,0.15744932,0.9054029,-0.0014071912,0.13156442,0.9431819,-0.043503344,0.11054909,0.94153446,0.018994253,0.05752483,0.91989243,-0.111402094,0.010051994,0.9184371,0.029346153,-0.006098763085901737,0.271736741065979,-0.019146576523780823
