frame,Ankle.R_x,Ankle.R_y,Ankle.R_z,Knee.R_x,Knee.R_y,Knee.R_z,Hip.R_x,Hip.R_y,Hip.R_z,Hip.L_x,Hip.L_y,Hip.L_z,Knee.L_x,Knee.L_y,Knee.L_z,Ankle.L_x,Ankle.L_y,Ankle.L_z,Wrist.R_x,Wrist.R_y,Wrist.R_z,Elbow.R_x,Elbow.R_y,Elbow.R_z,Shoulder.R_x,Shoulder.R_y,Shoulder.R_z,Shoulder.L_x,Shoulder.L_y,Shoulder.L_z,Elbow.L_x,Elbow.L_y,Elbow.L_z,Wrist.L_x,Wrist.L_y,Wrist.L_z,Neck_x,Neck_y,Neck_z,Head_x,Head_y,Head_z,Nose_x,Nose_y,Nose_z,Eye.L_x,Eye.L_y,Eye.L_z,Eye.R_x,Eye.R_y,Eye.R_z,Ear.L_x,Ear.L_y,Ear.L_z,Ear.R_x,Ear.R_y,Ear.R_z,hip.Center_x,hip.Center_y,hip.Center_z
0,-0.08531097,-0.44707736,0.07780589,0.1676668,-0.107901454,0.05294308,-0.0034565246,0.2900638,0.10129522,-0.008991095,0.2920612,-0.13814351,0.058580495,-0.123105034,-0.1241878,-0.10470027,-0.5217562,-0.098221794,0.1077508,1.0048947,0.122351594,0.15892656,0.8021635,0.2531776,-0.06673747,0.7968991,0.11288616,-0.024353929,0.7756472,-0.17159313,0.234324,0.7238307,-0.20785439,0.18300253,0.95732546,-0.15237433,-0.060486875,0.8336207,-0.029932352,-0.061412267,1.0545142,-0.017357493,0.06586144,0.97295344,0.023492686,0.039156392,1.0123127,-0.018837664,0.012662992,1.0041597,0.042255193,-0.029416058,0.9885442,-0.098041624,-0.08994534,0.97134745,0.043251008,-0.006223809905350208,0.29106250405311584,-0.018424145877361298
