frame,Ankle.R_x,Ankle.R_y,Ankle.R_z,Knee.R_x,Knee.R_y,Knee.R_z,Hip.R_x,Hip.R_y,Hip.R_z,Hip.L_x,Hip.L_y,Hip.L_z,Knee.L_x,Knee.L_y,Knee.L_z,Ankle.L_x,Ankle.L_y,Ankle.L_z,Wrist.R_x,Wrist.R_y,Wrist.R_z,Elbow.R_x,Elbow.R_y,Elbow.R_z,Shoulder.R_x,Shoulder.R_y,Shoulder.R_z,Shoulder.L_x,Shoulder.L_y,Shoulder.L_z,Elbow.L_x,Elbow.L_y,Elbow.L_z,Wrist.L_x,Wrist.L_y,Wrist.L_z,Neck_x,Neck_y,Neck_z,Head_x,Head_y,Head_z,Nose_x,Nose_y,Nose_z,Eye.L_x,Eye.L_y,Eye.L_z,Eye.R_x,Eye.R_y,Eye.R_z,Ear.L_x,Ear.L_y,Ear.L_z,Ear.R_x,Ear.R_y,Ear.R_z,hip.Center_x,hip.Center_y,hip.Center_z
0,0.27183512,-0.4681791,-0.022434875,0.19985378,-0.06636452,0.11877714,-0.07320464,0.25517508,0.09245163,0.024780728,0.30757168,-0.12923446,0.35186726,0.15576452,-0.012882487,0.5887522,-0.19244073,-0.12900947,0.35589275,0.5396548,0.36166793,0.12172159,0.44867492,0.33534917,0.05751032,0.68064183,0.20669806,0.14371239,0.6949762,-0.08651354,0.16930035,0.4440663,-0.19262078,0.33140862,0.47519648,-0.008663401,0.1278248,0.7484686,0.070947394,0.25676394,0.9329056,0.11567553,0.29598495,0.7861155,0.14150655,0.30492416,0.8368387,0.105387285,0.27555373,0.8406584,0.16552255,0.24470171,0.8729019,0.027581822,0.17926309,0.88274837,0.1662755,-0.024211954325437546,0.28137338161468506,-0.01839141547679901
