frame,Ankle.R_x,Ankle.R_y,Ankle.R_z,Knee.R_x,Knee.R_y,Knee.R_z,Hip.R_x,Hip.R_y,Hip.R_z,Hip.L_x,Hip.L_y,Hip.L_z,Knee.L_x,Knee.L_y,Knee.L_z,Ankle.L_x,Ankle.L_y,Ankle.L_z,Wrist.R_x,Wrist.R_y,Wrist.R_z,Elbow.R_x,Elbow.R_y,Elbow.R_z,Shoulder.R_x,Shoulder.R_y,Shoulder.R_z,Shoulder.L_x,Shoulder.L_y,Shoulder.L_z,Elbow.L_x,Elbow.L_y,Elbow.L_z,Wrist.L_x,Wrist.L_y,Wrist.L_z,Neck_x,Neck_y,Neck_z,Head_x,Head_y,Head_z,Nose_x,Nose_y,Nose_z,Eye.L_x,Eye.L_y,Eye.L_z,Eye.R_x,Eye.R_y,Eye.R_z,Ear.L_x,Ear.L_y,Ear.L_z,Ear.R_x,Ear.R_y,Ear.R_z,hip.Center_x,hip.Center_y,hip.Center_z
0,-0.19880636,-0.5179861,-0.018301044,0.00356037,-0.13900357,0.045446917,-0.037485734,0.29262093,0.09782573,0.0274055,0.3052335,-0.12928323,0.05994564,-0.10948999,-0.16993062,-0.035266355,-0.5210025,-0.28337595,0.22189906,1.2234297,0.20726293,0.060505673,1.0159534,0.24386345,-0.07010095,0.8457987,0.074204296,0.03248775,0.79157615,-0.18587676,0.28548396,0.86095715,-0.2530153,0.33265886,1.0868858,-0.13165456,-0.02674431,0.8551561,-0.061876547,-0.032127913,1.0716169,-0.088738516,0.10027481,1.0110708,-0.026144087,0.07128042,1.0378593,-0.07749997,0.04258356,1.0403285,-0.01662713,0.009047191,0.99246204,-0.15350325,-0.060090706,0.9989388,-0.011300717,-0.005040116608142853,0.2989272177219391,-0.015728753060102463
