frame,Ankle.R_x,Ankle.R_y,Ankle.R_z,Knee.R_x,Knee.R_y,Knee.R_z,Hip.R_x,Hip.R_y,Hip.R_z,Hip.L_x,Hip.L_y,Hip.L_z,Knee.L_x,Knee.L_y,Knee.L_z,Ankle.L_x,Ankle.L_y,Ankle.L_z,Wrist.R_x,Wrist.R_y,Wrist.R_z,Elbow.R_x,Elbow.R_y,Elbow.R_z,Shoulder.R_x,Shoulder.R_y,Shoulder.R_z,Shoulder.L_x,Shoulder.L_y,Shoulder.L_z,Elbow.L_x,Elbow.L_y,Elbow.L_z,Wrist.L_x,Wrist.L_y,Wrist.L_z,Neck_x,Neck_y,Neck_z,Head_x,Head_y,Head_z,Nose_x,Nose_y,Nose_z,Eye.L_x,Eye.L_y,Eye.L_z,Eye.R_x,Eye.R_y,Eye.R_z,Ear.L_x,Ear.L_y,Ear.L_z,Ear.R_x,Ear.R_y,Ear.R_z,hip.Center_x,hip.Center_y,hip.Center_z
0,-0.1639733,-0.5310953,-0.020284101,-0.0009257947,-0.14032614,0.0077433027,0.0230961,0.27736732,0.09913115,-0.02010946,0.29911906,-0.1329821,0.01382063,-0.11339908,-0.1765101,-0.18776736,-0.48997757,-0.19894466,0.092021935,1.0185982,0.14898646,0.20914917,0.8327539,0.2567001,-0.027262436,0.78428817,0.15612392,-0.06300213,0.787905,-0.1223688,0.12990068,0.7905692,-0.3022247,0.10264994,0.9803205,-0.15529329,-0.05667828,0.8293295,0.023576466,-0.080403425,1.0436387,0.042911503,0.06548001,0.98415494,0.043180067,0.02203371,1.0179515,0.011245444,0.016049158,1.0070119,0.07711482,-0.062201984,0.98260856,-0.044421464,-0.07582016,0.9588022,0.10635009,0.0014933198690414429,0.2882431745529175,-0.016925476491451263
