frame,Ankle.R_x,Ankle.R_y,Ankle.R_z,Knee.R_x,Knee.R_y,Knee.R_z,Hip.R_x,Hip.R_y,Hip.R_z,Hip.L_x,Hip.L_y,Hip.L_z,Knee.L_x,Knee.L_y,Knee.L_z,Ankle.L_x,Ankle.L_y,Ankle.L_z,Wrist.R_x,Wrist.R_y,Wrist.R_z,Elbow.R_x,Elbow.R_y,Elbow.R_z,Shoulder.R_x,Shoulder.R_y,Shoulder.R_z,Shoulder.L_x,Shoulder.L_y,Shoulder.L_z,Elbow.L_x,Elbow.L_y,Elbow.L_z,Wrist.L_x,Wrist.L_y,Wrist.L_z,Neck_x,Neck_y,Neck_z,Head_x,Head_y,Head_z,Nose_x,Nose_y,Nose_z,Eye.L_x,Eye.L_y,Eye.L_z,Eye.R_x,Eye.R_y,Eye.R_z,Ear.L_x,Ear.L_y,Ear.L_z,Ear.R_x,Ear.R_y,Ear.R_z,hip.Center_x,hip.Center_y,hip.Center_z
0,-0.11718243,-0.48513126,0.07853864,0.07139292,-0.12672225,0.02537893,0.047200404,0.28651693,0.08819468,-0.048649684,0.2893732,-0.121594496,0.051891558,-0.09629782,-0.17411336,-0.11485064,-0.4732935,-0.15384765,0.12456226,0.94477636,0.022407245,0.262091,0.82304883,0.17195272,0.021530235,0.7906546,0.0968004,-0.117292844,0.7457002,-0.14661825,-0.14680582,0.55910075,-0.3307795,0.02676369,0.6960194,-0.39392355,-0.039971497,0.81855035,-0.026350548,-0.002478463,1.0333612,-0.015278222,0.10715896,0.9373524,-0.07015228,0.06567599,0.98226476,-0.08406331,0.08469243,0.9710925,-0.021463074,-0.038087614,0.97373176,-0.096318185,0.006596543,0.9491079,0.046120934,-0.0007246397435665131,0.28794506192207336,-0.016699906438589096
