frame,Ankle.R_x,Ankle.R_y,Ankle.R_z,Knee.R_x,Knee.R_y,Knee.R_z,Hip.R_x,Hip.R_y,Hip.R_z,Hip.L_x,Hip.L_y,Hip.L_z,Knee.L_x,Knee.L_y,Knee.L_z,Ankle.L_x,Ankle.L_y,Ankle.L_z,Wrist.R_x,Wrist.R_y,Wrist.R_z,Elbow.R_x,Elbow.R_y,Elbow.R_z,Shoulder.R_x,Shoulder.R_y,Shoulder.R_z,Shoulder.L_x,Shoulder.L_y,Shoulder.L_z,Elbow.L_x,Elbow.L_y,Elbow.L_z,Wrist.L_x,Wrist.L_y,Wrist.L_z,Neck_x,Neck_y,Neck_z,Head_x,Head_y,Head_z,Nose_x,Nose_y,Nose_z,Eye.L_x,Eye.L_y,Eye.L_z,Eye.R_x,Eye.R_y,Eye.R_z,Ear.L_x,Ear.L_y,Ear.L_z,Ear.R_x,Ear.R_y,Ear.R_z,hip.Center_x,hip.Center_y,hip.Center_z
0,-0.19356942,-0.48361614,-0.008309451,0.04802548,-0.13614653,0.022934426,0.0016658667,0.28821367,0.102089114,-0.009644628,0.3010693,-0.13560773,0.08146661,-0.10732819,-0.15098347,-0.09824617,-0.49513236,-0.15882911,0.22355972,1.0878187,0.16072011,0.21435294,0.8577162,0.26037532,-0.013783717,0.8017699,0.1268476,-0.008038569,0.77692926,-0.16682325,0.23511274,0.7477205,-0.2793869,0.26412353,0.9750606,-0.1850066,-0.02664454,0.83857286,-0.019784037,-0.038400777,1.0609087,-0.015899932,0.099472344,0.9895197,0.0074754953,0.063432135,1.0246004,-0.03200279,0.047776572,1.018381,0.0330047,-0.015580216,0.9924877,-0.097984515,-0.051930323,0.97938985,0.052692056,-0.003989380318671465,0.29464149475097656,-0.01675930991768837
