frame,Ankle.R_x,Ankle.R_y,Ankle.R_z,Knee.R_x,Knee.R_y,Knee.R_z,Hip.R_x,Hip.R_y,Hip.R_z,Hip.L_x,Hip.L_y,Hip.L_z,Knee.L_x,Knee.L_y,Knee.L_z,Ankle.L_x,Ankle.L_y,Ankle.L_z,Wrist.R_x,Wrist.R_y,Wrist.R_z,Elbow.R_x,Elbow.R_y,Elbow.R_z,Shoulder.R_x,Shoulder.R_y,Shoulder.R_z,Shoulder.L_x,Shoulder.L_y,Shoulder.L_z,Elbow.L_x,Elbow.L_y,Elbow.L_z,Wrist.L_x,Wrist.L_y,Wrist.L_z,Neck_x,Neck_y,Neck_z,Head_x,Head_y,Head_z,Nose_x,Nose_y,Nose_z,Eye.L_x,Eye.L_y,Eye.L_z,Eye.R_x,Eye.R_y,Eye.R_z,Ear.L_x,Ear.L_y,Ear.L_z,Ear.R_x,Ear.R_y,Ear.R_z,hip.Center_x,hip.Center_y,hip.Center_z
0,-0.11734953,-0.51535195,-0.21240559,-0.18256296,-0.1352608,-0.025785552,-0.11457907,0.28086248,-0.05419588,0.10883204,0.2564614,0.02525309,0.039475366,-0.16260818,0.032830387,-0.01841015,-0.5469747,-0.15368168,-0.5461547,0.95794487,-0.20365036,-0.3252797,0.8334467,-0.16105998,-0.097362034,0.75403756,-0.04389919,0.12730889,0.75460696,0.04806055,0.38825798,0.7961467,0.078383476,0.63051885,0.85327506,0.13908409,-0.0017725765,0.78351283,0.027945274,-0.06485803,0.97755975,0.07631402,-0.13484424,0.8569282,0.14550228,-0.09933273,0.906579,0.1538872,-0.1363393,0.89972484,0.09950338,0.0022612438,0.91671443,0.1302799,-0.08248612,0.9028088,0.010145879,-0.002873513847589493,0.2686619460582733,-0.014471395872533321
