frame,Ankle.R_x,Ankle.R_y,Ankle.R_z,Knee.R_x,Knee.R_y,Knee.R_z,Hip.R_x,Hip.R_y,Hip.R_z,Hip.L_x,Hip.L_y,Hip.L_z,Knee.L_x,Knee.L_y,Knee.L_z,Ankle.L_x,Ankle.L_y,Ankle.L_z,Wrist.R_x,Wrist.R_y,Wrist.R_z,Elbow.R_x,Elbow.R_y,Elbow.R_z,Shoulder.R_x,Shoulder.R_y,Shoulder.R_z,Shoulder.L_x,Shoulder.L_y,Shoulder.L_z,Elbow.L_x,Elbow.L_y,Elbow.L_z,Wrist.L_x,Wrist.L_y,Wrist.L_z,Neck_x,Neck_y,Neck_z,Head_x,Head_y,Head_z,Nose_x,Nose_y,Nose_z,Eye.L_x,Eye.L_y,Eye.L_z,Eye.R_x,Eye.R_y,Eye.R_z,Ear.L_x,Ear.L_y,Ear.L_z,Ear.R_x,Ear.R_y,Ear.R_z,hip.Center_x,hip.Center_y,hip.Center_z
0,0.044736873,-0.52092093,-0.22682612,-0.043520346,-0.15900391,0.00546663,-0.12585016,0.27246794,-0.008297175,0.11318375,0.27665383,-0.016430307,0.06676328,-0.15158041,-0.030072302,-0.0006005219,-0.5560891,-0.19261003,-0.17077167,1.2661041,0.10530159,-0.23187605,1.0226002,0.021252967,-0.09865696,0.80247897,-0.05027023,0.1328786,0.7884555,-0.028951507,0.26398772,0.9826255,0.088869736,0.18062538,1.2257062,0.14342505,0.016673775,0.8169751,-0.028459737,0.019145763,1.0282214,0.0062092734,0.024215031,0.9372202,0.1353144,0.05576479,0.9761398,0.09670219,-0.011200104,0.97434306,0.09703106,0.09671007,0.9555447,0.0014600791,-0.055757258,0.9527645,-0.00045867637,-0.006333202123641968,0.2745608687400818,-0.012363741174340248
