frame,Ankle.R_x,Ankle.R_y,Ankle.R_z,Knee.R_x,Knee.R_y,Knee.R_z,Hip.R_x,Hip.R_y,Hip.R_z,Hip.L_x,Hip.L_y,Hip.L_z,Knee.L_x,Knee.L_y,Knee.L_z,Ankle.L_x,Ankle.L_y,Ankle.L_z,Wrist.R_x,Wrist.R_y,Wrist.R_z,Elbow.R_x,Elbow.R_y,Elbow.R_z,Shoulder.R_x,Shoulder.R_y,Shoulder.R_z,Shoulder.L_x,Shoulder.L_y,Shoulder.L_z,Elbow.L_x,Elbow.L_y,Elbow.L_z,Wrist.L_x,Wrist.L_y,Wrist.L_z,Neck_x,Neck_y,Neck_z,Head_x,Head_y,Head_z,Nose_x,Nose_y,Nose_z,Eye.L_x,Eye.L_y,Eye.L_z,Eye.R_x,Eye.R_y,Eye.R_z,Ear.L_x,Ear.L_y,Ear.L_z,Ear.R_x,Ear.R_y,Ear.R_z,hip.Center_x,hip.Center_y,hip.Center_z
0,-0.15581055,-0.5163046,-0.28815255,-0.13656506,-0.14321,-0.058116656,-0.12287271,0.28621343,-0.038247757,0.11275523,0.2857886,0.01607213,0.090638414,-0.14354274,-0.020356419,0.10772987,-0.53581023,-0.21834996,-0.62209576,0.61557436,-0.12639353,-0.40331113,0.75778174,-0.13554814,-0.14969517,0.8003924,-0.020878345,0.11601676,0.74280214,0.09927212,0.12168257,0.49086183,0.19627564,-0.119887486,0.407299,0.20147029,-0.016720906,0.8231453,0.061035074,-0.004168148,1.0239393,0.15427774,-0.027057603,0.8925167,0.24033724,0.013734922,0.93723017,0.22069497,-0.052647278,0.9468609,0.21663357,0.060957856,0.9452863,0.12793674,-0.08816767,0.96801484,0.11629604,-0.005058739334344864,0.2860010266304016,-0.011087813414633274
