frame,Ankle.R_x,Ankle.R_y,Ankle.R_z,Knee.R_x,Knee.R_y,Knee.R_z,Hip.R_x,Hip.R_y,Hip.R_z,Hip.L_x,Hip.L_y,Hip.L_z,Knee.L_x,Knee.L_y,Knee.L_z,Ankle.L_x,Ankle.L_y,Ankle.L_z,Wrist.R_x,Wrist.R_y,Wrist.R_z,Elbow.R_x,Elbow.R_y,Elbow.R_z,Shoulder.R_x,Shoulder.R_y,Shoulder.R_z,Shoulder.L_x,Shoulder.L_y,Shoulder.L_z,Elbow.L_x,Elbow.L_y,Elbow.L_z,Wrist.L_x,Wrist.L_y,Wrist.L_z,Neck_x,Neck_y,Neck_z,Head_x,Head_y,Head_z,Nose_x,Nose_y,Nose_z,Eye.L_x,Eye.L_y,Eye.L_z,Eye.R_x,Eye.R_y,Eye.R_z,Ear.L_x,Ear.L_y,Ear.L_z,Ear.R_x,Ear.R_y,Ear.R_z,hip.Center_x,hip.Center_y,hip.Center_z
0,-0.20643392,-0.5119491,-0.20106323,-0.19864129,-0.12568103,-0.017164405,-0.116498485,0.28388095,-0.04644205,0.11138684,0.2562638,0.016698057,0.05601813,-0.16214633,0.021723233,0.007367688,-0.55040723,-0.15923652,-0.52942866,0.982952,-0.19160648,-0.31449682,0.84676754,-0.15440728,-0.09178527,0.7562235,-0.037911016,0.13030696,0.7589334,0.047468614,0.38478988,0.82693195,0.07069643,0.62456316,0.90469897,0.11760868,0.0025358354,0.7843401,0.031827085,-0.06200958,0.97674584,0.080230586,-0.12896053,0.856407,0.15341583,-0.093885124,0.9064889,0.16001825,-0.13200292,0.8982517,0.10659473,0.0072414875,0.9173908,0.1338745,-0.08045359,0.9005188,0.01555742,-0.0025558210909366608,0.2700723707675934,-0.014871996827423573
