frame,Ankle.R_x,Ankle.R_y,Ankle.R_z,Knee.R_x,Knee.R_y,Knee.R_z,Hip.R_x,Hip.R_y,Hip.R_z,Hip.L_x,Hip.L_y,Hip.L_z,Knee.L_x,Knee.L_y,Knee.L_z,Ankle.L_x,Ankle.L_y,Ankle.L_z,Wrist.R_x,Wrist.R_y,Wrist.R_z,Elbow.R_x,Elbow.R_y,Elbow.R_z,Shoulder.R_x,Shoulder.R_y,Shoulder.R_z,Shoulder.L_x,Shoulder.L_y,Shoulder.L_z,Elbow.L_x,Elbow.L_y,Elbow.L_z,Wrist.L_x,Wrist.L_y,Wrist.L_z,Neck_x,Neck_y,Neck_z,Head_x,Head_y,Head_z,Nose_x,Nose_y,Nose_z,Eye.L_x,Eye.L_y,Eye.L_z,Eye.R_x,Eye.R_y,Eye.R_z,Ear.L_x,Ear.L_y,Ear.L_z,Ear.R_x,Ear.R_y,Ear.R_z,hip.Center_x,hip.Center_y,hip.Center_z
0,-0.20133455,-0.52342427,-0.2970857,-0.16446805,-0.14513843,-0.049906656,-0.12447716,0.29091358,-0.0033415863,0.1162064,0.28658345,-0.023553066,0.14033917,-0.14673416,-0.04071623,0.15499063,-0.5618143,-0.22834662,-0.3036114,0.37942925,0.15853888,-0.32251316,0.5315192,-0.05678456,-0.15947454,0.7554861,0.019583184,0.14644974,0.7733356,0.01248013,0.37722486,0.6019896,0.026668232,0.44324976,0.5742934,0.27833703,-0.0060192756,0.82286394,0.048028916,-0.0067746895,1.0258193,0.15505245,0.011402945,0.889849,0.23329596,0.039079294,0.9435609,0.21161264,-0.02797025,0.9386636,0.21608809,0.07211028,0.96525204,0.114291415,-0.081014454,0.9548808,0.12336176,-0.004135381430387497,0.28874850273132324,-0.013447325676679611
