frame,Ankle.R_x,Ankle.R_y,Ankle.R_z,Knee.R_x,Knee.R_y,Knee.R_z,Hip.R_x,Hip.R_y,Hip.R_z,Hip.L_x,Hip.L_y,Hip.L_z,Knee.L_x,Knee.L_y,Knee.L_z,Ankle.L_x,Ankle.L_y,Ankle.L_z,Wrist.R_x,Wrist.R_y,Wrist.R_z,Elbow.R_x,Elbow.R_y,Elbow.R_z,Shoulder.R_x,Shoulder.R_y,Shoulder.R_z,Shoulder.L_x,Shoulder.L_y,Shoulder.L_z,Elbow.L_x,Elbow.L_y,Elbow.L_z,Wrist.L_x,Wrist.L_y,Wrist.L_z,Neck_x,Neck_y,Neck_z,Head_x,Head_y,Head_z,Nose_x,Nose_y,Nose_z,Eye.L_x,Eye.L_y,Eye.L_z,Eye.R_x,Eye.R_y,Eye.R_z,Ear.L_x,Ear.L_y,Ear.L_z,Ear.R_x,Ear.R_y,Ear.R_z,hip.Center_x,hip.Center_y,hip.Center_z
0,-0.12552993,-0.5921996,-0.3159433,-0.12263653,-0.19408123,-0.049945284,-0.1280791,0.26269555,-0.01029073,0.121418044,0.26018363,-0.01846142,0.12596405,-0.19171317,-0.040683,0.11689167,-0.6230032,-0.25546086,-0.31538016,0.14657779,-0.04341013,-0.23517662,0.41155577,-0.08070278,-0.15337358,0.6805665,0.0105336895,0.14506507,0.69363266,0.06523122,0.28519642,0.4337493,0.08555154,0.3669149,0.22421265,0.245836,-0.01169717,0.75498074,0.07014357,-0.048866227,0.95241624,0.17556402,-0.06902333,0.812872,0.23861015,-0.034313966,0.86544776,0.23819996,-0.095945895,0.8644283,0.21248516,0.03622642,0.89172685,0.16824362,-0.10039008,0.89037395,0.11230672,-0.003330528736114502,0.26143959164619446,-0.014376074075698853
