frame,Ankle.R_x,Ankle.R_y,Ankle.R_z,Knee.R_x,Knee.R_y,Knee.R_z,Hip.R_x,Hip.R_y,Hip.R_z,Hip.L_x,Hip.L_y,Hip.L_z,Knee.L_x,Knee.L_y,Knee.L_z,Ankle.L_x,Ankle.L_y,Ankle.L_z,Wrist.R_x,Wrist.R_y,Wrist.R_z,Elbow.R_x,Elbow.R_y,Elbow.R_z,Shoulder.R_x,Shoulder.R_y,Shoulder.R_z,Shoulder.L_x,Shoulder.L_y,Shoulder.L_z,Elbow.L_x,Elbow.L_y,Elbow.L_z,Wrist.L_x,Wrist.L_y,Wrist.L_z,Neck_x,Neck_y,Neck_z,Head_x,Head_y,Head_z,Nose_x,Nose_y,Nose_z,Eye.L_x,Eye.L_y,Eye.L_z,Eye.R_x,Eye.R_y,Eye.R_z,Ear.L_x,Ear.L_y,Ear.L_z,Ear.R_x,Ear.R_y,Ear.R_z,hip.Center_x,hip.Center_y,hip.Center_z
0,-0.30222356,-0.4405678,-0.3509714,-0.21007523,-0.103515185,-0.08811334,-0.12603077,0.29818282,-0.018088762,0.114442356,0.30162174,-0.0026668692,0.2089813,-0.09757858,-0.073577136,0.30366445,-0.45313597,-0.3154794,-0.22807887,0.5019648,0.06208744,-0.3655648,0.66084254,-0.08774158,-0.14838436,0.8147703,-0.007897702,0.14594631,0.77494097,0.065087534,0.17283964,0.52173734,0.1699299,-0.08159077,0.53339154,0.18385075,0.00172308,0.8553052,0.04078649,-0.004361373,1.0803018,0.07953088,-0.029671028,0.9741218,0.19697826,0.009804146,1.0179513,0.17128019,-0.055463236,1.0160522,0.15401676,0.076102786,1.0060847,0.08792833,-0.072787344,1.0041571,0.046170883,-0.005794208496809006,0.2999022603034973,-0.010377814993262291
