frame,Ankle.R_x,Ankle.R_y,Ankle.R_z,Knee.R_x,Knee.R_y,Knee.R_z,Hip.R_x,Hip.R_y,Hip.R_z,Hip.L_x,Hip.L_y,Hip.L_z,Knee.L_x,Knee.L_y,Knee.L_z,Ankle.L_x,Ankle.L_y,Ankle.L_z,Wrist.R_x,Wrist.R_y,Wrist.R_z,Elbow.R_x,Elbow.R_y,Elbow.R_z,Shoulder.R_x,Shoulder.R_y,Shoulder.R_z,Shoulder.L_x,Shoulder.L_y,Shoulder.L_z,Elbow.L_x,Elbow.L_y,Elbow.L_z,Wrist.L_x,Wrist.L_y,Wrist.L_z,Neck_x,Neck_y,Neck_z,Head_x,Head_y,Head_z,Nose_x,Nose_y,Nose_z,Eye.L_x,Eye.L_y,Eye.L_z,Eye.R_x,Eye.R_y,Eye.R_z,Ear.L_x,Ear.L_y,Ear.L_z,Ear.R_x,Ear.R_y,Ear.R_z,hip.Center_x,hip.Center_y,hip.Center_z
0,-0.15647192,-0.49427468,-0.25995386,-0.116591826,-0.14153941,-0.017602863,-0.12386221,0.2833418,-0.005649182,0.11545103,0.29256046,-0.01665485,0.09574481,-0.13270327,-0.020375732,0.07870135,-0.49169773,-0.25783697,-0.6337526,0.86801606,0.1230109,-0.41356245,0.85674894,-0.0020136647,-0.14341679,0.8145243,0.015211023,0.12847982,0.78046775,0.045662794,0.25670427,0.63810503,0.21717489,0.010177056,0.6288594,0.23017573,-0.004089676,0.8371074,0.04656418,0.045587607,1.0416558,0.107474685,0.045592524,0.92388177,0.21434131,0.07957767,0.9629435,0.17723812,0.015741788,0.9768411,0.19162247,0.0961815,0.95558184,0.07438006,-0.048447985,0.9886803,0.10453825,-0.00420558825135231,0.28795111179351807,-0.011152015998959541
