frame,Ankle.R_x,Ankle.R_y,Ankle.R_z,Knee.R_x,Knee.R_y,Knee.R_z,Hip.R_x,Hip.R_y,Hip.R_z,Hip.L_x,Hip.L_y,Hip.L_z,Knee.L_x,Knee.L_y,Knee.L_z,Ankle.L_x,Ankle.L_y,Ankle.L_z,Wrist.R_x,Wrist.R_y,Wrist.R_z,Elbow.R_x,Elbow.R_y,Elbow.R_z,Shoulder.R_x,Shoulder.R_y,Shoulder.R_z,Shoulder.L_x,Shoulder.L_y,Shoulder.L_z,Elbow.L_x,Elbow.L_y,Elbow.L_z,Wrist.L_x,Wrist.L_y,Wrist.L_z,Neck_x,Neck_y,Neck_z,Head_x,Head_y,Head_z,Nose_x,Nose_y,Nose_z,Eye.L_x,Eye.L_y,Eye.L_z,Eye.R_x,Eye.R_y,Eye.R_z,Ear.L_x,Ear.L_y,Ear.L_z,Ear.R_x,Ear.R_y,Ear.R_z,hip.Center_x,hip.Center_y,hip.Center_z
0,-0.14901264,-0.57265985,-0.30744636,-0.117093265,-0.18501586,-0.043754708,-0.12652858,0.262402,-0.005943004,0.11956422,0.281616,-0.021545766,0.122110136,-0.16928007,-0.051049817,0.13676807,-0.5734916,-0.29404038,-0.6340117,0.39134315,0.003298593,-0.43017757,0.57316506,-0.020732615,-0.19532765,0.7418115,0.039088126,0.10595379,0.72987294,0.01446188,0.18401696,0.46077415,-0.022307944,0.09625094,0.29751098,0.17079884,-0.040226094,0.79233176,0.060214806,-0.021492952,0.9890241,0.1578677,-0.037777275,0.85618305,0.24096999,0.0014011115,0.9029323,0.22180335,-0.06535953,0.9106361,0.21855612,0.046753943,0.91393685,0.12894607,-0.10222879,0.9312941,0.12150841,-0.0034821778535842896,0.272009015083313,-0.013744384981691837
