frame,Ankle.R_x,Ankle.R_y,Ankle.R_z,Knee.R_x,Knee.R_y,Knee.R_z,Hip.R_x,Hip.R_y,Hip.R_z,Hip.L_x,Hip.L_y,Hip.L_z,Knee.L_x,Knee.L_y,Knee.L_z,Ankle.L_x,Ankle.L_y,Ankle.L_z,Wrist.R_x,Wrist.R_y,Wrist.R_z,Elbow.R_x,Elbow.R_y,Elbow.R_z,Shoulder.R_x,Shoulder.R_y,Shoulder.R_z,Shoulder.L_x,Shoulder.L_y,Shoulder.L_z,Elbow.L_x,Elbow.L_y,Elbow.L_z,Wrist.L_x,Wrist.L_y,Wrist.L_z,Neck_x,Neck_y,Neck_z,Head_x,Head_y,Head_z,Nose_x,Nose_y,Nose_z,Eye.L_x,Eye.L_y,Eye.L_z,Eye.R_x,Eye.R_y,Eye.R_z,Ear.L_x,Ear.L_y,Ear.L_z,Ear.R_x,Ear.R_y,Ear.R_z,hip.Center_x,hip.Center_y,hip.Center_z
0,-0.12764199,-0.49679723,-0.23138754,-0.09894803,-0.14447479,0.008861015,-0.122908086,0.27803648,0.0021766862,0.11353381,0.29417887,-0.024719447,0.11388166,-0.12825817,-0.022501357,0.087123804,-0.49433708,-0.24420911,-0.63089186,0.89270914,0.1079285,-0.4041102,0.866047,0.0026758527,-0.13750213,0.8096731,0.030630644,0.13282765,0.7694268,0.04265896,0.30253392,0.64192593,0.18869181,0.0658767,0.66646063,0.24214773,0.0019756574,0.8285115,0.056074187,0.059302278,1.031946,0.112874135,0.03965368,0.9215325,0.22488704,0.07996798,0.95681465,0.19085623,0.015762411,0.9741748,0.19564007,0.10939983,0.94222677,0.09184256,-0.035082173,0.98338914,0.10094848,-0.0046871379017829895,0.2861076593399048,-0.011271379888057709
