frame,Ankle.R_x,Ankle.R_y,Ankle.R_z,Knee.R_x,Knee.R_y,Knee.R_z,Hip.R_x,Hip.R_y,Hip.R_z,Hip.L_x,Hip.L_y,Hip.L_z,Knee.L_x,Knee.L_y,Knee.L_z,Ankle.L_x,Ankle.L_y,Ankle.L_z,Wrist.R_x,Wrist.R_y,Wrist.R_z,Elbow.R_x,Elbow.R_y,Elbow.R_z,Shoulder.R_x,Shoulder.R_y,Shoulder.R_z,Shoulder.L_x,Shoulder.L_y,Shoulder.L_z,Elbow.L_x,Elbow.L_y,Elbow.L_z,Wrist.L_x,Wrist.L_y,Wrist.L_z,Neck_x,Neck_y,Neck_z,Head_x,Head_y,Head_z,Nose_x,Nose_y,Nose_z,Eye.L_x,Eye.L_y,Eye.L_z,Eye.R_x,Eye.R_y,Eye.R_z,Ear.L_x,Ear.L_y,Ear.L_z,Ear.R_x,Ear.R_y,Ear.R_z,hip.Center_x,hip.Center_y,hip.Center_z
0,-0.16338411,-0.59015703,-0.30171272,-0.12686506,-0.19009382,-0.045784276,-0.1272223,0.26064792,-0.008692416,0.12106442,0.2760994,-0.019765526,0.121879876,-0.17874874,-0.04309567,0.13341075,-0.59414953,-0.27986437,-0.63057864,0.37711316,-0.017020285,-0.42531896,0.56270206,-0.03514138,-0.18982595,0.7329041,0.032602325,0.1145104,0.7138799,0.030159254,0.17079847,0.43429312,0.015947124,0.03017194,0.2720132,0.18219374,-0.034800235,0.78058743,0.06391326,-0.026825601,0.9701506,0.17785284,-0.047260482,0.82987154,0.24479991,-0.007553246,0.87854505,0.23420203,-0.073905475,0.88587666,0.2260242,0.0448978,0.8994857,0.14737019,-0.102437004,0.91591716,0.12920058,-0.0030789412558078766,0.26837366819381714,-0.014228971675038338
