frame,Ankle.R_x,Ankle.R_y,Ankle.R_z,Knee.R_x,Knee.R_y,Knee.R_z,Hip.R_x,Hip.R_y,Hip.R_z,Hip.L_x,Hip.L_y,Hip.L_z,Knee.L_x,Knee.L_y,Knee.L_z,Ankle.L_x,Ankle.L_y,Ankle.L_z,Wrist.R_x,Wrist.R_y,Wrist.R_z,Elbow.R_x,Elbow.R_y,Elbow.R_z,Shoulder.R_x,Shoulder.R_y,Shoulder.R_z,Shoulder.L_x,Shoulder.L_y,Shoulder.L_z,Elbow.L_x,Elbow.L_y,Elbow.L_z,Wrist.L_x,Wrist.L_y,Wrist.L_z,Neck_x,Neck_y,Neck_z,Head_x,Head_y,Head_z,Nose_x,Nose_y,Nose_z,Eye.L_x,Eye.L_y,Eye.L_z,Eye.R_x,Eye.R_y,Eye.R_z,Ear.L_x,Ear.L_y,Ear.L_z,Ear.R_x,Ear.R_y,Ear.R_z,hip.Center_x,hip.Center_y,hip.Center_z
0,-0.13440454,-0.5071764,-0.21201535,-0.08996244,-0.14393815,0.0109040495,-0.12151915,0.2787522,0.010803045,0.11238413,0.2967057,-0.032845072,0.122254275,-0.124848515,-0.03832135,0.09114255,-0.50172144,-0.24258123,-0.6290669,0.9111311,0.15584509,-0.4063872,0.8624803,0.047795244,-0.13640788,0.8096085,0.053628482,0.12691122,0.7763099,0.016844742,0.36582762,0.66548246,0.0030099603,0.22002256,0.67228436,0.19745706,0.003653679,0.8306813,0.06340971,0.06910218,1.0338453,0.11359246,0.05861474,0.92624813,0.22980152,0.09603242,0.96047366,0.19104528,0.032643177,0.9785819,0.20109847,0.11689987,0.9430858,0.090113334,-0.026600912,0.9858829,0.11134292,-0.004567507654428482,0.2877289652824402,-0.011021014302968979
