frame,Ankle.R_x,Ankle.R_y,Ankle.R_z,Knee.R_x,Knee.R_y,Knee.R_z,Hip.R_x,Hip.R_y,Hip.R_z,Hip.L_x,Hip.L_y,Hip.L_z,Knee.L_x,Knee.L_y,Knee.L_z,Ankle.L_x,Ankle.L_y,Ankle.L_z,Wrist.R_x,Wrist.R_y,Wrist.R_z,Elbow.R_x,Elbow.R_y,Elbow.R_z,Shoulder.R_x,Shoulder.R_y,Shoulder.R_z,Shoulder.L_x,Shoulder.L_y,Shoulder.L_z,Elbow.L_x,Elbow.L_y,Elbow.L_z,Wrist.L_x,Wrist.L_y,Wrist.L_z,Neck_x,Neck_y,Neck_z,Head_x,Head_y,Head_z,Nose_x,Nose_y,Nose_z,Eye.L_x,Eye.L_y,Eye.L_z,Eye.R_x,Eye.R_y,Eye.R_z,Ear.L_x,Ear.L_y,Ear.L_z,Ear.R_x,Ear.R_y,Ear.R_z,hip.Center_x,hip.Center_y,hip.Center_z
0,0.02405491,-0.53941685,-0.019520957,0.16967684,-0.12656263,0.04082108,0.013611652,0.2858049,0.101881266,-0.030141037,0.2796918,-0.13718282,0.15138313,-0.12160803,-0.13875252,0.0008541837,-0.51553696,0.0005732514,0.19009762,0.32461378,0.35939887,-0.010663861,0.4869665,0.30049503,-0.06794784,0.72462696,0.15196103,-0.08954574,0.7373282,-0.15597007,-0.015684053,0.5065504,-0.30997175,0.1917528,0.3759106,-0.40307736,-0.07114664,0.80268055,0.0001598429,-0.025239123,1.0280024,0.020153603,0.08208418,0.9172932,0.000550868,0.050638244,0.96545917,-0.025770685,0.052922577,0.9574121,0.040577125,-0.046644464,0.96569014,-0.0631954,-0.04202093,0.9478774,0.08640349,-0.00826469250023365,0.28274834156036377,-0.017650775611400604
