frame,Ankle.R_x,Ankle.R_y,Ankle.R_z,Knee.R_x,Knee.R_y,Knee.R_z,Hip.R_x,Hip.R_y,Hip.R_z,Hip.L_x,Hip.L_y,Hip.L_z,Knee.L_x,Knee.L_y,Knee.L_z,Ankle.L_x,Ankle.L_y,Ankle.L_z,Wrist.R_x,Wrist.R_y,Wrist.R_z,Elbow.R_x,Elbow.R_y,Elbow.R_z,Shoulder.R_x,Shoulder.R_y,Shoulder.R_z,Shoulder.L_x,Shoulder.L_y,Shoulder.L_z,Elbow.L_x,Elbow.L_y,Elbow.L_z,Wrist.L_x,Wrist.L_y,Wrist.L_z,Neck_x,Neck_y,Neck_z,Head_x,Head_y,Head_z,Nose_x,Nose_y,Nose_z,Eye.L_x,Eye.L_y,Eye.L_z,Eye.R_x,Eye.R_y,Eye.R_z,Ear.L_x,Ear.L_y,Ear.L_z,Ear.R_x,Ear.R_y,Ear.R_z,hip.Center_x,hip.Center_y,hip.Center_z
0,-0.11919515,-0.44353426,-0.3301742,-0.10938062,-0.13929428,-0.03816594,-0.12176126,0.27806976,-0.023853049,0.107692085,0.30129236,0.0057337456,0.14063716,-0.11831684,-0.0077383565,0.1570946,-0.44292474,-0.28071937,-0.7185022,0.7079756,0.050769296,-0.4752559,0.72008276,-0.02343662,-0.21094556,0.7724877,0.025473345,0.07756377,0.74184525,0.06957525,0.203755,0.50311965,0.043812767,0.3226139,0.35607606,0.20145091,-0.067496866,0.81533235,0.080986045,-0.03966943,1.0265701,0.15808408,-0.08845849,0.9126629,0.25450188,-0.040735766,0.9492833,0.23518391,-0.10367343,0.9657736,0.22122817,0.017804205,0.9391133,0.14968391,-0.12510644,0.97682863,0.1162221,-0.007034588605165482,0.289681077003479,-0.009059651754796505
