frame,Ankle.R_x,Ankle.R_y,Ankle.R_z,Knee.R_x,Knee.R_y,Knee.R_z,Hip.R_x,Hip.R_y,Hip.R_z,Hip.L_x,Hip.L_y,Hip.L_z,Knee.L_x,Knee.L_y,Knee.L_z,Ankle.L_x,Ankle.L_y,Ankle.L_z,Wrist.R_x,Wrist.R_y,Wrist.R_z,Elbow.R_x,Elbow.R_y,Elbow.R_z,Shoulder.R_x,Shoulder.R_y,Shoulder.R_z,Shoulder.L_x,Shoulder.L_y,Shoulder.L_z,Elbow.L_x,Elbow.L_y,Elbow.L_z,Wrist.L_x,Wrist.L_y,Wrist.L_z,Neck_x,Neck_y,Neck_z,Head_x,Head_y,Head_z,Nose_x,Nose_y,Nose_z,Eye.L_x,Eye.L_y,Eye.L_z,Eye.R_x,Eye.R_y,Eye.R_z,Ear.L_x,Ear.L_y,Ear.L_z,Ear.R_x,Ear.R_y,Ear.R_z,hip.Center_x,hip.Center_y,hip.Center_z
0,-0.14048508,-0.4170264,-0.41780633,-0.15807919,-0.12189367,-0.11184858,-0.107378,0.29111755,-0.07362187,0.095980175,0.26602393,0.053461865,0.0027195988,-0.14206359,0.05252336,0.026186796,-0.5187853,-0.14530113,-0.36232996,0.76207167,0.046936803,-0.3353322,0.78199494,-0.19461527,-0.11472547,0.76877934,-0.032009088,0.11622454,0.7043103,0.13423526,0.2801429,0.47111976,0.13199538,0.33045712,0.24354173,0.20691037,-0.0085735405,0.79544497,0.07140568,0.0062918207,1.0149487,0.098710045,-0.1311587,0.9475746,0.12911938,-0.08227514,0.97682345,0.1535088,-0.09782169,0.981603,0.088806674,0.014371173,0.9364742,0.16909866,-0.020266842,0.948686,0.025351359,-0.0056989118456840515,0.2785707414150238,-0.010080002248287201
