frame,Ankle.R_x,Ankle.R_y,Ankle.R_z,Knee.R_x,Knee.R_y,Knee.R_z,Hip.R_x,Hip.R_y,Hip.R_z,Hip.L_x,Hip.L_y,Hip.L_z,Knee.L_x,Knee.L_y,Knee.L_z,Ankle.L_x,Ankle.L_y,Ankle.L_z,Wrist.R_x,Wrist.R_y,Wrist.R_z,Elbow.R_x,Elbow.R_y,Elbow.R_z,Shoulder.R_x,Shoulder.R_y,Shoulder.R_z,Shoulder.L_x,Shoulder.L_y,Shoulder.L_z,Elbow.L_x,Elbow.L_y,Elbow.L_z,Wrist.L_x,Wrist.L_y,Wrist.L_z,Neck_x,Neck_y,Neck_z,Head_x,Head_y,Head_z,Nose_x,Nose_y,Nose_z,Eye.L_x,Eye.L_y,Eye.L_z,Eye.R_x,Eye.R_y,Eye.R_z,Ear.L_x,Ear.L_y,Ear.L_z,Ear.R_x,Ear.R_y,Ear.R_z,hip.Center_x,hip.Center_y,hip.Center_z
0,-0.015320523,-0.54832214,-0.21582612,-0.09151127,-0.14753148,-0.079469055,-0.10592577,0.281893,-0.080445096,0.08863866,0.26130962,0.05940115,0.046547767,-0.15374407,-0.01960588,0.04100801,-0.5583625,-0.16677025,-0.27833062,0.58115363,-0.25650603,-0.07761535,0.6934515,-0.35506022,-0.028212251,0.7823943,-0.11014635,0.09074801,0.74996,0.12746258,-0.059753317,0.62500584,0.30281007,-0.27690062,0.74214125,0.2589822,0.027778577,0.81073314,0.014269297,0.02012051,1.0224723,0.025522444,-0.07355644,0.93682426,0.12149706,-0.023001194,0.9735043,0.11722426,-0.07078851,0.973418,0.07040692,0.07064287,0.94800174,0.079330504,-0.033080462,0.94872963,-0.027548064,-0.008643552660942078,0.2716013193130493,-0.010521972551941872
