frame,Ankle.R_x,Ankle.R_y,Ankle.R_z,Knee.R_x,Knee.R_y,Knee.R_z,Hip.R_x,Hip.R_y,Hip.R_z,Hip.L_x,Hip.L_y,Hip.L_z,Knee.L_x,Knee.L_y,Knee.L_z,Ankle.L_x,Ankle.L_y,Ankle.L_z,Wrist.R_x,Wrist.R_y,Wrist.R_z,Elbow.R_x,Elbow.R_y,Elbow.R_z,Shoulder.R_x,Shoulder.R_y,Shoulder.R_z,Shoulder.L_x,Shoulder.L_y,Shoulder.L_z,Elbow.L_x,Elbow.L_y,Elbow.L_z,Wrist.L_x,Wrist.L_y,Wrist.L_z,Neck_x,Neck_y,Neck_z,Head_x,Head_y,Head_z,Nose_x,Nose_y,Nose_z,Eye.L_x,Eye.L_y,Eye.L_z,Eye.R_x,Eye.R_y,Eye.R_z,Ear.L_x,Ear.L_y,Ear.L_z,Ear.R_x,Ear.R_y,Ear.R_z,hip.Center_x,hip.Center_y,hip.Center_z
0,0.09878173,-0.29086086,-0.02722901,0.21130228,0.011082892,-0.2739383,0.10923736,0.29151395,0.026122387,-0.12677516,0.28448296,-0.028927019,-0.07700218,-0.01563583,-0.31865403,0.007983984,-0.32507002,-0.058425136,0.54866874,0.46738577,0.048662044,0.3259017,0.58102673,0.10842415,0.112451546,0.7537549,0.07810307,-0.1828336,0.72413343,-0.0022445004,-0.2985682,0.4866101,-0.0830886,-0.3999502,0.33043775,-0.25790432,-0.039472666,0.80976355,0.023833962,-0.061542872,1.0372683,-0.014153719,-0.051539466,0.9315932,-0.1279031,-0.0893803,0.96925455,-0.09439568,-0.023052985,0.97832954,-0.095855035,-0.12540597,0.956072,0.0014834777,0.02535638,0.9751679,0.000636138,-0.008768901228904724,0.2879984378814697,-0.0014023156836628914
