frame,Ankle.R_x,Ankle.R_y,Ankle.R_z,Knee.R_x,Knee.R_y,Knee.R_z,Hip.R_x,Hip.R_y,Hip.R_z,Hip.L_x,Hip.L_y,Hip.L_z,Knee.L_x,Knee.L_y,Knee.L_z,Ankle.L_x,Ankle.L_y,Ankle.L_z,Wrist.R_x,Wrist.R_y,Wrist.R_z,Elbow.R_x,Elbow.R_y,Elbow.R_z,Shoulder.R_x,Shoulder.R_y,Shoulder.R_z,Shoulder.L_x,Shoulder.L_y,Shoulder.L_z,Elbow.L_x,Elbow.L_y,Elbow.L_z,Wrist.L_x,Wrist.L_y,Wrist.L_z,Neck_x,Neck_y,Neck_z,Head_x,Head_y,Head_z,Nose_x,Nose_y,Nose_z,Eye.L_x,Eye.L_y,Eye.L_z,Eye.R_x,Eye.R_y,Eye.R_z,Ear.L_x,Ear.L_y,Ear.L_z,Ear.R_x,Ear.R_y,Ear.R_z,hip.Center_x,hip.Center_y,hip.Center_z
0,-0.19016275,-0.34930372,-0.37188515,-0.20997462,-0.09722651,-0.024755495,-0.11691573,0.3211824,-0.05571408,0.10830881,0.30118838,0.020803861,0.10569951,-0.12590304,0.049135905,0.20392916,-0.37853098,-0.28848973,-0.4028047,0.4113123,0.0052390867,-0.24205026,0.5672985,-0.12655477,-0.13117026,0.8065461,-0.038628966,0.15846035,0.7792197,0.06728419,0.24329486,0.51330686,0.046351712,0.3717682,0.34002313,0.1849489,0.0056268284,0.86698186,0.04775013,-0.03722082,1.0961424,0.08273152,-0.12365059,0.9844019,0.15620674,-0.08102113,1.0323162,0.16185306,-0.11670742,1.0258894,0.10488033,0.026791938,1.0285616,0.14531527,-0.059138328,1.0151708,0.012940381,-0.0043034628033638,0.31118538975715637,-0.01745510846376419
