frame,Ankle.R_x,Ankle.R_y,Ankle.R_z,Knee.R_x,Knee.R_y,Knee.R_z,Hip.R_x,Hip.R_y,Hip.R_z,Hip.L_x,Hip.L_y,Hip.L_z,Knee.L_x,Knee.L_y,Knee.L_z,Ankle.L_x,Ankle.L_y,Ankle.L_z,Wrist.R_x,Wrist.R_y,Wrist.R_z,Elbow.R_x,Elbow.R_y,Elbow.R_z,Shoulder.R_x,Shoulder.R_y,Shoulder.R_z,Shoulder.L_x,Shoulder.L_y,Shoulder.L_z,Elbow.L_x,Elbow.L_y,Elbow.L_z,Wrist.L_x,Wrist.L_y,Wrist.L_z,Neck_x,Neck_y,Neck_z,Head_x,Head_y,Head_z,Nose_x,Nose_y,Nose_z,Eye.L_x,Eye.L_y,Eye.L_z,Eye.R_x,Eye.R_y,Eye.R_z,Ear.L_x,Ear.L_y,Ear.L_z,Ear.R_x,Ear.R_y,Ear.R_z,hip.Center_x,hip.Center_y,hip.Center_z
0,-0.15123858,-0.44551095,-0.3668911,-0.14847289,-0.12979017,-0.08382985,-0.11809098,0.286785,-0.04408596,0.106701374,0.2732311,0.026218303,0.06880065,-0.1437408,-0.0101835085,0.07625837,-0.5016712,-0.24006546,-0.47414067,0.7443623,0.09784509,-0.37005645,0.7571414,-0.12664106,-0.12130898,0.7748434,-0.013156405,0.14392972,0.7130002,0.087177336,0.31412828,0.49111095,0.055841364,0.4403158,0.29214045,0.12956423,0.008353412,0.80109125,0.06487043,0.028886054,1.0163223,0.11277226,-0.09060021,0.93798983,0.17473428,-0.03654351,0.9666718,0.18587464,-0.07112007,0.9782879,0.13028039,0.060192645,0.93007076,0.16618793,-0.017810551,0.95784307,0.04202097,-0.005694802850484848,0.2800080478191376,-0.00893382914364338
