frame,Ankle.R_x,Ankle.R_y,Ankle.R_z,Knee.R_x,Knee.R_y,Knee.R_z,Hip.R_x,Hip.R_y,Hip.R_z,Hip.L_x,Hip.L_y,Hip.L_z,Knee.L_x,Knee.L_y,Knee.L_z,Ankle.L_x,Ankle.L_y,Ankle.L_z,Wrist.R_x,Wrist.R_y,Wrist.R_z,Elbow.R_x,Elbow.R_y,Elbow.R_z,Shoulder.R_x,Shoulder.R_y,Shoulder.R_z,Shoulder.L_x,Shoulder.L_y,Shoulder.L_z,Elbow.L_x,Elbow.L_y,Elbow.L_z,Wrist.L_x,Wrist.L_y,Wrist.L_z,Neck_x,Neck_y,Neck_z,Head_x,Head_y,Head_z,Nose_x,Nose_y,Nose_z,Eye.L_x,Eye.L_y,Eye.L_z,Eye.R_x,Eye.R_y,Eye.R_z,Ear.L_x,Ear.L_y,Ear.L_z,Ear.R_x,Ear.R_y,Ear.R_z,hip.Center_x,hip.Center_y,hip.Center_z
0,0.03894199,-0.38002568,0.061687086,0.12725903,-0.08976824,-0.22622602,0.11383046,0.28652382,0.008307086,-0.12574352,0.26822022,-0.03092274,-0.032420315,-0.07787138,-0.27429467,0.050134692,-0.38544145,0.0075591328,0.49421936,0.44226182,-0.042218123,0.28881976,0.5193268,0.089151055,0.09749009,0.7260352,0.084159195,-0.20177469,0.7013346,0.046508133,-0.35826504,0.46573934,0.03337747,-0.5789593,0.3835363,-0.061564766,-0.0563872,0.7851467,0.049371354,-0.04828337,1.0112338,0.0043693203,-0.047117114,0.90159476,-0.10565519,-0.08039463,0.94648886,-0.07803492,-0.014245953,0.9436776,-0.07290864,-0.12667559,0.9430116,0.0136960745,0.021529526,0.93696916,0.026764512,-0.005956530570983887,0.27737200260162354,-0.011307827197015285
