frame,Ankle.R_x,Ankle.R_y,Ankle.R_z,Knee.R_x,Knee.R_y,Knee.R_z,Hip.R_x,Hip.R_y,Hip.R_z,Hip.L_x,Hip.L_y,Hip.L_z,Knee.L_x,Knee.L_y,Knee.L_z,Ankle.L_x,Ankle.L_y,Ankle.L_z,Wrist.R_x,Wrist.R_y,Wrist.R_z,Elbow.R_x,Elbow.R_y,Elbow.R_z,Shoulder.R_x,Shoulder.R_y,Shoulder.R_z,Shoulder.L_x,Shoulder.L_y,Shoulder.L_z,Elbow.L_x,Elbow.L_y,Elbow.L_z,Wrist.L_x,Wrist.L_y,Wrist.L_z,Neck_x,Neck_y,Neck_z,Head_x,Head_y,Head_z,Nose_x,Nose_y,Nose_z,Eye.L_x,Eye.L_y,Eye.L_z,Eye.R_x,Eye.R_y,Eye.R_z,Ear.L_x,Ear.L_y,Ear.L_z,Ear.R_x,Ear.R_y,Ear.R_z,hip.Center_x,hip.Center_y,hip.Center_z
0,-0.19188574,-0.35154906,-0.3963055,-0.20090851,-0.094495304,-0.060024343,-0.117898986,0.31854355,-0.046850234,0.10708405,0.29961503,0.020474527,0.13302353,-0.118389234,0.012312763,0.22312883,-0.3774765,-0.31537366,-0.46602198,0.5512638,-0.0006632834,-0.26170808,0.59182185,-0.13932312,-0.12809747,0.8052979,-0.026145231,0.1543773,0.77733225,0.08060817,0.27069628,0.525278,0.058087904,0.44173673,0.42557964,0.20748432,0.0038045142,0.86180246,0.06144233,-0.040917903,1.0889971,0.10102761,-0.12647125,0.97458816,0.17106092,-0.08485042,1.0226418,0.17842169,-0.12011991,1.0172384,0.12131972,0.022803277,1.0209951,0.16213869,-0.061580136,1.0101275,0.029821377,-0.005407467484474182,0.30907928943634033,-0.013187853619456291
