frame,Ankle.R_x,Ankle.R_y,Ankle.R_z,Knee.R_x,Knee.R_y,Knee.R_z,Hip.R_x,Hip.R_y,Hip.R_z,Hip.L_x,Hip.L_y,Hip.L_z,Knee.L_x,Knee.L_y,Knee.L_z,Ankle.L_x,Ankle.L_y,Ankle.L_z,Wrist.R_x,Wrist.R_y,Wrist.R_z,Elbow.R_x,Elbow.R_y,Elbow.R_z,Shoulder.R_x,Shoulder.R_y,Shoulder.R_z,Shoulder.L_x,Shoulder.L_y,Shoulder.L_z,Elbow.L_x,Elbow.L_y,Elbow.L_z,Wrist.L_x,Wrist.L_y,Wrist.L_z,Neck_x,Neck_y,Neck_z,Head_x,Head_y,Head_z,Nose_x,Nose_y,Nose_z,Eye.L_x,Eye.L_y,Eye.L_z,Eye.R_x,Eye.R_y,Eye.R_z,Ear.L_x,Ear.L_y,Ear.L_z,Ear.R_x,Ear.R_y,Ear.R_z,hip.Center_x,hip.Center_y,hip.Center_z
0,0.05818192,-0.4022909,0.111940466,0.087062284,-0.102086976,-0.17169587,0.11420591,0.29844844,-0.009018509,-0.12222226,0.3026363,-0.013903738,-0.12330984,-0.07735128,-0.20704608,0.0061974893,-0.35282952,0.07619191,0.621201,0.63635427,-0.08728879,0.40329775,0.6080266,0.035376817,0.17220882,0.7710025,0.045277275,-0.13951258,0.77223396,0.03593511,-0.33530337,0.567848,0.052992444,-0.5567291,0.59313405,-0.057097826,0.01712617,0.8428449,0.024762504,0.021943336,1.076577,0.012849332,0.030877156,0.99011487,-0.1185646,-0.004790552,1.0279872,-0.081537895,0.061831526,1.0264575,-0.07470302,-0.056225244,1.0035517,0.007483162,0.09727123,0.9995173,0.02519048,-0.004008173942565918,0.30054235458374023,-0.011461123824119568
