frame,Ankle.R_x,Ankle.R_y,Ankle.R_z,Knee.R_x,Knee.R_y,Knee.R_z,Hip.R_x,Hip.R_y,Hip.R_z,Hip.L_x,Hip.L_y,Hip.L_z,Knee.L_x,Knee.L_y,Knee.L_z,Ankle.L_x,Ankle.L_y,Ankle.L_z,Wrist.R_x,Wrist.R_y,Wrist.R_z,Elbow.R_x,Elbow.R_y,Elbow.R_z,Shoulder.R_x,Shoulder.R_y,Shoulder.R_z,Shoulder.L_x,Shoulder.L_y,Shoulder.L_z,Elbow.L_x,Elbow.L_y,Elbow.L_z,Wrist.L_x,Wrist.L_y,Wrist.L_z,Neck_x,Neck_y,Neck_z,Head_x,Head_y,Head_z,Nose_x,Nose_y,Nose_z,Eye.L_x,Eye.L_y,Eye.L_z,Eye.R_x,Eye.R_y,Eye.R_z,Ear.L_x,Ear.L_y,Ear.L_z,Ear.R_x,Ear.R_y,Ear.R_z,hip.Center_x,hip.Center_y,hip.Center_z
0,-0.020994926,-0.5033797,-0.49362049,-0.10512171,-0.18237938,-0.14078146,-0.121024,0.2770383,-0.06881504,0.11280402,0.25777283,0.033191163,0.020058231,-0.1922216,0.065800495,-0.008374218,-0.62360984,-0.14926648,-0.25508052,0.19114572,-0.08318042,-0.17682984,0.44914985,-0.16279635,-0.13091742,0.7189967,-0.056367353,0.14164181,0.7075593,0.0834941,0.23455262,0.4255789,0.069329366,0.27725193,0.15844688,0.13984886,-0.007852184,0.78388023,0.043538082,-0.053680167,0.9983936,0.08908707,-0.123872146,0.882761,0.16891693,-0.08234885,0.9311453,0.17131037,-0.12775527,0.92681456,0.12158164,0.016393527,0.93110204,0.1358535,-0.08622776,0.9228391,0.02502847,-0.0041099898517131805,0.26740556955337524,-0.017811937257647514
