frame,Ankle.R_x,Ankle.R_y,Ankle.R_z,Knee.R_x,Knee.R_y,Knee.R_z,Hip.R_x,Hip.R_y,Hip.R_z,Hip.L_x,Hip.L_y,Hip.L_z,Knee.L_x,Knee.L_y,Knee.L_z,Ankle.L_x,Ankle.L_y,Ankle.L_z,Wrist.R_x,Wrist.R_y,Wrist.R_z,Elbow.R_x,Elbow.R_y,Elbow.R_z,Shoulder.R_x,Shoulder.R_y,Shoulder.R_z,Shoulder.L_x,Shoulder.L_y,Shoulder.L_z,Elbow.L_x,Elbow.L_y,Elbow.L_z,Wrist.L_x,Wrist.L_y,Wrist.L_z,Neck_x,Neck_y,Neck_z,Head_x,Head_y,Head_z,Nose_x,Nose_y,Nose_z,Eye.L_x,Eye.L_y,Eye.L_z,Eye.R_x,Eye.R_y,Eye.R_z,Ear.L_x,Ear.L_y,Ear.L_z,Ear.R_x,Ear.R_y,Ear.R_z,hip.Center_x,hip.Center_y,hip.Center_z
0,0.0315484,-0.49944666,-0.23218362,-0.053891398,-0.15693988,0.029342929,-0.12626594,0.27733487,-0.014394995,0.11365117,0.27782196,-0.011742476,0.05671305,-0.14964865,-0.022269716,-0.0048918705,-0.56632185,-0.15471543,-0.16747637,1.2520072,0.075222425,-0.25646657,1.0133009,0.008758888,-0.0964325,0.8064705,-0.058051016,0.14478022,0.79077244,-0.027600177,0.2793711,0.97832716,0.100327715,0.15918906,1.2094557,0.11439252,0.024345051,0.82220733,-0.031542376,0.027044913,1.0354266,0.017817102,0.029454367,0.9332204,0.13814537,0.062037915,0.9753114,0.1033952,-0.005119413,0.9739754,0.102561906,0.10462992,0.96297926,0.00720305,-0.048715137,0.9611793,0.0027420223,-0.006307385861873627,0.2775784134864807,-0.013068735599517822
