frame,Ankle.R_x,Ankle.R_y,Ankle.R_z,Knee.R_x,Knee.R_y,Knee.R_z,Hip.R_x,Hip.R_y,Hip.R_z,Hip.L_x,Hip.L_y,Hip.L_z,Knee.L_x,Knee.L_y,Knee.L_z,Ankle.L_x,Ankle.L_y,Ankle.L_z,Wrist.R_x,Wrist.R_y,Wrist.R_z,Elbow.R_x,Elbow.R_y,Elbow.R_z,Shoulder.R_x,Shoulder.R_y,Shoulder.R_z,Shoulder.L_x,Shoulder.L_y,Shoulder.L_z,Elbow.L_x,Elbow.L_y,Elbow.L_z,Wrist.L_x,Wrist.L_y,Wrist.L_z,Neck_x,Neck_y,Neck_z,Head_x,Head_y,Head_z,Nose_x,Nose_y,Nose_z,Eye.L_x,Eye.L_y,Eye.L_z,Eye.R_x,Eye.R_y,Eye.R_z,Ear.L_x,Ear.L_y,Ear.L_z,Ear.R_x,Ear.R_y,Ear.R_z,hip.Center_x,hip.Center_y,hip.Center_z
0,0.26060534,-0.42008436,0.029985404,0.24640036,-0.04481994,-0.14684941,0.10359141,0.29352057,0.025064895,-0.1184159,0.28411937,-0.0503917,-0.10055214,-0.09842298,-0.1993409,-0.111687824,-0.47689888,-0.013672307,0.56016743,0.5778043,-0.058337763,0.3428616,0.56848013,0.060705453,0.13369016,0.747082,0.05344878,-0.15899102,0.74279237,0.0019095307,-0.33344352,0.52873313,-0.008461833,-0.548029,0.5841791,-0.10367505,-0.008359741,0.81052244,0.007096849,0.020339217,1.0316726,-0.0249614,0.047313586,0.92994416,-0.14045756,0.01029874,0.974983,-0.11858976,0.07188134,0.9675683,-0.09509173,-0.06155653,0.9675062,-0.043504022,0.079303205,0.95147395,0.010029651,-0.007412243634462357,0.28881996870040894,-0.01266340259462595
