frame,Ankle.R_x,Ankle.R_y,Ankle.R_z,Knee.R_x,Knee.R_y,Knee.R_z,Hip.R_x,Hip.R_y,Hip.R_z,Hip.L_x,Hip.L_y,Hip.L_z,Knee.L_x,Knee.L_y,Knee.L_z,Ankle.L_x,Ankle.L_y,Ankle.L_z,Wrist.R_x,Wrist.R_y,Wrist.R_z,Elbow.R_x,Elbow.R_y,Elbow.R_z,Shoulder.R_x,Shoulder.R_y,Shoulder.R_z,Shoulder.L_x,Shoulder.L_y,Shoulder.L_z,Elbow.L_x,Elbow.L_y,Elbow.L_z,Wrist.L_x,Wrist.L_y,Wrist.L_z,Neck_x,Neck_y,Neck_z,Head_x,Head_y,Head_z,Nose_x,Nose_y,Nose_z,Eye.L_x,Eye.L_y,Eye.L_z,Eye.R_x,Eye.R_y,Eye.R_z,Ear.L_x,Ear.L_y,Ear.L_z,Ear.R_x,Ear.R_y,Ear.R_z,hip.Center_x,hip.Center_y,hip.Center_z
0,-0.1329388,-0.4512202,-0.31993154,-0.106856726,-0.13713793,-0.040649254,-0.12156355,0.2782197,-0.022078766,0.10784447,0.3016755,0.0060832007,0.1348201,-0.117268,-0.02448287,0.15018621,-0.4440642,-0.2932969,-0.72275704,0.70551515,0.048958343,-0.47841614,0.72708684,-0.017923504,-0.21402541,0.7758275,0.031150863,0.07403203,0.7450447,0.076210015,0.1930316,0.50380945,0.06179164,0.28377742,0.37871635,0.25103328,-0.070884205,0.8178424,0.08621513,-0.03879091,1.0291123,0.15870455,-0.085718855,0.9173732,0.25931966,-0.03820742,0.95306623,0.23741725,-0.10149865,0.970187,0.22565901,0.016806498,0.94052553,0.14982517,-0.12676346,0.9798377,0.12109409,-0.006859537214040756,0.28994759917259216,-0.007997782900929451
