frame,Ankle.R_x,Ankle.R_y,Ankle.R_z,Knee.R_x,Knee.R_y,Knee.R_z,Hip.R_x,Hip.R_y,Hip.R_z,Hip.L_x,Hip.L_y,Hip.L_z,Knee.L_x,Knee.L_y,Knee.L_z,Ankle.L_x,Ankle.L_y,Ankle.L_z,Wrist.R_x,Wrist.R_y,Wrist.R_z,Elbow.R_x,Elbow.R_y,Elbow.R_z,Shoulder.R_x,Shoulder.R_y,Shoulder.R_z,Shoulder.L_x,Shoulder.L_y,Shoulder.L_z,Elbow.L_x,Elbow.L_y,Elbow.L_z,Wrist.L_x,Wrist.L_y,Wrist.L_z,Neck_x,Neck_y,Neck_z,Head_x,Head_y,Head_z,Nose_x,Nose_y,Nose_z,Eye.L_x,Eye.L_y,Eye.L_z,Eye.R_x,Eye.R_y,Eye.R_z,Ear.L_x,Ear.L_y,Ear.L_z,Ear.R_x,Ear.R_y,Ear.R_z,hip.Center_x,hip.Center_y,hip.Center_z
0,-0.47690916,-0.35673034,-0.28652745,-0.2678682,-0.06755513,-0.04672394,-0.11789437,0.31212875,-0.026952466,0.11635361,0.28256506,-0.0059348703,0.14948526,-0.129812,0.025978332,0.12217401,-0.43556985,-0.27504823,-0.52791905,0.58771396,0.025390118,-0.31538993,0.5975022,-0.11310838,-0.12716947,0.7710412,-0.0061691524,0.15669888,0.7753877,0.07389237,0.3804704,0.6093341,0.0625852,0.6078718,0.5670309,0.16774513,-0.00069639925,0.82830447,0.06662414,-0.06305276,1.0373359,0.10410826,-0.14784624,0.91811883,0.16171423,-0.11310564,0.9685614,0.17522824,-0.137931,0.9602877,0.11364009,-0.0046729,0.9754099,0.17573169,-0.067313254,0.9579886,0.034562692,-0.0007703788578510284,0.29734688997268677,-0.01644366793334484
