frame,Ankle.R_x,Ankle.R_y,Ankle.R_z,Knee.R_x,Knee.R_y,Knee.R_z,Hip.R_x,Hip.R_y,Hip.R_z,Hip.L_x,Hip.L_y,Hip.L_z,Knee.L_x,Knee.L_y,Knee.L_z,Ankle.L_x,Ankle.L_y,Ankle.L_z,Wrist.R_x,Wrist.R_y,Wrist.R_z,Elbow.R_x,Elbow.R_y,Elbow.R_z,Shoulder.R_x,Shoulder.R_y,Shoulder.R_z,Shoulder.L_x,Shoulder.L_y,Shoulder.L_z,Elbow.L_x,Elbow.L_y,Elbow.L_z,Wrist.L_x,Wrist.L_y,Wrist.L_z,Neck_x,Neck_y,Neck_z,Head_x,Head_y,Head_z,Nose_x,Nose_y,Nose_z,Eye.L_x,Eye.L_y,Eye.L_z,Eye.R_x,Eye.R_y,Eye.R_z,Ear.L_x,Ear.L_y,Ear.L_z,Ear.R_x,Ear.R_y,Ear.R_z,hip.Center_x,hip.Center_y,hip.Center_z
0,-0.36682573,-0.55247825,-0.35903636,-0.22388314,-0.17238554,-0.080761194,-0.12975314,0.26350856,-0.03291459,0.121666454,0.2628001,0.0008825784,0.23116702,-0.16565531,-0.061561424,0.37589028,-0.57063246,-0.3053186,-0.32413986,0.2023891,0.02946833,-0.24326012,0.4373227,-0.10842342,-0.14377606,0.7085971,-0.037099227,0.14371924,0.69317085,0.06715655,0.17458905,0.4127034,0.15252158,0.022206511,0.28595746,0.35122666,-0.004249043,0.76969427,0.03362715,-0.03629448,0.9833919,0.06732668,-0.10005238,0.8744384,0.15984897,-0.05843217,0.9221753,0.15589787,-0.107981905,0.91560817,0.110594966,0.036216162,0.91800904,0.11148333,-0.07528775,0.9049661,0.01237489,-0.004043344408273697,0.2631543278694153,-0.016016006469726562
