frame,Ankle.R_x,Ankle.R_y,Ankle.R_z,Knee.R_x,Knee.R_y,Knee.R_z,Hip.R_x,Hip.R_y,Hip.R_z,Hip.L_x,Hip.L_y,Hip.L_z,Knee.L_x,Knee.L_y,Knee.L_z,Ankle.L_x,Ankle.L_y,Ankle.L_z,Wrist.R_x,Wrist.R_y,Wrist.R_z,Elbow.R_x,Elbow.R_y,Elbow.R_z,Shoulder.R_x,Shoulder.R_y,Shoulder.R_z,Shoulder.L_x,Shoulder.L_y,Shoulder.L_z,Elbow.L_x,Elbow.L_y,Elbow.L_z,Wrist.L_x,Wrist.L_y,Wrist.L_z,Neck_x,Neck_y,Neck_z,Head_x,Head_y,Head_z,Nose_x,Nose_y,Nose_z,Eye.L_x,Eye.L_y,Eye.L_z,Eye.R_x,Eye.R_y,Eye.R_z,Ear.L_x,Ear.L_y,Ear.L_z,Ear.R_x,Ear.R_y,Ear.R_z,hip.Center_x,hip.Center_y,hip.Center_z
0,-0.09354421,-0.40653038,-0.34403124,-0.14229675,-0.12904374,-0.04041869,-0.12134121,0.28429607,-0.026268926,0.11007349,0.29120505,0.007910864,0.10906871,-0.12475055,-0.0041340753,0.10424334,-0.44582826,-0.27057484,-0.6021077,0.75459874,0.15165098,-0.43650758,0.7486037,-0.029034646,-0.16694604,0.7800613,0.017409341,0.12197596,0.7348279,0.04626004,0.265813,0.5105749,-0.01804133,0.31555748,0.43016997,0.1966151,-0.02047176,0.8176009,0.05994645,0.00017669074,1.0386565,0.110294916,-0.08952838,0.94383943,0.19664037,-0.0368503,0.9778559,0.19361392,-0.087112024,0.98910755,0.15152085,0.052498672,0.9526745,0.14380114,-0.060990814,0.9800441,0.048973937,-0.00563386082649231,0.2877505421638489,-0.009179030545055866
