frame,Ankle.R_x,Ankle.R_y,Ankle.R_z,Knee.R_x,Knee.R_y,Knee.R_z,Hip.R_x,Hip.R_y,Hip.R_z,Hip.L_x,Hip.L_y,Hip.L_z,Knee.L_x,Knee.L_y,Knee.L_z,Ankle.L_x,Ankle.L_y,Ankle.L_z,Wrist.R_x,Wrist.R_y,Wrist.R_z,Elbow.R_x,Elbow.R_y,Elbow.R_z,Shoulder.R_x,Shoulder.R_y,Shoulder.R_z,Shoulder.L_x,Shoulder.L_y,Shoulder.L_z,Elbow.L_x,Elbow.L_y,Elbow.L_z,Wrist.L_x,Wrist.L_y,Wrist.L_z,Neck_x,Neck_y,Neck_z,Head_x,Head_y,Head_z,Nose_x,Nose_y,Nose_z,Eye.L_x,Eye.L_y,Eye.L_z,Eye.R_x,Eye.R_y,Eye.R_z,Ear.L_x,Ear.L_y,Ear.L_z,Ear.R_x,Ear.R_y,Ear.R_z,hip.Center_x,hip.Center_y,hip.Center_z
0,0.11787469,-0.26225123,-0.07805529,0.16173998,0.04998,-0.32540786,0.112551734,0.29341716,0.01599419,-0.1272816,0.279669,-0.013886585,-0.08719153,0.010541424,-0.3300599,0.025481094,-0.30469286,-0.09527643,0.52621734,0.45498845,0.020876097,0.31460238,0.5762519,0.0964447,0.106388524,0.7527815,0.06762485,-0.19170646,0.7159596,-0.00060986914,-0.2970724,0.4764485,-0.08365132,-0.38189274,0.33849573,-0.27853662,-0.04929615,0.80489635,0.018502045,-0.08182583,1.0298152,-0.028137196,-0.070883386,0.9191786,-0.13664621,-0.10909745,0.9566998,-0.103849724,-0.043314006,0.9682815,-0.10792617,-0.14161475,0.9472425,-0.006335333,0.008130742,0.9720745,-0.013244271,-0.007364936172962189,0.286543071269989,0.001053802203387022
