frame,Ankle.R_x,Ankle.R_y,Ankle.R_z,Knee.R_x,Knee.R_y,Knee.R_z,Hip.R_x,Hip.R_y,Hip.R_z,Hip.L_x,Hip.L_y,Hip.L_z,Knee.L_x,Knee.L_y,Knee.L_z,Ankle.L_x,Ankle.L_y,Ankle.L_z,Wrist.R_x,Wrist.R_y,Wrist.R_z,Elbow.R_x,Elbow.R_y,Elbow.R_z,Shoulder.R_x,Shoulder.R_y,Shoulder.R_z,Shoulder.L_x,Shoulder.L_y,Shoulder.L_z,Elbow.L_x,Elbow.L_y,Elbow.L_z,Wrist.L_x,Wrist.L_y,Wrist.L_z,Neck_x,Neck_y,Neck_z,Head_x,Head_y,Head_z,Nose_x,Nose_y,Nose_z,Eye.L_x,Eye.L_y,Eye.L_z,Eye.R_x,Eye.R_y,Eye.R_z,Ear.L_x,Ear.L_y,Ear.L_z,Ear.R_x,Ear.R_y,Ear.R_z,hip.Center_x,hip.Center_y,hip.Center_z
0,0.032288536,-0.35817695,0.07895068,0.18661937,-0.08162877,-0.1829716,0.106531136,0.293668,0.019742172,-0.12359816,0.27772775,-0.035954397,-0.068973795,-0.085158415,-0.25828063,0.058669522,-0.27154693,0.0843685,0.50781196,0.45515484,0.07838387,0.28435466,0.5702671,0.11671229,0.096663505,0.7599891,0.06951552,-0.18305495,0.730194,-0.029732516,-0.26827127,0.49112844,-0.1269705,-0.3326735,0.38348553,-0.34558403,-0.045755826,0.81202024,0.006693948,-0.061979797,1.0340079,-0.019831507,-0.027002217,0.940197,-0.139786,-0.07089302,0.9755994,-0.11224706,-0.006068225,0.9828534,-0.09808557,-0.12749875,0.9536617,-0.028356984,0.017929792,0.9677939,0.0053312033,-0.008533511310815811,0.285697877407074,-0.008106112480163574
