frame,Ankle.R_x,Ankle.R_y,Ankle.R_z,Knee.R_x,Knee.R_y,Knee.R_z,Hip.R_x,Hip.R_y,Hip.R_z,Hip.L_x,Hip.L_y,Hip.L_z,Knee.L_x,Knee.L_y,Knee.L_z,Ankle.L_x,Ankle.L_y,Ankle.L_z,Wrist.R_x,Wrist.R_y,Wrist.R_z,Elbow.R_x,Elbow.R_y,Elbow.R_z,Shoulder.R_x,Shoulder.R_y,Shoulder.R_z,Shoulder.L_x,Shoulder.L_y,Shoulder.L_z,Elbow.L_x,Elbow.L_y,Elbow.L_z,Wrist.L_x,Wrist.L_y,Wrist.L_z,Neck_x,Neck_y,Neck_z,Head_x,Head_y,Head_z,Nose_x,Nose_y,Nose_z,Eye.L_x,Eye.L_y,Eye.L_z,Eye.R_x,Eye.R_y,Eye.R_z,Ear.L_x,Ear.L_y,Ear.L_z,Ear.R_x,Ear.R_y,Ear.R_z,hip.Center_x,hip.Center_y,hip.Center_z
0,-0.052002005,-0.5090943,-0.25450343,-0.12481574,-0.13933474,-0.046685062,-0.11078298,0.2885256,-0.076517574,0.09828301,0.26436564,0.050074458,-0.037563145,-0.13444814,0.06676492,-0.09284432,-0.5464872,-0.04668164,-0.35920912,0.7805685,0.01641743,-0.29836547,0.6963641,-0.20631126,-0.062282953,0.77789164,-0.08954685,0.13725173,0.74686116,0.112274505,0.028871922,0.6360347,0.33477694,-0.19178705,0.7389003,0.28335434,0.048773948,0.8123227,0.009515203,0.09653051,1.0256401,0.006304627,0.030868582,0.9624505,0.13730623,0.08345374,0.98482937,0.110223055,0.022033151,1.0002841,0.0874805,0.1431394,0.9378533,0.038065422,0.0073875785,0.9719852,-0.017707296,-0.0062499865889549255,0.2764456272125244,-0.013221558183431625
