frame,Ankle.R_x,Ankle.R_y,Ankle.R_z,Knee.R_x,Knee.R_y,Knee.R_z,Hip.R_x,Hip.R_y,Hip.R_z,Hip.L_x,Hip.L_y,Hip.L_z,Knee.L_x,Knee.L_y,Knee.L_z,Ankle.L_x,Ankle.L_y,Ankle.L_z,Wrist.R_x,Wrist.R_y,Wrist.R_z,Elbow.R_x,Elbow.R_y,Elbow.R_z,Shoulder.R_x,Shoulder.R_y,Shoulder.R_z,Shoulder.L_x,Shoulder.L_y,Shoulder.L_z,Elbow.L_x,Elbow.L_y,Elbow.L_z,Wrist.L_x,Wrist.L_y,Wrist.L_z,Neck_x,Neck_y,Neck_z,Head_x,Head_y,Head_z,Nose_x,Nose_y,Nose_z,Eye.L_x,Eye.L_y,Eye.L_z,Eye.R_x,Eye.R_y,Eye.R_z,Ear.L_x,Ear.L_y,Ear.L_z,Ear.R_x,Ear.R_y,Ear.R_z,hip.Center_x,hip.Center_y,hip.Center_z
0,-0.03506342,-0.45567554,-0.39603874,-0.10071531,-0.14097504,-0.11764237,-0.11647883,0.27585888,-0.05744116,0.1028659,0.27271184,0.034669016,0.055367097,-0.14097367,0.057960615,0.09270888,-0.53996575,-0.08320536,-0.6343362,0.83326286,-0.17514503,-0.38679737,0.7974373,-0.13165846,-0.14041793,0.7639372,-0.02632531,0.10757561,0.75095475,0.060340684,0.37074894,0.7043534,0.08410928,0.59750974,0.7051511,0.19167711,-0.028881747,0.79674065,0.0427607,-0.050573897,1.0030322,0.08228172,-0.14075759,0.90361476,0.1632795,-0.09427278,0.9450159,0.16597153,-0.13593844,0.94385874,0.11443742,0.005248258,0.93151593,0.13560516,-0.08966555,0.9301299,0.020979831,-0.006806466728448868,0.27428537607192993,-0.011386072263121605
