frame,Ankle.R_x,Ankle.R_y,Ankle.R_z,Knee.R_x,Knee.R_y,Knee.R_z,Hip.R_x,Hip.R_y,Hip.R_z,Hip.L_x,Hip.L_y,Hip.L_z,Knee.L_x,Knee.L_y,Knee.L_z,Ankle.L_x,Ankle.L_y,Ankle.L_z,Wrist.R_x,Wrist.R_y,Wrist.R_z,Elbow.R_x,Elbow.R_y,Elbow.R_z,Shoulder.R_x,Shoulder.R_y,Shoulder.R_z,Shoulder.L_x,Shoulder.L_y,Shoulder.L_z,Elbow.L_x,Elbow.L_y,Elbow.L_z,Wrist.L_x,Wrist.L_y,Wrist.L_z,Neck_x,Neck_y,Neck_z,Head_x,Head_y,Head_z,Nose_x,Nose_y,Nose_z,Eye.L_x,Eye.L_y,Eye.L_z,Eye.R_x,Eye.R_y,Eye.R_z,Ear.L_x,Ear.L_y,Ear.L_z,Ear.R_x,Ear.R_y,Ear.R_z,hip.Center_x,hip.Center_y,hip.Center_z
0,-0.13220687,-0.56842685,-0.24572937,-0.107978985,-0.17633733,-0.0028827,-0.12286308,0.27279818,0.010393523,0.11576597,0.27579254,-0.03893623,0.12688397,-0.16823024,-0.03070748,0.07846694,-0.58220506,-0.23742528,-0.3440275,0.18261434,0.013674588,-0.2643473,0.43560016,-0.05135063,-0.16459304,0.7026881,0.007684825,0.14101622,0.72145087,0.014509569,0.27853143,0.46622005,0.040239476,0.38226527,0.27236655,0.19774248,-0.0145253185,0.78386724,0.040362474,-0.030645024,0.9875843,0.14967063,-0.025013281,0.84863675,0.21747193,0.005653535,0.9025282,0.205185,-0.060729343,0.898582,0.19958419,0.051084757,0.92974776,0.11665511,-0.09748324,0.9220065,0.104167506,-0.003548555076122284,0.2742953598499298,-0.014271354302763939
