frame,Ankle.R_x,Ankle.R_y,Ankle.R_z,Knee.R_x,Knee.R_y,Knee.R_z,Hip.R_x,Hip.R_y,Hip.R_z,Hip.L_x,Hip.L_y,Hip.L_z,Knee.L_x,Knee.L_y,Knee.L_z,Ankle.L_x,Ankle.L_y,Ankle.L_z,Wrist.R_x,Wrist.R_y,Wrist.R_z,Elbow.R_x,Elbow.R_y,Elbow.R_z,Shoulder.R_x,Shoulder.R_y,Shoulder.R_z,Shoulder.L_x,Shoulder.L_y,Shoulder.L_z,Elbow.L_x,Elbow.L_y,Elbow.L_z,Wrist.L_x,Wrist.L_y,Wrist.L_z,Neck_x,Neck_y,Neck_z,Head_x,Head_y,Head_z,Nose_x,Nose_y,Nose_z,Eye.L_x,Eye.L_y,Eye.L_z,Eye.R_x,Eye.R_y,Eye.R_z,Ear.L_x,Ear.L_y,Ear.L_z,Ear.R_x,Ear.R_y,Ear.R_z,hip.Center_x,hip.Center_y,hip.Center_z
0,0.097022355,-0.42423394,-0.3000557,-0.01089816,-0.16832703,0.025383199,-0.12554379,0.2489141,-0.008371972,0.10605943,0.3023797,-0.022746172,0.1808824,-0.100790486,0.09199721,0.15458703,-0.48426074,-0.10979642,-0.60922915,0.31286845,-0.057761032,-0.3887429,0.433316,-0.09451974,-0.25230968,0.66351986,0.010655379,0.04403885,0.71711063,0.043689117,0.24584535,0.5149649,0.014345097,0.47205046,0.4690673,0.11609664,-0.11702655,0.76299274,0.060311567,-0.13469219,0.97628033,0.15939815,-0.10836716,0.84428275,0.23355918,-0.084115386,0.89717096,0.21137704,-0.14896417,0.8908094,0.22228225,-0.062370673,0.9184015,0.11434992,-0.20811254,0.90705824,0.135396,-0.00974217802286148,0.2756468951702118,-0.01555907167494297
