frame,Ankle.R_x,Ankle.R_y,Ankle.R_z,Knee.R_x,Knee.R_y,Knee.R_z,Hip.R_x,Hip.R_y,Hip.R_z,Hip.L_x,Hip.L_y,Hip.L_z,Knee.L_x,Knee.L_y,Knee.L_z,Ankle.L_x,Ankle.L_y,Ankle.L_z,Wrist.R_x,Wrist.R_y,Wrist.R_z,Elbow.R_x,Elbow.R_y,Elbow.R_z,Shoulder.R_x,Shoulder.R_y,Shoulder.R_z,Shoulder.L_x,Shoulder.L_y,Shoulder.L_z,Elbow.L_x,Elbow.L_y,Elbow.L_z,Wrist.L_x,Wrist.L_y,Wrist.L_z,Neck_x,Neck_y,Neck_z,Head_x,Head_y,Head_z,Nose_x,Nose_y,Nose_z,Eye.L_x,Eye.L_y,Eye.L_z,Eye.R_x,Eye.R_y,Eye.R_z,Ear.L_x,Ear.L_y,Ear.L_z,Ear.R_x,Ear.R_y,Ear.R_z,hip.Center_x,hip.Center_y,hip.Center_z
0,-0.16792545,-0.44131774,-0.26375437,-0.17948651,-0.10859366,-0.016728273,-0.11831695,0.2984941,-0.04060916,0.11052402,0.27301022,0.018037695,0.034551863,-0.133782,0.0008694895,0.017393377,-0.4861907,-0.22247526,-0.5604469,0.88968897,0.014489586,-0.3255895,0.8739873,-0.065465316,-0.070369855,0.8102597,-0.0052085435,0.1763891,0.74041176,0.11629843,0.1625399,0.6418365,0.35604003,-0.06533597,0.72388965,0.37124962,0.062984936,0.8197804,0.060546964,0.1208104,1.0293034,0.077310145,0.10197142,0.9432217,0.20992945,0.14232732,0.96983296,0.16915618,0.07858685,0.98985434,0.17277867,0.16752939,0.93625784,0.07391311,0.024006058,0.9825729,0.07783906,-0.0038964636623859406,0.28575217723846436,-0.011285731568932533
