frame,Ankle.R_x,Ankle.R_y,Ankle.R_z,Knee.R_x,Knee.R_y,Knee.R_z,Hip.R_x,Hip.R_y,Hip.R_z,Hip.L_x,Hip.L_y,Hip.L_z,Knee.L_x,Knee.L_y,Knee.L_z,Ankle.L_x,Ankle.L_y,Ankle.L_z,Wrist.R_x,Wrist.R_y,Wrist.R_z,Elbow.R_x,Elbow.R_y,Elbow.R_z,Shoulder.R_x,Shoulder.R_y,Shoulder.R_z,Shoulder.L_x,Shoulder.L_y,Shoulder.L_z,Elbow.L_x,Elbow.L_y,Elbow.L_z,Wrist.L_x,Wrist.L_y,Wrist.L_z,Neck_x,Neck_y,Neck_z,Head_x,Head_y,Head_z,Nose_x,Nose_y,Nose_z,Eye.L_x,Eye.L_y,Eye.L_z,Eye.R_x,Eye.R_y,Eye.R_z,Ear.L_x,Ear.L_y,Ear.L_z,Ear.R_x,Ear.R_y,Ear.R_z,hip.Center_x,hip.Center_y,hip.Center_z
0,-0.15729488,-0.4523449,-0.37473515,-0.16307524,-0.13087925,-0.094497524,-0.11633378,0.27982616,-0.05564338,0.10461815,0.2741887,0.03211993,0.106953025,-0.14464629,0.01440081,0.20219487,-0.49861342,-0.20814127,-0.6358967,0.8380314,-0.1759995,-0.38768435,0.8067274,-0.12442894,-0.14076075,0.77008957,-0.019683234,0.108189076,0.75413936,0.06522289,0.37157714,0.70429426,0.08712446,0.60645264,0.70056915,0.18073155,-0.027968496,0.8009895,0.049361143,-0.03754268,1.0070246,0.08629262,-0.13183297,0.9155097,0.17245767,-0.082555875,0.9536109,0.17257251,-0.12589478,0.95452166,0.12238686,0.0149304345,0.9324188,0.1394794,-0.08400943,0.9354776,0.027406383,-0.005857817828655243,0.27700743079185486,-0.011761724948883057
