frame,Ankle.R_x,Ankle.R_y,Ankle.R_z,Knee.R_x,Knee.R_y,Knee.R_z,Hip.R_x,Hip.R_y,Hip.R_z,Hip.L_x,Hip.L_y,Hip.L_z,Knee.L_x,Knee.L_y,Knee.L_z,Ankle.L_x,Ankle.L_y,Ankle.L_z,Wrist.R_x,Wrist.R_y,Wrist.R_z,Elbow.R_x,Elbow.R_y,Elbow.R_z,Shoulder.R_x,Shoulder.R_y,Shoulder.R_z,Shoulder.L_x,Shoulder.L_y,Shoulder.L_z,Elbow.L_x,Elbow.L_y,Elbow.L_z,Wrist.L_x,Wrist.L_y,Wrist.L_z,Neck_x,Neck_y,Neck_z,Head_x,Head_y,Head_z,Nose_x,Nose_y,Nose_z,Eye.L_x,Eye.L_y,Eye.L_z,Eye.R_x,Eye.R_y,Eye.R_z,Ear.L_x,Ear.L_y,Ear.L_z,Ear.R_x,Ear.R_y,Ear.R_z,hip.Center_x,hip.Center_y,hip.Center_z
0,-0.000374628,-0.49246436,-0.33117554,-0.07957538,-0.15783563,-0.07339614,-0.12057775,0.26745498,-0.046471074,0.107743934,0.2697173,0.024010392,0.047595266,-0.14987803,0.031829137,0.040587883,-0.55235755,-0.11691386,-0.6327804,0.85585093,-0.16941775,-0.38626888,0.80389667,-0.12604198,-0.1389236,0.7585751,-0.027690014,0.10499369,0.7503797,0.04802338,0.37158942,0.72674084,0.070015535,0.6103588,0.7283862,0.15576568,-0.030294068,0.78980994,0.036357988,-0.06330066,0.9911351,0.0823377,-0.1505896,0.8839505,0.15517588,-0.10719158,0.9280362,0.16179885,-0.14591432,0.9259449,0.10811023,-0.0057773963,0.92182326,0.13626142,-0.093968034,0.9184194,0.018100433,-0.006416909396648407,0.2685861587524414,-0.011230341158807278
