frame,Ankle.R_x,Ankle.R_y,Ankle.R_z,Knee.R_x,Knee.R_y,Knee.R_z,Hip.R_x,Hip.R_y,Hip.R_z,Hip.L_x,Hip.L_y,Hip.L_z,Knee.L_x,Knee.L_y,Knee.L_z,Ankle.L_x,Ankle.L_y,Ankle.L_z,Wrist.R_x,Wrist.R_y,Wrist.R_z,Elbow.R_x,Elbow.R_y,Elbow.R_z,Shoulder.R_x,Shoulder.R_y,Shoulder.R_z,Shoulder.L_x,Shoulder.L_y,Shoulder.L_z,Elbow.L_x,Elbow.L_y,Elbow.L_z,Wrist.L_x,Wrist.L_y,Wrist.L_z,Neck_x,Neck_y,Neck_z,Head_x,Head_y,Head_z,Nose_x,Nose_y,Nose_z,Eye.L_x,Eye.L_y,Eye.L_z,Eye.R_x,Eye.R_y,Eye.R_z,Ear.L_x,Ear.L_y,Ear.L_z,Ear.R_x,Ear.R_y,Ear.R_z,hip.Center_x,hip.Center_y,hip.Center_z
0,-0.37960178,-0.4638022,-0.15899181,-0.26789236,-0.086563736,0.0135987885,-0.11581019,0.28763184,-0.04416583,0.114657745,0.25500172,0.008473059,0.084034055,-0.16206813,0.037298776,0.05368044,-0.55477643,-0.14599538,-0.5021842,1.0387303,-0.14883445,-0.30218,0.8736514,-0.15133525,-0.08597247,0.75671935,-0.045620434,0.13702136,0.7602444,0.025611963,0.3867885,0.84516275,0.047733046,0.61720496,0.94385916,0.11203999,0.009829196,0.7823562,0.018178387,-0.050763328,0.97268677,0.07647607,-0.10134959,0.85129803,0.16091457,-0.066283874,0.9015079,0.16063465,-0.11394421,0.8931802,0.11550173,0.027473018,0.913522,0.11559744,-0.08152058,0.89611554,0.015127394,-0.0005762241780757904,0.2713167667388916,-0.01784638687968254
