frame,Ankle.R_x,Ankle.R_y,Ankle.R_z,Knee.R_x,Knee.R_y,Knee.R_z,Hip.R_x,Hip.R_y,Hip.R_z,Hip.L_x,Hip.L_y,Hip.L_z,Knee.L_x,Knee.L_y,Knee.L_z,Ankle.L_x,Ankle.L_y,Ankle.L_z,Wrist.R_x,Wrist.R_y,Wrist.R_z,Elbow.R_x,Elbow.R_y,Elbow.R_z,Shoulder.R_x,Shoulder.R_y,Shoulder.R_z,Shoulder.L_x,Shoulder.L_y,Shoulder.L_z,Elbow.L_x,Elbow.L_y,Elbow.L_z,Wrist.L_x,Wrist.L_y,Wrist.L_z,Neck_x,Neck_y,Neck_z,Head_x,Head_y,Head_z,Nose_x,Nose_y,Nose_z,Eye.L_x,Eye.L_y,Eye.L_z,Eye.R_x,Eye.R_y,Eye.R_z,Ear.L_x,Ear.L_y,Ear.L_z,Ear.R_x,Ear.R_y,Ear.R_z,hip.Center_x,hip.Center_y,hip.Center_z
0,-0.21974951,-0.5486692,-0.28279692,-0.17056318,-0.15033202,-0.056979045,-0.12493722,0.28647137,-0.003958892,0.11688329,0.28421617,-0.022950497,0.14529978,-0.1523093,-0.058376677,0.15827367,-0.5804259,-0.23235306,-0.303872,0.30563292,0.059465412,-0.27964222,0.5127696,-0.10980338,-0.16469924,0.7436849,0.01871188,0.14088847,0.76381946,0.049634285,0.34450597,0.56964445,0.1198474,0.41813198,0.51440936,0.3712156,-0.012827951,0.81390184,0.065964945,-0.0050440906,1.0177265,0.16673844,0.039974328,0.8860637,0.24129163,0.057947222,0.939908,0.21135175,-0.004912559,0.9323291,0.23450974,0.061961055,0.95847225,0.1092705,-0.08211363,0.9423319,0.15892725,-0.00402696430683136,0.2853437662124634,-0.013454694300889969
