frame,Ankle.R_x,Ankle.R_y,Ankle.R_z,Knee.R_x,Knee.R_y,Knee.R_z,Hip.R_x,Hip.R_y,Hip.R_z,Hip.L_x,Hip.L_y,Hip.L_z,Knee.L_x,Knee.L_y,Knee.L_z,Ankle.L_x,Ankle.L_y,Ankle.L_z,Wrist.R_x,Wrist.R_y,Wrist.R_z,Elbow.R_x,Elbow.R_y,Elbow.R_z,Shoulder.R_x,Shoulder.R_y,Shoulder.R_z,Shoulder.L_x,Shoulder.L_y,Shoulder.L_z,Elbow.L_x,Elbow.L_y,Elbow.L_z,Wrist.L_x,Wrist.L_y,Wrist.L_z,Neck_x,Neck_y,Neck_z,Head_x,Head_y,Head_z,Nose_x,Nose_y,Nose_z,Eye.L_x,Eye.L_y,Eye.L_z,Eye.R_x,Eye.R_y,Eye.R_z,Ear.L_x,Ear.L_y,Ear.L_z,Ear.R_x,Ear.R_y,Ear.R_z,hip.Center_x,hip.Center_y,hip.Center_z
0,0.17376271,-0.35464978,0.13944606,0.0804338,-0.10971613,-0.17194739,0.11391975,0.28929117,-0.028093206,-0.11799062,0.3029065,0.003151328,-0.19620386,-0.06667946,-0.17011091,-0.11679223,-0.35364026,0.11500302,0.6295632,0.7138538,-0.20483656,0.43616712,0.64142,-0.06597163,0.19148304,0.7587375,-0.011839136,-0.10992528,0.77187765,0.025895268,-0.32348424,0.6047827,0.08522736,-0.54612505,0.6128109,-0.020641932,0.043223314,0.8289719,-0.009495968,0.050536733,1.0552888,-0.015752802,0.04362741,0.97592425,-0.150889,0.012879387,1.0118532,-0.10899851,0.07959288,1.0097526,-0.10982942,-0.02736567,0.98384583,-0.01593551,0.12562963,0.9780351,-0.016678471,-0.002035435289144516,0.29609882831573486,-0.012470939196646214
