frame,Ankle.R_x,Ankle.R_y,Ankle.R_z,Knee.R_x,Knee.R_y,Knee.R_z,Hip.R_x,Hip.R_y,Hip.R_z,Hip.L_x,Hip.L_y,Hip.L_z,Knee.L_x,Knee.L_y,Knee.L_z,Ankle.L_x,Ankle.L_y,Ankle.L_z,Wrist.R_x,Wrist.R_y,Wrist.R_z,Elbow.R_x,Elbow.R_y,Elbow.R_z,Shoulder.R_x,Shoulder.R_y,Shoulder.R_z,Shoulder.L_x,Shoulder.L_y,Shoulder.L_z,Elbow.L_x,Elbow.L_y,Elbow.L_z,Wrist.L_x,Wrist.L_y,Wrist.L_z,Neck_x,Neck_y,Neck_z,Head_x,Head_y,Head_z,Nose_x,Nose_y,Nose_z,Eye.L_x,Eye.L_y,Eye.L_z,Eye.R_x,Eye.R_y,Eye.R_z,Ear.L_x,Ear.L_y,Ear.L_z,Ear.R_x,Ear.R_y,Ear.R_z,hip.Center_x,hip.Center_y,hip.Center_z
0,-0.093261085,-0.38883486,-0.42464626,-0.16045958,-0.12223267,-0.10635165,-0.11306444,0.2902627,-0.059298843,0.10542292,0.27612042,0.030798199,0.029148072,-0.11416772,0.124043584,0.034761112,-0.51913315,0.0083909,-0.643782,0.83036983,-0.101037115,-0.3954152,0.7913916,-0.09495853,-0.1371866,0.7740015,-0.011899892,0.13124767,0.75197583,0.058459878,0.3838086,0.6640742,0.08211667,0.53006285,0.6963902,0.27651578,-0.007263013,0.8084125,0.049377654,0.0038724097,1.0196693,0.080745876,-0.015664417,0.92984354,0.20877358,0.024074025,0.96512485,0.17445068,-0.0419608,0.9709914,0.16724029,0.071205765,0.9401988,0.08585087,-0.07853008,0.9532989,0.06737833,-0.0038207583129405975,0.2831915616989136,-0.014250322245061398
