frame,Ankle.R_x,Ankle.R_y,Ankle.R_z,Knee.R_x,Knee.R_y,Knee.R_z,Hip.R_x,Hip.R_y,Hip.R_z,Hip.L_x,Hip.L_y,Hip.L_z,Knee.L_x,Knee.L_y,Knee.L_z,Ankle.L_x,Ankle.L_y,Ankle.L_z,Wrist.R_x,Wrist.R_y,Wrist.R_z,Elbow.R_x,Elbow.R_y,Elbow.R_z,Shoulder.R_x,Shoulder.R_y,Shoulder.R_z,Shoulder.L_x,Shoulder.L_y,Shoulder.L_z,Elbow.L_x,Elbow.L_y,Elbow.L_z,Wrist.L_x,Wrist.L_y,Wrist.L_z,Neck_x,Neck_y,Neck_z,Head_x,Head_y,Head_z,Nose_x,Nose_y,Nose_z,Eye.L_x,Eye.L_y,Eye.L_z,Eye.R_x,Eye.R_y,Eye.R_z,Ear.L_x,Ear.L_y,Ear.L_z,Ear.R_x,Ear.R_y,Ear.R_z,hip.Center_x,hip.Center_y,hip.Center_z
0,-0.06083835,-0.51102877,-0.2730996,-0.11291416,-0.15695088,-0.03947637,-0.121866815,0.26517004,-0.026648588,0.11113471,0.26134282,0.010638332,0.08175353,-0.15688246,-0.03993075,0.081184775,-0.53095657,-0.25341627,-0.5587726,1.0071484,0.08196649,-0.37907463,0.84543073,-0.0019108376,-0.13096449,0.7457166,-0.0048343823,0.12601998,0.73311365,0.029100012,0.39281604,0.73403776,0.05486971,0.5869894,0.8485704,0.16732535,-0.009775499,0.77743185,0.03183941,-0.034112234,0.98556006,0.06191158,-0.08489811,0.88839847,0.17217731,-0.0438849,0.9323618,0.15797117,-0.09969366,0.92503506,0.123420894,0.039831325,0.92173856,0.09751084,-0.084312096,0.90790856,0.021256104,-0.005366053432226181,0.2632564306259155,-0.008005128242075443
