frame,Ankle.R_x,Ankle.R_y,Ankle.R_z,Knee.R_x,Knee.R_y,Knee.R_z,Hip.R_x,Hip.R_y,Hip.R_z,Hip.L_x,Hip.L_y,Hip.L_z,Knee.L_x,Knee.L_y,Knee.L_z,Ankle.L_x,Ankle.L_y,Ankle.L_z,Wrist.R_x,Wrist.R_y,Wrist.R_z,Elbow.R_x,Elbow.R_y,Elbow.R_z,Shoulder.R_x,Shoulder.R_y,Shoulder.R_z,Shoulder.L_x,Shoulder.L_y,Shoulder.L_z,Elbow.L_x,Elbow.L_y,Elbow.L_z,Wrist.L_x,Wrist.L_y,Wrist.L_z,Neck_x,Neck_y,Neck_z,Head_x,Head_y,Head_z,Nose_x,Nose_y,Nose_z,Eye.L_x,Eye.L_y,Eye.L_z,Eye.R_x,Eye.R_y,Eye.R_z,Ear.L_x,Ear.L_y,Ear.L_z,Ear.R_x,Ear.R_y,Ear.R_z,hip.Center_x,hip.Center_y,hip.Center_z
0,-0.20979506,-0.50242376,-0.36897632,-0.18790773,-0.16672598,-0.035203476,-0.124708995,0.28413773,-0.052587386,0.118074335,0.26254728,0.01638125,0.1002882,-0.19072466,-0.0019887458,0.18817075,-0.52499545,-0.33094263,-0.3548066,0.24177587,-0.014318449,-0.21612541,0.4634665,-0.10470338,-0.12874426,0.7268423,-0.01767534,0.16144443,0.7068908,0.06970482,0.24830373,0.4299425,0.030208237,0.34551823,0.19490135,0.13067839,0.009573234,0.7886815,0.05894616,-0.025815625,1.007537,0.09286773,-0.101038836,0.90105015,0.18037821,-0.058436967,0.9482745,0.17978016,-0.10249195,0.94106925,0.12936133,0.041864373,0.94217145,0.14679462,-0.05934377,0.92767,0.034507617,-0.0033173300325870514,0.273342490196228,-0.018103066831827164
