frame,Ankle.R_x,Ankle.R_y,Ankle.R_z,Knee.R_x,Knee.R_y,Knee.R_z,Hip.R_x,Hip.R_y,Hip.R_z,Hip.L_x,Hip.L_y,Hip.L_z,Knee.L_x,Knee.L_y,Knee.L_z,Ankle.L_x,Ankle.L_y,Ankle.L_z,Wrist.R_x,Wrist.R_y,Wrist.R_z,Elbow.R_x,Elbow.R_y,Elbow.R_z,Shoulder.R_x,Shoulder.R_y,Shoulder.R_z,Shoulder.L_x,Shoulder.L_y,Shoulder.L_z,Elbow.L_x,Elbow.L_y,Elbow.L_z,Wrist.L_x,Wrist.L_y,Wrist.L_z,Neck_x,Neck_y,Neck_z,Head_x,Head_y,Head_z,Nose_x,Nose_y,Nose_z,Eye.L_x,Eye.L_y,Eye.L_z,Eye.R_x,Eye.R_y,Eye.R_z,Ear.L_x,Ear.L_y,Ear.L_z,Ear.R_x,Ear.R_y,Ear.R_z,hip.Center_x,hip.Center_y,hip.Center_z
0,-0.43537286,-0.42659366,-0.18131393,-0.28510284,-0.071804464,-0.00056106376,-0.11394468,0.2857606,-0.050940827,0.11381341,0.25424725,0.013568007,0.09602252,-0.15687735,0.058056965,0.09738187,-0.53795356,-0.14280474,-0.5134379,0.9891016,-0.14083922,-0.31827497,0.8264816,-0.16826363,-0.097236305,0.7463247,-0.04308562,0.122449264,0.75458425,0.044492524,0.37844995,0.81227255,0.07582481,0.6020348,0.9062875,0.15503378,-0.005567111,0.77581507,0.02815518,-0.06287408,0.96655244,0.075410835,-0.12880623,0.850944,0.15700282,-0.09169433,0.8989565,0.15952078,-0.13438138,0.89167595,0.10971728,0.0068621635,0.9046799,0.12474671,-0.09159651,0.88958645,0.013941731,-6.563588976860046e-05,0.27000391483306885,-0.018686410039663315
