frame,Ankle.R_x,Ankle.R_y,Ankle.R_z,Knee.R_x,Knee.R_y,Knee.R_z,Hip.R_x,Hip.R_y,Hip.R_z,Hip.L_x,Hip.L_y,Hip.L_z,Knee.L_x,Knee.L_y,Knee.L_z,Ankle.L_x,Ankle.L_y,Ankle.L_z,Wrist.R_x,Wrist.R_y,Wrist.R_z,Elbow.R_x,Elbow.R_y,Elbow.R_z,Shoulder.R_x,Shoulder.R_y,Shoulder.R_z,Shoulder.L_x,Shoulder.L_y,Shoulder.L_z,Elbow.L_x,Elbow.L_y,Elbow.L_z,Wrist.L_x,Wrist.L_y,Wrist.L_z,Neck_x,Neck_y,Neck_z,Head_x,Head_y,Head_z,Nose_x,Nose_y,Nose_z,Eye.L_x,Eye.L_y,Eye.L_z,Eye.R_x,Eye.R_y,Eye.R_z,Ear.L_x,Ear.L_y,Ear.L_z,Ear.R_x,Ear.R_y,Ear.R_z,hip.Center_x,hip.Center_y,hip.Center_z
0,0.08288043,-0.46002543,-0.25997567,-0.11947941,-0.16141222,-0.009872751,-0.12374206,0.27901134,-0.03844417,0.11297103,0.26852703,0.004940214,0.06831251,-0.16187821,0.018712439,0.007639512,-0.55257154,-0.1838496,-0.22671014,1.2553191,0.08761108,-0.2406429,1.0007561,0.0086689135,-0.08236162,0.79046816,-0.0493534,0.14729816,0.78273416,-0.005587036,0.25998473,0.99653846,0.09687494,0.21435928,1.2549208,0.1466619,0.03303062,0.8087793,-0.018963125,0.023834605,1.0170964,-0.008645757,0.017141484,0.9445803,0.1314565,0.051570587,0.98026305,0.09221129,-0.014822602,0.9741163,0.08470893,0.10544155,0.9500495,0.006272172,-0.04498466,0.9369327,-0.013606291,-0.005385514348745346,0.27376919984817505,-0.016751976683735847
