frame,Ankle.R_x,Ankle.R_y,Ankle.R_z,Knee.R_x,Knee.R_y,Knee.R_z,Hip.R_x,Hip.R_y,Hip.R_z,Hip.L_x,Hip.L_y,Hip.L_z,Knee.L_x,Knee.L_y,Knee.L_z,Ankle.L_x,Ankle.L_y,Ankle.L_z,Wrist.R_x,Wrist.R_y,Wrist.R_z,Elbow.R_x,Elbow.R_y,Elbow.R_z,Shoulder.R_x,Shoulder.R_y,Shoulder.R_z,Shoulder.L_x,Shoulder.L_y,Shoulder.L_z,Elbow.L_x,Elbow.L_y,Elbow.L_z,Wrist.L_x,Wrist.L_y,Wrist.L_z,Neck_x,Neck_y,Neck_z,Head_x,Head_y,Head_z,Nose_x,Nose_y,Nose_z,Eye.L_x,Eye.L_y,Eye.L_z,Eye.R_x,Eye.R_y,Eye.R_z,Ear.L_x,Ear.L_y,Ear.L_z,Ear.R_x,Ear.R_y,Ear.R_z,hip.Center_x,hip.Center_y,hip.Center_z
0,-0.059616096,-0.3329122,-0.3073385,-0.21643184,-0.13156037,0.03693787,-0.12143564,0.28892472,-0.036806155,0.11694696,0.25655892,0.00022719486,0.054205883,-0.16225614,0.036170162,-0.01898828,-0.5734011,-0.104116045,-0.012499757,1.049613,-0.019962942,-0.24250215,0.957,0.024163764,-0.0538349,0.7746815,-0.051241525,0.20208561,0.75191015,-0.010552677,0.36235163,0.921708,0.11590874,0.16745344,1.0682868,0.05063021,0.07740718,0.79273045,-0.02403294,0.085485555,1.0061264,0.023214994,0.09273127,0.901718,0.13948232,0.12458796,0.9438259,0.104784675,0.057721213,0.94468725,0.108744584,0.15906784,0.9327663,0.006734647,0.0080314055,0.93623185,0.012323491,-0.002244342118501663,0.27274182438850403,-0.018289480358362198
