frame,Ankle.R_x,Ankle.R_y,Ankle.R_z,Knee.R_x,Knee.R_y,Knee.R_z,Hip.R_x,Hip.R_y,Hip.R_z,Hip.L_x,Hip.L_y,Hip.L_z,Knee.L_x,Knee.L_y,Knee.L_z,Ankle.L_x,Ankle.L_y,Ankle.L_z,Wrist.R_x,Wrist.R_y,Wrist.R_z,Elbow.R_x,Elbow.R_y,Elbow.R_z,Shoulder.R_x,Shoulder.R_y,Shoulder.R_z,Shoulder.L_x,Shoulder.L_y,Shoulder.L_z,Elbow.L_x,Elbow.L_y,Elbow.L_z,Wrist.L_x,Wrist.L_y,Wrist.L_z,Neck_x,Neck_y,Neck_z,Head_x,Head_y,Head_z,Nose_x,Nose_y,Nose_z,Eye.L_x,Eye.L_y,Eye.L_z,Eye.R_x,Eye.R_y,Eye.R_z,Ear.L_x,Ear.L_y,Ear.L_z,Ear.R_x,Ear.R_y,Ear.R_z,hip.Center_x,hip.Center_y,hip.Center_z
0,0.040985893,-0.51354986,-0.23346989,-0.046833552,-0.16080342,0.0131433215,-0.12595506,0.27165473,-0.009989112,0.11328993,0.2759008,-0.017043702,0.0726529,-0.15278971,-0.009722292,0.007492352,-0.5627328,-0.15946245,-0.16399918,1.2637045,0.09078488,-0.23086892,1.0210423,0.009364462,-0.096048005,0.7996728,-0.056756,0.13517101,0.7841827,-0.034849025,0.26739097,0.97632515,0.08561163,0.17116997,1.213843,0.14237666,0.01928863,0.8129812,-0.03459215,0.020496173,1.0228302,0.0014221414,0.027986106,0.93099046,0.12950802,0.058682896,0.97045374,0.09089632,-0.008197345,0.96806836,0.09198836,0.09852733,0.95102036,-0.004803978,-0.05379465,0.9468144,-0.004864745,-0.006332565099000931,0.2737777829170227,-0.013516407459974289
