frame,Ankle.R_x,Ankle.R_y,Ankle.R_z,Knee.R_x,Knee.R_y,Knee.R_z,Hip.R_x,Hip.R_y,Hip.R_z,Hip.L_x,Hip.L_y,Hip.L_z,Knee.L_x,Knee.L_y,Knee.L_z,Ankle.L_x,Ankle.L_y,Ankle.L_z,Wrist.R_x,Wrist.R_y,Wrist.R_z,Elbow.R_x,Elbow.R_y,Elbow.R_z,Shoulder.R_x,Shoulder.R_y,Shoulder.R_z,Shoulder.L_x,Shoulder.L_y,Shoulder.L_z,Elbow.L_x,Elbow.L_y,Elbow.L_z,Wrist.L_x,Wrist.L_y,Wrist.L_z,Neck_x,Neck_y,Neck_z,Head_x,Head_y,Head_z,Nose_x,Nose_y,Nose_z,Eye.L_x,Eye.L_y,Eye.L_z,Eye.R_x,Eye.R_y,Eye.R_z,Ear.L_x,Ear.L_y,Ear.L_z,Ear.R_x,Ear.R_y,Ear.R_z,hip.Center_x,hip.Center_y,hip.Center_z
0,-0.103739925,-0.46995848,-0.3378348,-0.097269066,-0.13540217,-0.07516441,-0.12105069,0.2844207,-0.025378028,0.10814748,0.29354888,0.011161826,0.09381281,-0.1295792,-0.029582148,0.13921194,-0.46053556,-0.29376033,-0.5864334,0.49313098,-0.050485965,-0.37662992,0.637529,-0.060092043,-0.16767079,0.7960033,-0.024422001,0.09630457,0.78134,0.072089516,0.10279432,0.56999654,0.20214996,-0.10210203,0.5543409,0.34049764,-0.03938242,0.8439711,0.036107115,-0.034623828,1.0597862,0.07654274,-0.1290906,0.96416974,0.15991636,-0.077177495,1.0011282,0.15956855,-0.123492,1.0068612,0.11142698,0.019166717,0.9787839,0.12056732,-0.086024396,0.9922229,0.01269705,-0.006451606750488281,0.2889847755432129,-0.0071081011556088924
