frame,Ankle.R_x,Ankle.R_y,Ankle.R_z,Knee.R_x,Knee.R_y,Knee.R_z,Hip.R_x,Hip.R_y,Hip.R_z,Hip.L_x,Hip.L_y,Hip.L_z,Knee.L_x,Knee.L_y,Knee.L_z,Ankle.L_x,Ankle.L_y,Ankle.L_z,Wrist.R_x,Wrist.R_y,Wrist.R_z,Elbow.R_x,Elbow.R_y,Elbow.R_z,Shoulder.R_x,Shoulder.R_y,Shoulder.R_z,Shoulder.L_x,Shoulder.L_y,Shoulder.L_z,Elbow.L_x,Elbow.L_y,Elbow.L_z,Wrist.L_x,Wrist.L_y,Wrist.L_z,Neck_x,Neck_y,Neck_z,Head_x,Head_y,Head_z,Nose_x,Nose_y,Nose_z,Eye.L_x,Eye.L_y,Eye.L_z,Eye.R_x,Eye.R_y,Eye.R_z,Ear.L_x,Ear.L_y,Ear.L_z,Ear.R_x,Ear.R_y,Ear.R_z,hip.Center_x,hip.Center_y,hip.Center_z
0,-0.094709545,-0.44727823,-0.35235608,-0.11658362,-0.1358954,-0.06930009,-0.12119957,0.28136557,-0.022581222,0.10980819,0.28902113,0.008041074,0.09757372,-0.1305651,-0.03127528,0.088367485,-0.46280062,-0.29214233,-0.630666,0.753609,0.14776282,-0.4414323,0.7404338,-0.0144139435,-0.1697259,0.7797873,0.013668999,0.11887325,0.73153436,0.038906723,0.24712887,0.49504834,-0.01503248,0.3388222,0.38171518,0.17523035,-0.02165569,0.8160523,0.055286177,0.005419679,1.0319262,0.122359395,-0.07678121,0.9298507,0.2072104,-0.023671646,0.96319336,0.20176274,-0.0778958,0.9796032,0.166931,0.05873621,0.9425682,0.14043202,-0.06344986,0.9808384,0.061920773,-0.005695689469575882,0.2851933538913727,-0.007270073983818293
