frame,Ankle.R_x,Ankle.R_y,Ankle.R_z,Knee.R_x,Knee.R_y,Knee.R_z,Hip.R_x,Hip.R_y,Hip.R_z,Hip.L_x,Hip.L_y,Hip.L_z,Knee.L_x,Knee.L_y,Knee.L_z,Ankle.L_x,Ankle.L_y,Ankle.L_z,Wrist.R_x,Wrist.R_y,Wrist.R_z,Elbow.R_x,Elbow.R_y,Elbow.R_z,Shoulder.R_x,Shoulder.R_y,Shoulder.R_z,Shoulder.L_x,Shoulder.L_y,Shoulder.L_z,Elbow.L_x,Elbow.L_y,Elbow.L_z,Wrist.L_x,Wrist.L_y,Wrist.L_z,Neck_x,Neck_y,Neck_z,Head_x,Head_y,Head_z,Nose_x,Nose_y,Nose_z,Eye.L_x,Eye.L_y,Eye.L_z,Eye.R_x,Eye.R_y,Eye.R_z,Ear.L_x,Ear.L_y,Ear.L_z,Ear.R_x,Ear.R_y,Ear.R_z,hip.Center_x,hip.Center_y,hip.Center_z
0,0.052943513,-0.48492008,-0.22092214,-0.07106664,-0.15429452,0.03783437,-0.12613809,0.2810269,-0.021349918,0.113343574,0.27632067,-0.0071216067,0.0564391,-0.15054226,-0.008434038,-0.0029609932,-0.56580323,-0.14631735,-0.12806138,1.244553,0.067748286,-0.24160403,1.0150311,0.010738041,-0.08204156,0.808515,-0.062019274,0.15783547,0.78985023,-0.030799137,0.29137737,0.98472273,0.0885172,0.15740877,1.2075989,0.07631782,0.038821496,0.8227439,-0.036629703,0.041380294,1.0368824,-0.0070666587,0.037563056,0.94897735,0.12485008,0.07197377,0.9872385,0.08725079,0.0048525557,0.9850851,0.08281323,0.12024882,0.9641851,-0.004761994,-0.032994222,0.9605639,-0.017448723,-0.00639725849032402,0.27867376804351807,-0.014235762879252434
