frame,Ankle.R_x,Ankle.R_y,Ankle.R_z,Knee.R_x,Knee.R_y,Knee.R_z,Hip.R_x,Hip.R_y,Hip.R_z,Hip.L_x,Hip.L_y,Hip.L_z,Knee.L_x,Knee.L_y,Knee.L_z,Ankle.L_x,Ankle.L_y,Ankle.L_z,Wrist.R_x,Wrist.R_y,Wrist.R_z,Elbow.R_x,Elbow.R_y,Elbow.R_z,Shoulder.R_x,Shoulder.R_y,Shoulder.R_z,Shoulder.L_x,Shoulder.L_y,Shoulder.L_z,Elbow.L_x,Elbow.L_y,Elbow.L_z,Wrist.L_x,Wrist.L_y,Wrist.L_z,Neck_x,Neck_y,Neck_z,Head_x,Head_y,Head_z,Nose_x,Nose_y,Nose_z,Eye.L_x,Eye.L_y,Eye.L_z,Eye.R_x,Eye.R_y,Eye.R_z,Ear.L_x,Ear.L_y,Ear.L_z,Ear.R_x,Ear.R_y,Ear.R_z,hip.Center_x,hip.Center_y,hip.Center_z
0,-0.16096222,-0.4427077,-0.21344227,-0.10826296,-0.12073457,0.044544056,-0.11738497,0.29087397,0.021430228,0.10758341,0.30448556,-0.042331267,0.1311844,-0.10496549,-0.10513124,0.048968144,-0.36757046,-0.42445207,-0.591947,0.9098028,0.14486529,-0.38284594,0.83781266,0.03702508,-0.110851854,0.8237179,0.06899592,0.14680898,0.77408373,-0.0010769255,0.30409238,0.62263185,-0.15750976,0.38153592,0.65876794,0.06207613,0.03764426,0.84446555,0.06728779,0.1193288,1.0506921,0.081835546,0.11520315,0.96350116,0.21484031,0.14998946,0.988904,0.16737263,0.08896747,1.0124632,0.18010123,0.1605899,0.9541161,0.0690459,0.020190395,1.0090512,0.09561235,-0.004900779575109482,0.2976797819137573,-0.010450519621372223
