frame,Ankle.R_x,Ankle.R_y,Ankle.R_z,Knee.R_x,Knee.R_y,Knee.R_z,Hip.R_x,Hip.R_y,Hip.R_z,Hip.L_x,Hip.L_y,Hip.L_z,Knee.L_x,Knee.L_y,Knee.L_z,Ankle.L_x,Ankle.L_y,Ankle.L_z,Wrist.R_x,Wrist.R_y,Wrist.R_z,Elbow.R_x,Elbow.R_y,Elbow.R_z,Shoulder.R_x,Shoulder.R_y,Shoulder.R_z,Shoulder.L_x,Shoulder.L_y,Shoulder.L_z,Elbow.L_x,Elbow.L_y,Elbow.L_z,Wrist.L_x,Wrist.L_y,Wrist.L_z,Neck_x,Neck_y,Neck_z,Head_x,Head_y,Head_z,Nose_x,Nose_y,Nose_z,Eye.L_x,Eye.L_y,Eye.L_z,Eye.R_x,Eye.R_y,Eye.R_z,Ear.L_x,Ear.L_y,Ear.L_z,Ear.R_x,Ear.R_y,Ear.R_z,hip.Center_x,hip.Center_y,hip.Center_z
0,0.0217563,-0.4804634,-0.27677158,-0.096299976,-0.16276765,-0.015488176,-0.123706125,0.26259366,-0.019047236,0.11283635,0.26436794,-0.0039724517,0.08759287,-0.15769769,-0.005556014,0.0487508,-0.524264,-0.23006408,-0.46350193,1.1236739,0.04821829,-0.3190874,0.9170506,-0.002325934,-0.109747455,0.756366,-0.0068672746,0.13228351,0.7444213,0.008334112,0.3640926,0.86075115,0.028891746,0.51866585,1.0519017,0.10069149,0.0092607895,0.7807696,0.018797092,0.003072063,0.988271,0.041241106,-0.012307454,0.9034879,0.1708541,0.023813862,0.94252527,0.13907559,-0.041014906,0.93808126,0.12694061,0.08037381,0.9206495,0.055211227,-0.06375584,0.91268754,0.026540132,-0.005434885621070862,0.2634807825088501,-0.011509844101965427
