frame,Ankle.R_x,Ankle.R_y,Ankle.R_z,Knee.R_x,Knee.R_y,Knee.R_z,Hip.R_x,Hip.R_y,Hip.R_z,Hip.L_x,Hip.L_y,Hip.L_z,Knee.L_x,Knee.L_y,Knee.L_z,Ankle.L_x,Ankle.L_y,Ankle.L_z,Wrist.R_x,Wrist.R_y,Wrist.R_z,Elbow.R_x,Elbow.R_y,Elbow.R_z,Shoulder.R_x,Shoulder.R_y,Shoulder.R_z,Shoulder.L_x,Shoulder.L_y,Shoulder.L_z,Elbow.L_x,Elbow.L_y,Elbow.L_z,Wrist.L_x,Wrist.L_y,Wrist.L_z,Neck_x,Neck_y,Neck_z,Head_x,Head_y,Head_z,Nose_x,Nose_y,Nose_z,Eye.L_x,Eye.L_y,Eye.L_z,Eye.R_x,Eye.R_y,Eye.R_z,Ear.L_x,Ear.L_y,Ear.L_z,Ear.R_x,Ear.R_y,Ear.R_z,hip.Center_x,hip.Center_y,hip.Center_z
0,-0.06351709,-0.3943321,-0.312005,-0.16014221,-0.12059352,-0.015502534,-0.119902655,0.29740053,-0.034805536,0.11306143,0.28217408,0.008469939,0.043257635,-0.12370055,0.06706715,0.015605213,-0.44744176,-0.19584835,-0.620477,0.8230497,-0.011755805,-0.3789042,0.80049354,-0.06041678,-0.114793316,0.79525924,0.019127604,0.16811499,0.7552985,0.07033055,0.39512727,0.6349137,0.1454564,0.2979586,0.6815052,0.35879722,0.029151361,0.82372075,0.06881845,0.06614696,1.0393214,0.11046863,0.05088921,0.9387612,0.23170732,0.09013787,0.974307,0.19604938,0.024399381,0.98623246,0.19671439,0.12537366,0.9532987,0.10056648,-0.02350487,0.9818696,0.09940146,-0.003420613706111908,0.28978729248046875,-0.013167798519134521
