frame,Ankle.R_x,Ankle.R_y,Ankle.R_z,Knee.R_x,Knee.R_y,Knee.R_z,Hip.R_x,Hip.R_y,Hip.R_z,Hip.L_x,Hip.L_y,Hip.L_z,Knee.L_x,Knee.L_y,Knee.L_z,Ankle.L_x,Ankle.L_y,Ankle.L_z,Wrist.R_x,Wrist.R_y,Wrist.R_z,Elbow.R_x,Elbow.R_y,Elbow.R_z,Shoulder.R_x,Shoulder.R_y,Shoulder.R_z,Shoulder.L_x,Shoulder.L_y,Shoulder.L_z,Elbow.L_x,Elbow.L_y,Elbow.L_z,Wrist.L_x,Wrist.L_y,Wrist.L_z,Neck_x,Neck_y,Neck_z,Head_x,Head_y,Head_z,Nose_x,Nose_y,Nose_z,Eye.L_x,Eye.L_y,Eye.L_z,Eye.R_x,Eye.R_y,Eye.R_z,Ear.L_x,Ear.L_y,Ear.L_z,Ear.R_x,Ear.R_y,Ear.R_z,hip.Center_x,hip.Center_y,hip.Center_z
0,-0.16941139,-0.49737203,-0.27465343,-0.1420217,-0.13360614,-0.039008416,-0.12226429,0.29093903,0.007934897,0.1135705,0.29729253,-0.027572742,0.12725024,-0.124958664,-0.0660148,0.13527109,-0.5131212,-0.26781908,-0.31862012,0.43195078,0.24158086,-0.38053775,0.5715868,0.03945505,-0.1719484,0.75989926,0.084780104,0.11841599,0.78708297,0.0048002405,0.33537883,0.65902066,-0.1216827,0.39398378,0.6680571,0.11805066,-0.019944329,0.82939154,0.0836296,-0.013670941,1.0327275,0.19878268,-0.0049488246,0.8930877,0.27279636,0.02571255,0.9466317,0.2550731,-0.04138577,0.9438842,0.2549042,0.066272005,0.97041035,0.16013038,-0.087346226,0.96649396,0.15992653,-0.0043468959629535675,0.2941157817840576,-0.009818922728300095
