frame,Ankle.R_x,Ankle.R_y,Ankle.R_z,Knee.R_x,Knee.R_y,Knee.R_z,Hip.R_x,Hip.R_y,Hip.R_z,Hip.L_x,Hip.L_y,Hip.L_z,Knee.L_x,Knee.L_y,Knee.L_z,Ankle.L_x,Ankle.L_y,Ankle.L_z,Wrist.R_x,Wrist.R_y,Wrist.R_z,Elbow.R_x,Elbow.R_y,Elbow.R_z,Shoulder.R_x,Shoulder.R_y,Shoulder.R_z,Shoulder.L_x,Shoulder.L_y,Shoulder.L_z,Elbow.L_x,Elbow.L_y,Elbow.L_z,Wrist.L_x,Wrist.L_y,Wrist.L_z,Neck_x,Neck_y,Neck_z,Head_x,Head_y,Head_z,Nose_x,Nose_y,Nose_z,Eye.L_x,Eye.L_y,Eye.L_z,Eye.R_x,Eye.R_y,Eye.R_z,Ear.L_x,Ear.L_y,Ear.L_z,Ear.R_x,Ear.R_y,Ear.R_z,hip.Center_x,hip.Center_y,hip.Center_z
0,-0.099532746,-0.4308781,-0.33008796,-0.11287921,-0.14234956,-0.029547773,-0.12103291,0.27083844,-0.01796354,0.10647535,0.30229944,-0.0022649383,0.17703849,-0.10596632,0.039728373,0.17597699,-0.39964777,-0.2585278,-0.70701975,0.66592443,0.02608068,-0.46608412,0.6959014,-0.038566776,-0.20856023,0.7634839,0.00791974,0.07426136,0.73694783,0.056437053,0.18251058,0.4946976,0.055245757,0.22367509,0.3448959,0.24161413,-0.06938431,0.8091898,0.059708964,-0.048790783,1.0237651,0.12004015,-0.11520294,0.919798,0.21556887,-0.065115444,0.9548532,0.20285252,-0.12373223,0.9691181,0.17553885,0.008078098,0.93723166,0.1314919,-0.123903096,0.96947026,0.06916529,-0.007278777658939362,0.28656893968582153,-0.010114239528775215
