frame,Ankle.R_x,Ankle.R_y,Ankle.R_z,Knee.R_x,Knee.R_y,Knee.R_z,Hip.R_x,Hip.R_y,Hip.R_z,Hip.L_x,Hip.L_y,Hip.L_z,Knee.L_x,Knee.L_y,Knee.L_z,Ankle.L_x,Ankle.L_y,Ankle.L_z,Wrist.R_x,Wrist.R_y,Wrist.R_z,Elbow.R_x,Elbow.R_y,Elbow.R_z,Shoulder.R_x,Shoulder.R_y,Shoulder.R_z,Shoulder.L_x,Shoulder.L_y,Shoulder.L_z,Elbow.L_x,Elbow.L_y,Elbow.L_z,Wrist.L_x,Wrist.L_y,Wrist.L_z,Neck_x,Neck_y,Neck_z,Head_x,Head_y,Head_z,Nose_x,Nose_y,Nose_z,Eye.L_x,Eye.L_y,Eye.L_z,Eye.R_x,Eye.R_y,Eye.R_z,Ear.L_x,Ear.L_y,Ear.L_z,Ear.R_x,Ear.R_y,Ear.R_z,hip.Center_x,hip.Center_y,hip.Center_z
0,-0.15077142,-0.5188772,-0.32155704,-0.13964082,-0.15007305,-0.064182825,-0.124312736,0.28586006,-0.027891714,0.1145858,0.29089975,0.0028543572,0.112966835,-0.14826733,-0.016627641,0.13035387,-0.5308592,-0.25559175,-0.61178446,0.45385796,-0.019695796,-0.41894555,0.6403506,-0.039736338,-0.17359915,0.78441566,0.014879,0.121943116,0.7318243,0.08365284,0.10373424,0.46154058,0.12822546,-0.1079427,0.33568305,0.22268756,-0.024045402,0.81933296,0.07470129,-0.03451302,1.0204287,0.1807216,-0.09189693,0.8865667,0.24090627,-0.046031054,0.9311539,0.24302635,-0.10391131,0.94322574,0.21070853,0.03837502,0.9414482,0.17994373,-0.092517726,0.9691718,0.10764572,-0.004863467067480087,0.2883799076080322,-0.012518678791821003
