frame,Ankle.R_x,Ankle.R_y,Ankle.R_z,Knee.R_x,Knee.R_y,Knee.R_z,Hip.R_x,Hip.R_y,Hip.R_z,Hip.L_x,Hip.L_y,Hip.L_z,Knee.L_x,Knee.L_y,Knee.L_z,Ankle.L_x,Ankle.L_y,Ankle.L_z,Wrist.R_x,Wrist.R_y,Wrist.R_z,Elbow.R_x,Elbow.R_y,Elbow.R_z,Shoulder.R_x,Shoulder.R_y,Shoulder.R_z,Shoulder.L_x,Shoulder.L_y,Shoulder.L_z,Elbow.L_x,Elbow.L_y,Elbow.L_z,Wrist.L_x,Wrist.L_y,Wrist.L_z,Neck_x,Neck_y,Neck_z,Head_x,Head_y,Head_z,Nose_x,Nose_y,Nose_z,Eye.L_x,Eye.L_y,Eye.L_z,Eye.R_x,Eye.R_y,Eye.R_z,Ear.L_x,Ear.L_y,Ear.L_z,Ear.R_x,Ear.R_y,Ear.R_z,hip.Center_x,hip.Center_y,hip.Center_z
0,0.0010613065,-0.45131457,-0.23407541,-0.105528355,-0.14411166,0.043511946,-0.1248526,0.28281614,-0.018736608,0.11348824,0.27528313,-0.009463185,0.063996494,-0.14618327,-0.0023477236,0.0041632815,-0.5240161,-0.20524438,-0.12822515,1.2137386,0.051763896,-0.25752956,1.0024788,-0.008460949,-0.084741734,0.80009514,-0.045231868,0.16143247,0.7806674,-0.020779114,0.3262065,0.96220624,0.069812424,0.16202272,1.1524653,0.077777185,0.038509447,0.81744146,-0.021271236,0.04381556,1.034544,0.0071436414,0.023181109,0.9445311,0.13466692,0.061931074,0.9831822,0.10307149,-0.0037339628,0.982018,0.09020129,0.12050299,0.9612696,0.017553326,-0.028852247,0.9605048,-0.013624325,-0.005682177841663361,0.2790496349334717,-0.014099896885454655
