frame,Ankle.R_x,Ankle.R_y,Ankle.R_z,Knee.R_x,Knee.R_y,Knee.R_z,Hip.R_x,Hip.R_y,Hip.R_z,Hip.L_x,Hip.L_y,Hip.L_z,Knee.L_x,Knee.L_y,Knee.L_z,Ankle.L_x,Ankle.L_y,Ankle.L_z,Wrist.R_x,Wrist.R_y,Wrist.R_z,Elbow.R_x,Elbow.R_y,Elbow.R_z,Shoulder.R_x,Shoulder.R_y,Shoulder.R_z,Shoulder.L_x,Shoulder.L_y,Shoulder.L_z,Elbow.L_x,Elbow.L_y,Elbow.L_z,Wrist.L_x,Wrist.L_y,Wrist.L_z,Neck_x,Neck_y,Neck_z,Head_x,Head_y,Head_z,Nose_x,Nose_y,Nose_z,Eye.L_x,Eye.L_y,Eye.L_z,Eye.R_x,Eye.R_y,Eye.R_z,Ear.L_x,Ear.L_y,Ear.L_z,Ear.R_x,Ear.R_y,Ear.R_z,hip.Center_x,hip.Center_y,hip.Center_z
0,0.009433896,-0.5362722,-0.1980583,-0.08188628,-0.1297768,-0.11104664,-0.058612607,0.29500103,-0.1236862,0.04125247,0.26460847,0.093148634,-0.044174284,-0.14091744,0.011869321,-0.025801938,-0.5399518,-0.13803704,-0.15179008,0.45242178,-0.25552922,0.017779695,0.60555714,-0.35325694,0.03231119,0.7681531,-0.13849938,0.058444224,0.7830056,0.14076547,-0.12343682,0.7859706,0.34205627,-0.3678316,0.8151148,0.28949466,0.047134876,0.82073253,0.0052858563,0.062776744,1.0358948,0.010839168,-0.05936738,0.9671893,0.08564891,-0.0038303286,0.9965272,0.091414705,-0.040792942,1.0009593,0.03562452,0.09141935,0.95757425,0.074759535,0.012312678,0.9676443,-0.053773902,-0.008680067956447601,0.2798047661781311,-0.015268784016370773
