frame,Ankle.R_x,Ankle.R_y,Ankle.R_z,Knee.R_x,Knee.R_y,Knee.R_z,Hip.R_x,Hip.R_y,Hip.R_z,Hip.L_x,Hip.L_y,Hip.L_z,Knee.L_x,Knee.L_y,Knee.L_z,Ankle.L_x,Ankle.L_y,Ankle.L_z,Wrist.R_x,Wrist.R_y,Wrist.R_z,Elbow.R_x,Elbow.R_y,Elbow.R_z,Shoulder.R_x,Shoulder.R_y,Shoulder.R_z,Shoulder.L_x,Shoulder.L_y,Shoulder.L_z,Elbow.L_x,Elbow.L_y,Elbow.L_z,Wrist.L_x,Wrist.L_y,Wrist.L_z,Neck_x,Neck_y,Neck_z,Head_x,Head_y,Head_z,Nose_x,Nose_y,Nose_z,Eye.L_x,Eye.L_y,Eye.L_z,Eye.R_x,Eye.R_y,Eye.R_z,Ear.L_x,Ear.L_y,Ear.L_z,Ear.R_x,Ear.R_y,Ear.R_z,hip.Center_x,hip.Center_y,hip.Center_z
0,-0.17331429,-0.5403757,-0.17286822,-0.15469676,-0.1438828,0.003829922,-0.12311937,0.2802488,-0.011156392,0.11863846,0.26429054,-0.012811629,0.05823757,-0.15666574,0.0012732568,0.0043199454,-0.5653411,-0.14190112,-0.06923586,0.9124956,0.0013992788,-0.30930194,0.91396224,0.050168905,-0.09604442,0.7774632,-0.040430523,0.16054322,0.75528675,-0.037248507,0.32803744,0.8308276,0.15101947,0.12368512,0.84237677,0.02041761,0.034722008,0.800681,-0.036585502,0.057048228,1.0146624,-0.032920543,0.0608266,0.93781877,0.10472292,0.09406277,0.9690735,0.061254,0.027844658,0.9756658,0.0659063,0.12380738,0.9341504,-0.03263419,-0.023010554,0.94999707,-0.02515711,-0.002240452915430069,0.27226966619491577,-0.01198401115834713
