frame,Ankle.R_x,Ankle.R_y,Ankle.R_z,Knee.R_x,Knee.R_y,Knee.R_z,Hip.R_x,Hip.R_y,Hip.R_z,Hip.L_x,Hip.L_y,Hip.L_z,Knee.L_x,Knee.L_y,Knee.L_z,Ankle.L_x,Ankle.L_y,Ankle.L_z,Wrist.R_x,Wrist.R_y,Wrist.R_z,Elbow.R_x,Elbow.R_y,Elbow.R_z,Shoulder.R_x,Shoulder.R_y,Shoulder.R_z,Shoulder.L_x,Shoulder.L_y,Shoulder.L_z,Elbow.L_x,Elbow.L_y,Elbow.L_z,Wrist.L_x,Wrist.L_y,Wrist.L_z,Neck_x,Neck_y,Neck_z,Head_x,Head_y,Head_z,Nose_x,Nose_y,Nose_z,Eye.L_x,Eye.L_y,Eye.L_z,Eye.R_x,Eye.R_y,Eye.R_z,Ear.L_x,Ear.L_y,Ear.L_z,Ear.R_x,Ear.R_y,Ear.R_z,hip.Center_x,hip.Center_y,hip.Center_z
0,-0.06504517,-0.50539804,-0.28461686,-0.114274174,-0.15566792,-0.04495441,-0.121765055,0.26618487,-0.026967896,0.11091143,0.26183382,0.01115962,0.082279265,-0.15638815,-0.037282974,0.081457466,-0.5271214,-0.25579584,-0.5727552,0.9726509,0.083771765,-0.39045474,0.8224305,-0.012410664,-0.13326095,0.7440251,-0.001005359,0.12672761,0.73024905,0.039293166,0.39407274,0.7121509,0.06637254,0.5926887,0.8154337,0.18015592,-0.0110235,0.77699435,0.039467823,-0.03823592,0.98546803,0.07042905,-0.0932177,0.8864924,0.17690548,-0.052167956,0.9310793,0.16534115,-0.10602075,0.9234694,0.12788092,0.03471412,0.9220804,0.109129734,-0.085321024,0.90771425,0.026583094,-0.005426812916994095,0.26400935649871826,-0.007904138416051865
