frame,Ankle.R_x,Ankle.R_y,Ankle.R_z,Knee.R_x,Knee.R_y,Knee.R_z,Hip.R_x,Hip.R_y,Hip.R_z,Hip.L_x,Hip.L_y,Hip.L_z,Knee.L_x,Knee.L_y,Knee.L_z,Ankle.L_x,Ankle.L_y,Ankle.L_z,Wrist.R_x,Wrist.R_y,Wrist.R_z,Elbow.R_x,Elbow.R_y,Elbow.R_z,Shoulder.R_x,Shoulder.R_y,Shoulder.R_z,Shoulder.L_x,Shoulder.L_y,Shoulder.L_z,Elbow.L_x,Elbow.L_y,Elbow.L_z,Wrist.L_x,Wrist.L_y,Wrist.L_z,Neck_x,Neck_y,Neck_z,Head_x,Head_y,Head_z,Nose_x,Nose_y,Nose_z,Eye.L_x,Eye.L_y,Eye.L_z,Eye.R_x,Eye.R_y,Eye.R_z,Ear.L_x,Ear.L_y,Ear.L_z,Ear.R_x,Ear.R_y,Ear.R_z,hip.Center_x,hip.Center_y,hip.Center_z
0,-0.12006841,-0.51247907,-0.18216257,-0.06940024,-0.14059353,0.017493464,-0.11529189,0.278395,0.028434934,0.10772353,0.2993914,-0.047599904,0.1047782,-0.11626024,-0.105264194,0.0602014,-0.48661107,-0.31402582,-0.6083057,0.9317547,0.19355829,-0.39717892,0.86372375,0.07765822,-0.127744,0.8155365,0.060545277,0.125712,0.7719543,-0.020770218,0.32889426,0.63125885,-0.11980935,0.29820222,0.680975,0.11239046,0.0152380755,0.8351651,0.04796791,0.09671028,1.0379646,0.07239765,0.10761372,0.93666136,0.19422582,0.1367282,0.96689665,0.14589654,0.07824049,0.98900247,0.16893476,0.1336454,0.9438894,0.0442514,0.00018810481,0.99552655,0.09428399,-0.0037841834127902985,0.2888931930065155,-0.00958248507231474
