frame,Ankle.R_x,Ankle.R_y,Ankle.R_z,Knee.R_x,Knee.R_y,Knee.R_z,Hip.R_x,Hip.R_y,Hip.R_z,Hip.L_x,Hip.L_y,Hip.L_z,Knee.L_x,Knee.L_y,Knee.L_z,Ankle.L_x,Ankle.L_y,Ankle.L_z,Wrist.R_x,Wrist.R_y,Wrist.R_z,Elbow.R_x,Elbow.R_y,Elbow.R_z,Shoulder.R_x,Shoulder.R_y,Shoulder.R_z,Shoulder.L_x,Shoulder.L_y,Shoulder.L_z,Elbow.L_x,Elbow.L_y,Elbow.L_z,Wrist.L_x,Wrist.L_y,Wrist.L_z,Neck_x,Neck_y,Neck_z,Head_x,Head_y,Head_z,Nose_x,Nose_y,Nose_z,Eye.L_x,Eye.L_y,Eye.L_z,Eye.R_x,Eye.R_y,Eye.R_z,Ear.L_x,Ear.L_y,Ear.L_z,Ear.R_x,Ear.R_y,Ear.R_z,hip.Center_x,hip.Center_y,hip.Center_z
0,-0.054756958,-0.53758204,-0.21949343,-0.11589182,-0.15142643,-0.04772085,-0.122220725,0.27325368,-0.026961626,0.11215967,0.27070823,0.008376914,0.07788723,-0.14998421,-0.021925377,0.07436848,-0.5583716,-0.1514553,-0.39847267,0.50636727,0.12174145,-0.35139993,0.6299697,-0.08942809,-0.14271328,0.765575,-0.00237412,0.11832528,0.7558435,0.036340963,0.28811982,0.6067406,0.16315594,0.16262254,0.73925394,0.32131243,-0.017596506,0.8050848,0.03726958,-0.039345585,1.0104132,0.085730545,-0.104983315,0.8988372,0.17575365,-0.062430114,0.9446074,0.17273068,-0.11281037,0.9410629,0.1292457,0.03127931,0.9414295,0.12495823,-0.08181172,0.9360064,0.02931591,-0.005030527710914612,0.2719809412956238,-0.009292356669902802
