frame,Ankle.R_x,Ankle.R_y,Ankle.R_z,Knee.R_x,Knee.R_y,Knee.R_z,Hip.R_x,Hip.R_y,Hip.R_z,Hip.L_x,Hip.L_y,Hip.L_z,Knee.L_x,Knee.L_y,Knee.L_z,Ankle.L_x,Ankle.L_y,Ankle.L_z,Wrist.R_x,Wrist.R_y,Wrist.R_z,Elbow.R_x,Elbow.R_y,Elbow.R_z,Shoulder.R_x,Shoulder.R_y,Shoulder.R_z,Shoulder.L_x,Shoulder.L_y,Shoulder.L_z,Elbow.L_x,Elbow.L_y,Elbow.L_z,Wrist.L_x,Wrist.L_y,Wrist.L_z,Neck_x,Neck_y,Neck_z,Head_x,Head_y,Head_z,Nose_x,Nose_y,Nose_z,Eye.L_x,Eye.L_y,Eye.L_z,Eye.R_x,Eye.R_y,Eye.R_z,Ear.L_x,Ear.L_y,Ear.L_z,Ear.R_x,Ear.R_y,Ear.R_z,hip.Center_x,hip.Center_y,hip.Center_z
0,-0.04656126,-0.37704077,0.13326526,0.11797914,-0.10587754,-0.12650287,0.10474283,0.29470444,0.028768752,-0.11552801,0.31242645,-0.047363397,-0.050000496,-0.03844702,-0.2626531,0.0347468,-0.40784228,-0.09477531,0.63120764,0.56398684,0.094779104,0.38483644,0.58376884,0.13326567,0.17571409,0.7688997,0.091296114,-0.12688535,0.7862636,0.01590056,-0.3362577,0.60126305,-0.024233665,-0.5556748,0.65076244,-0.12694548,0.030064497,0.84912646,0.040299367,0.033748098,1.0819793,0.040619195,0.07713708,1.0046592,-0.08988609,0.03256349,1.0399364,-0.060413614,0.09539606,1.0381438,-0.03721226,-0.03936104,1.0089737,0.010864936,0.10530745,1.005159,0.06664846,-0.005392588675022125,0.30356544256210327,-0.009297322481870651
