frame,Ankle.R_x,Ankle.R_y,Ankle.R_z,Knee.R_x,Knee.R_y,Knee.R_z,Hip.R_x,Hip.R_y,Hip.R_z,Hip.L_x,Hip.L_y,Hip.L_z,Knee.L_x,Knee.L_y,Knee.L_z,Ankle.L_x,Ankle.L_y,Ankle.L_z,Wrist.R_x,Wrist.R_y,Wrist.R_z,Elbow.R_x,Elbow.R_y,Elbow.R_z,Shoulder.R_x,Shoulder.R_y,Shoulder.R_z,Shoulder.L_x,Shoulder.L_y,Shoulder.L_z,Elbow.L_x,Elbow.L_y,Elbow.L_z,Wrist.L_x,Wrist.L_y,Wrist.L_z,Neck_x,Neck_y,Neck_z,Head_x,Head_y,Head_z,Nose_x,Nose_y,Nose_z,Eye.L_x,Eye.L_y,Eye.L_z,Eye.R_x,Eye.R_y,Eye.R_z,Ear.L_x,Ear.L_y,Ear.L_z,Ear.R_x,Ear.R_y,Ear.R_z,hip.Center_x,hip.Center_y,hip.Center_z
0,-0.013696577,-0.4839883,-0.27826023,-0.11809267,-0.14109726,-0.04307858,-0.112243876,0.28681904,-0.07445377,0.09894719,0.26787934,0.049405646,-0.029754978,-0.13372478,0.053791706,-0.08621879,-0.53989065,-0.073915236,-0.3529568,0.8397503,0.018495105,-0.31403798,0.7603738,-0.21068329,-0.06808165,0.786672,-0.088662475,0.13075879,0.75261533,0.11060238,0.014427993,0.644783,0.33036274,-0.1993248,0.72284865,0.23205197,0.042075347,0.81781846,0.0076372996,0.08659719,1.0333841,0.0016057508,0.019753626,0.9707593,0.13231103,0.07240945,0.9939579,0.10581869,0.011118066,1.0076861,0.081610516,0.13457572,0.94675785,0.035552256,-0.000508653,0.9774574,-0.023559999,-0.006648343056440353,0.27734917402267456,-0.012524062767624855
