frame,Ankle.R_x,Ankle.R_y,Ankle.R_z,Knee.R_x,Knee.R_y,Knee.R_z,Hip.R_x,Hip.R_y,Hip.R_z,Hip.L_x,Hip.L_y,Hip.L_z,Knee.L_x,Knee.L_y,Knee.L_z,Ankle.L_x,Ankle.L_y,Ankle.L_z,Wrist.R_x,Wrist.R_y,Wrist.R_z,Elbow.R_x,Elbow.R_y,Elbow.R_z,Shoulder.R_x,Shoulder.R_y,Shoulder.R_z,Shoulder.L_x,Shoulder.L_y,Shoulder.L_z,Elbow.L_x,Elbow.L_y,Elbow.L_z,Wrist.L_x,Wrist.L_y,Wrist.L_z,Neck_x,Neck_y,Neck_z,Head_x,Head_y,Head_z,Nose_x,Nose_y,Nose_z,Eye.L_x,Eye.L_y,Eye.L_z,Eye.R_x,Eye.R_y,Eye.R_z,Ear.L_x,Ear.L_y,Ear.L_z,Ear.R_x,Ear.R_y,Ear.R_z,hip.Center_x,hip.Center_y,hip.Center_z
0,0.015573945,-0.51194775,-0.25673187,-0.10084732,-0.12759866,-0.11893866,-0.0632123,0.29451188,-0.120904855,0.04629639,0.26405212,0.09029667,-0.021389151,-0.14464612,0.016856141,0.036316227,-0.5384879,-0.13514763,-0.14408763,0.4174469,-0.31744203,0.01795512,0.6029279,-0.35086977,0.02313938,0.7649717,-0.13286838,0.0736205,0.7748984,0.14610535,-0.026490875,0.7852075,0.3966367,-0.26546073,0.8422573,0.44639114,0.046277378,0.8166566,0.012561153,0.0835573,1.0251127,0.02038876,-0.0471536,0.97396,0.09466569,0.011542527,0.9960072,0.10066354,-0.02369785,1.0046128,0.044439074,0.100700244,0.9446605,0.085439466,0.02476272,0.9638547,-0.043755945,-0.008457953110337257,0.27928200364112854,-0.015304092317819595
