frame,Ankle.R_x,Ankle.R_y,Ankle.R_z,Knee.R_x,Knee.R_y,Knee.R_z,Hip.R_x,Hip.R_y,Hip.R_z,Hip.L_x,Hip.L_y,Hip.L_z,Knee.L_x,Knee.L_y,Knee.L_z,Ankle.L_x,Ankle.L_y,Ankle.L_z,Wrist.R_x,Wrist.R_y,Wrist.R_z,Elbow.R_x,Elbow.R_y,Elbow.R_z,Shoulder.R_x,Shoulder.R_y,Shoulder.R_z,Shoulder.L_x,Shoulder.L_y,Shoulder.L_z,Elbow.L_x,Elbow.L_y,Elbow.L_z,Wrist.L_x,Wrist.L_y,Wrist.L_z,Neck_x,Neck_y,Neck_z,Head_x,Head_y,Head_z,Nose_x,Nose_y,Nose_z,Eye.L_x,Eye.L_y,Eye.L_z,Eye.R_x,Eye.R_y,Eye.R_z,Ear.L_x,Ear.L_y,Ear.L_z,Ear.R_x,Ear.R_y,Ear.R_z,hip.Center_x,hip.Center_y,hip.Center_z
0,0.05260263,-0.47228014,-0.22731908,-0.08966486,-0.156169,0.04096191,-0.12582679,0.28110233,-0.026930317,0.1136764,0.27418017,-0.0040577515,0.060669534,-0.15313675,0.015517628,0.00046125357,-0.57257974,-0.1134671,-0.0943107,1.2311044,0.024004215,-0.23552112,1.0157862,-0.02219074,-0.07346839,0.80455774,-0.077594504,0.1655178,0.78345555,-0.037461743,0.30628163,0.97683644,0.07830727,0.16970906,1.1961696,0.050659172,0.046811987,0.81767315,-0.046956718,0.0510307,1.0315021,-0.011497502,0.045977782,0.939045,0.116936095,0.0809266,0.9780524,0.0808493,0.013812192,0.9771822,0.07651378,0.12846448,0.9577206,-0.011799991,-0.024560176,0.95694923,-0.024471018,-0.0060751959681510925,0.277641236782074,-0.015494034625589848
