frame,Ankle.R_x,Ankle.R_y,Ankle.R_z,Knee.R_x,Knee.R_y,Knee.R_z,Hip.R_x,Hip.R_y,Hip.R_z,Hip.L_x,Hip.L_y,Hip.L_z,Knee.L_x,Knee.L_y,Knee.L_z,Ankle.L_x,Ankle.L_y,Ankle.L_z,Wrist.R_x,Wrist.R_y,Wrist.R_z,Elbow.R_x,Elbow.R_y,Elbow.R_z,Shoulder.R_x,Shoulder.R_y,Shoulder.R_z,Shoulder.L_x,Shoulder.L_y,Shoulder.L_z,Elbow.L_x,Elbow.L_y,Elbow.L_z,Wrist.L_x,Wrist.L_y,Wrist.L_z,Neck_x,Neck_y,Neck_z,Head_x,Head_y,Head_z,Nose_x,Nose_y,Nose_z,Eye.L_x,Eye.L_y,Eye.L_z,Eye.R_x,Eye.R_y,Eye.R_z,Ear.L_x,Ear.L_y,Ear.L_z,Ear.R_x,Ear.R_y,Ear.R_z,hip.Center_x,hip.Center_y,hip.Center_z
0,-0.12572508,-0.4544722,-0.35243207,-0.12904122,-0.13745639,-0.069915496,-0.12090081,0.2826214,-0.025041316,0.11000044,0.28197744,0.009476252,0.09074223,-0.13844402,-0.026523584,0.091032155,-0.49104637,-0.26498774,-0.6035215,0.7552636,0.12616438,-0.41394603,0.7440095,-0.040142726,-0.14492698,0.78145707,-0.0039292723,0.13702092,0.73092324,0.029438209,0.29128873,0.50588393,-0.012855019,0.44948298,0.34116375,0.08403731,-0.00089829694,0.8129052,0.042097557,0.022884313,1.0254719,0.10995473,-0.042148497,0.91921484,0.20405254,0.008256525,0.9545599,0.19175485,-0.05091683,0.9691293,0.16524784,0.081500545,0.93851066,0.11917285,-0.05181697,0.9719776,0.059264846,-0.005450185388326645,0.2822994291782379,-0.007782531902194023
