frame,Ankle.R_x,Ankle.R_y,Ankle.R_z,Knee.R_x,Knee.R_y,Knee.R_z,Hip.R_x,Hip.R_y,Hip.R_z,Hip.L_x,Hip.L_y,Hip.L_z,Knee.L_x,Knee.L_y,Knee.L_z,Ankle.L_x,Ankle.L_y,Ankle.L_z,Wrist.R_x,Wrist.R_y,Wrist.R_z,Elbow.R_x,Elbow.R_y,Elbow.R_z,Shoulder.R_x,Shoulder.R_y,Shoulder.R_z,Shoulder.L_x,Shoulder.L_y,Shoulder.L_z,Elbow.L_x,Elbow.L_y,Elbow.L_z,Wrist.L_x,Wrist.L_y,Wrist.L_z,Neck_x,Neck_y,Neck_z,Head_x,Head_y,Head_z,Nose_x,Nose_y,Nose_z,Eye.L_x,Eye.L_y,Eye.L_z,Eye.R_x,Eye.R_y,Eye.R_z,Ear.L_x,Ear.L_y,Ear.L_z,Ear.R_x,Ear.R_y,Ear.R_z,hip.Center_x,hip.Center_y,hip.Center_z
0,0.01595492,-0.31680265,-0.27859402,-0.14825863,-0.14143476,0.07186395,-0.124735415,0.28708833,-0.024777345,0.11494184,0.2740985,-0.010593063,0.07318423,-0.14989917,0.018212013,-0.004428229,-0.53612,-0.172395,-0.061242722,1.217086,0.0048194816,-0.22616863,1.0199881,-0.007320007,-0.07068853,0.8058605,-0.063963965,0.17585406,0.7833062,-0.035415392,0.3214201,0.9746596,0.07247639,0.1643411,1.1701305,0.023310672,0.052956216,0.82007384,-0.040186998,0.054839212,1.037141,0.0031144675,0.05067406,0.9367862,0.12452128,0.08512062,0.9787929,0.09150305,0.018191274,0.9771105,0.086565405,0.13352239,0.9649617,-0.0017297044,-0.019214071,0.96288836,-0.01571045,-0.004896786063909531,0.2805933952331543,-0.01768520474433899
