frame,Ankle.R_x,Ankle.R_y,Ankle.R_z,Knee.R_x,Knee.R_y,Knee.R_z,Hip.R_x,Hip.R_y,Hip.R_z,Hip.L_x,Hip.L_y,Hip.L_z,Knee.L_x,Knee.L_y,Knee.L_z,Ankle.L_x,Ankle.L_y,Ankle.L_z,Wrist.R_x,Wrist.R_y,Wrist.R_z,Elbow.R_x,Elbow.R_y,Elbow.R_z,Shoulder.R_x,Shoulder.R_y,Shoulder.R_z,Shoulder.L_x,Shoulder.L_y,Shoulder.L_z,Elbow.L_x,Elbow.L_y,Elbow.L_z,Wrist.L_x,Wrist.L_y,Wrist.L_z,Neck_x,Neck_y,Neck_z,Head_x,Head_y,Head_z,Nose_x,Nose_y,Nose_z,Eye.L_x,Eye.L_y,Eye.L_z,Eye.R_x,Eye.R_y,Eye.R_z,Ear.L_x,Ear.L_y,Ear.L_z,Ear.R_x,Ear.R_y,Ear.R_z,hip.Center_x,hip.Center_y,hip.Center_z
0,-0.054188434,-0.55892926,-0.42609316,-0.0732001,-0.19450805,-0.10725749,-0.13239443,0.26131362,-0.02564602,0.12111308,0.2634342,-0.00029245648,0.101416595,-0.18812361,-0.087690674,0.09471605,-0.5860846,-0.36753845,-0.24993066,0.38925654,0.14509633,-0.31215882,0.5062824,-0.09473167,-0.15306574,0.7280508,0.019632328,0.1444436,0.69386524,0.07326571,0.23539539,0.41955245,-0.012115661,0.25163984,0.15112816,0.047862828,-0.0065189535,0.7756912,0.079322904,-0.024941212,0.9900554,0.118529156,-0.11543465,0.8893487,0.19755429,-0.068933815,0.9326684,0.20173688,-0.10986326,0.9301855,0.14810899,0.032506686,0.9184009,0.17622301,-0.05984619,0.91520685,0.057896193,-0.005640678107738495,0.2623739242553711,-0.012969237752258778
