frame,Ankle.R_x,Ankle.R_y,Ankle.R_z,Knee.R_x,Knee.R_y,Knee.R_z,Hip.R_x,Hip.R_y,Hip.R_z,Hip.L_x,Hip.L_y,Hip.L_z,Knee.L_x,Knee.L_y,Knee.L_z,Ankle.L_x,Ankle.L_y,Ankle.L_z,Wrist.R_x,Wrist.R_y,Wrist.R_z,Elbow.R_x,Elbow.R_y,Elbow.R_z,Shoulder.R_x,Shoulder.R_y,Shoulder.R_z,Shoulder.L_x,Shoulder.L_y,Shoulder.L_z,Elbow.L_x,Elbow.L_y,Elbow.L_z,Wrist.L_x,Wrist.L_y,Wrist.L_z,Neck_x,Neck_y,Neck_z,Head_x,Head_y,Head_z,Nose_x,Nose_y,Nose_z,Eye.L_x,Eye.L_y,Eye.L_z,Eye.R_x,Eye.R_y,Eye.R_z,Ear.L_x,Ear.L_y,Ear.L_z,Ear.R_x,Ear.R_y,Ear.R_z,hip.Center_x,hip.Center_y,hip.Center_z
0,-0.12103944,-0.48111582,-0.3526628,-0.14051846,-0.13026084,-0.10343816,-0.11461824,0.2889108,-0.065113775,0.09917189,0.26394376,0.04951871,0.049595952,-0.14793183,-0.030633729,0.059061885,-0.54405105,-0.2019965,-0.25680667,0.830349,0.084654205,-0.3404776,0.77446556,-0.13942903,-0.07899447,0.7874218,-0.060179755,0.11130138,0.75487876,0.13267243,-0.06365529,0.6772113,0.32102314,-0.23879787,0.77747446,0.17369047,0.030258814,0.8166286,0.031670064,0.06682784,1.0342014,0.036613148,0.020003196,0.95772403,0.16909246,0.06790744,0.9847896,0.13789134,0.0036159642,0.9989922,0.12400712,0.12004246,0.946457,0.055283852,-0.02188888,0.9779669,0.018331697,-0.00772317498922348,0.2764272689819336,-0.007797533646225929
