frame,Ankle.R_x,Ankle.R_y,Ankle.R_z,Knee.R_x,Knee.R_y,Knee.R_z,Hip.R_x,Hip.R_y,Hip.R_z,Hip.L_x,Hip.L_y,Hip.L_z,Knee.L_x,Knee.L_y,Knee.L_z,Ankle.L_x,Ankle.L_y,Ankle.L_z,Wrist.R_x,Wrist.R_y,Wrist.R_z,Elbow.R_x,Elbow.R_y,Elbow.R_z,Shoulder.R_x,Shoulder.R_y,Shoulder.R_z,Shoulder.L_x,Shoulder.L_y,Shoulder.L_z,Elbow.L_x,Elbow.L_y,Elbow.L_z,Wrist.L_x,Wrist.L_y,Wrist.L_z,Neck_x,Neck_y,Neck_z,Head_x,Head_y,Head_z,Nose_x,Nose_y,Nose_z,Eye.L_x,Eye.L_y,Eye.L_z,Eye.R_x,Eye.R_y,Eye.R_z,Ear.L_x,Ear.L_y,Ear.L_z,Ear.R_x,Ear.R_y,Ear.R_z,hip.Center_x,hip.Center_y,hip.Center_z
0,-0.13210142,-0.42940426,-0.19474277,-0.07633807,-0.121333286,0.07844493,-0.115752995,0.28704488,0.02785515,0.10489291,0.30524495,-0.052380495,0.13095209,-0.108526684,-0.09400777,0.007378351,-0.37189814,-0.3991595,-0.5925384,0.91890013,0.17004094,-0.38546866,0.84767824,0.055865623,-0.11332615,0.8203954,0.07151096,0.14142871,0.7758522,-0.006105718,0.31408787,0.6390873,-0.1588221,0.37674472,0.67759603,0.065814346,0.03351807,0.8414731,0.065045565,0.11824586,1.0460387,0.08070081,0.12690406,0.9517027,0.20813335,0.1565943,0.9789523,0.15837744,0.0983183,1.0031575,0.17959487,0.1543989,0.9499333,0.05822193,0.019854017,1.0061544,0.10387938,-0.005430042743682861,0.29614490270614624,-0.012262672185897827
