frame,Ankle.R_x,Ankle.R_y,Ankle.R_z,Knee.R_x,Knee.R_y,Knee.R_z,Hip.R_x,Hip.R_y,Hip.R_z,Hip.L_x,Hip.L_y,Hip.L_z,Knee.L_x,Knee.L_y,Knee.L_z,Ankle.L_x,Ankle.L_y,Ankle.L_z,Wrist.R_x,Wrist.R_y,Wrist.R_z,Elbow.R_x,Elbow.R_y,Elbow.R_z,Shoulder.R_x,Shoulder.R_y,Shoulder.R_z,Shoulder.L_x,Shoulder.L_y,Shoulder.L_z,Elbow.L_x,Elbow.L_y,Elbow.L_z,Wrist.L_x,Wrist.L_y,Wrist.L_z,Neck_x,Neck_y,Neck_z,Head_x,Head_y,Head_z,Nose_x,Nose_y,Nose_z,Eye.L_x,Eye.L_y,Eye.L_z,Eye.R_x,Eye.R_y,Eye.R_z,Ear.L_x,Ear.L_y,Ear.L_z,Ear.R_x,Ear.R_y,Ear.R_z,hip.Center_x,hip.Center_y,hip.Center_z
0,-0.12098889,-0.4812004,-0.35257107,-0.14055645,-0.13028531,-0.10342131,-0.11459695,0.28889176,-0.06515996,0.09914704,0.26391578,0.049568906,0.04954307,-0.14796776,-0.030566335,0.059012253,-0.5441262,-0.20186085,-0.25617355,0.83046335,0.0847761,-0.34058273,0.77452254,-0.13901863,-0.07895437,0.7873572,-0.06026537,0.111349754,0.75482947,0.13255864,-0.063551225,0.67718,0.32098192,-0.23868333,0.77751267,0.17369743,0.030303974,0.81657493,0.031546354,0.066880114,1.0341551,0.036459945,0.020025656,0.95769155,0.16893283,0.067938045,0.9847513,0.1377418,0.0036505908,0.998958,0.12384384,0.12008336,0.94641125,0.055145446,-0.021832716,0.9779276,0.018167712,-0.007724955677986145,0.2764037847518921,-0.0077955275774002075
