frame,Ankle.R_x,Ankle.R_y,Ankle.R_z,Knee.R_x,Knee.R_y,Knee.R_z,Hip.R_x,Hip.R_y,Hip.R_z,Hip.L_x,Hip.L_y,Hip.L_z,Knee.L_x,Knee.L_y,Knee.L_z,Ankle.L_x,Ankle.L_y,Ankle.L_z,Wrist.R_x,Wrist.R_y,Wrist.R_z,Elbow.R_x,Elbow.R_y,Elbow.R_z,Shoulder.R_x,Shoulder.R_y,Shoulder.R_z,Shoulder.L_x,Shoulder.L_y,Shoulder.L_z,Elbow.L_x,Elbow.L_y,Elbow.L_z,Wrist.L_x,Wrist.L_y,Wrist.L_z,Neck_x,Neck_y,Neck_z,Head_x,Head_y,Head_z,Nose_x,Nose_y,Nose_z,Eye.L_x,Eye.L_y,Eye.L_z,Eye.R_x,Eye.R_y,Eye.R_z,Ear.L_x,Ear.L_y,Ear.L_z,Ear.R_x,Ear.R_y,Ear.R_z,hip.Center_x,hip.Center_y,hip.Center_z
0,-0.0053939233,-0.3042949,-0.28169775,-0.19866262,-0.13268456,0.055417713,-0.12349863,0.29016614,-0.0282135,0.11675604,0.26903304,-0.0112018,0.08127258,-0.1517848,0.04121384,-0.0078306105,-0.5447956,-0.13264689,-0.030554682,1.1827984,-0.031739425,-0.21615347,1.0116901,0.010445897,-0.06388259,0.7983194,-0.061270572,0.18955953,0.77230275,-0.04295011,0.33357996,0.96480644,0.06590596,0.15664649,1.1183819,-0.032878287,0.06528007,0.81193227,-0.045175277,0.07879217,1.0287386,-0.0011912411,0.07845698,0.9260006,0.11763025,0.11248237,0.967114,0.0832319,0.04543684,0.96895033,0.0833959,0.15274261,0.95324004,-0.013215229,-4.271418e-05,0.9591242,-0.01603359,-0.003371298313140869,0.2795996069908142,-0.01970764994621277
