frame,Ankle.R_x,Ankle.R_y,Ankle.R_z,Knee.R_x,Knee.R_y,Knee.R_z,Hip.R_x,Hip.R_y,Hip.R_z,Hip.L_x,Hip.L_y,Hip.L_z,Knee.L_x,Knee.L_y,Knee.L_z,Ankle.L_x,Ankle.L_y,Ankle.L_z,Wrist.R_x,Wrist.R_y,Wrist.R_z,Elbow.R_x,Elbow.R_y,Elbow.R_z,Shoulder.R_x,Shoulder.R_y,Shoulder.R_z,Shoulder.L_x,Shoulder.L_y,Shoulder.L_z,Elbow.L_x,Elbow.L_y,Elbow.L_z,Wrist.L_x,Wrist.L_y,Wrist.L_z,Neck_x,Neck_y,Neck_z,Head_x,Head_y,Head_z,Nose_x,Nose_y,Nose_z,Eye.L_x,Eye.L_y,Eye.L_z,Eye.R_x,Eye.R_y,Eye.R_z,Ear.L_x,Ear.L_y,Ear.L_z,Ear.R_x,Ear.R_y,Ear.R_z,hip.Center_x,hip.Center_y,hip.Center_z
0,-0.4556758,-0.3388556,-0.29817772,-0.28357327,-0.05594411,-0.036512233,-0.114173576,0.30733863,-0.038705334,0.11412343,0.27423295,0.0072795455,0.14056031,-0.13437106,0.034516834,0.1030329,-0.42856386,-0.26536745,-0.53178346,0.66584843,-0.10850413,-0.29689866,0.64578295,-0.1882632,-0.113899134,0.76715285,-0.02921855,0.1391953,0.76898235,0.08196384,0.37352133,0.63131154,0.085493565,0.5842809,0.650547,0.21160209,-0.009817681,0.8152869,0.05739501,-0.08510793,1.0166334,0.088129595,-0.17466035,0.891607,0.11763917,-0.14784566,0.94181526,0.14162138,-0.15682377,0.9364257,0.075921066,-0.043670997,0.9530277,0.1671447,-0.070250615,0.9419241,0.017265849,-2.5074928998947144e-05,0.2907857894897461,-0.01571289449930191
