frame,Ankle.R_x,Ankle.R_y,Ankle.R_z,Knee.R_x,Knee.R_y,Knee.R_z,Hip.R_x,Hip.R_y,Hip.R_z,Hip.L_x,Hip.L_y,Hip.L_z,Knee.L_x,Knee.L_y,Knee.L_z,Ankle.L_x,Ankle.L_y,Ankle.L_z,Wrist.R_x,Wrist.R_y,Wrist.R_z,Elbow.R_x,Elbow.R_y,Elbow.R_z,Shoulder.R_x,Shoulder.R_y,Shoulder.R_z,Shoulder.L_x,Shoulder.L_y,Shoulder.L_z,Elbow.L_x,Elbow.L_y,Elbow.L_z,Wrist.L_x,Wrist.L_y,Wrist.L_z,Neck_x,Neck_y,Neck_z,Head_x,Head_y,Head_z,Nose_x,Nose_y,Nose_z,Eye.L_x,Eye.L_y,Eye.L_z,Eye.R_x,Eye.R_y,Eye.R_z,Ear.L_x,Ear.L_y,Ear.L_z,Ear.R_x,Ear.R_y,Ear.R_z,hip.Center_x,hip.Center_y,hip.Center_z
0,-0.14565687,-0.49221808,-0.23219422,-0.09416349,-0.13895701,0.00056139054,-0.12173015,0.28160757,0.010818854,0.11186638,0.30067608,-0.03232545,0.12624848,-0.11876976,-0.043546554,0.09668465,-0.48116067,-0.2685719,-0.6317614,0.9071533,0.15322268,-0.4047351,0.86413777,0.052920844,-0.13444243,0.81551695,0.064602025,0.13041791,0.78140616,0.02738588,0.3724066,0.67724156,0.013517509,0.24071173,0.7003152,0.21548177,0.0077235345,0.8363401,0.07416994,0.0788706,1.0401628,0.1169754,0.08126869,0.93266594,0.2343314,0.11395946,0.96644044,0.19079366,0.052533835,0.98545045,0.208751,0.122041754,0.94857705,0.08814515,-0.018210292,0.99348676,0.12658183,-0.004931885749101639,0.2911418080329895,-0.010753298178315163
