frame,Ankle.R_x,Ankle.R_y,Ankle.R_z,Knee.R_x,Knee.R_y,Knee.R_z,Hip.R_x,Hip.R_y,Hip.R_z,Hip.L_x,Hip.L_y,Hip.L_z,Knee.L_x,Knee.L_y,Knee.L_z,Ankle.L_x,Ankle.L_y,Ankle.L_z,Wrist.R_x,Wrist.R_y,Wrist.R_z,Elbow.R_x,Elbow.R_y,Elbow.R_z,Shoulder.R_x,Shoulder.R_y,Shoulder.R_z,Shoulder.L_x,Shoulder.L_y,Shoulder.L_z,Elbow.L_x,Elbow.L_y,Elbow.L_z,Wrist.L_x,Wrist.L_y,Wrist.L_z,Neck_x,Neck_y,Neck_z,Head_x,Head_y,Head_z,Nose_x,Nose_y,Nose_z,Eye.L_x,Eye.L_y,Eye.L_z,Eye.R_x,Eye.R_y,Eye.R_z,Ear.L_x,Ear.L_y,Ear.L_z,Ear.R_x,Ear.R_y,Ear.R_z,hip.Center_x,hip.Center_y,hip.Center_z
0,0.051016215,-0.51506037,-0.24647759,-0.03605817,-0.1615866,0.0036292793,-0.12601283,0.27204993,-0.007438754,0.113655455,0.27659735,-0.017573612,0.05950258,-0.15291895,-0.020824105,-0.017335203,-0.569073,-0.15160817,-0.16501127,1.2625054,0.10230876,-0.24002321,1.0178901,0.03151121,-0.101805575,0.80203944,-0.049948424,0.13390249,0.78770435,-0.033739887,0.26665747,0.98196214,0.08500586,0.16350713,1.2215834,0.11970647,0.01629937,0.81674325,-0.031213684,0.019974131,1.0278199,0.008717424,0.02551766,0.9328288,0.13481739,0.057086587,0.97295177,0.09712315,-0.010003848,0.9712481,0.097768255,0.097583815,0.9552905,0.0009699166,-0.055129055,0.9526671,-6.651878e-05,-0.006178688257932663,0.27432364225387573,-0.012506183236837387
