frame,Ankle.R_x,Ankle.R_y,Ankle.R_z,Knee.R_x,Knee.R_y,Knee.R_z,Hip.R_x,Hip.R_y,Hip.R_z,Hip.L_x,Hip.L_y,Hip.L_z,Knee.L_x,Knee.L_y,Knee.L_z,Ankle.L_x,Ankle.L_y,Ankle.L_z,Wrist.R_x,Wrist.R_y,Wrist.R_z,Elbow.R_x,Elbow.R_y,Elbow.R_z,Shoulder.R_x,Shoulder.R_y,Shoulder.R_z,Shoulder.L_x,Shoulder.L_y,Shoulder.L_z,Elbow.L_x,Elbow.L_y,Elbow.L_z,Wrist.L_x,Wrist.L_y,Wrist.L_z,Neck_x,Neck_y,Neck_z,Head_x,Head_y,Head_z,Nose_x,Nose_y,Nose_z,Eye.L_x,Eye.L_y,Eye.L_z,Eye.R_x,Eye.R_y,Eye.R_z,Ear.L_x,Ear.L_y,Ear.L_z,Ear.R_x,Ear.R_y,Ear.R_z,hip.Center_x,hip.Center_y,hip.Center_z
0,0.07095524,-0.54681844,0.11616441,0.12058007,-0.13992527,-0.041993424,0.11269357,0.29507083,0.007449545,-0.11916623,0.294984,-0.046468496,-0.12367659,-0.13115738,-0.106260374,-0.13217431,-0.5498624,0.03314281,0.47565773,0.4603637,-0.14424302,0.34872562,0.60275245,0.037537444,0.13500977,0.78765273,0.05168789,-0.16570798,0.7661145,0.021126045,-0.30767924,0.52462673,0.0050127404,-0.29858926,0.39674613,-0.21898657,-0.020990334,0.8391057,0.015967019,-0.05356644,1.0533898,-0.054794483,-0.05818316,0.92926043,-0.15249741,-0.09120007,0.97310394,-0.11893803,-0.025536004,0.98125947,-0.13146688,-0.11354567,0.97511363,-0.016705468,0.03661053,0.9926645,-0.04289633,-0.003236331045627594,0.2950274348258972,-0.01950947567820549
