frame,Ankle.R_x,Ankle.R_y,Ankle.R_z,Knee.R_x,Knee.R_y,Knee.R_z,Hip.R_x,Hip.R_y,Hip.R_z,Hip.L_x,Hip.L_y,Hip.L_z,Knee.L_x,Knee.L_y,Knee.L_z,Ankle.L_x,Ankle.L_y,Ankle.L_z,Wrist.R_x,Wrist.R_y,Wrist.R_z,Elbow.R_x,Elbow.R_y,Elbow.R_z,Shoulder.R_x,Shoulder.R_y,Shoulder.R_z,Shoulder.L_x,Shoulder.L_y,Shoulder.L_z,Elbow.L_x,Elbow.L_y,Elbow.L_z,Wrist.L_x,Wrist.L_y,Wrist.L_z,Neck_x,Neck_y,Neck_z,Head_x,Head_y,Head_z,Nose_x,Nose_y,Nose_z,Eye.L_x,Eye.L_y,Eye.L_z,Eye.R_x,Eye.R_y,Eye.R_z,Ear.L_x,Ear.L_y,Ear.L_z,Ear.R_x,Ear.R_y,Ear.R_z,hip.Center_x,hip.Center_y,hip.Center_z
0,-0.017743425,-0.54892814,-0.460202,-0.06530931,-0.20140061,-0.11725581,-0.13293087,0.2576293,-0.028622225,0.12223178,0.2579209,0.0011769198,0.08823789,-0.20119031,-0.06540166,0.05800038,-0.61383843,-0.33174434,-0.26116973,0.308646,0.13141103,-0.28901768,0.47046524,-0.09296397,-0.1537356,0.71185684,0.020054473,0.14511216,0.6843632,0.07773151,0.23617104,0.40610892,-0.001599595,0.24318357,0.13346016,0.05709057,-0.0076565817,0.7642583,0.0817142,-0.032258682,0.9772748,0.12591179,-0.11369451,0.8710538,0.20711024,-0.06882702,0.9161711,0.2098453,-0.11285589,0.91347075,0.15870512,0.030816063,0.9066001,0.17774296,-0.06798388,0.90299886,0.06556653,-0.005349546670913696,0.25777509808540344,-0.013722652569413185
