frame,Ankle.R_x,Ankle.R_y,Ankle.R_z,Knee.R_x,Knee.R_y,Knee.R_z,Hip.R_x,Hip.R_y,Hip.R_z,Hip.L_x,Hip.L_y,Hip.L_z,Knee.L_x,Knee.L_y,Knee.L_z,Ankle.L_x,Ankle.L_y,Ankle.L_z,Wrist.R_x,Wrist.R_y,Wrist.R_z,Elbow.R_x,Elbow.R_y,Elbow.R_z,Shoulder.R_x,Shoulder.R_y,Shoulder.R_z,Shoulder.L_x,Shoulder.L_y,Shoulder.L_z,Elbow.L_x,Elbow.L_y,Elbow.L_z,Wrist.L_x,Wrist.L_y,Wrist.L_z,Neck_x,Neck_y,Neck_z,Head_x,Head_y,Head_z,Nose_x,Nose_y,Nose_z,Eye.L_x,Eye.L_y,Eye.L_z,Eye.R_x,Eye.R_y,Eye.R_z,Ear.L_x,Ear.L_y,Ear.L_z,Ear.R_x,Ear.R_y,Ear.R_z,hip.Center_x,hip.Center_y,hip.Center_z
0,-0.39800757,-0.49355298,-0.39385906,-0.24640967,-0.15047356,-0.08402074,-0.12779818,0.27235618,-0.035552017,0.12084164,0.26879224,0.003355128,0.23344205,-0.15629527,-0.048791446,0.35988522,-0.54529744,-0.31556928,-0.3543224,0.21993665,0.0118452115,-0.24264331,0.44658738,-0.11140142,-0.14607556,0.71843535,-0.037475925,0.1420884,0.70715815,0.07059681,0.17699587,0.42765093,0.14572956,0.02852391,0.38765112,0.37325817,-0.008063011,0.7848184,0.03546291,-0.04214295,1.0031812,0.05217632,-0.120339684,0.9001641,0.14080675,-0.07848935,0.9482081,0.1400427,-0.11989279,0.9379184,0.08775248,0.02299428,0.94127536,0.1124979,-0.071880296,0.9205439,-0.0029475875,-0.0034782737493515015,0.2705742120742798,-0.016098445281386375
