frame,Ankle.R_x,Ankle.R_y,Ankle.R_z,Knee.R_x,Knee.R_y,Knee.R_z,Hip.R_x,Hip.R_y,Hip.R_z,Hip.L_x,Hip.L_y,Hip.L_z,Knee.L_x,Knee.L_y,Knee.L_z,Ankle.L_x,Ankle.L_y,Ankle.L_z,Wrist.R_x,Wrist.R_y,Wrist.R_z,Elbow.R_x,Elbow.R_y,Elbow.R_z,Shoulder.R_x,Shoulder.R_y,Shoulder.R_z,Shoulder.L_x,Shoulder.L_y,Shoulder.L_z,Elbow.L_x,Elbow.L_y,Elbow.L_z,Wrist.L_x,Wrist.L_y,Wrist.L_z,Neck_x,Neck_y,Neck_z,Head_x,Head_y,Head_z,Nose_x,Nose_y,Nose_z,Eye.L_x,Eye.L_y,Eye.L_z,Eye.R_x,Eye.R_y,Eye.R_z,Ear.L_x,Ear.L_y,Ear.L_z,Ear.R_x,Ear.R_y,Ear.R_z,hip.Center_x,hip.Center_y,hip.Center_z
0,0.04573832,-0.435594,0.122622035,0.12698835,-0.10866133,-0.119102865,0.108973235,0.2986382,0.011003576,-0.12126744,0.2910284,-0.038874168,-0.033462826,-0.082719624,-0.20905612,0.059670433,-0.43163887,-0.00056555576,0.6058247,0.63212365,-0.12742834,0.38718283,0.61825264,-0.006171131,0.15319383,0.76804376,0.0057127727,-0.1500395,0.7671608,-0.01928714,-0.34432536,0.569118,-0.006503266,-0.541983,0.5774033,-0.1521492,0.00577709,0.83221513,-0.026960295,0.034052007,1.056771,-0.05680768,0.06511658,0.95673,-0.17345437,0.026463438,1.0018464,-0.15117478,0.08772196,0.993537,-0.12576225,-0.049864046,0.99322784,-0.07847866,0.091181256,0.97474116,-0.020130768,-0.006147101521492004,0.29483330249786377,-0.01393529586493969
