frame,Ankle.R_x,Ankle.R_y,Ankle.R_z,Knee.R_x,Knee.R_y,Knee.R_z,Hip.R_x,Hip.R_y,Hip.R_z,Hip.L_x,Hip.L_y,Hip.L_z,Knee.L_x,Knee.L_y,Knee.L_z,Ankle.L_x,Ankle.L_y,Ankle.L_z,Wrist.R_x,Wrist.R_y,Wrist.R_z,Elbow.R_x,Elbow.R_y,Elbow.R_z,Shoulder.R_x,Shoulder.R_y,Shoulder.R_z,Shoulder.L_x,Shoulder.L_y,Shoulder.L_z,Elbow.L_x,Elbow.L_y,Elbow.L_z,Wrist.L_x,Wrist.L_y,Wrist.L_z,Neck_x,Neck_y,Neck_z,Head_x,Head_y,Head_z,Nose_x,Nose_y,Nose_z,Eye.L_x,Eye.L_y,Eye.L_z,Eye.R_x,Eye.R_y,Eye.R_z,Ear.L_x,Ear.L_y,Ear.L_z,Ear.R_x,Ear.R_y,Ear.R_z,hip.Center_x,hip.Center_y,hip.Center_z
0,0.009930425,-0.50223726,-0.22672032,-0.059862804,-0.1544893,0.029382668,-0.12591772,0.2787337,-0.014342188,0.113115594,0.27654645,-0.012401166,0.060040995,-0.14947774,-0.015119876,0.0046476596,-0.56156754,-0.1591738,-0.1280919,1.246175,0.06407102,-0.24240036,1.0168707,0.009280901,-0.09114006,0.8041318,-0.05505459,0.147976,0.789294,-0.02065112,0.26694888,0.9872374,0.104674004,0.13312337,1.2103974,0.10564146,0.028684234,0.81954074,-0.027735824,0.028757116,1.0326993,0.010775145,0.021987215,0.93826044,0.13698477,0.057038397,0.9784895,0.10257938,-0.009751365,0.9762192,0.096102096,0.10788377,0.9607018,0.0111426115,-0.04460628,0.9568556,-0.0058190823,-0.00640106201171875,0.27764007449150085,-0.01337167713791132
