frame,Ankle.R_x,Ankle.R_y,Ankle.R_z,Knee.R_x,Knee.R_y,Knee.R_z,Hip.R_x,Hip.R_y,Hip.R_z,Hip.L_x,Hip.L_y,Hip.L_z,Knee.L_x,Knee.L_y,Knee.L_z,Ankle.L_x,Ankle.L_y,Ankle.L_z,Wrist.R_x,Wrist.R_y,Wrist.R_z,Elbow.R_x,Elbow.R_y,Elbow.R_z,Shoulder.R_x,Shoulder.R_y,Shoulder.R_z,Shoulder.L_x,Shoulder.L_y,Shoulder.L_z,Elbow.L_x,Elbow.L_y,Elbow.L_z,Wrist.L_x,Wrist.L_y,Wrist.L_z,Neck_x,Neck_y,Neck_z,Head_x,Head_y,Head_z,Nose_x,Nose_y,Nose_z,Eye.L_x,Eye.L_y,Eye.L_z,Eye.R_x,Eye.R_y,Eye.R_z,Ear.L_x,Ear.L_y,Ear.L_z,Ear.R_x,Ear.R_y,Ear.R_z,hip.Center_x,hip.Center_y,hip.Center_z
0,-0.064304195,-0.4242736,-0.3027224,-0.122752465,-0.1410829,-0.0015723358,-0.12198676,0.27508432,-0.032800585,0.10904397,0.2966247,0.005833337,0.12231678,-0.113808036,0.0854605,0.12368089,-0.42551616,-0.19564928,-0.6700044,0.7186214,0.097635284,-0.4620867,0.7225187,-0.040225685,-0.19377638,0.76280737,0.014239346,0.09923597,0.7183813,0.05354471,0.234207,0.4796366,0.0184568,0.326198,0.3797923,0.2165446,-0.044958718,0.80175364,0.063899726,-0.012953101,1.0172505,0.12855555,-0.06932453,0.91081154,0.22779682,-0.020126984,0.94532907,0.21021739,-0.08163895,0.96173453,0.19133562,0.04292562,0.9290277,0.12961331,-0.0954842,0.9670588,0.085436694,-0.006471395492553711,0.2858545184135437,-0.01348362397402525
