frame,Ankle.R_x,Ankle.R_y,Ankle.R_z,Knee.R_x,Knee.R_y,Knee.R_z,Hip.R_x,Hip.R_y,Hip.R_z,Hip.L_x,Hip.L_y,Hip.L_z,Knee.L_x,Knee.L_y,Knee.L_z,Ankle.L_x,Ankle.L_y,Ankle.L_z,Wrist.R_x,Wrist.R_y,Wrist.R_z,Elbow.R_x,Elbow.R_y,Elbow.R_z,Shoulder.R_x,Shoulder.R_y,Shoulder.R_z,Shoulder.L_x,Shoulder.L_y,Shoulder.L_z,Elbow.L_x,Elbow.L_y,Elbow.L_z,Wrist.L_x,Wrist.L_y,Wrist.L_z,Neck_x,Neck_y,Neck_z,Head_x,Head_y,Head_z,Nose_x,Nose_y,Nose_z,Eye.L_x,Eye.L_y,Eye.L_z,Eye.R_x,Eye.R_y,Eye.R_z,Ear.L_x,Ear.L_y,Ear.L_z,Ear.R_x,Ear.R_y,Ear.R_z,hip.Center_x,hip.Center_y,hip.Center_z
0,0.044326793,-0.42193398,0.11319607,0.1833082,-0.09082777,-0.073617116,0.086518474,0.2891637,0.05615213,-0.10156919,0.2851789,-0.083698645,0.025328137,-0.08782515,-0.2024945,0.019564923,-0.40624815,0.05262263,0.6294494,0.6921324,0.14627816,0.38090104,0.6833085,0.15164927,0.149133,0.7604243,0.045291346,-0.0879076,0.7703581,-0.10845363,-0.31619322,0.66653454,-0.2027745,-0.50382966,0.6691645,-0.36351722,0.04890327,0.81218344,-0.049878296,0.09943334,1.0210245,-0.070736155,0.16193792,0.9204297,-0.17275979,0.1207215,0.9660244,-0.16394216,0.17047702,0.95613635,-0.121277064,0.027173746,0.96032906,-0.118057325,0.14074571,0.9380819,-0.0205501,-0.007525358349084854,0.28717130422592163,-0.013773256912827492
