frame,Ankle.R_x,Ankle.R_y,Ankle.R_z,Knee.R_x,Knee.R_y,Knee.R_z,Hip.R_x,Hip.R_y,Hip.R_z,Hip.L_x,Hip.L_y,Hip.L_z,Knee.L_x,Knee.L_y,Knee.L_z,Ankle.L_x,Ankle.L_y,Ankle.L_z,Wrist.R_x,Wrist.R_y,Wrist.R_z,Elbow.R_x,Elbow.R_y,Elbow.R_z,Shoulder.R_x,Shoulder.R_y,Shoulder.R_z,Shoulder.L_x,Shoulder.L_y,Shoulder.L_z,Elbow.L_x,Elbow.L_y,Elbow.L_z,Wrist.L_x,Wrist.L_y,Wrist.L_z,Neck_x,Neck_y,Neck_z,Head_x,Head_y,Head_z,Nose_x,Nose_y,Nose_z,Eye.L_x,Eye.L_y,Eye.L_z,Eye.R_x,Eye.R_y,Eye.R_z,Ear.L_x,Ear.L_y,Ear.L_z,Ear.R_x,Ear.R_y,Ear.R_z,hip.Center_x,hip.Center_y,hip.Center_z
0,-0.1091754,-0.45354345,-0.27468395,-0.16660978,-0.12249411,-0.02302995,-0.11951101,0.29211968,-0.040211048,0.11330715,0.27309516,0.014963016,0.021011515,-0.13502616,0.033102397,-0.033565357,-0.49217463,-0.18438357,-0.5975476,0.8694783,0.03989484,-0.3662175,0.8405136,-0.047962636,-0.101802126,0.79398715,0.0053687887,0.16203831,0.7429369,0.10506271,0.22088459,0.6422169,0.3399005,-0.017376166,0.6831316,0.35515112,0.03781618,0.8136474,0.06254856,0.09694963,1.0219992,0.08090298,0.07497267,0.9361336,0.21235137,0.11646706,0.9625893,0.17237407,0.05289028,0.9831985,0.17491993,0.14290252,0.92884,0.07794431,0.00055413693,0.97660804,0.079750225,-0.003101930022239685,0.28260743618011475,-0.012624016031622887
