frame,Ankle.R_x,Ankle.R_y,Ankle.R_z,Knee.R_x,Knee.R_y,Knee.R_z,Hip.R_x,Hip.R_y,Hip.R_z,Hip.L_x,Hip.L_y,Hip.L_z,Knee.L_x,Knee.L_y,Knee.L_z,Ankle.L_x,Ankle.L_y,Ankle.L_z,Wrist.R_x,Wrist.R_y,Wrist.R_z,Elbow.R_x,Elbow.R_y,Elbow.R_z,Shoulder.R_x,Shoulder.R_y,Shoulder.R_z,Shoulder.L_x,Shoulder.L_y,Shoulder.L_z,Elbow.L_x,Elbow.L_y,Elbow.L_z,Wrist.L_x,Wrist.L_y,Wrist.L_z,Neck_x,Neck_y,Neck_z,Head_x,Head_y,Head_z,Nose_x,Nose_y,Nose_z,Eye.L_x,Eye.L_y,Eye.L_z,Eye.R_x,Eye.R_y,Eye.R_z,Ear.L_x,Ear.L_y,Ear.L_z,Ear.R_x,Ear.R_y,Ear.R_z,hip.Center_x,hip.Center_y,hip.Center_z
0,0.024762934,-0.48143616,-0.23394784,-0.05549924,-0.14895128,0.033661745,-0.12551397,0.2827966,-0.0110008195,0.11247539,0.28070796,-0.015720762,0.058952276,-0.14364201,-0.027599651,-0.007159126,-0.5496732,-0.17590529,-0.13552827,1.272314,0.051005486,-0.2305468,1.033262,0.0029139027,-0.086722046,0.8157195,-0.059104823,0.15210354,0.7970442,-0.027440958,0.26709017,0.99281037,0.10292333,0.13042118,1.213569,0.10174582,0.033221893,0.82909584,-0.033596087,0.040066045,1.0448639,0.00529168,0.030100988,0.94963,0.13114813,0.06644039,0.9890679,0.09666419,-0.00043891743,0.98884964,0.09008874,0.11728362,0.9702811,0.00499554,-0.03603331,0.97095525,-0.012520924,-0.006519291549921036,0.2817522883415222,-0.01336079090833664
