frame,Ankle.R_x,Ankle.R_y,Ankle.R_z,Knee.R_x,Knee.R_y,Knee.R_z,Hip.R_x,Hip.R_y,Hip.R_z,Hip.L_x,Hip.L_y,Hip.L_z,Knee.L_x,Knee.L_y,Knee.L_z,Ankle.L_x,Ankle.L_y,Ankle.L_z,Wrist.R_x,Wrist.R_y,Wrist.R_z,Elbow.R_x,Elbow.R_y,Elbow.R_z,Shoulder.R_x,Shoulder.R_y,Shoulder.R_z,Shoulder.L_x,Shoulder.L_y,Shoulder.L_z,Elbow.L_x,Elbow.L_y,Elbow.L_z,Wrist.L_x,Wrist.L_y,Wrist.L_z,Neck_x,Neck_y,Neck_z,Head_x,Head_y,Head_z,Nose_x,Nose_y,Nose_z,Eye.L_x,Eye.L_y,Eye.L_z,Eye.R_x,Eye.R_y,Eye.R_z,Ear.L_x,Ear.L_y,Ear.L_z,Ear.R_x,Ear.R_y,Ear.R_z,hip.Center_x,hip.Center_y,hip.Center_z
0,-0.15573497,-0.462723,-0.25205302,-0.11540521,-0.12293814,-0.0059462436,-0.12228644,0.29306585,0.008100451,0.11124008,0.30794775,-0.028933696,0.12737082,-0.10674017,-0.07923566,0.08958995,-0.41398692,-0.37029898,-0.61871487,0.92340946,0.14758234,-0.39774612,0.86620533,0.045396775,-0.12615295,0.83524853,0.073333316,0.13982444,0.7901503,0.029838346,0.3538174,0.6510526,-0.0493285,0.3288791,0.71741956,0.1790147,0.021508608,0.85496634,0.08240884,0.11019444,1.0578793,0.09716785,0.11109343,0.9673284,0.22962056,0.14349122,0.99199414,0.17939343,0.08479035,1.0186945,0.19762003,0.14449592,0.9590564,0.07934557,0.008312926,1.0213242,0.11778988,-0.005523178726434708,0.3005068004131317,-0.010416623204946518
