frame,Ankle.R_x,Ankle.R_y,Ankle.R_z,Knee.R_x,Knee.R_y,Knee.R_z,Hip.R_x,Hip.R_y,Hip.R_z,Hip.L_x,Hip.L_y,Hip.L_z,Knee.L_x,Knee.L_y,Knee.L_z,Ankle.L_x,Ankle.L_y,Ankle.L_z,Wrist.R_x,Wrist.R_y,Wrist.R_z,Elbow.R_x,Elbow.R_y,Elbow.R_z,Shoulder.R_x,Shoulder.R_y,Shoulder.R_z,Shoulder.L_x,Shoulder.L_y,Shoulder.L_z,Elbow.L_x,Elbow.L_y,Elbow.L_z,Wrist.L_x,Wrist.L_y,Wrist.L_z,Neck_x,Neck_y,Neck_z,Head_x,Head_y,Head_z,Nose_x,Nose_y,Nose_z,Eye.L_x,Eye.L_y,Eye.L_z,Eye.R_x,Eye.R_y,Eye.R_z,Ear.L_x,Ear.L_y,Ear.L_z,Ear.R_x,Ear.R_y,Ear.R_z,hip.Center_x,hip.Center_y,hip.Center_z
0,0.11860045,-0.37089399,0.11913721,0.17117207,-0.085491724,-0.18847828,0.11178799,0.30469042,0.0050814757,-0.12699941,0.2886492,-0.022097012,-0.1029045,-0.098067194,-0.22045182,0.10238324,-0.32281917,0.07261998,0.53846294,0.43881643,0.052753203,0.33159998,0.59375775,0.09811345,0.12528639,0.7785326,0.04928717,-0.17597075,0.75733256,-0.03305809,-0.29037976,0.5194253,-0.12938917,-0.35986146,0.35903162,-0.32353553,-0.026343586,0.83690834,-0.009174975,-0.03349392,1.0631403,-0.05548574,-0.0291739,0.9555442,-0.16995761,-0.06462674,0.9966452,-0.1363608,0.0024568038,1.0009468,-0.13670573,-0.104489006,0.9855449,-0.040246718,0.049021464,0.9936752,-0.0384921,-0.007605709135532379,0.2966698110103607,-0.00850776769220829
