frame,Ankle.R_x,Ankle.R_y,Ankle.R_z,Knee.R_x,Knee.R_y,Knee.R_z,Hip.R_x,Hip.R_y,Hip.R_z,Hip.L_x,Hip.L_y,Hip.L_z,Knee.L_x,Knee.L_y,Knee.L_z,Ankle.L_x,Ankle.L_y,Ankle.L_z,Wrist.R_x,Wrist.R_y,Wrist.R_z,Elbow.R_x,Elbow.R_y,Elbow.R_z,Shoulder.R_x,Shoulder.R_y,Shoulder.R_z,Shoulder.L_x,Shoulder.L_y,Shoulder.L_z,Elbow.L_x,Elbow.L_y,Elbow.L_z,Wrist.L_x,Wrist.L_y,Wrist.L_z,Neck_x,Neck_y,Neck_z,Head_x,Head_y,Head_z,Nose_x,Nose_y,Nose_z,Eye.L_x,Eye.L_y,Eye.L_z,Eye.R_x,Eye.R_y,Eye.R_z,Ear.L_x,Ear.L_y,Ear.L_z,Ear.R_x,Ear.R_y,Ear.R_z,hip.Center_x,hip.Center_y,hip.Center_z
0,0.06412273,-0.51603043,-0.253912,-0.040504448,-0.16275972,-0.036212593,-0.12287046,0.25871402,-0.025439601,0.111709155,0.26368588,0.0061193323,0.036773264,-0.15373875,0.025289854,-0.0471249,-0.546269,-0.12183272,-0.6372666,0.858815,-0.12069382,-0.39275312,0.794576,-0.09543128,-0.14222217,0.73979366,-0.018478684,0.1012921,0.74117166,0.041809943,0.36730075,0.74055827,0.064515635,0.60500634,0.7594494,0.14652349,-0.03426307,0.7732531,0.037157066,-0.086113945,0.9676798,0.09251128,-0.15459652,0.8478943,0.16286033,-0.11721404,0.89660674,0.1701257,-0.15797675,0.891997,0.118528426,-0.018328905,0.9045303,0.1395669,-0.11017961,0.8957306,0.027506918,-0.005580652505159378,0.261199951171875,-0.009660134091973305
