frame,Ankle.R_x,Ankle.R_y,Ankle.R_z,Knee.R_x,Knee.R_y,Knee.R_z,Hip.R_x,Hip.R_y,Hip.R_z,Hip.L_x,Hip.L_y,Hip.L_z,Knee.L_x,Knee.L_y,Knee.L_z,Ankle.L_x,Ankle.L_y,Ankle.L_z,Wrist.R_x,Wrist.R_y,Wrist.R_z,Elbow.R_x,Elbow.R_y,Elbow.R_z,Shoulder.R_x,Shoulder.R_y,Shoulder.R_z,Shoulder.L_x,Shoulder.L_y,Shoulder.L_z,Elbow.L_x,Elbow.L_y,Elbow.L_z,Wrist.L_x,Wrist.L_y,Wrist.L_z,Neck_x,Neck_y,Neck_z,Head_x,Head_y,Head_z,Nose_x,Nose_y,Nose_z,Eye.L_x,Eye.L_y,Eye.L_z,Eye.R_x,Eye.R_y,Eye.R_z,Ear.L_x,Ear.L_y,Ear.L_z,Ear.R_x,Ear.R_y,Ear.R_z,hip.Center_x,hip.Center_y,hip.Center_z
0,0.10452065,-0.33249068,-0.04285929,0.16888227,-0.0066235997,-0.27987078,0.11071384,0.2971751,0.015702777,-0.12659398,0.28189301,-0.0213353,-0.068833165,-0.03260702,-0.29705018,0.06391161,-0.35013312,-0.067393966,0.5284873,0.45074978,0.046643145,0.31720635,0.5819146,0.10822543,0.10536459,0.7575916,0.07484978,-0.19342211,0.72340196,0.0023182686,-0.30308807,0.48273128,-0.08009188,-0.3815596,0.33648908,-0.2724829,-0.049948867,0.812157,0.024389315,-0.07579326,1.0397518,-0.020769466,-0.062542714,0.9299295,-0.13010028,-0.10128729,0.9684154,-0.098574996,-0.035148684,0.97819126,-0.09927386,-0.13926557,0.9583065,-0.002767682,0.011327179,0.9792902,-0.0020603687,-0.00794006884098053,0.2895340621471405,-0.002816261723637581
