frame,Ankle.R_x,Ankle.R_y,Ankle.R_z,Knee.R_x,Knee.R_y,Knee.R_z,Hip.R_x,Hip.R_y,Hip.R_z,Hip.L_x,Hip.L_y,Hip.L_z,Knee.L_x,Knee.L_y,Knee.L_z,Ankle.L_x,Ankle.L_y,Ankle.L_z,Wrist.R_x,Wrist.R_y,Wrist.R_z,Elbow.R_x,Elbow.R_y,Elbow.R_z,Shoulder.R_x,Shoulder.R_y,Shoulder.R_z,Shoulder.L_x,Shoulder.L_y,Shoulder.L_z,Elbow.L_x,Elbow.L_y,Elbow.L_z,Wrist.L_x,Wrist.L_y,Wrist.L_z,Neck_x,Neck_y,Neck_z,Head_x,Head_y,Head_z,Nose_x,Nose_y,Nose_z,Eye.L_x,Eye.L_y,Eye.L_z,Eye.R_x,Eye.R_y,Eye.R_z,Ear.L_x,Ear.L_y,Ear.L_z,Ear.R_x,Ear.R_y,Ear.R_z,hip.Center_x,hip.Center_y,hip.Center_z
0,0.093551144,-0.3666463,0.13620028,0.17911145,-0.086985424,-0.15016355,0.107759885,0.29606566,0.016797764,-0.12231296,0.28784925,-0.039880957,-0.059155338,-0.07667842,-0.23486105,0.034870632,-0.39414117,0.013196133,0.5962374,0.63727844,-0.12986864,0.3859325,0.6134584,0.0033620866,0.14923777,0.7571186,0.020143583,-0.15115231,0.75748444,-0.0237296,-0.35482484,0.57074994,-0.04612749,-0.5268357,0.6296669,-0.20910914,0.005179383,0.8212868,-0.01885481,0.040455747,1.0449252,-0.053519715,0.07193391,0.9386841,-0.16344541,0.034351915,0.98568773,-0.145246,0.09437716,0.9771582,-0.117560565,-0.043527406,0.9827932,-0.0745323,0.09399913,0.9637394,-0.011467431,-0.007276538759469986,0.29195743799209595,-0.011541596613824368
