frame,Ankle.R_x,Ankle.R_y,Ankle.R_z,Knee.R_x,Knee.R_y,Knee.R_z,Hip.R_x,Hip.R_y,Hip.R_z,Hip.L_x,Hip.L_y,Hip.L_z,Knee.L_x,Knee.L_y,Knee.L_z,Ankle.L_x,Ankle.L_y,Ankle.L_z,Wrist.R_x,Wrist.R_y,Wrist.R_z,Elbow.R_x,Elbow.R_y,Elbow.R_z,Shoulder.R_x,Shoulder.R_y,Shoulder.R_z,Shoulder.L_x,Shoulder.L_y,Shoulder.L_z,Elbow.L_x,Elbow.L_y,Elbow.L_z,Wrist.L_x,Wrist.L_y,Wrist.L_z,Neck_x,Neck_y,Neck_z,Head_x,Head_y,Head_z,Nose_x,Nose_y,Nose_z,Eye.L_x,Eye.L_y,Eye.L_z,Eye.R_x,Eye.R_y,Eye.R_z,Ear.L_x,Ear.L_y,Ear.L_z,Ear.R_x,Ear.R_y,Ear.R_z,hip.Center_x,hip.Center_y,hip.Center_z
0,-0.36768907,-0.5527285,-0.3418061,-0.22452746,-0.17208001,-0.06604832,-0.13029735,0.26516554,-0.029489266,0.12183788,0.26480588,-0.001804651,0.23562558,-0.156112,-0.09017228,0.39102948,-0.5476158,-0.34849405,-0.31684947,0.23666158,0.060523942,-0.2625486,0.46083623,-0.104226336,-0.14003326,0.72123754,-0.029735807,0.15238021,0.6941917,0.05771905,0.17885861,0.41400576,0.14531359,0.029052798,0.30528545,0.3555381,0.0046748044,0.7748121,0.03292418,-0.026140647,0.9874654,0.070223615,-0.08332507,0.8774495,0.1664051,-0.042293064,0.92545974,0.15999985,-0.09459297,0.91867435,0.11780325,0.049716227,0.92224354,0.1095795,-0.06799876,0.9085301,0.017241338,-0.00422973558306694,0.26498571038246155,-0.015646958723664284
