frame,Ankle.R_x,Ankle.R_y,Ankle.R_z,Knee.R_x,Knee.R_y,Knee.R_z,Hip.R_x,Hip.R_y,Hip.R_z,Hip.L_x,Hip.L_y,Hip.L_z,Knee.L_x,Knee.L_y,Knee.L_z,Ankle.L_x,Ankle.L_y,Ankle.L_z,Wrist.R_x,Wrist.R_y,Wrist.R_z,Elbow.R_x,Elbow.R_y,Elbow.R_z,Shoulder.R_x,Shoulder.R_y,Shoulder.R_z,Shoulder.L_x,Shoulder.L_y,Shoulder.L_z,Elbow.L_x,Elbow.L_y,Elbow.L_z,Wrist.L_x,Wrist.L_y,Wrist.L_z,Neck_x,Neck_y,Neck_z,Head_x,Head_y,Head_z,Nose_x,Nose_y,Nose_z,Eye.L_x,Eye.L_y,Eye.L_z,Eye.R_x,Eye.R_y,Eye.R_z,Ear.L_x,Ear.L_y,Ear.L_z,Ear.R_x,Ear.R_y,Ear.R_z,hip.Center_x,hip.Center_y,hip.Center_z
0,-0.45370206,-0.4079382,-0.22342642,-0.2845774,-0.0715018,-0.026484149,-0.114832446,0.28947076,-0.04294081,0.11486273,0.2559785,0.008370326,0.11040636,-0.15322468,0.049448702,0.10215235,-0.5270932,-0.16143087,-0.5121714,0.9855274,-0.1155638,-0.3247197,0.8187654,-0.15580182,-0.09586914,0.7512655,-0.03623943,0.13167167,0.7554177,0.04202412,0.39536554,0.78128076,0.05959694,0.6098335,0.88261306,0.14716907,-0.00053506345,0.7815026,0.030905895,-0.062958695,0.97377074,0.07626444,-0.13459162,0.8545456,0.1467812,-0.099716365,0.9036361,0.15486099,-0.13538495,0.89626783,0.099845946,0.0028002858,0.91269714,0.13299102,-0.0811632,0.8974016,0.010427303,1.514330506324768e-05,0.27272462844848633,-0.017285242676734924
