frame,Ankle.R_x,Ankle.R_y,Ankle.R_z,Knee.R_x,Knee.R_y,Knee.R_z,Hip.R_x,Hip.R_y,Hip.R_z,Hip.L_x,Hip.L_y,Hip.L_z,Knee.L_x,Knee.L_y,Knee.L_z,Ankle.L_x,Ankle.L_y,Ankle.L_z,Wrist.R_x,Wrist.R_y,Wrist.R_z,Elbow.R_x,Elbow.R_y,Elbow.R_z,Shoulder.R_x,Shoulder.R_y,Shoulder.R_z,Shoulder.L_x,Shoulder.L_y,Shoulder.L_z,Elbow.L_x,Elbow.L_y,Elbow.L_z,Wrist.L_x,Wrist.L_y,Wrist.L_z,Neck_x,Neck_y,Neck_z,Head_x,Head_y,Head_z,Nose_x,Nose_y,Nose_z,Eye.L_x,Eye.L_y,Eye.L_z,Eye.R_x,Eye.R_y,Eye.R_z,Ear.L_x,Ear.L_y,Ear.L_z,Ear.R_x,Ear.R_y,Ear.R_z,hip.Center_x,hip.Center_y,hip.Center_z
0,0.021459613,-0.4877585,-0.23154159,-0.06683871,-0.1520252,0.03075351,-0.12585013,0.28063196,-0.015835296,0.11298552,0.27711654,-0.01229527,0.060607936,-0.14777946,-0.006698879,0.0005314234,-0.55369115,-0.16180436,-0.12596886,1.2499981,0.06728299,-0.23727329,1.0190508,0.018085271,-0.08731288,0.8067581,-0.050482467,0.15351939,0.78906894,-0.022411577,0.28028083,0.98681784,0.09478493,0.14486971,1.2072499,0.082651794,0.033983294,0.8215914,-0.027611803,0.039509933,1.0356838,-0.0076456033,0.028627139,0.95444274,0.12768932,0.065066,0.99046826,0.090023875,-0.0016535744,0.9888215,0.08248593,0.11726826,0.96242535,0.0016791597,-0.035185866,0.9600482,-0.017866392,-0.006432302296161652,0.2788742482662201,-0.014065283350646496
