frame,Ankle.R_x,Ankle.R_y,Ankle.R_z,Knee.R_x,Knee.R_y,Knee.R_z,Hip.R_x,Hip.R_y,Hip.R_z,Hip.L_x,Hip.L_y,Hip.L_z,Knee.L_x,Knee.L_y,Knee.L_z,Ankle.L_x,Ankle.L_y,Ankle.L_z,Wrist.R_x,Wrist.R_y,Wrist.R_z,Elbow.R_x,Elbow.R_y,Elbow.R_z,Shoulder.R_x,Shoulder.R_y,Shoulder.R_z,Shoulder.L_x,Shoulder.L_y,Shoulder.L_z,Elbow.L_x,Elbow.L_y,Elbow.L_z,Wrist.L_x,Wrist.L_y,Wrist.L_z,Neck_x,Neck_y,Neck_z,Head_x,Head_y,Head_z,Nose_x,Nose_y,Nose_z,Eye.L_x,Eye.L_y,Eye.L_z,Eye.R_x,Eye.R_y,Eye.R_z,Ear.L_x,Ear.L_y,Ear.L_z,Ear.R_x,Ear.R_y,Ear.R_z,hip.Center_x,hip.Center_y,hip.Center_z
0,-0.012460903,-0.43264782,-0.30300665,-0.14558975,-0.12182909,-0.05492578,-0.1121213,0.30090395,-0.06565951,0.10359637,0.2730393,0.04032712,-0.049032528,-0.1159433,0.04882046,-0.10994448,-0.490152,-0.13311772,-0.5845031,0.86614406,0.012305627,-0.35167927,0.8564199,-0.08079417,-0.08937221,0.8074703,-0.008053904,0.16557147,0.7443733,0.12705804,0.2100581,0.6326752,0.3684343,-0.01761097,0.70771223,0.41575396,0.046532337,0.8239492,0.066157386,0.10341328,1.036826,0.080888346,0.07249358,0.95647705,0.21546397,0.11690058,0.9815177,0.17693394,0.052658513,1.0014923,0.17409477,0.15096472,0.94323033,0.08552036,0.006634075,0.9899087,0.074626304,-0.004262465983629227,0.2869716286659241,-0.012666193768382072
