frame,Ankle.R_x,Ankle.R_y,Ankle.R_z,Knee.R_x,Knee.R_y,Knee.R_z,Hip.R_x,Hip.R_y,Hip.R_z,Hip.L_x,Hip.L_y,Hip.L_z,Knee.L_x,Knee.L_y,Knee.L_z,Ankle.L_x,Ankle.L_y,Ankle.L_z,Wrist.R_x,Wrist.R_y,Wrist.R_z,Elbow.R_x,Elbow.R_y,Elbow.R_z,Shoulder.R_x,Shoulder.R_y,Shoulder.R_z,Shoulder.L_x,Shoulder.L_y,Shoulder.L_z,Elbow.L_x,Elbow.L_y,Elbow.L_z,Wrist.L_x,Wrist.L_y,Wrist.L_z,Neck_x,Neck_y,Neck_z,Head_x,Head_y,Head_z,Nose_x,Nose_y,Nose_z,Eye.L_x,Eye.L_y,Eye.L_z,Eye.R_x,Eye.R_y,Eye.R_z,Ear.L_x,Ear.L_y,Ear.L_z,Ear.R_x,Ear.R_y,Ear.R_z,hip.Center_x,hip.Center_y,hip.Center_z
0,0.059505977,-0.4704283,-0.261872,-0.122536905,-0.15271698,-0.0391534,-0.120348856,0.2750762,-0.04294277,0.10914361,0.2654209,0.019273762,0.055753067,-0.15657228,0.001603383,0.025198735,-0.5233495,-0.22551942,-0.4344524,1.1674163,0.019592505,-0.29752296,0.9521754,-0.029408343,-0.1023095,0.7730138,-0.019460838,0.13568456,0.7617329,0.035354346,0.346134,0.89725745,0.11007653,0.4858036,1.0909828,0.21103926,0.012449205,0.79760855,0.02191408,0.005520578,1.0077349,0.031697594,-0.02520739,0.9327089,0.16633467,0.015365273,0.9686171,0.135028,-0.04862778,0.9643892,0.116917044,0.0804453,0.9392575,0.058338065,-0.06199555,0.9312714,0.015257042,-0.005602624267339706,0.27024856209754944,-0.011834504082798958
