frame,Ankle.R_x,Ankle.R_y,Ankle.R_z,Knee.R_x,Knee.R_y,Knee.R_z,Hip.R_x,Hip.R_y,Hip.R_z,Hip.L_x,Hip.L_y,Hip.L_z,Knee.L_x,Knee.L_y,Knee.L_z,Ankle.L_x,Ankle.L_y,Ankle.L_z,Wrist.R_x,Wrist.R_y,Wrist.R_z,Elbow.R_x,Elbow.R_y,Elbow.R_z,Shoulder.R_x,Shoulder.R_y,Shoulder.R_z,Shoulder.L_x,Shoulder.L_y,Shoulder.L_z,Elbow.L_x,Elbow.L_y,Elbow.L_z,Wrist.L_x,Wrist.L_y,Wrist.L_z,Neck_x,Neck_y,Neck_z,Head_x,Head_y,Head_z,Nose_x,Nose_y,Nose_z,Eye.L_x,Eye.L_y,Eye.L_z,Eye.R_x,Eye.R_y,Eye.R_z,Ear.L_x,Ear.L_y,Ear.L_z,Ear.R_x,Ear.R_y,Ear.R_z,hip.Center_x,hip.Center_y,hip.Center_z
0,0.073558755,-0.31628945,0.08890511,0.23808913,-0.05508568,-0.17106919,0.10393308,0.28430322,0.031064456,-0.12137455,0.27668828,-0.048861034,-0.050454136,-0.058989055,-0.28240904,-0.012422982,-0.37236267,-0.015550479,0.56632537,0.5247231,-0.11011541,0.35492003,0.58915055,0.010167976,0.12936085,0.74263626,0.019831046,-0.16123277,0.7256809,-0.01813975,-0.33690476,0.5173018,0.010203346,-0.5593161,0.48798618,-0.08906943,-0.016192012,0.7958757,-0.017990291,-0.015142491,1.0136548,-0.02769606,0.005606183,0.9331143,-0.1597599,-0.033316743,0.9688767,-0.12665193,0.032057796,0.96826935,-0.1145121,-0.08808728,0.9414868,-0.043797087,0.058827363,0.9398862,-0.015418693,-0.008720733225345612,0.2804957628250122,-0.008898288942873478
