frame,Ankle.R_x,Ankle.R_y,Ankle.R_z,Knee.R_x,Knee.R_y,Knee.R_z,Hip.R_x,Hip.R_y,Hip.R_z,Hip.L_x,Hip.L_y,Hip.L_z,Knee.L_x,Knee.L_y,Knee.L_z,Ankle.L_x,Ankle.L_y,Ankle.L_z,Wrist.R_x,Wrist.R_y,Wrist.R_z,Elbow.R_x,Elbow.R_y,Elbow.R_z,Shoulder.R_x,Shoulder.R_y,Shoulder.R_z,Shoulder.L_x,Shoulder.L_y,Shoulder.L_z,Elbow.L_x,Elbow.L_y,Elbow.L_z,Wrist.L_x,Wrist.L_y,Wrist.L_z,Neck_x,Neck_y,Neck_z,Head_x,Head_y,Head_z,Nose_x,Nose_y,Nose_z,Eye.L_x,Eye.L_y,Eye.L_z,Eye.R_x,Eye.R_y,Eye.R_z,Ear.L_x,Ear.L_y,Ear.L_z,Ear.R_x,Ear.R_y,Ear.R_z,hip.Center_x,hip.Center_y,hip.Center_z
0,-0.4679696,-0.35241568,-0.2677369,-0.30089402,-0.046601765,-0.026897872,-0.112316675,0.3042855,-0.047938537,0.11453296,0.26922113,0.01162392,0.12779115,-0.1398436,0.05684986,0.10376381,-0.4500705,-0.23250481,-0.52593386,0.81067026,-0.21633843,-0.29279742,0.72187686,-0.22905359,-0.1037147,0.77302873,-0.04363531,0.13338315,0.77266926,0.065084316,0.38518664,0.6790084,0.072025955,0.577898,0.75525904,0.20487979,-0.008419939,0.8118307,0.04245561,-0.07360133,1.0103384,0.07652442,-0.16316253,0.89243203,0.12958136,-0.12892044,0.94134164,0.14503287,-0.15168777,0.93442386,0.08296014,-0.022067197,0.9469511,0.14804024,-0.07862571,0.93207574,0.0072240494,0.0011081434786319733,0.2867532968521118,-0.01815730892121792
