frame,Ankle.R_x,Ankle.R_y,Ankle.R_z,Knee.R_x,Knee.R_y,Knee.R_z,Hip.R_x,Hip.R_y,Hip.R_z,Hip.L_x,Hip.L_y,Hip.L_z,Knee.L_x,Knee.L_y,Knee.L_z,Ankle.L_x,Ankle.L_y,Ankle.L_z,Wrist.R_x,Wrist.R_y,Wrist.R_z,Elbow.R_x,Elbow.R_y,Elbow.R_z,Shoulder.R_x,Shoulder.R_y,Shoulder.R_z,Shoulder.L_x,Shoulder.L_y,Shoulder.L_z,Elbow.L_x,Elbow.L_y,Elbow.L_z,Wrist.L_x,Wrist.L_y,Wrist.L_z,Neck_x,Neck_y,Neck_z,Head_x,Head_y,Head_z,Nose_x,Nose_y,Nose_z,Eye.L_x,Eye.L_y,Eye.L_z,Eye.R_x,Eye.R_y,Eye.R_z,Ear.L_x,Ear.L_y,Ear.L_z,Ear.R_x,Ear.R_y,Ear.R_z,hip.Center_x,hip.Center_y,hip.Center_z
0,-0.027519543,-0.56894165,-0.29839116,-0.12127616,-0.19362932,-0.024974817,-0.13010062,0.26592892,-0.032181576,0.11995682,0.26497245,-0.0048302086,0.14290586,-0.18534061,-0.008363729,0.15815486,-0.5926089,-0.25975037,-0.32431328,0.18168944,-0.037601784,-0.24391854,0.44174817,-0.09134134,-0.15119044,0.69760936,0.01718628,0.14715825,0.70512176,0.060678683,0.33467194,0.4830354,0.00705345,0.5231079,0.29527968,0.074977346,-0.009925995,0.7646083,0.07532037,-0.05325249,0.9705885,0.14622413,-0.11252673,0.845091,0.21635759,-0.07422763,0.8948684,0.2221591,-0.12104617,0.89277357,0.174314,0.022366948,0.9041532,0.18252775,-0.0841646,0.9009067,0.07775803,-0.00507190078496933,0.26545068621635437,-0.018505891785025597
