frame,Ankle.R_x,Ankle.R_y,Ankle.R_z,Knee.R_x,Knee.R_y,Knee.R_z,Hip.R_x,Hip.R_y,Hip.R_z,Hip.L_x,Hip.L_y,Hip.L_z,Knee.L_x,Knee.L_y,Knee.L_z,Ankle.L_x,Ankle.L_y,Ankle.L_z,Wrist.R_x,Wrist.R_y,Wrist.R_z,Elbow.R_x,Elbow.R_y,Elbow.R_z,Shoulder.R_x,Shoulder.R_y,Shoulder.R_z,Shoulder.L_x,Shoulder.L_y,Shoulder.L_z,Elbow.L_x,Elbow.L_y,Elbow.L_z,Wrist.L_x,Wrist.L_y,Wrist.L_z,Neck_x,Neck_y,Neck_z,Head_x,Head_y,Head_z,Nose_x,Nose_y,Nose_z,Eye.L_x,Eye.L_y,Eye.L_z,Eye.R_x,Eye.R_y,Eye.R_z,Ear.L_x,Ear.L_y,Ear.L_z,Ear.R_x,Ear.R_y,Ear.R_z,hip.Center_x,hip.Center_y,hip.Center_z
0,-0.12943561,-0.403107,-0.36887118,-0.12424795,-0.1364531,-0.044790287,-0.12132913,0.2799199,-0.025716716,0.107748605,0.30055204,0.007713743,0.15122573,-0.117674366,-0.0006010983,0.16565675,-0.4072193,-0.3060684,-0.6910063,0.6065701,-0.0058797277,-0.44718233,0.67421293,-0.032746132,-0.1993144,0.7721081,0.01499808,0.07462822,0.7448297,0.11683071,0.1159735,0.50189453,0.20026956,0.010853918,0.37294143,0.38311642,-0.068932675,0.8195069,0.08343872,-0.07953192,1.0400963,0.12710494,-0.18269332,0.9396814,0.18759295,-0.13441832,0.9784646,0.1984523,-0.17025104,0.9838495,0.14252892,-0.03161084,0.9604143,0.17881538,-0.11394617,0.9733723,0.053536393,-0.0067902617156505585,0.2902359664440155,-0.00900148693472147
