frame,Ankle.R_x,Ankle.R_y,Ankle.R_z,Knee.R_x,Knee.R_y,Knee.R_z,Hip.R_x,Hip.R_y,Hip.R_z,Hip.L_x,Hip.L_y,Hip.L_z,Knee.L_x,Knee.L_y,Knee.L_z,Ankle.L_x,Ankle.L_y,Ankle.L_z,Wrist.R_x,Wrist.R_y,Wrist.R_z,Elbow.R_x,Elbow.R_y,Elbow.R_z,Shoulder.R_x,Shoulder.R_y,Shoulder.R_z,Shoulder.L_x,Shoulder.L_y,Shoulder.L_z,Elbow.L_x,Elbow.L_y,Elbow.L_z,Wrist.L_x,Wrist.L_y,Wrist.L_z,Neck_x,Neck_y,Neck_z,Head_x,Head_y,Head_z,Nose_x,Nose_y,Nose_z,Eye.L_x,Eye.L_y,Eye.L_z,Eye.R_x,Eye.R_y,Eye.R_z,Ear.L_x,Ear.L_y,Ear.L_z,Ear.R_x,Ear.R_y,Ear.R_z,hip.Center_x,hip.Center_y,hip.Center_z
0,-0.15164307,-0.4456944,-0.38510466,-0.10997468,-0.13120864,-0.09219096,-0.12500334,0.29114467,-0.022684831,0.1111975,0.29663455,0.0077859517,0.099682786,-0.12721668,-0.05144407,0.10265085,-0.4704669,-0.31530836,-0.30487597,0.6054674,0.15633318,-0.4344012,0.71449906,-0.03207525,-0.17645927,0.800788,0.01875081,0.11581577,0.7554009,0.06310563,0.21787773,0.4995113,-0.012678586,0.24917886,0.25518036,0.043476686,-0.034222104,0.8392028,0.068543784,-0.055328492,1.0639578,0.109084986,-0.15971705,0.96208656,0.16954397,-0.11292061,1.0033983,0.18165556,-0.1452001,1.0039543,0.12268008,-0.006497763,0.98812455,0.1715709,-0.08108539,0.9908494,0.03763269,-0.006902918219566345,0.2938896119594574,-0.007449439726769924
