frame,Ankle.R_x,Ankle.R_y,Ankle.R_z,Knee.R_x,Knee.R_y,Knee.R_z,Hip.R_x,Hip.R_y,Hip.R_z,Hip.L_x,Hip.L_y,Hip.L_z,Knee.L_x,Knee.L_y,Knee.L_z,Ankle.L_x,Ankle.L_y,Ankle.L_z,Wrist.R_x,Wrist.R_y,Wrist.R_z,Elbow.R_x,Elbow.R_y,Elbow.R_z,Shoulder.R_x,Shoulder.R_y,Shoulder.R_z,Shoulder.L_x,Shoulder.L_y,Shoulder.L_z,Elbow.L_x,Elbow.L_y,Elbow.L_z,Wrist.L_x,Wrist.L_y,Wrist.L_z,Neck_x,Neck_y,Neck_z,Head_x,Head_y,Head_z,Nose_x,Nose_y,Nose_z,Eye.L_x,Eye.L_y,Eye.L_z,Eye.R_x,Eye.R_y,Eye.R_z,Ear.L_x,Ear.L_y,Ear.L_z,Ear.R_x,Ear.R_y,Ear.R_z,hip.Center_x,hip.Center_y,hip.Center_z
0,-0.0142219,-0.31161845,-0.30061203,-0.21893428,-0.13149089,0.029179662,-0.1221921,0.2914961,-0.035988353,0.11764123,0.26210138,-0.0019804393,0.06496378,-0.15968302,0.042221103,-0.014540889,-0.5444184,-0.15902594,-0.0028378214,1.1076862,0.00308445,-0.22324395,0.98690915,0.04150061,-0.053415664,0.78931105,-0.041277636,0.2040433,0.7578607,-0.0127343405,0.36331722,0.92771506,0.11564042,0.17186129,1.0563992,0.012349068,0.07861837,0.8019858,-0.019506324,0.09447382,1.0150075,0.040270016,0.09349422,0.902311,0.1492056,0.12806375,0.9455774,0.118387,0.061117563,0.94876325,0.11984649,0.16620845,0.9397971,0.02078981,0.014549706,0.94868785,0.020876586,-0.0022754333913326263,0.27679872512817383,-0.018984396010637283
