frame,Ankle.R_x,Ankle.R_y,Ankle.R_z,Knee.R_x,Knee.R_y,Knee.R_z,Hip.R_x,Hip.R_y,Hip.R_z,Hip.L_x,Hip.L_y,Hip.L_z,Knee.L_x,Knee.L_y,Knee.L_z,Ankle.L_x,Ankle.L_y,Ankle.L_z,Wrist.R_x,Wrist.R_y,Wrist.R_z,Elbow.R_x,Elbow.R_y,Elbow.R_z,Shoulder.R_x,Shoulder.R_y,Shoulder.R_z,Shoulder.L_x,Shoulder.L_y,Shoulder.L_z,Elbow.L_x,Elbow.L_y,Elbow.L_z,Wrist.L_x,Wrist.L_y,Wrist.L_z,Neck_x,Neck_y,Neck_z,Head_x,Head_y,Head_z,Nose_x,Nose_y,Nose_z,Eye.L_x,Eye.L_y,Eye.L_z,Eye.R_x,Eye.R_y,Eye.R_z,Ear.L_x,Ear.L_y,Ear.L_z,Ear.R_x,Ear.R_y,Ear.R_z,hip.Center_x,hip.Center_y,hip.Center_z
0,0.048696533,-0.5048083,-0.24778014,-0.05609862,-0.16404152,0.012535926,-0.1262656,0.27249777,-0.016573457,0.11407925,0.27417365,-0.010465565,0.06179162,-0.15552631,-0.0070233513,-0.0074419063,-0.5716874,-0.1442454,-0.17975347,1.2549695,0.07525682,-0.25256363,1.0071443,0.01748964,-0.09873235,0.7964234,-0.05112666,0.1405814,0.781483,-0.020531321,0.27172953,0.9704285,0.10917222,0.17076564,1.2122656,0.12484089,0.02085087,0.8123326,-0.02612565,0.01971483,1.0233636,0.009783466,0.020930598,0.9307946,0.13753581,0.053631704,0.9707574,0.10079786,-0.013374314,0.9681134,0.09843862,0.0985215,0.9520341,0.007039994,-0.053624704,0.9472723,-0.0008495897,-0.00609317421913147,0.27333569526672363,-0.013519510626792908
