frame,Ankle.R_x,Ankle.R_y,Ankle.R_z,Knee.R_x,Knee.R_y,Knee.R_z,Hip.R_x,Hip.R_y,Hip.R_z,Hip.L_x,Hip.L_y,Hip.L_z,Knee.L_x,Knee.L_y,Knee.L_z,Ankle.L_x,Ankle.L_y,Ankle.L_z,Wrist.R_x,Wrist.R_y,Wrist.R_z,Elbow.R_x,Elbow.R_y,Elbow.R_z,Shoulder.R_x,Shoulder.R_y,Shoulder.R_z,Shoulder.L_x,Shoulder.L_y,Shoulder.L_z,Elbow.L_x,Elbow.L_y,Elbow.L_z,Wrist.L_x,Wrist.L_y,Wrist.L_z,Neck_x,Neck_y,Neck_z,Head_x,Head_y,Head_z,Nose_x,Nose_y,Nose_z,Eye.L_x,Eye.L_y,Eye.L_z,Eye.R_x,Eye.R_y,Eye.R_z,Ear.L_x,Ear.L_y,Ear.L_z,Ear.R_x,Ear.R_y,Ear.R_z,hip.Center_x,hip.Center_y,hip.Center_z
0,0.089093804,-0.34610063,0.066526726,0.21481363,-0.058101114,-0.19737035,0.10808521,0.28562027,0.022549402,-0.12154422,0.2808579,-0.043787714,-0.09087851,-0.09963685,-0.22435676,-0.06918334,-0.41070414,0.059392534,0.566049,0.4983791,-0.012576029,0.33869758,0.5715324,0.072289474,0.12710749,0.74570906,0.04677581,-0.16364409,0.7331986,-0.010723695,-0.3458667,0.5253545,-0.015184946,-0.5662844,0.5128549,-0.12833548,-0.015715187,0.80320746,-0.0029559946,0.0011329951,1.0235744,-0.03130805,0.024083853,0.927192,-0.15220335,-0.013737952,0.96940804,-0.12598261,0.050196417,0.96490204,-0.10832273,-0.077289134,0.955735,-0.04531158,0.06704199,0.94563746,-0.00479389,-0.006729505956172943,0.28323906660079956,-0.010619156062602997
