frame,Ankle.R_x,Ankle.R_y,Ankle.R_z,Knee.R_x,Knee.R_y,Knee.R_z,Hip.R_x,Hip.R_y,Hip.R_z,Hip.L_x,Hip.L_y,Hip.L_z,Knee.L_x,Knee.L_y,Knee.L_z,Ankle.L_x,Ankle.L_y,Ankle.L_z,Wrist.R_x,Wrist.R_y,Wrist.R_z,Elbow.R_x,Elbow.R_y,Elbow.R_z,Shoulder.R_x,Shoulder.R_y,Shoulder.R_z,Shoulder.L_x,Shoulder.L_y,Shoulder.L_z,Elbow.L_x,Elbow.L_y,Elbow.L_z,Wrist.L_x,Wrist.L_y,Wrist.L_z,Neck_x,Neck_y,Neck_z,Head_x,Head_y,Head_z,Nose_x,Nose_y,Nose_z,Eye.L_x,Eye.L_y,Eye.L_z,Eye.R_x,Eye.R_y,Eye.R_z,Ear.L_x,Ear.L_y,Ear.L_z,Ear.R_x,Ear.R_y,Ear.R_z,hip.Center_x,hip.Center_y,hip.Center_z
0,0.07186146,-0.36331987,0.025823416,0.17122829,-0.057455406,-0.22672106,0.11207689,0.29073253,0.010430038,-0.123611346,0.29123417,-0.020432975,-0.14006844,-0.043170705,-0.26936334,-0.042936645,-0.3522225,-0.012375631,0.59034,0.5131172,0.06545795,0.3569237,0.6103722,0.1019348,0.12644434,0.75947666,0.065703124,-0.17345014,0.72286177,0.013199195,-0.3013453,0.48135403,-0.033901997,-0.42358637,0.31494075,-0.18179096,-0.030068003,0.8120118,0.023375373,-0.0594861,1.0385969,-0.01950536,-0.05440031,0.9295401,-0.12972492,-0.09055258,0.9676496,-0.095310785,-0.024947703,0.977862,-0.10109598,-0.12044607,0.9572948,0.002791971,0.029122345,0.9787142,-0.0075624436,-0.005767226219177246,0.2909833490848541,-0.00500146858394146
