frame,Ankle.R_x,Ankle.R_y,Ankle.R_z,Knee.R_x,Knee.R_y,Knee.R_z,Hip.R_x,Hip.R_y,Hip.R_z,Hip.L_x,Hip.L_y,Hip.L_z,Knee.L_x,Knee.L_y,Knee.L_z,Ankle.L_x,Ankle.L_y,Ankle.L_z,Wrist.R_x,Wrist.R_y,Wrist.R_z,Elbow.R_x,Elbow.R_y,Elbow.R_z,Shoulder.R_x,Shoulder.R_y,Shoulder.R_z,Shoulder.L_x,Shoulder.L_y,Shoulder.L_z,Elbow.L_x,Elbow.L_y,Elbow.L_z,Wrist.L_x,Wrist.L_y,Wrist.L_z,Neck_x,Neck_y,Neck_z,Head_x,Head_y,Head_z,Nose_x,Nose_y,Nose_z,Eye.L_x,Eye.L_y,Eye.L_z,Eye.R_x,Eye.R_y,Eye.R_z,Ear.L_x,Ear.L_y,Ear.L_z,Ear.R_x,Ear.R_y,Ear.R_z,hip.Center_x,hip.Center_y,hip.Center_z
0,-0.12701976,-0.5692588,-0.29772505,-0.1281282,-0.17745775,-0.044614445,-0.12676635,0.27020743,-0.026382439,0.118466064,0.2795097,-0.0025768331,0.10244141,-0.17036855,-0.012120735,0.12307222,-0.5833359,-0.23202343,-0.59717876,0.38869143,-0.042572513,-0.41451395,0.59019685,-0.07457333,-0.18063855,0.75402224,0.0021131774,0.12201661,0.7201457,0.033250038,0.16594216,0.44051918,0.027162151,-0.00069331785,0.28664717,0.16981445,-0.027488314,0.79603034,0.048725627,-0.023819853,0.9912405,0.15695564,-0.06921459,0.8565594,0.22391091,-0.023985825,0.9013063,0.21927202,-0.08663142,0.9134462,0.19788079,0.046638984,0.9131952,0.1433565,-0.093296744,0.94062746,0.095968634,-0.0041501447558403015,0.2748585641384125,-0.01447963621467352
