frame,Ankle.R_x,Ankle.R_y,Ankle.R_z,Knee.R_x,Knee.R_y,Knee.R_z,Hip.R_x,Hip.R_y,Hip.R_z,Hip.L_x,Hip.L_y,Hip.L_z,Knee.L_x,Knee.L_y,Knee.L_z,Ankle.L_x,Ankle.L_y,Ankle.L_z,Wrist.R_x,Wrist.R_y,Wrist.R_z,Elbow.R_x,Elbow.R_y,Elbow.R_z,Shoulder.R_x,Shoulder.R_y,Shoulder.R_z,Shoulder.L_x,Shoulder.L_y,Shoulder.L_z,Elbow.L_x,Elbow.L_y,Elbow.L_z,Wrist.L_x,Wrist.L_y,Wrist.L_z,Neck_x,Neck_y,Neck_z,Head_x,Head_y,Head_z,Nose_x,Nose_y,Nose_z,Eye.L_x,Eye.L_y,Eye.L_z,Eye.R_x,Eye.R_y,Eye.R_z,Ear.L_x,Ear.L_y,Ear.L_z,Ear.R_x,Ear.R_y,Ear.R_z,hip.Center_x,hip.Center_y,hip.Center_z
0,0.5595848,-0.13294773,0.44810057,0.19529244,-0.016178122,0.23685564,-0.11365105,0.18343753,0.024072284,0.08344877,0.2933558,-0.058655143,0.29697114,-0.07490525,-0.042277586,0.55443525,-0.42140362,-0.18216878,-0.7062325,0.76226306,0.1466424,-0.49131316,0.6832439,0.02039573,-0.22360663,0.6749985,-0.034479704,0.034924768,0.6683322,-0.056421395,0.30615786,0.6396661,-0.044438496,0.550909,0.6589899,0.040466193,-0.09132023,0.70740145,-0.026444968,-0.05981251,0.90214294,0.014349194,-0.093105465,0.8055836,0.12843911,-0.050075226,0.84065056,0.102969244,-0.114020094,0.8497435,0.09203082,0.0009692982,0.82222486,0.017942958,-0.13702708,0.84388626,-0.006837949,-0.015101142227649689,0.23839665949344635,-0.01729143038392067
