frame,Ankle.R_x,Ankle.R_y,Ankle.R_z,Knee.R_x,Knee.R_y,Knee.R_z,Hip.R_x,Hip.R_y,Hip.R_z,Hip.L_x,Hip.L_y,Hip.L_z,Knee.L_x,Knee.L_y,Knee.L_z,Ankle.L_x,Ankle.L_y,Ankle.L_z,Wrist.R_x,Wrist.R_y,Wrist.R_z,Elbow.R_x,Elbow.R_y,Elbow.R_z,Shoulder.R_x,Shoulder.R_y,Shoulder.R_z,Shoulder.L_x,Shoulder.L_y,Shoulder.L_z,Elbow.L_x,Elbow.L_y,Elbow.L_z,Wrist.L_x,Wrist.L_y,Wrist.L_z,Neck_x,Neck_y,Neck_z,Head_x,Head_y,Head_z,Nose_x,Nose_y,Nose_z,Eye.L_x,Eye.L_y,Eye.L_z,Eye.R_x,Eye.R_y,Eye.R_z,Ear.L_x,Ear.L_y,Ear.L_z,Ear.R_x,Ear.R_y,Ear.R_z,hip.Center_x,hip.Center_y,hip.Center_z
0,-0.15254663,-0.52838254,-0.026345389,-0.129841,-0.11326315,-0.10422962,0.065804884,0.26963845,-0.11169076,-0.07496709,0.2837805,0.07134543,-0.10956188,-0.13526624,0.0502532,-0.0004673443,-0.53766257,0.14871608,0.46578637,0.58238685,-0.49361637,0.3309051,0.63059485,-0.2882689,0.15235348,0.748207,-0.12890974,-0.01124179,0.77136034,0.08307566,-0.16030705,0.6553945,0.26802984,-0.36356455,0.68112296,0.13670531,0.05651649,0.80495125,-0.041816488,0.03506077,1.0137678,-0.062449142,-0.04107309,0.9206153,-0.16434866,-0.04553149,0.96066356,-0.1155069,0.009358861,0.9583478,-0.15319413,-0.02421087,0.9434713,-0.0146656465,0.09850058,0.93826425,-0.09940679,-0.00458110123872757,0.2767094671726227,-0.020172663033008575
