frame,Ankle.R_x,Ankle.R_y,Ankle.R_z,Knee.R_x,Knee.R_y,Knee.R_z,Hip.R_x,Hip.R_y,Hip.R_z,Hip.L_x,Hip.L_y,Hip.L_z,Knee.L_x,Knee.L_y,Knee.L_z,Ankle.L_x,Ankle.L_y,Ankle.L_z,Wrist.R_x,Wrist.R_y,Wrist.R_z,Elbow.R_x,Elbow.R_y,Elbow.R_z,Shoulder.R_x,Shoulder.R_y,Shoulder.R_z,Shoulder.L_x,Shoulder.L_y,Shoulder.L_z,Elbow.L_x,Elbow.L_y,Elbow.L_z,Wrist.L_x,Wrist.L_y,Wrist.L_z,Neck_x,Neck_y,Neck_z,Head_x,Head_y,Head_z,Nose_x,Nose_y,Nose_z,Eye.L_x,Eye.L_y,Eye.L_z,Eye.R_x,Eye.R_y,Eye.R_z,Ear.L_x,Ear.L_y,Ear.L_z,Ear.R_x,Ear.R_y,Ear.R_z,hip.Center_x,hip.Center_y,hip.Center_z
0,-0.04540444,-0.2504786,-0.124947965,-0.36300153,-0.038546063,0.09019912,-0.121115044,0.26079217,-0.06630612,0.12328821,0.27012458,-0.007268922,0.22621003,-0.08495931,0.219031,0.16656715,-0.31985176,-0.16402994,-0.2896754,1.159899,0.16473559,-0.3267067,0.92683876,0.019012382,-0.13086244,0.7472193,-0.0719031,0.11520431,0.75402015,-0.016281858,0.21442533,0.95113766,0.14465237,0.10097116,1.193003,0.21006493,-0.00895841,0.77608734,-0.042197973,-0.00014871062,0.97723806,-0.049494863,-0.039089486,0.91848534,0.090792865,0.005009873,0.9475284,0.057263043,-0.059439264,0.947599,0.037762396,0.06798834,0.9047444,-0.015207823,-0.0762809,0.9045036,-0.060747344,0.0010865814983844757,0.2654583752155304,-0.036787521094083786
