frame,Ankle.R_x,Ankle.R_y,Ankle.R_z,Knee.R_x,Knee.R_y,Knee.R_z,Hip.R_x,Hip.R_y,Hip.R_z,Hip.L_x,Hip.L_y,Hip.L_z,Knee.L_x,Knee.L_y,Knee.L_z,Ankle.L_x,Ankle.L_y,Ankle.L_z,Wrist.R_x,Wrist.R_y,Wrist.R_z,Elbow.R_x,Elbow.R_y,Elbow.R_z,Shoulder.R_x,Shoulder.R_y,Shoulder.R_z,Shoulder.L_x,Shoulder.L_y,Shoulder.L_z,Elbow.L_x,Elbow.L_y,Elbow.L_z,Wrist.L_x,Wrist.L_y,Wrist.L_z,Neck_x,Neck_y,Neck_z,Head_x,Head_y,Head_z,Nose_x,Nose_y,Nose_z,Eye.L_x,Eye.L_y,Eye.L_z,Eye.R_x,Eye.R_y,Eye.R_z,Ear.L_x,Ear.L_y,Ear.L_z,Ear.R_x,Ear.R_y,Ear.R_z,hip.Center_x,hip.Center_y,hip.Center_z
0,-0.06378699,-0.51394516,0.029915117,0.10325357,-0.13487317,0.05378424,0.018540755,0.2786622,0.098801166,-0.01796278,0.27333313,-0.127083,0.005452657,-0.13764925,-0.14519653,-0.12845685,-0.53549874,-0.18431759,0.13554426,0.4077213,0.46421608,0.010980334,0.55812985,0.30432954,-0.04664485,0.7353102,0.11162426,-0.03745009,0.7160623,-0.17483088,0.02797024,0.4970896,-0.31990576,0.21675338,0.36980894,-0.4173188,-0.037579518,0.7890606,-0.034044154,-0.048811883,1.0046877,-0.034595188,0.08823165,0.93404865,-0.00963657,0.054169107,0.9685545,-0.049249895,0.039060004,0.9642727,0.015175246,-0.024455732,0.93719554,-0.109200865,-0.05712765,0.9283517,0.03313442,0.00028898753225803375,0.27599766850471497,-0.014140918850898743
