frame,Ankle.R_x,Ankle.R_y,Ankle.R_z,Knee.R_x,Knee.R_y,Knee.R_z,Hip.R_x,Hip.R_y,Hip.R_z,Hip.L_x,Hip.L_y,Hip.L_z,Knee.L_x,Knee.L_y,Knee.L_z,Ankle.L_x,Ankle.L_y,Ankle.L_z,Wrist.R_x,Wrist.R_y,Wrist.R_z,Elbow.R_x,Elbow.R_y,Elbow.R_z,Shoulder.R_x,Shoulder.R_y,Shoulder.R_z,Shoulder.L_x,Shoulder.L_y,Shoulder.L_z,Elbow.L_x,Elbow.L_y,Elbow.L_z,Wrist.L_x,Wrist.L_y,Wrist.L_z,Neck_x,Neck_y,Neck_z,Head_x,Head_y,Head_z,Nose_x,Nose_y,Nose_z,Eye.L_x,Eye.L_y,Eye.L_z,Eye.R_x,Eye.R_y,Eye.R_z,Ear.L_x,Ear.L_y,Ear.L_z,Ear.R_x,Ear.R_y,Ear.R_z,hip.Center_x,hip.Center_y,hip.Center_z
0,0.114790656,-0.46885797,-0.35878772,-0.027070692,-0.15366864,-0.10039671,-0.12387576,0.26537356,-0.04726542,0.10792615,0.2724729,0.021467311,0.043591645,-0.14077644,0.07110994,0.033044484,-0.5550437,-0.0480289,-0.6307914,0.79682034,0.10546075,-0.42446834,0.75351346,-0.041813295,-0.1508935,0.74952316,-0.0026236996,0.118437216,0.7420392,0.035729814,0.38821074,0.7163017,0.007198005,0.63995713,0.7241577,0.06112775,-0.018407414,0.7873635,0.039173476,-0.018675203,0.9945468,0.05128612,-0.053032637,0.9207689,0.18562534,-0.01087382,0.95529985,0.15465456,-0.07474018,0.9529358,0.13571164,0.053758457,0.92396617,0.07915081,-0.08906926,0.91989714,0.03567131,-0.007974803447723389,0.26892322301864624,-0.012899055145680904
