frame,Ankle.R_x,Ankle.R_y,Ankle.R_z,Knee.R_x,Knee.R_y,Knee.R_z,Hip.R_x,Hip.R_y,Hip.R_z,Hip.L_x,Hip.L_y,Hip.L_z,Knee.L_x,Knee.L_y,Knee.L_z,Ankle.L_x,Ankle.L_y,Ankle.L_z,Wrist.R_x,Wrist.R_y,Wrist.R_z,Elbow.R_x,Elbow.R_y,Elbow.R_z,Shoulder.R_x,Shoulder.R_y,Shoulder.R_z,Shoulder.L_x,Shoulder.L_y,Shoulder.L_z,Elbow.L_x,Elbow.L_y,Elbow.L_z,Wrist.L_x,Wrist.L_y,Wrist.L_z,Neck_x,Neck_y,Neck_z,Head_x,Head_y,Head_z,Nose_x,Nose_y,Nose_z,Eye.L_x,Eye.L_y,Eye.L_z,Eye.R_x,Eye.R_y,Eye.R_z,Ear.L_x,Ear.L_y,Ear.L_z,Ear.R_x,Ear.R_y,Ear.R_z,hip.Center_x,hip.Center_y,hip.Center_z
0,0.0472249,-0.37771446,-0.38158947,-0.12239227,-0.16322406,-0.049593434,-0.118266374,0.27534744,-0.061698318,0.109114,0.2628136,0.028957697,-0.0067384094,-0.14472607,0.070862055,-0.06547589,-0.5598647,-0.04658112,-0.5489423,0.7853632,0.1350644,-0.40707636,0.70874417,-0.062470008,-0.13592452,0.74757415,-0.0035839593,0.13626136,0.741223,0.04784396,0.40625745,0.68586135,0.020170713,0.6464249,0.73060143,0.09906571,-0.0043492652,0.7874377,0.047298543,-0.013518516,0.99197614,0.055303827,-0.055696,0.9225311,0.19067287,-0.012508276,0.9576609,0.16188295,-0.07469432,0.95174426,0.13785903,0.059955142,0.9253583,0.093185835,-0.07993718,0.9138341,0.038331192,-0.004576187580823898,0.2690805196762085,-0.016370311379432678
