frame,Ankle.R_x,Ankle.R_y,Ankle.R_z,Knee.R_x,Knee.R_y,Knee.R_z,Hip.R_x,Hip.R_y,Hip.R_z,Hip.L_x,Hip.L_y,Hip.L_z,Knee.L_x,Knee.L_y,Knee.L_z,Ankle.L_x,Ankle.L_y,Ankle.L_z,Wrist.R_x,Wrist.R_y,Wrist.R_z,Elbow.R_x,Elbow.R_y,Elbow.R_z,Shoulder.R_x,Shoulder.R_y,Shoulder.R_z,Shoulder.L_x,Shoulder.L_y,Shoulder.L_z,Elbow.L_x,Elbow.L_y,Elbow.L_z,Wrist.L_x,Wrist.L_y,Wrist.L_z,Neck_x,Neck_y,Neck_z,Head_x,Head_y,Head_z,Nose_x,Nose_y,Nose_z,Eye.L_x,Eye.L_y,Eye.L_z,Eye.R_x,Eye.R_y,Eye.R_z,Ear.L_x,Ear.L_y,Ear.L_z,Ear.R_x,Ear.R_y,Ear.R_z,hip.Center_x,hip.Center_y,hip.Center_z
0,-0.36029562,-0.46076283,-0.08979385,-0.29219157,-0.062591456,0.07823011,-0.11827349,0.28926554,-0.04688753,0.12062056,0.26208067,-0.0063203294,0.13776106,-0.14333262,0.104667164,0.090106696,-0.5393115,-0.088998534,-0.6241043,0.6675271,-0.018231891,-0.37368238,0.634997,-0.084519714,-0.120366365,0.72868025,0.0053111557,0.16665016,0.71598065,0.06329721,0.42560953,0.6051991,0.060978837,0.66962135,0.6124194,0.15209329,0.019226128,0.7720811,0.0629583,0.020786423,0.9796552,0.093306616,-0.043894388,0.895444,0.20784584,0.0036325976,0.9316592,0.19160753,-0.053306293,0.93198705,0.15698098,0.086340025,0.9056076,0.13231418,-0.043311495,0.9076555,0.05463368,0.0011735372245311737,0.2756730914115906,-0.026603929698467255
