frame,Ankle.R_x,Ankle.R_y,Ankle.R_z,Knee.R_x,Knee.R_y,Knee.R_z,Hip.R_x,Hip.R_y,Hip.R_z,Hip.L_x,Hip.L_y,Hip.L_z,Knee.L_x,Knee.L_y,Knee.L_z,Ankle.L_x,Ankle.L_y,Ankle.L_z,Wrist.R_x,Wrist.R_y,Wrist.R_z,Elbow.R_x,Elbow.R_y,Elbow.R_z,Shoulder.R_x,Shoulder.R_y,Shoulder.R_z,Shoulder.L_x,Shoulder.L_y,Shoulder.L_z,Elbow.L_x,Elbow.L_y,Elbow.L_z,Wrist.L_x,Wrist.L_y,Wrist.L_z,Neck_x,Neck_y,Neck_z,Head_x,Head_y,Head_z,Nose_x,Nose_y,Nose_z,Eye.L_x,Eye.L_y,Eye.L_z,Eye.R_x,Eye.R_y,Eye.R_z,Ear.L_x,Ear.L_y,Ear.L_z,Ear.R_x,Ear.R_y,Ear.R_z,hip.Center_x,hip.Center_y,hip.Center_z
0,0.024926417,-0.57513475,0.0804516,-0.058949072,-0.16051924,0.15146679,-0.12611257,0.2107541,-0.005319578,0.100466765,0.2723639,-0.033518564,0.3292024,-0.026755692,0.060774237,0.624063,-0.33933744,0.015673203,-0.58117706,0.9490168,0.056934617,-0.37655556,0.8127931,-0.010444189,-0.1479302,0.6866768,-0.02763113,0.09423988,0.650889,-0.021644529,0.34715417,0.56697273,-0.031825643,0.5860824,0.52306575,0.035283934,-0.027901009,0.7034443,-0.0034733536,-0.018078174,0.89710045,0.038269736,-0.03590873,0.79698443,0.15120238,0.0016387478,0.83637756,0.12602799,-0.06256148,0.83969027,0.11708911,0.048786547,0.8249694,0.039505746,-0.08961259,0.8327426,0.019954555,-0.012822899967432022,0.2415589988231659,-0.019419070333242416
