frame,Ankle.R_x,Ankle.R_y,Ankle.R_z,Knee.R_x,Knee.R_y,Knee.R_z,Hip.R_x,Hip.R_y,Hip.R_z,Hip.L_x,Hip.L_y,Hip.L_z,Knee.L_x,Knee.L_y,Knee.L_z,Ankle.L_x,Ankle.L_y,Ankle.L_z,Wrist.R_x,Wrist.R_y,Wrist.R_z,Elbow.R_x,Elbow.R_y,Elbow.R_z,Shoulder.R_x,Shoulder.R_y,Shoulder.R_z,Shoulder.L_x,Shoulder.L_y,Shoulder.L_z,Elbow.L_x,Elbow.L_y,Elbow.L_z,Wrist.L_x,Wrist.L_y,Wrist.L_z,Neck_x,Neck_y,Neck_z,Head_x,Head_y,Head_z,Nose_x,Nose_y,Nose_z,Eye.L_x,Eye.L_y,Eye.L_z,Eye.R_x,Eye.R_y,Eye.R_z,Ear.L_x,Ear.L_y,Ear.L_z,Ear.R_x,Ear.R_y,Ear.R_z,hip.Center_x,hip.Center_y,hip.Center_z
0,0.1411339,-0.5422374,0.01404111,0.046719097,-0.12258232,0.07954134,-0.100175984,0.27853853,0.057088166,0.096342966,0.28262466,-0.08250237,-0.107344635,-0.07345224,-0.21720402,-0.4017415,-0.30353126,-0.46084505,-0.6239767,0.50021607,0.08317183,-0.3805902,0.59117407,0.05627494,-0.14315844,0.73734164,0.095917925,0.15331706,0.77693015,0.06762406,0.42207226,0.7049279,0.03251896,0.67419225,0.6643373,0.08640824,0.00078598317,0.80628115,0.114101246,-0.03327353,1.0134691,0.16186851,-0.05057036,0.91095936,0.27996284,-0.015751854,0.9591891,0.25537813,-0.078255,0.94645756,0.2342704,0.05708161,0.9555744,0.17821285,-0.08510923,0.92846745,0.13038081,-0.0019165091216564178,0.28058159351348877,-0.012707103043794632
