frame,Ankle.R_x,Ankle.R_y,Ankle.R_z,Knee.R_x,Knee.R_y,Knee.R_z,Hip.R_x,Hip.R_y,Hip.R_z,Hip.L_x,Hip.L_y,Hip.L_z,Knee.L_x,Knee.L_y,Knee.L_z,Ankle.L_x,Ankle.L_y,Ankle.L_z,Wrist.R_x,Wrist.R_y,Wrist.R_z,Elbow.R_x,Elbow.R_y,Elbow.R_z,Shoulder.R_x,Shoulder.R_y,Shoulder.R_z,Shoulder.L_x,Shoulder.L_y,Shoulder.L_z,Elbow.L_x,Elbow.L_y,Elbow.L_z,Wrist.L_x,Wrist.L_y,Wrist.L_z,Neck_x,Neck_y,Neck_z,Head_x,Head_y,Head_z,Nose_x,Nose_y,Nose_z,Eye.L_x,Eye.L_y,Eye.L_z,Eye.R_x,Eye.R_y,Eye.R_z,Ear.L_x,Ear.L_y,Ear.L_z,Ear.R_x,Ear.R_y,Ear.R_z,hip.Center_x,hip.Center_y,hip.Center_z
0,-0.492981,-0.3748414,-0.16475192,-0.3030114,-0.04185168,0.040530674,-0.11264031,0.31403983,-0.040325288,0.12034579,0.2632974,-0.0020231614,0.066271685,-0.15407811,0.053078625,-0.01075498,-0.50482816,-0.1956682,-0.49549875,0.5157059,-0.03533323,-0.2619365,0.5332106,-0.1346285,-0.11017678,0.7375704,-0.002215106,0.18643416,0.7273905,0.06733886,0.3394221,0.49597812,-0.0004506223,0.55061436,0.39940852,0.10178624,0.034079477,0.800463,0.06948884,0.03658304,1.0197095,0.09688731,-0.010922328,0.9370961,0.22239581,0.03497637,0.9722431,0.19662759,-0.027538158,0.97408617,0.17233244,0.10672389,0.9423425,0.12531075,-0.036875464,0.94793236,0.06870055,0.0038527436554431915,0.2886686325073242,-0.021174224093556404
