frame,Ankle.R_x,Ankle.R_y,Ankle.R_z,Knee.R_x,Knee.R_y,Knee.R_z,Hip.R_x,Hip.R_y,Hip.R_z,Hip.L_x,Hip.L_y,Hip.L_z,Knee.L_x,Knee.L_y,Knee.L_z,Ankle.L_x,Ankle.L_y,Ankle.L_z,Wrist.R_x,Wrist.R_y,Wrist.R_z,Elbow.R_x,Elbow.R_y,Elbow.R_z,Shoulder.R_x,Shoulder.R_y,Shoulder.R_z,Shoulder.L_x,Shoulder.L_y,Shoulder.L_z,Elbow.L_x,Elbow.L_y,Elbow.L_z,Wrist.L_x,Wrist.L_y,Wrist.L_z,Neck_x,Neck_y,Neck_z,Head_x,Head_y,Head_z,Nose_x,Nose_y,Nose_z,Eye.L_x,Eye.L_y,Eye.L_z,Eye.R_x,Eye.R_y,Eye.R_z,Ear.L_x,Ear.L_y,Ear.L_z,Ear.R_x,Ear.R_y,Ear.R_z,hip.Center_x,hip.Center_y,hip.Center_z
0,0.6049606,-0.2859145,0.15394287,0.21970783,-0.09974898,0.0853003,-0.11345333,0.16960907,0.013097655,0.08213941,0.29183504,-0.045732234,0.2891202,-0.0018927592,0.15226808,0.5673125,-0.30969927,0.28852442,-0.613048,0.76444125,0.32790872,-0.44931194,0.6893089,0.14534366,-0.2223914,0.6513603,0.011979989,0.017816275,0.65714395,-0.0329657,0.28331333,0.6452312,-0.055296678,0.53228205,0.6687879,-0.011806629,-0.10193241,0.6853498,0.008474952,-0.08570402,0.8738303,0.0634204,-0.12814952,0.76757586,0.16346306,-0.08496757,0.8070644,0.14880118,-0.14628652,0.81257355,0.12793803,-0.020622827,0.79924524,0.07208588,-0.15194392,0.81353664,0.028237276,-0.015656959265470505,0.23072205483913422,-0.01631728932261467
