frame,Ankle.R_x,Ankle.R_y,Ankle.R_z,Knee.R_x,Knee.R_y,Knee.R_z,Hip.R_x,Hip.R_y,Hip.R_z,Hip.L_x,Hip.L_y,Hip.L_z,Knee.L_x,Knee.L_y,Knee.L_z,Ankle.L_x,Ankle.L_y,Ankle.L_z,Wrist.R_x,Wrist.R_y,Wrist.R_z,Elbow.R_x,Elbow.R_y,Elbow.R_z,Shoulder.R_x,Shoulder.R_y,Shoulder.R_z,Shoulder.L_x,Shoulder.L_y,Shoulder.L_z,Elbow.L_x,Elbow.L_y,Elbow.L_z,Wrist.L_x,Wrist.L_y,Wrist.L_z,Neck_x,Neck_y,Neck_z,Head_x,Head_y,Head_z,Nose_x,Nose_y,Nose_z,Eye.L_x,Eye.L_y,Eye.L_z,Eye.R_x,Eye.R_y,Eye.R_z,Ear.L_x,Ear.L_y,Ear.L_z,Ear.R_x,Ear.R_y,Ear.R_z,hip.Center_x,hip.Center_y,hip.Center_z
0,-0.2415131,-0.42579797,-0.15517789,-0.30414543,-0.060492024,0.06813272,-0.11549392,0.28739005,-0.05637896,0.12027064,0.2584603,0.0044208374,0.10011509,-0.14847182,0.12394416,0.019344846,-0.52191913,-0.095116355,-0.6402935,0.698304,-0.036870223,-0.38573968,0.66105723,-0.08166275,-0.12550785,0.7270615,0.006911898,0.15453038,0.7174716,0.06716955,0.41262034,0.6120124,0.04157748,0.66469127,0.59605354,0.10305711,0.008256457,0.769787,0.06620661,0.009017328,0.97586995,0.09248882,-0.06561716,0.89570415,0.20435046,-0.016483154,0.9310452,0.1910196,-0.07071678,0.93106693,0.15222228,0.0697933,0.902275,0.13840717,-0.05287837,0.9036552,0.051864844,0.0023883581161499023,0.2729251980781555,-0.02597906067967415
