frame,Ankle.R_x,Ankle.R_y,Ankle.R_z,Knee.R_x,Knee.R_y,Knee.R_z,Hip.R_x,Hip.R_y,Hip.R_z,Hip.L_x,Hip.L_y,Hip.L_z,Knee.L_x,Knee.L_y,Knee.L_z,Ankle.L_x,Ankle.L_y,Ankle.L_z,Wrist.R_x,Wrist.R_y,Wrist.R_z,Elbow.R_x,Elbow.R_y,Elbow.R_z,Shoulder.R_x,Shoulder.R_y,Shoulder.R_z,Shoulder.L_x,Shoulder.L_y,Shoulder.L_z,Elbow.L_x,Elbow.L_y,Elbow.L_z,Wrist.L_x,Wrist.L_y,Wrist.L_z,Neck_x,Neck_y,Neck_z,Head_x,Head_y,Head_z,Nose_x,Nose_y,Nose_z,Eye.L_x,Eye.L_y,Eye.L_z,Eye.R_x,Eye.R_y,Eye.R_z,Ear.L_x,Ear.L_y,Ear.L_z,Ear.R_x,Ear.R_y,Ear.R_z,hip.Center_x,hip.Center_y,hip.Center_z
0,-0.17906499,-0.16301206,-0.08550966,-0.3906237,0.12433277,0.12439028,-0.10851632,0.2961534,-0.08050768,0.12346888,0.25388452,0.01252294,0.09301327,-0.15898402,0.10852449,-0.023617309,-0.5511952,-0.081231855,-0.2426085,0.66063553,0.015077255,-0.28662318,0.6652848,-0.23629661,-0.08843881,0.7473357,-0.044450987,0.15079118,0.69704556,0.14896108,0.11441043,0.5033065,0.355948,-0.051389303,0.69815385,0.38297912,0.032763936,0.77821803,0.06465399,0.024800623,0.9934748,0.09948213,-0.016053978,0.8946465,0.21451183,0.027721133,0.93485415,0.19270353,-0.035764843,0.93662465,0.17106849,0.096395314,0.9172524,0.11709293,-0.045652073,0.92384505,0.06488962,0.007476281374692917,0.27501896023750305,-0.03399237245321274
