frame,Ankle.R_x,Ankle.R_y,Ankle.R_z,Knee.R_x,Knee.R_y,Knee.R_z,Hip.R_x,Hip.R_y,Hip.R_z,Hip.L_x,Hip.L_y,Hip.L_z,Knee.L_x,Knee.L_y,Knee.L_z,Ankle.L_x,Ankle.L_y,Ankle.L_z,Wrist.R_x,Wrist.R_y,Wrist.R_z,Elbow.R_x,Elbow.R_y,Elbow.R_z,Shoulder.R_x,Shoulder.R_y,Shoulder.R_z,Shoulder.L_x,Shoulder.L_y,Shoulder.L_z,Elbow.L_x,Elbow.L_y,Elbow.L_z,Wrist.L_x,Wrist.L_y,Wrist.L_z,Neck_x,Neck_y,Neck_z,Head_x,Head_y,Head_z,Nose_x,Nose_y,Nose_z,Eye.L_x,Eye.L_y,Eye.L_z,Eye.R_x,Eye.R_y,Eye.R_z,Ear.L_x,Ear.L_y,Ear.L_z,Ear.R_x,Ear.R_y,Ear.R_z,hip.Center_x,hip.Center_y,hip.Center_z
0,0.13633825,-0.46712977,-0.17594458,-0.08205805,-0.17140304,0.057396628,-0.11977577,0.25218874,-0.05323548,0.10659607,0.27635697,0.017973205,0.088423796,-0.14163074,0.104512386,0.099924624,-0.57296443,0.019973926,-0.34362602,1.220039,0.10110301,-0.24974212,0.9939655,0.0084576225,-0.094421364,0.780004,-0.024765741,0.14026628,0.6983159,-0.008056068,0.35034364,0.5317089,-0.06452271,0.57881457,0.41282058,-0.032076947,0.021773256,0.77371144,0.010164422,0.05395078,0.9689972,0.042670425,0.039833914,0.8833998,0.17272241,0.07868642,0.91375506,0.13410729,0.013636421,0.9267746,0.13462994,0.11125067,0.8836949,0.04187042,-0.033945285,0.9122822,0.041161943,-0.006589852273464203,0.26427286863327026,-0.017631135880947113
