frame,Ankle.R_x,Ankle.R_y,Ankle.R_z,Knee.R_x,Knee.R_y,Knee.R_z,Hip.R_x,Hip.R_y,Hip.R_z,Hip.L_x,Hip.L_y,Hip.L_z,Knee.L_x,Knee.L_y,Knee.L_z,Ankle.L_x,Ankle.L_y,Ankle.L_z,Wrist.R_x,Wrist.R_y,Wrist.R_z,Elbow.R_x,Elbow.R_y,Elbow.R_z,Shoulder.R_x,Shoulder.R_y,Shoulder.R_z,Shoulder.L_x,Shoulder.L_y,Shoulder.L_z,Elbow.L_x,Elbow.L_y,Elbow.L_z,Wrist.L_x,Wrist.L_y,Wrist.L_z,Neck_x,Neck_y,Neck_z,Head_x,Head_y,Head_z,Nose_x,Nose_y,Nose_z,Eye.L_x,Eye.L_y,Eye.L_z,Eye.R_x,Eye.R_y,Eye.R_z,Ear.L_x,Ear.L_y,Ear.L_z,Ear.R_x,Ear.R_y,Ear.R_z,hip.Center_x,hip.Center_y,hip.Center_z
0,-0.40759096,-0.42838833,-0.267773,-0.27282172,-0.11565338,0.05604732,-0.12392776,0.28658473,-0.04284151,0.12716046,0.2620589,-0.007003706,0.08936907,-0.18321042,0.07222427,0.010200478,-0.5495561,-0.21343285,-0.41753808,0.24777691,-0.10281661,-0.27678496,0.47949427,-0.15841414,-0.1592659,0.7093692,-0.007997082,0.1379672,0.7194711,0.08276597,0.28335,0.4776717,-0.0051579317,0.32620874,0.22800076,0.09609308,-0.02212239,0.7795683,0.0733557,-0.03384062,0.9940092,0.093488894,-0.09588661,0.91086507,0.21205562,-0.048578367,0.9490793,0.19303465,-0.10667787,0.9465151,0.1587517,0.034491688,0.9215497,0.13519466,-0.097178295,0.9176394,0.057551384,0.001616351306438446,0.2743218243122101,-0.024922607466578484
