frame,Ankle.R_x,Ankle.R_y,Ankle.R_z,Knee.R_x,Knee.R_y,Knee.R_z,Hip.R_x,Hip.R_y,Hip.R_z,Hip.L_x,Hip.L_y,Hip.L_z,Knee.L_x,Knee.L_y,Knee.L_z,Ankle.L_x,Ankle.L_y,Ankle.L_z,Wrist.R_x,Wrist.R_y,Wrist.R_z,Elbow.R_x,Elbow.R_y,Elbow.R_z,Shoulder.R_x,Shoulder.R_y,Shoulder.R_z,Shoulder.L_x,Shoulder.L_y,Shoulder.L_z,Elbow.L_x,Elbow.L_y,Elbow.L_z,Wrist.L_x,Wrist.L_y,Wrist.L_z,Neck_x,Neck_y,Neck_z,Head_x,Head_y,Head_z,Nose_x,Nose_y,Nose_z,Eye.L_x,Eye.L_y,Eye.L_z,Eye.R_x,Eye.R_y,Eye.R_z,Ear.L_x,Ear.L_y,Ear.L_z,Ear.R_x,Ear.R_y,Ear.R_z,hip.Center_x,hip.Center_y,hip.Center_z
0,0.08114394,-0.56894284,0.053386882,0.02747736,-0.1392207,0.074160546,-0.094168186,0.2709956,0.06271882,0.08871909,0.28980613,-0.09105285,0.011125404,-0.119802274,-0.18027724,-0.11512117,-0.5027723,-0.35639778,-0.6146511,0.7861946,0.32462665,-0.3846494,0.7875929,0.20135769,-0.13164142,0.7799085,0.09278338,0.107974984,0.7866572,-0.039343845,0.3406958,0.78148025,-0.18206805,0.5800402,0.85936844,-0.12977041,-0.00013555959,0.81971717,0.05259312,-0.00021996687,1.0241847,0.08421409,0.07084844,0.9411379,0.19861187,0.07762984,0.98078835,0.1490671,0.01838197,0.97289956,0.17912516,0.07539055,0.9587217,0.046169646,-0.060767926,0.94140196,0.11404838,-0.0027245469391345978,0.2804008722305298,-0.014167014509439468
