frame,Ankle.R_x,Ankle.R_y,Ankle.R_z,Knee.R_x,Knee.R_y,Knee.R_z,Hip.R_x,Hip.R_y,Hip.R_z,Hip.L_x,Hip.L_y,Hip.L_z,Knee.L_x,Knee.L_y,Knee.L_z,Ankle.L_x,Ankle.L_y,Ankle.L_z,Wrist.R_x,Wrist.R_y,Wrist.R_z,Elbow.R_x,Elbow.R_y,Elbow.R_z,Shoulder.R_x,Shoulder.R_y,Shoulder.R_z,Shoulder.L_x,Shoulder.L_y,Shoulder.L_z,Elbow.L_x,Elbow.L_y,Elbow.L_z,Wrist.L_x,Wrist.L_y,Wrist.L_z,Neck_x,Neck_y,Neck_z,Head_x,Head_y,Head_z,Nose_x,Nose_y,Nose_z,Eye.L_x,Eye.L_y,Eye.L_z,Eye.R_x,Eye.R_y,Eye.R_z,Ear.L_x,Ear.L_y,Ear.L_z,Ear.R_x,Ear.R_y,Ear.R_z,hip.Center_x,hip.Center_y,hip.Center_z
0,-0.1472895,-0.5036642,0.058525473,-0.015143764,-0.13849504,-0.05730251,0.11460865,0.24518093,0.009034665,-0.09893244,0.32472384,-0.026965372,-0.22807758,0.1233142,-0.3116254,-0.5120013,-0.16759008,-0.27871567,0.6370927,0.5197669,-0.0658347,0.43742096,0.5996984,0.055769544,0.20710456,0.7309515,0.08305692,-0.07925795,0.73658055,0.047187135,-0.3111062,0.6176809,-0.0051813526,-0.4689785,0.5813294,-0.188476,0.06134761,0.79189956,0.06141585,0.028159633,1.0005403,0.10477856,0.04378347,0.95741653,-0.044579748,0.0046969056,0.97630876,0.0004088236,0.07006836,0.9854172,0.005576963,-0.032517865,0.9220618,0.07906244,0.11488202,0.94156706,0.09181261,0.007838107645511627,0.28495240211486816,-0.008965353481471539
