frame,Ankle.R_x,Ankle.R_y,Ankle.R_z,Knee.R_x,Knee.R_y,Knee.R_z,Hip.R_x,Hip.R_y,Hip.R_z,Hip.L_x,Hip.L_y,Hip.L_z,Knee.L_x,Knee.L_y,Knee.L_z,Ankle.L_x,Ankle.L_y,Ankle.L_z,Wrist.R_x,Wrist.R_y,Wrist.R_z,Elbow.R_x,Elbow.R_y,Elbow.R_z,Shoulder.R_x,Shoulder.R_y,Shoulder.R_z,Shoulder.L_x,Shoulder.L_y,Shoulder.L_z,Elbow.L_x,Elbow.L_y,Elbow.L_z,Wrist.L_x,Wrist.L_y,Wrist.L_z,Neck_x,Neck_y,Neck_z,Head_x,Head_y,Head_z,Nose_x,Nose_y,Nose_z,Eye.L_x,Eye.L_y,Eye.L_z,Eye.R_x,Eye.R_y,Eye.R_z,Ear.L_x,Ear.L_y,Ear.L_z,Ear.R_x,Ear.R_y,Ear.R_z,hip.Center_x,hip.Center_y,hip.Center_z
0,0.13591619,-0.527385,0.121582165,0.054062273,-0.14587674,-0.040139697,0.07014662,0.27560538,-0.1060993,-0.08532695,0.2683807,0.06158913,-0.11265603,-0.14009953,0.0036535652,-0.12511519,-0.559114,0.06652968,-0.51475567,0.4675487,-0.07344366,-0.2940981,0.57646954,-0.15747766,-0.07956747,0.7154249,-0.17178258,-0.08650943,0.7249307,0.09855445,-0.12923625,0.49816585,0.22440407,-0.28710058,0.30204803,0.21866079,-0.08430597,0.7805493,-0.048333555,-0.1173635,0.99640566,-0.07104851,-0.19033653,0.88824034,-0.1520564,-0.19533834,0.9326067,-0.10760634,-0.14389561,0.9309005,-0.14970092,-0.16343206,0.92833376,-0.00797699,-0.05101157,0.92537296,-0.10338847,-0.007590163499116898,0.2719930410385132,-0.02225508540868759
