frame,Ankle.R_x,Ankle.R_y,Ankle.R_z,Knee.R_x,Knee.R_y,Knee.R_z,Hip.R_x,Hip.R_y,Hip.R_z,Hip.L_x,Hip.L_y,Hip.L_z,Knee.L_x,Knee.L_y,Knee.L_z,Ankle.L_x,Ankle.L_y,Ankle.L_z,Wrist.R_x,Wrist.R_y,Wrist.R_z,Elbow.R_x,Elbow.R_y,Elbow.R_z,Shoulder.R_x,Shoulder.R_y,Shoulder.R_z,Shoulder.L_x,Shoulder.L_y,Shoulder.L_z,Elbow.L_x,Elbow.L_y,Elbow.L_z,Wrist.L_x,Wrist.L_y,Wrist.L_z,Neck_x,Neck_y,Neck_z,Head_x,Head_y,Head_z,Nose_x,Nose_y,Nose_z,Eye.L_x,Eye.L_y,Eye.L_z,Eye.R_x,Eye.R_y,Eye.R_z,Ear.L_x,Ear.L_y,Ear.L_z,Ear.R_x,Ear.R_y,Ear.R_z,hip.Center_x,hip.Center_y,hip.Center_z
0,0.1099677,-0.6003755,-0.13883385,0.012971079,-0.1973345,-0.030549476,-0.121922925,0.18860075,0.0068800985,0.08734416,0.2816251,-0.04996485,0.28668225,0.2562889,0.21603936,0.6364663,0.17607188,0.4364559,-0.36321926,1.0561883,0.2637081,-0.3093519,0.8518914,0.122388646,-0.18667099,0.663296,0.0046215774,0.030996932,0.643041,-0.07660506,0.27402884,0.6067754,-0.17234102,0.51460457,0.6555543,-0.13596831,-0.07592433,0.6850767,-0.01647759,-0.06585571,0.8783102,0.034301717,-0.03208956,0.76881325,0.13340604,-0.009797581,0.81405896,0.10100556,-0.07278312,0.8108416,0.11687521,0.0014720112,0.81447554,0.0035455301,-0.13446131,0.8087505,0.036256112,-0.017289381474256516,0.23511292040348053,-0.021542375907301903
