frame,Ankle.R_x,Ankle.R_y,Ankle.R_z,Knee.R_x,Knee.R_y,Knee.R_z,Hip.R_x,Hip.R_y,Hip.R_z,Hip.L_x,Hip.L_y,Hip.L_z,Knee.L_x,Knee.L_y,Knee.L_z,Ankle.L_x,Ankle.L_y,Ankle.L_z,Wrist.R_x,Wrist.R_y,Wrist.R_z,Elbow.R_x,Elbow.R_y,Elbow.R_z,Shoulder.R_x,Shoulder.R_y,Shoulder.R_z,Shoulder.L_x,Shoulder.L_y,Shoulder.L_z,Elbow.L_x,Elbow.L_y,Elbow.L_z,Wrist.L_x,Wrist.L_y,Wrist.L_z,Neck_x,Neck_y,Neck_z,Head_x,Head_y,Head_z,Nose_x,Nose_y,Nose_z,Eye.L_x,Eye.L_y,Eye.L_z,Eye.R_x,Eye.R_y,Eye.R_z,Ear.L_x,Ear.L_y,Ear.L_z,Ear.R_x,Ear.R_y,Ear.R_z,hip.Center_x,hip.Center_y,hip.Center_z
0,-0.1749989,-0.5144378,-0.02703526,-0.25501254,-0.08561945,0.058701884,-0.11153167,0.3083687,-0.07287649,0.120282345,0.26606905,0.014742398,-0.044813447,-0.08629659,0.22437304,-0.09110892,-0.38890377,-0.09215233,-0.24071246,0.5255626,0.026005562,-0.24157675,0.62629634,-0.21264082,-0.09653277,0.768108,-0.0103112925,0.20061833,0.74299806,0.03468933,0.3826019,0.5749811,-0.117938876,0.5573259,0.41590762,-0.011043115,0.05446866,0.8096371,0.05550034,0.06870055,1.0201831,0.08331944,0.062341586,0.9397267,0.22127798,0.09954627,0.97227395,0.17960711,0.031789508,0.9774261,0.17872415,0.14100924,0.93947387,0.08906053,-0.01424451,0.95008475,0.08310975,0.004375338554382324,0.2872188687324524,-0.02906704694032669
