frame,Ankle.R_x,Ankle.R_y,Ankle.R_z,Knee.R_x,Knee.R_y,Knee.R_z,Hip.R_x,Hip.R_y,Hip.R_z,Hip.L_x,Hip.L_y,Hip.L_z,Knee.L_x,Knee.L_y,Knee.L_z,Ankle.L_x,Ankle.L_y,Ankle.L_z,Wrist.R_x,Wrist.R_y,Wrist.R_z,Elbow.R_x,Elbow.R_y,Elbow.R_z,Shoulder.R_x,Shoulder.R_y,Shoulder.R_z,Shoulder.L_x,Shoulder.L_y,Shoulder.L_z,Elbow.L_x,Elbow.L_y,Elbow.L_z,Wrist.L_x,Wrist.L_y,Wrist.L_z,Neck_x,Neck_y,Neck_z,Head_x,Head_y,Head_z,Nose_x,Nose_y,Nose_z,Eye.L_x,Eye.L_y,Eye.L_z,Eye.R_x,Eye.R_y,Eye.R_z,Ear.L_x,Ear.L_y,Ear.L_z,Ear.R_x,Ear.R_y,Ear.R_z,hip.Center_x,hip.Center_y,hip.Center_z
0,0.037834644,-0.5476627,-0.2598984,-0.07904916,-0.15337259,-0.09731698,-0.11141604,0.2865414,-0.072168626,0.10448988,0.25232288,0.03994343,-0.056054212,-0.13765019,0.12407246,-0.1260593,-0.55108947,-0.014627826,-0.5053003,0.41433042,-0.08685979,-0.29796398,0.5658441,-0.13606864,-0.10190705,0.73016137,-0.015018496,0.17457142,0.7134143,0.06469281,0.40123802,0.55744517,0.009326624,0.6201091,0.41673765,0.027471038,0.033689413,0.7759523,0.05557656,0.046683434,0.9815161,0.07621968,-0.02864407,0.9100202,0.1946764,0.023091415,0.9418318,0.17752917,-0.033070214,0.94341433,0.14110658,0.10470968,0.90615976,0.12286378,-0.020515352,0.9110693,0.041952975,-0.0034630820155143738,0.2694321274757385,-0.016112597659230232
