frame,Ankle.R_x,Ankle.R_y,Ankle.R_z,Knee.R_x,Knee.R_y,Knee.R_z,Hip.R_x,Hip.R_y,Hip.R_z,Hip.L_x,Hip.L_y,Hip.L_z,Knee.L_x,Knee.L_y,Knee.L_z,Ankle.L_x,Ankle.L_y,Ankle.L_z,Wrist.R_x,Wrist.R_y,Wrist.R_z,Elbow.R_x,Elbow.R_y,Elbow.R_z,Shoulder.R_x,Shoulder.R_y,Shoulder.R_z,Shoulder.L_x,Shoulder.L_y,Shoulder.L_z,Elbow.L_x,Elbow.L_y,Elbow.L_z,Wrist.L_x,Wrist.L_y,Wrist.L_z,Neck_x,Neck_y,Neck_z,Head_x,Head_y,Head_z,Nose_x,Nose_y,Nose_z,Eye.L_x,Eye.L_y,Eye.L_z,Eye.R_x,Eye.R_y,Eye.R_z,Ear.L_x,Ear.L_y,Ear.L_z,Ear.R_x,Ear.R_y,Ear.R_z,hip.Center_x,hip.Center_y,hip.Center_z
0,0.073813416,-0.523198,0.069986634,0.08779314,-0.12891103,-0.085196696,0.11284417,0.29483426,-0.015296118,-0.11893401,0.2861531,-0.025703011,-0.11611708,-0.12341907,-0.0993103,-0.14286432,-0.52494884,0.046547122,0.09435916,1.1470654,-0.26033697,0.17901045,0.9236979,-0.17971632,0.07241526,0.821845,0.03405055,-0.19082372,0.7580965,0.024409706,-0.28424257,0.6355039,-0.18107602,-0.19159508,0.8467497,-0.2608587,-0.06157743,0.8349225,0.037377916,-0.10083963,1.0509241,0.052533668,-0.06441871,0.9873067,-0.08692705,-0.10943037,1.0131685,-0.049788337,-0.044537023,1.0209625,-0.035007935,-0.1633119,0.9682027,0.030012045,-0.015532585,0.98660874,0.06373348,-0.0030449219048023224,0.2904936671257019,-0.020499564707279205
