frame,Ankle.R_x,Ankle.R_y,Ankle.R_z,Knee.R_x,Knee.R_y,Knee.R_z,Hip.R_x,Hip.R_y,Hip.R_z,Hip.L_x,Hip.L_y,Hip.L_z,Knee.L_x,Knee.L_y,Knee.L_z,Ankle.L_x,Ankle.L_y,Ankle.L_z,Wrist.R_x,Wrist.R_y,Wrist.R_z,Elbow.R_x,Elbow.R_y,Elbow.R_z,Shoulder.R_x,Shoulder.R_y,Shoulder.R_z,Shoulder.L_x,Shoulder.L_y,Shoulder.L_z,Elbow.L_x,Elbow.L_y,Elbow.L_z,Wrist.L_x,Wrist.L_y,Wrist.L_z,Neck_x,Neck_y,Neck_z,Head_x,Head_y,Head_z,Nose_x,Nose_y,Nose_z,Eye.L_x,Eye.L_y,Eye.L_z,Eye.R_x,Eye.R_y,Eye.R_z,Ear.L_x,Ear.L_y,Ear.L_z,Ear.R_x,Ear.R_y,Ear.R_z,hip.Center_x,hip.Center_y,hip.Center_z
0,0.14185797,-0.59052736,-0.19211693,0.03688789,-0.19400845,-0.05260753,-0.11862016,0.18359642,0.016757866,0.08391038,0.28189015,-0.059047807,0.2820971,0.29042256,0.20732722,0.60108405,0.2799148,0.48128337,-0.34197778,1.058269,0.27427027,-0.31000304,0.84475696,0.13729838,-0.210831,0.6530756,0.003952661,-0.0025365613,0.6457236,-0.09682947,0.23636255,0.6175047,-0.20707193,0.47183692,0.68932796,-0.17082193,-0.10570496,0.6813209,-0.02782981,-0.09808985,0.8751964,0.026496619,-0.055744957,0.76346517,0.11992358,-0.036449887,0.8105248,0.08748486,-0.098381534,0.8052039,0.107229106,-0.031301625,0.8141452,-0.0105271265,-0.16471283,0.80390537,0.03041222,-0.01735488697886467,0.2327432930469513,-0.021144971251487732
