frame,Ankle.R_x,Ankle.R_y,Ankle.R_z,Knee.R_x,Knee.R_y,Knee.R_z,Hip.R_x,Hip.R_y,Hip.R_z,Hip.L_x,Hip.L_y,Hip.L_z,Knee.L_x,Knee.L_y,Knee.L_z,Ankle.L_x,Ankle.L_y,Ankle.L_z,Wrist.R_x,Wrist.R_y,Wrist.R_z,Elbow.R_x,Elbow.R_y,Elbow.R_z,Shoulder.R_x,Shoulder.R_y,Shoulder.R_z,Shoulder.L_x,Shoulder.L_y,Shoulder.L_z,Elbow.L_x,Elbow.L_y,Elbow.L_z,Wrist.L_x,Wrist.L_y,Wrist.L_z,Neck_x,Neck_y,Neck_z,Head_x,Head_y,Head_z,Nose_x,Nose_y,Nose_z,Eye.L_x,Eye.L_y,Eye.L_z,Eye.R_x,Eye.R_y,Eye.R_z,Ear.L_x,Ear.L_y,Ear.L_z,Ear.R_x,Ear.R_y,Ear.R_z,hip.Center_x,hip.Center_y,hip.Center_z
0,0.24852797,-0.5289161,-0.12845626,0.06513893,-0.17461903,0.05385708,-0.123633385,0.21247804,0.004970751,0.09162765,0.2999333,-0.03930287,0.33363608,-0.02032443,0.03481343,0.6058421,-0.35331464,-0.056803394,-0.6534801,0.9114916,0.2175455,-0.459416,0.78647476,0.09678487,-0.21328594,0.7056574,0.017774308,0.05265803,0.6726221,-0.037352238,0.28320515,0.5422994,-0.117415145,0.5357516,0.4897662,-0.12174274,-0.07498126,0.73294383,0.010799179,-0.051244788,0.934822,0.036892984,-0.027348392,0.8440943,0.15884735,-0.0014315322,0.8793328,0.11536386,-0.06481875,0.885654,0.13145228,0.01059895,0.8575405,0.017804833,-0.12978172,0.8710561,0.051399563,-0.016002867370843887,0.256205677986145,-0.017166059464216232
