frame,Ankle.R_x,Ankle.R_y,Ankle.R_z,Knee.R_x,Knee.R_y,Knee.R_z,Hip.R_x,Hip.R_y,Hip.R_z,Hip.L_x,Hip.L_y,Hip.L_z,Knee.L_x,Knee.L_y,Knee.L_z,Ankle.L_x,Ankle.L_y,Ankle.L_z,Wrist.R_x,Wrist.R_y,Wrist.R_z,Elbow.R_x,Elbow.R_y,Elbow.R_z,Shoulder.R_x,Shoulder.R_y,Shoulder.R_z,Shoulder.L_x,Shoulder.L_y,Shoulder.L_z,Elbow.L_x,Elbow.L_y,Elbow.L_z,Wrist.L_x,Wrist.L_y,Wrist.L_z,Neck_x,Neck_y,Neck_z,Head_x,Head_y,Head_z,Nose_x,Nose_y,Nose_z,Eye.L_x,Eye.L_y,Eye.L_z,Eye.R_x,Eye.R_y,Eye.R_z,Ear.L_x,Ear.L_y,Ear.L_z,Ear.R_x,Ear.R_y,Ear.R_z,hip.Center_x,hip.Center_y,hip.Center_z
0,0.08412997,-0.54626095,-0.14500423,0.13595332,-0.1424918,0.04836607,-0.080012634,0.24795261,0.08104547,0.05181745,0.3132163,-0.11818796,0.30757403,-0.03267616,-0.073931366,0.38569248,-0.44149178,-0.25646934,0.068717554,0.23794882,0.26190752,-0.13842309,0.40788823,0.25198436,-0.1957061,0.6782837,0.15772626,-0.08462094,0.7538795,-0.12660515,0.015448898,0.5969432,-0.34632996,0.23578441,0.56222063,-0.21721248,-0.140605,0.78429085,0.030055372,-0.16354623,1.0053071,0.06790736,-0.054902475,0.92085576,0.14304669,-0.06701915,0.9662264,0.099261776,-0.113728106,0.9481364,0.14380118,-0.09804076,0.9530169,-0.0005696751,-0.20502004,0.9142692,0.10226734,-0.014097591862082481,0.280584454536438,-0.018571242690086365
