frame,Ankle.R_x,Ankle.R_y,Ankle.R_z,Knee.R_x,Knee.R_y,Knee.R_z,Hip.R_x,Hip.R_y,Hip.R_z,Hip.L_x,Hip.L_y,Hip.L_z,Knee.L_x,Knee.L_y,Knee.L_z,Ankle.L_x,Ankle.L_y,Ankle.L_z,Wrist.R_x,Wrist.R_y,Wrist.R_z,Elbow.R_x,Elbow.R_y,Elbow.R_z,Shoulder.R_x,Shoulder.R_y,Shoulder.R_z,Shoulder.L_x,Shoulder.L_y,Shoulder.L_z,Elbow.L_x,Elbow.L_y,Elbow.L_z,Wrist.L_x,Wrist.L_y,Wrist.L_z,Neck_x,Neck_y,Neck_z,Head_x,Head_y,Head_z,Nose_x,Nose_y,Nose_z,Eye.L_x,Eye.L_y,Eye.L_z,Eye.R_x,Eye.R_y,Eye.R_z,Ear.L_x,Ear.L_y,Ear.L_z,Ear.R_x,Ear.R_y,Ear.R_z,hip.Center_x,hip.Center_y,hip.Center_z
0,0.49622437,-0.29633224,-0.27127874,0.33092773,0.05494925,-0.10407773,0.04823403,0.25059837,0.0893721,-0.05380227,0.20323864,-0.12294358,0.0037502376,-0.18564421,0.022790082,0.050516672,-0.59360933,0.1498485,-0.042958938,1.0228702,0.15998328,-0.14369649,0.8014952,0.18702808,-0.07542399,0.68058383,-0.028026309,-0.052254274,0.62973875,-0.22620443,0.026541665,0.66275793,-0.46863854,0.08615274,0.8528156,-0.6092942,-0.040789474,0.67825985,-0.12658443,0.048247296,0.85463953,-0.14647663,0.12753981,0.72845006,-0.11037245,0.11945297,0.7686446,-0.15310335,0.1075612,0.7793175,-0.08971374,0.03588234,0.7793981,-0.20699137,0.011217609,0.8038396,-0.07493587,-0.0027841199189424515,0.22691850364208221,-0.016785740852355957
