frame,Ankle.R_x,Ankle.R_y,Ankle.R_z,Knee.R_x,Knee.R_y,Knee.R_z,Hip.R_x,Hip.R_y,Hip.R_z,Hip.L_x,Hip.L_y,Hip.L_z,Knee.L_x,Knee.L_y,Knee.L_z,Ankle.L_x,Ankle.L_y,Ankle.L_z,Wrist.R_x,Wrist.R_y,Wrist.R_z,Elbow.R_x,Elbow.R_y,Elbow.R_z,Shoulder.R_x,Shoulder.R_y,Shoulder.R_z,Shoulder.L_x,Shoulder.L_y,Shoulder.L_z,Elbow.L_x,Elbow.L_y,Elbow.L_z,Wrist.L_x,Wrist.L_y,Wrist.L_z,Neck_x,Neck_y,Neck_z,Head_x,Head_y,Head_z,Nose_x,Nose_y,Nose_z,Eye.L_x,Eye.L_y,Eye.L_z,Eye.R_x,Eye.R_y,Eye.R_z,Ear.L_x,Ear.L_y,Ear.L_z,Ear.R_x,Ear.R_y,Ear.R_z,hip.Center_x,hip.Center_y,hip.Center_z
0,0.06913703,-0.25008997,-0.22277008,-0.25135073,-0.1353107,0.030684618,-0.11738135,0.26707542,-0.05752557,0.114561275,0.25985613,0.01277276,0.121186346,-0.14540762,0.14102402,0.09215368,-0.50347733,-0.11676771,-0.19204088,1.2339532,0.19188724,-0.17392695,0.9985659,0.07337834,-0.04451441,0.7685634,0.02380085,0.19242671,0.6692338,0.042215597,0.42744166,0.5277386,0.0020018537,0.6687541,0.4349868,0.04617792,0.075127006,0.75421584,0.055236153,0.11120388,0.9491338,0.07397771,0.08088081,0.87716955,0.2084222,0.12469284,0.9044235,0.17308646,0.060002733,0.91675615,0.16383067,0.1685055,0.8649008,0.08927672,0.02575956,0.8923954,0.06708195,-0.0014100372791290283,0.2634657621383667,-0.02237640507519245
