frame,Ankle.R_x,Ankle.R_y,Ankle.R_z,Knee.R_x,Knee.R_y,Knee.R_z,Hip.R_x,Hip.R_y,Hip.R_z,Hip.L_x,Hip.L_y,Hip.L_z,Knee.L_x,Knee.L_y,Knee.L_z,Ankle.L_x,Ankle.L_y,Ankle.L_z,Wrist.R_x,Wrist.R_y,Wrist.R_z,Elbow.R_x,Elbow.R_y,Elbow.R_z,Shoulder.R_x,Shoulder.R_y,Shoulder.R_z,Shoulder.L_x,Shoulder.L_y,Shoulder.L_z,Elbow.L_x,Elbow.L_y,Elbow.L_z,Wrist.L_x,Wrist.L_y,Wrist.L_z,Neck_x,Neck_y,Neck_z,Head_x,Head_y,Head_z,Nose_x,Nose_y,Nose_z,Eye.L_x,Eye.L_y,Eye.L_z,Eye.R_x,Eye.R_y,Eye.R_z,Ear.L_x,Ear.L_y,Ear.L_z,Ear.R_x,Ear.R_y,Ear.R_z,hip.Center_x,hip.Center_y,hip.Center_z
0,0.16241558,-0.5648674,-0.1322471,-0.002567526,-0.18099298,-0.017085563,-0.12288079,0.22709876,-0.043180786,0.09884952,0.2965448,0.0110911615,0.23456627,-0.09361823,0.08309351,0.45652717,-0.4474506,-0.046849463,-0.73573124,0.65490675,-0.04095397,-0.49222714,0.6559729,-0.120854184,-0.23770423,0.71117115,-0.046690717,0.01739807,0.7239299,0.0021317173,0.26598507,0.6202897,-0.0097604925,0.48695752,0.64684296,0.10613997,-0.12077259,0.75665444,0.0072470345,-0.13274343,0.95272595,0.06870583,-0.19029698,0.84360373,0.16430454,-0.14567117,0.8846761,0.1550087,-0.20289393,0.888595,0.12260763,-0.06597848,0.87771255,0.09037923,-0.19366615,0.88629997,0.018297054,-0.012015633285045624,0.26182177662849426,-0.01604481227695942
