frame,Ankle.R_x,Ankle.R_y,Ankle.R_z,Knee.R_x,Knee.R_y,Knee.R_z,Hip.R_x,Hip.R_y,Hip.R_z,Hip.L_x,Hip.L_y,Hip.L_z,Knee.L_x,Knee.L_y,Knee.L_z,Ankle.L_x,Ankle.L_y,Ankle.L_z,Wrist.R_x,Wrist.R_y,Wrist.R_z,Elbow.R_x,Elbow.R_y,Elbow.R_z,Shoulder.R_x,Shoulder.R_y,Shoulder.R_z,Shoulder.L_x,Shoulder.L_y,Shoulder.L_z,Elbow.L_x,Elbow.L_y,Elbow.L_z,Wrist.L_x,Wrist.L_y,Wrist.L_z,Neck_x,Neck_y,Neck_z,Head_x,Head_y,Head_z,Nose_x,Nose_y,Nose_z,Eye.L_x,Eye.L_y,Eye.L_z,Eye.R_x,Eye.R_y,Eye.R_z,Ear.L_x,Ear.L_y,Ear.L_z,Ear.R_x,Ear.R_y,Ear.R_z,hip.Center_x,hip.Center_y,hip.Center_z
0,0.27022704,-0.21492608,0.58835226,0.036000006,0.024097556,0.32833046,-0.118092515,0.19611816,0.020555697,0.0888287,0.27224028,-0.0647213,0.32298905,-0.05121552,-0.0330794,0.61456037,-0.36219493,-0.119439654,-0.38918075,1.0432034,0.23610713,-0.344153,0.83722484,0.09040646,-0.20164725,0.6596541,-0.030622307,0.030756667,0.6396379,-0.10292024,0.2852586,0.5781938,-0.14504883,0.5145411,0.5928159,-0.048040055,-0.08637746,0.6828142,-0.051625974,-0.0773231,0.8787163,-0.011252451,-0.0661352,0.7732631,0.09617341,-0.036591854,0.815851,0.06570419,-0.10125238,0.8155321,0.07090531,-0.008390084,0.81070685,-0.028953724,-0.14785539,0.81188023,-0.017958842,-0.014631908386945724,0.23417922854423523,-0.022082801908254623
