frame,Ankle.R_x,Ankle.R_y,Ankle.R_z,Knee.R_x,Knee.R_y,Knee.R_z,Hip.R_x,Hip.R_y,Hip.R_z,Hip.L_x,Hip.L_y,Hip.L_z,Knee.L_x,Knee.L_y,Knee.L_z,Ankle.L_x,Ankle.L_y,Ankle.L_z,Wrist.R_x,Wrist.R_y,Wrist.R_z,Elbow.R_x,Elbow.R_y,Elbow.R_z,Shoulder.R_x,Shoulder.R_y,Shoulder.R_z,Shoulder.L_x,Shoulder.L_y,Shoulder.L_z,Elbow.L_x,Elbow.L_y,Elbow.L_z,Wrist.L_x,Wrist.L_y,Wrist.L_z,Neck_x,Neck_y,Neck_z,Head_x,Head_y,Head_z,Nose_x,Nose_y,Nose_z,Eye.L_x,Eye.L_y,Eye.L_z,Eye.R_x,Eye.R_y,Eye.R_z,Ear.L_x,Ear.L_y,Ear.L_z,Ear.R_x,Ear.R_y,Ear.R_z,hip.Center_x,hip.Center_y,hip.Center_z
0,-0.24719813,-0.5201726,-0.21371982,-0.19764301,-0.1415347,0.04776327,-0.1265113,0.29088965,-0.03640881,0.121804,0.27561417,-0.0090343775,0.1043729,-0.16726056,0.043339517,0.07070291,-0.566131,-0.19442037,-0.45092624,0.3257924,-0.016217193,-0.3034996,0.5245681,-0.12937239,-0.14964856,0.7411792,-0.0009123497,0.1556167,0.73942393,0.062379517,0.3369922,0.5161767,-0.003371155,0.4413746,0.30330667,0.12568632,-0.0020432882,0.8032264,0.06645348,-0.008808121,1.0195037,0.10026955,-0.04978873,0.9288895,0.22358927,-0.0059089735,0.9683169,0.19811584,-0.06921003,0.96691227,0.17422006,0.066801,0.94540614,0.12472814,-0.07774234,0.9434216,0.07008092,-0.002353653311729431,0.28325191140174866,-0.02272159419953823
