frame,Ankle.R_x,Ankle.R_y,Ankle.R_z,Knee.R_x,Knee.R_y,Knee.R_z,Hip.R_x,Hip.R_y,Hip.R_z,Hip.L_x,Hip.L_y,Hip.L_z,Knee.L_x,Knee.L_y,Knee.L_z,Ankle.L_x,Ankle.L_y,Ankle.L_z,Wrist.R_x,Wrist.R_y,Wrist.R_z,Elbow.R_x,Elbow.R_y,Elbow.R_z,Shoulder.R_x,Shoulder.R_y,Shoulder.R_z,Shoulder.L_x,Shoulder.L_y,Shoulder.L_z,Elbow.L_x,Elbow.L_y,Elbow.L_z,Wrist.L_x,Wrist.L_y,Wrist.L_z,Neck_x,Neck_y,Neck_z,Head_x,Head_y,Head_z,Nose_x,Nose_y,Nose_z,Eye.L_x,Eye.L_y,Eye.L_z,Eye.R_x,Eye.R_y,Eye.R_z,Ear.L_x,Ear.L_y,Ear.L_z,Ear.R_x,Ear.R_y,Ear.R_z,hip.Center_x,hip.Center_y,hip.Center_z
0,-0.040067475,-0.5285593,0.06356047,0.02822472,-0.12729307,-0.006398485,0.10852721,0.28998125,0.01134813,-0.108882345,0.28752816,-0.056834266,-0.048208464,-0.12287836,-0.045498576,-0.03691003,-0.5345234,-0.0024682016,-0.10807618,0.64503735,-0.305588,0.09553062,0.6048343,-0.16917585,0.12506045,0.7953756,-0.04686575,-0.13303047,0.7690294,-0.07942205,-0.057968326,0.5452664,-0.082714565,0.12803178,0.4768237,-0.22750826,-0.0018362915,0.8432954,-0.06083477,-0.02087425,1.0626327,-0.06561344,-0.013698403,0.97514945,-0.19575754,-0.050446,1.0077873,-0.1555416,0.016387232,1.0159378,-0.15726885,-0.085749924,0.9799375,-0.060156543,0.06484598,0.9982271,-0.06362191,-0.00017756596207618713,0.2887547016143799,-0.022743068635463715
