frame,Ankle.R_x,Ankle.R_y,Ankle.R_z,Knee.R_x,Knee.R_y,Knee.R_z,Hip.R_x,Hip.R_y,Hip.R_z,Hip.L_x,Hip.L_y,Hip.L_z,Knee.L_x,Knee.L_y,Knee.L_z,Ankle.L_x,Ankle.L_y,Ankle.L_z,Wrist.R_x,Wrist.R_y,Wrist.R_z,Elbow.R_x,Elbow.R_y,Elbow.R_z,Shoulder.R_x,Shoulder.R_y,Shoulder.R_z,Shoulder.L_x,Shoulder.L_y,Shoulder.L_z,Elbow.L_x,Elbow.L_y,Elbow.L_z,Wrist.L_x,Wrist.L_y,Wrist.L_z,Neck_x,Neck_y,Neck_z,Head_x,Head_y,Head_z,Nose_x,Nose_y,Nose_z,Eye.L_x,Eye.L_y,Eye.L_z,Eye.R_x,Eye.R_y,Eye.R_z,Ear.L_x,Ear.L_y,Ear.L_z,Ear.R_x,Ear.R_y,Ear.R_z,hip.Center_x,hip.Center_y,hip.Center_z
0,0.04654128,-0.54715174,-0.1478401,-0.006158803,-0.18220846,0.06171029,-0.12494208,0.2129536,0.008854972,0.09169513,0.28723377,-0.04439521,0.3492053,0.058178898,0.100602515,0.69637394,-0.17803504,0.026870357,-0.67794,0.5429981,0.08737226,-0.44038978,0.61240315,0.037823714,-0.17756835,0.6747407,0.030581899,0.088131845,0.65517235,-0.021332547,0.30904385,0.54050136,-0.12305251,0.5514874,0.4818835,-0.11843686,-0.03584294,0.7128435,0.027465727,-0.016078543,0.9145654,0.048497085,-0.002150502,0.8274213,0.1732359,0.026976045,0.8635739,0.13409047,-0.03754146,0.8667389,0.14208642,0.05031773,0.84143317,0.04016524,-0.08997094,0.8491384,0.056516275,-0.016623474657535553,0.2500936985015869,-0.01777011901140213
