frame,Ankle.R_x,Ankle.R_y,Ankle.R_z,Knee.R_x,Knee.R_y,Knee.R_z,Hip.R_x,Hip.R_y,Hip.R_z,Hip.L_x,Hip.L_y,Hip.L_z,Knee.L_x,Knee.L_y,Knee.L_z,Ankle.L_x,Ankle.L_y,Ankle.L_z,Wrist.R_x,Wrist.R_y,Wrist.R_z,Elbow.R_x,Elbow.R_y,Elbow.R_z,Shoulder.R_x,Shoulder.R_y,Shoulder.R_z,Shoulder.L_x,Shoulder.L_y,Shoulder.L_z,Elbow.L_x,Elbow.L_y,Elbow.L_z,Wrist.L_x,Wrist.L_y,Wrist.L_z,Neck_x,Neck_y,Neck_z,Head_x,Head_y,Head_z,Nose_x,Nose_y,Nose_z,Eye.L_x,Eye.L_y,Eye.L_z,Eye.R_x,Eye.R_y,Eye.R_z,Ear.L_x,Ear.L_y,Ear.L_z,Ear.R_x,Ear.R_y,Ear.R_z,hip.Center_x,hip.Center_y,hip.Center_z
0,0.005840134,-0.4155552,0.04320686,0.22998868,-0.081297755,-0.06981199,0.07828762,0.2890387,0.07053312,-0.08771938,0.29548517,-0.10357373,-0.020477911,-0.118620835,-0.1507194,-0.111203596,-0.5234045,-0.03991836,0.06135307,0.64137393,-0.18526419,0.23061664,0.58760965,-0.00327817,0.084448025,0.7707782,0.11420776,-0.18957473,0.7694799,-0.00176225,-0.394598,0.5881727,-0.058517642,-0.44904855,0.5581906,-0.300424,-0.053200524,0.8316954,0.04919653,-0.07501239,1.0559893,0.031654496,-0.028284702,0.96960926,-0.09097362,-0.07601694,1.0018193,-0.06339332,-0.012373802,1.0111127,-0.044617303,-0.1382123,0.97152245,0.015019029,0.008655621,0.99251586,0.06047779,-0.004715882241725922,0.29226192831993103,-0.01652030646800995
