frame,Ankle.R_x,Ankle.R_y,Ankle.R_z,Knee.R_x,Knee.R_y,Knee.R_z,Hip.R_x,Hip.R_y,Hip.R_z,Hip.L_x,Hip.L_y,Hip.L_z,Knee.L_x,Knee.L_y,Knee.L_z,Ankle.L_x,Ankle.L_y,Ankle.L_z,Wrist.R_x,Wrist.R_y,Wrist.R_z,Elbow.R_x,Elbow.R_y,Elbow.R_z,Shoulder.R_x,Shoulder.R_y,Shoulder.R_z,Shoulder.L_x,Shoulder.L_y,Shoulder.L_z,Elbow.L_x,Elbow.L_y,Elbow.L_z,Wrist.L_x,Wrist.L_y,Wrist.L_z,Neck_x,Neck_y,Neck_z,Head_x,Head_y,Head_z,Nose_x,Nose_y,Nose_z,Eye.L_x,Eye.L_y,Eye.L_z,Eye.R_x,Eye.R_y,Eye.R_z,Ear.L_x,Ear.L_y,Ear.L_z,Ear.R_x,Ear.R_y,Ear.R_z,hip.Center_x,hip.Center_y,hip.Center_z
0,-0.42087978,-0.3733159,-0.3517242,-0.27023175,-0.07938345,-0.080489725,-0.109171264,0.28990433,-0.065209694,0.10737228,0.25982118,0.03233983,0.09935409,-0.14869422,0.06753032,0.1566714,-0.56558675,-0.025952686,-0.58042073,0.80414873,-0.08296574,-0.3438427,0.7439619,-0.15551673,-0.10580862,0.7661494,-0.032842733,0.13526896,0.7346959,0.05953343,0.3372703,0.55965006,0.030274846,0.56825924,0.46940333,0.07180446,0.0027803257,0.79311204,0.042683046,0.005285017,0.9923228,0.05939441,-0.097572766,0.9226388,0.15678418,-0.045022048,0.95454335,0.15273349,-0.088932924,0.9541645,0.10287927,0.049249895,0.9189123,0.122514136,-0.051353917,0.91951907,0.010799594,-0.0008994936943054199,0.27486276626586914,-0.016434932127594948
