frame,Ankle.R_x,Ankle.R_y,Ankle.R_z,Knee.R_x,Knee.R_y,Knee.R_z,Hip.R_x,Hip.R_y,Hip.R_z,Hip.L_x,Hip.L_y,Hip.L_z,Knee.L_x,Knee.L_y,Knee.L_z,Ankle.L_x,Ankle.L_y,Ankle.L_z,Wrist.R_x,Wrist.R_y,Wrist.R_z,Elbow.R_x,Elbow.R_y,Elbow.R_z,Shoulder.R_x,Shoulder.R_y,Shoulder.R_z,Shoulder.L_x,Shoulder.L_y,Shoulder.L_z,Elbow.L_x,Elbow.L_y,Elbow.L_z,Wrist.L_x,Wrist.L_y,Wrist.L_z,Neck_x,Neck_y,Neck_z,Head_x,Head_y,Head_z,Nose_x,Nose_y,Nose_z,Eye.L_x,Eye.L_y,Eye.L_z,Eye.R_x,Eye.R_y,Eye.R_z,Ear.L_x,Ear.L_y,Ear.L_z,Ear.R_x,Ear.R_y,Ear.R_z,hip.Center_x,hip.Center_y,hip.Center_z
0,-0.40196404,-0.47211182,-0.12711921,-0.25322127,-0.0940277,0.0225041,-0.110815614,0.29616153,-0.044333592,0.11591419,0.23504052,0.011574727,-0.048952013,-0.1579113,0.04469679,-0.19363523,-0.5440353,-0.089784354,-0.6159883,0.7199195,-0.0886715,-0.35754025,0.7067854,-0.07248078,-0.09134858,0.7250036,-0.004407821,0.17072049,0.73246425,0.06011581,0.43985045,0.73931193,0.08283214,0.68785036,0.7833028,0.14218812,0.031721693,0.7631112,0.05668622,0.0031222014,0.9545998,0.13124773,-0.049048215,0.83607125,0.21727744,-0.0068880096,0.8815206,0.21294028,-0.06281777,0.8824552,0.17720492,0.07787682,0.88438445,0.1528108,-0.048009068,0.88687694,0.074328035,0.0025492869317531586,0.2656010389328003,-0.016379432752728462
