frame,Ankle.R_x,Ankle.R_y,Ankle.R_z,Knee.R_x,Knee.R_y,Knee.R_z,Hip.R_x,Hip.R_y,Hip.R_z,Hip.L_x,Hip.L_y,Hip.L_z,Knee.L_x,Knee.L_y,Knee.L_z,Ankle.L_x,Ankle.L_y,Ankle.L_z,Wrist.R_x,Wrist.R_y,Wrist.R_z,Elbow.R_x,Elbow.R_y,Elbow.R_z,Shoulder.R_x,Shoulder.R_y,Shoulder.R_z,Shoulder.L_x,Shoulder.L_y,Shoulder.L_z,Elbow.L_x,Elbow.L_y,Elbow.L_z,Wrist.L_x,Wrist.L_y,Wrist.L_z,Neck_x,Neck_y,Neck_z,Head_x,Head_y,Head_z,Nose_x,Nose_y,Nose_z,Eye.L_x,Eye.L_y,Eye.L_z,Eye.R_x,Eye.R_y,Eye.R_z,Ear.L_x,Ear.L_y,Ear.L_z,Ear.R_x,Ear.R_y,Ear.R_z,hip.Center_x,hip.Center_y,hip.Center_z
0,-0.12633215,-0.2724193,-0.21616825,-0.30664113,-0.070178166,0.12744853,-0.12815976,0.26486036,-0.04219357,0.11897948,0.27518615,-0.023686232,0.31522468,-0.06543425,0.10941941,0.1798345,-0.15784688,-0.30315074,-0.13223581,1.2241355,0.15417789,-0.23358859,0.99043614,0.050052002,-0.11564499,0.76280296,-0.04793785,0.121082574,0.7578678,-0.02297465,0.23490411,0.97376704,0.090714134,0.13473532,1.2211232,0.1475975,0.0014452068,0.78098655,-0.030761842,0.00065565156,0.98038405,-0.03673966,-0.013142196,0.9205805,0.10773215,0.02328686,0.9518005,0.06817043,-0.043003082,0.9479761,0.05828159,0.07732675,0.91188836,-0.0129736755,-0.07220573,0.9028695,-0.036575384,-0.004590142518281937,0.27002325654029846,-0.03293989971280098
