frame,Ankle.R_x,Ankle.R_y,Ankle.R_z,Knee.R_x,Knee.R_y,Knee.R_z,Hip.R_x,Hip.R_y,Hip.R_z,Hip.L_x,Hip.L_y,Hip.L_z,Knee.L_x,Knee.L_y,Knee.L_z,Ankle.L_x,Ankle.L_y,Ankle.L_z,Wrist.R_x,Wrist.R_y,Wrist.R_z,Elbow.R_x,Elbow.R_y,Elbow.R_z,Shoulder.R_x,Shoulder.R_y,Shoulder.R_z,Shoulder.L_x,Shoulder.L_y,Shoulder.L_z,Elbow.L_x,Elbow.L_y,Elbow.L_z,Wrist.L_x,Wrist.L_y,Wrist.L_z,Neck_x,Neck_y,Neck_z,Head_x,Head_y,Head_z,Nose_x,Nose_y,Nose_z,Eye.L_x,Eye.L_y,Eye.L_z,Eye.R_x,Eye.R_y,Eye.R_z,Ear.L_x,Ear.L_y,Ear.L_z,Ear.R_x,Ear.R_y,Ear.R_z,hip.Center_x,hip.Center_y,hip.Center_z
0,-0.05273412,-0.44154653,-0.30023018,-0.12111118,-0.14567602,0.0012942072,-0.11795036,0.2880747,-0.054835625,0.110989004,0.2684792,0.0186138,-0.0035347743,-0.13590172,0.07851072,-0.10289194,-0.5395208,-0.02982677,-0.43024933,0.4134221,-0.32077834,-0.26610023,0.5903499,-0.22688586,-0.12710485,0.7464994,-0.046748206,0.12375082,0.7732614,0.0721054,0.39053935,0.74957657,0.119598836,0.62840235,0.75549144,0.2226516,-0.019142587,0.8023857,0.042507607,-0.04919065,1.0044236,0.06588185,-0.15479267,0.9112471,0.13710125,-0.10959357,0.95462835,0.14492871,-0.13885282,0.94565284,0.0856504,-0.00399537,0.94047797,0.1410874,-0.07314633,0.9224401,0.007016368,-0.0034806765615940094,0.2782769501209259,-0.018110912293195724
