frame,Ankle.R_x,Ankle.R_y,Ankle.R_z,Knee.R_x,Knee.R_y,Knee.R_z,Hip.R_x,Hip.R_y,Hip.R_z,Hip.L_x,Hip.L_y,Hip.L_z,Knee.L_x,Knee.L_y,Knee.L_z,Ankle.L_x,Ankle.L_y,Ankle.L_z,Wrist.R_x,Wrist.R_y,Wrist.R_z,Elbow.R_x,Elbow.R_y,Elbow.R_z,Shoulder.R_x,Shoulder.R_y,Shoulder.R_z,Shoulder.L_x,Shoulder.L_y,Shoulder.L_z,Elbow.L_x,Elbow.L_y,Elbow.L_z,Wrist.L_x,Wrist.L_y,Wrist.L_z,Neck_x,Neck_y,Neck_z,Head_x,Head_y,Head_z,Nose_x,Nose_y,Nose_z,Eye.L_x,Eye.L_y,Eye.L_z,Eye.R_x,Eye.R_y,Eye.R_z,Ear.L_x,Ear.L_y,Ear.L_z,Ear.R_x,Ear.R_y,Ear.R_z,hip.Center_x,hip.Center_y,hip.Center_z
0,0.14921992,-0.3881248,-0.41132963,-0.00019821757,-0.14962707,-0.08927074,-0.12615705,0.2646074,-0.031376407,0.10925448,0.28325284,0.0069665993,0.06177105,-0.12581733,0.08813039,0.04917366,-0.5200991,-0.077191874,-0.63360274,0.8001958,0.14932424,-0.43551308,0.7577841,-0.007959022,-0.1600249,0.75806403,0.011087345,0.11511889,0.7528711,0.028563498,0.3833409,0.7292725,-0.013553525,0.6359092,0.7412141,0.034164995,-0.023077372,0.79807115,0.044157375,-0.023999004,1.0095191,0.0737414,-0.047748767,0.92177176,0.20136337,-0.008263781,0.9602737,0.17065904,-0.07321237,0.9585582,0.15597235,0.05162003,0.9378215,0.088299245,-0.09461961,0.9350848,0.054286223,-0.008451282978057861,0.2739301323890686,-0.012204904109239578
