frame,Ankle.R_x,Ankle.R_y,Ankle.R_z,Knee.R_x,Knee.R_y,Knee.R_z,Hip.R_x,Hip.R_y,Hip.R_z,Hip.L_x,Hip.L_y,Hip.L_z,Knee.L_x,Knee.L_y,Knee.L_z,Ankle.L_x,Ankle.L_y,Ankle.L_z,Wrist.R_x,Wrist.R_y,Wrist.R_z,Elbow.R_x,Elbow.R_y,Elbow.R_z,Shoulder.R_x,Shoulder.R_y,Shoulder.R_z,Shoulder.L_x,Shoulder.L_y,Shoulder.L_z,Elbow.L_x,Elbow.L_y,Elbow.L_z,Wrist.L_x,Wrist.L_y,Wrist.L_z,Neck_x,Neck_y,Neck_z,Head_x,Head_y,Head_z,Nose_x,Nose_y,Nose_z,Eye.L_x,Eye.L_y,Eye.L_z,Eye.R_x,Eye.R_y,Eye.R_z,Ear.L_x,Ear.L_y,Ear.L_z,Ear.R_x,Ear.R_y,Ear.R_z,hip.Center_x,hip.Center_y,hip.Center_z
0,0.07382873,-0.58434063,-0.1673598,-0.03018408,-0.18357842,-0.026651675,-0.12692145,0.2329661,-0.029858533,0.10267594,0.28481787,-0.00027698337,0.27033785,-0.08901762,0.013927494,0.5162011,-0.4445941,-0.05015142,-0.5068514,1.0074463,0.26758814,-0.3815462,0.87117046,0.08297681,-0.16528642,0.73978114,-0.007255481,0.08284688,0.70910984,-0.009874857,0.34270245,0.6479883,-0.059891783,0.584547,0.64366543,0.026427232,-0.042764276,0.75828373,0.008676222,-0.014239192,0.9436543,-0.0135371005,-0.06467058,0.90836805,0.13018036,-0.01728984,0.9287793,0.09607522,-0.07927081,0.9306532,0.07329849,0.04432603,0.87322056,0.034523666,-0.09320103,0.87833107,-0.016174287,-0.012122754007577896,0.2588919997215271,-0.015067758038640022
