frame,Ankle.R_x,Ankle.R_y,Ankle.R_z,Knee.R_x,Knee.R_y,Knee.R_z,Hip.R_x,Hip.R_y,Hip.R_z,Hip.L_x,Hip.L_y,Hip.L_z,Knee.L_x,Knee.L_y,Knee.L_z,Ankle.L_x,Ankle.L_y,Ankle.L_z,Wrist.R_x,Wrist.R_y,Wrist.R_z,Elbow.R_x,Elbow.R_y,Elbow.R_z,Shoulder.R_x,Shoulder.R_y,Shoulder.R_z,Shoulder.L_x,Shoulder.L_y,Shoulder.L_z,Elbow.L_x,Elbow.L_y,Elbow.L_z,Wrist.L_x,Wrist.L_y,Wrist.L_z,Neck_x,Neck_y,Neck_z,Head_x,Head_y,Head_z,Nose_x,Nose_y,Nose_z,Eye.L_x,Eye.L_y,Eye.L_z,Eye.R_x,Eye.R_y,Eye.R_z,Ear.L_x,Ear.L_y,Ear.L_z,Ear.R_x,Ear.R_y,Ear.R_z,hip.Center_x,hip.Center_y,hip.Center_z
0,0.14431918,-0.5590105,-0.2019101,0.027704157,-0.19605729,0.0061887647,-0.123884775,0.19884533,-0.0012039393,0.08807487,0.28908968,-0.039307527,0.34649253,0.113468684,0.16324914,0.71827567,-0.068507716,0.273102,-0.49699065,1.0335914,0.1935101,-0.37494183,0.84266466,0.07399694,-0.18161663,0.69033194,-0.017222315,0.053591583,0.6496823,-0.075220905,0.28387323,0.56712985,-0.1821509,0.531681,0.602079,-0.16864122,-0.05987498,0.70507133,-0.026129924,-0.041031968,0.89770377,-0.013726203,-0.047858305,0.8205143,0.117958836,-0.012828451,0.8541378,0.081380576,-0.07782386,0.8564247,0.07747984,0.027094245,0.8254554,-0.0054429863,-0.11485492,0.831196,-0.014010694,-0.01790495216846466,0.24396750330924988,-0.020255733281373978
