frame,Ankle.R_x,Ankle.R_y,Ankle.R_z,Knee.R_x,Knee.R_y,Knee.R_z,Hip.R_x,Hip.R_y,Hip.R_z,Hip.L_x,Hip.L_y,Hip.L_z,Knee.L_x,Knee.L_y,Knee.L_z,Ankle.L_x,Ankle.L_y,Ankle.L_z,Wrist.R_x,Wrist.R_y,Wrist.R_z,Elbow.R_x,Elbow.R_y,Elbow.R_z,Shoulder.R_x,Shoulder.R_y,Shoulder.R_z,Shoulder.L_x,Shoulder.L_y,Shoulder.L_z,Elbow.L_x,Elbow.L_y,Elbow.L_z,Wrist.L_x,Wrist.L_y,Wrist.L_z,Neck_x,Neck_y,Neck_z,Head_x,Head_y,Head_z,Nose_x,Nose_y,Nose_z,Eye.L_x,Eye.L_y,Eye.L_z,Eye.R_x,Eye.R_y,Eye.R_z,Ear.L_x,Ear.L_y,Ear.L_z,Ear.R_x,Ear.R_y,Ear.R_z,hip.Center_x,hip.Center_y,hip.Center_z
0,0.2472105,-0.56108266,0.022103854,0.12358857,-0.13710472,0.066660255,-0.055937372,0.25258562,0.09206036,0.056931067,0.2785651,-0.12503518,-0.10970208,-0.11075781,-0.19954003,-0.38755512,-0.43516284,-0.357196,-0.58755267,0.60259485,0.33660504,-0.36889523,0.6331401,0.19828358,-0.109419465,0.72415066,0.13491754,0.1290134,0.7386304,-0.03886219,0.3694613,0.6410103,-0.14692847,0.60353863,0.6724708,-0.04116719,0.02395905,0.77985716,0.06918246,0.024810173,0.9840027,0.09904782,0.14952566,0.90730464,0.15525936,0.1269662,0.9442332,0.1098261,0.09685388,0.9386954,0.16905487,0.06701015,0.91737676,0.031255834,-0.0034114048,0.9049283,0.1622116,0.0004968475550413132,0.2655753493309021,-0.01648741215467453
