frame,Ankle.R_x,Ankle.R_y,Ankle.R_z,Knee.R_x,Knee.R_y,Knee.R_z,Hip.R_x,Hip.R_y,Hip.R_z,Hip.L_x,Hip.L_y,Hip.L_z,Knee.L_x,Knee.L_y,Knee.L_z,Ankle.L_x,Ankle.L_y,Ankle.L_z,Wrist.R_x,Wrist.R_y,Wrist.R_z,Elbow.R_x,Elbow.R_y,Elbow.R_z,Shoulder.R_x,Shoulder.R_y,Shoulder.R_z,Shoulder.L_x,Shoulder.L_y,Shoulder.L_z,Elbow.L_x,Elbow.L_y,Elbow.L_z,Wrist.L_x,Wrist.L_y,Wrist.L_z,Neck_x,Neck_y,Neck_z,Head_x,Head_y,Head_z,Nose_x,Nose_y,Nose_z,Eye.L_x,Eye.L_y,Eye.L_z,Eye.R_x,Eye.R_y,Eye.R_z,Ear.L_x,Ear.L_y,Ear.L_z,Ear.R_x,Ear.R_y,Ear.R_z,hip.Center_x,hip.Center_y,hip.Center_z
0,-0.04956808,-0.2841357,-0.20379943,-0.32880622,-0.07294884,0.065830395,-0.11888128,0.29620564,-0.063348144,0.12668008,0.26485562,0.0010469202,0.06615253,-0.15839815,0.13996224,-0.06073138,-0.53071404,-0.10759404,-0.36496815,0.36225107,0.03805818,-0.29995787,0.5541523,-0.14377655,-0.121574685,0.7445946,0.0073243342,0.19092059,0.70656997,0.053457003,0.28554794,0.44545338,-0.059409894,0.2865488,0.24509405,0.119826525,0.03964594,0.7938618,0.0650488,0.056644253,1.0107213,0.06931367,0.043224808,0.94291914,0.21300411,0.08246393,0.9720292,0.17045633,0.014836311,0.9779992,0.16614965,0.12616742,0.9291105,0.08534695,-0.027085623,0.9437669,0.07214835,0.0038993991911411285,0.2805306315422058,-0.031150612980127335
