frame,Ankle.R_x,Ankle.R_y,Ankle.R_z,Knee.R_x,Knee.R_y,Knee.R_z,Hip.R_x,Hip.R_y,Hip.R_z,Hip.L_x,Hip.L_y,Hip.L_z,Knee.L_x,Knee.L_y,Knee.L_z,Ankle.L_x,Ankle.L_y,Ankle.L_z,Wrist.R_x,Wrist.R_y,Wrist.R_z,Elbow.R_x,Elbow.R_y,Elbow.R_z,Shoulder.R_x,Shoulder.R_y,Shoulder.R_z,Shoulder.L_x,Shoulder.L_y,Shoulder.L_z,Elbow.L_x,Elbow.L_y,Elbow.L_z,Wrist.L_x,Wrist.L_y,Wrist.L_z,Neck_x,Neck_y,Neck_z,Head_x,Head_y,Head_z,Nose_x,Nose_y,Nose_z,Eye.L_x,Eye.L_y,Eye.L_z,Eye.R_x,Eye.R_y,Eye.R_z,Ear.L_x,Ear.L_y,Ear.L_z,Ear.R_x,Ear.R_y,Ear.R_z,hip.Center_x,hip.Center_y,hip.Center_z
0,-0.059094474,-0.54414093,-0.2218382,-0.07915089,-0.1645938,0.0026957737,-0.1290596,0.26789925,-0.006618804,0.108614065,0.29527104,-0.031092249,0.24330415,-0.08745843,0.067776956,0.3683403,-0.44891816,-0.15929821,-0.56076694,0.39906967,0.053487983,-0.38292825,0.56229043,-0.049561616,-0.17057896,0.7357852,0.02772555,0.13187984,0.7267527,0.008095986,0.3399987,0.54587907,-0.06540541,0.5578206,0.4127359,-0.0071132015,-0.0130268885,0.79135954,0.048525646,-0.0022594056,1.0059553,0.08380255,0.0050073676,0.91392636,0.21056864,0.036351297,0.95245564,0.17140952,-0.03026596,0.95282984,0.1738978,0.07266323,0.9316452,0.076490045,-0.07856416,0.93287575,0.081023544,-0.010222766548395157,0.281585156917572,-0.01885552704334259
