frame,Ankle.R_x,Ankle.R_y,Ankle.R_z,Knee.R_x,Knee.R_y,Knee.R_z,Hip.R_x,Hip.R_y,Hip.R_z,Hip.L_x,Hip.L_y,Hip.L_z,Knee.L_x,Knee.L_y,Knee.L_z,Ankle.L_x,Ankle.L_y,Ankle.L_z,Wrist.R_x,Wrist.R_y,Wrist.R_z,Elbow.R_x,Elbow.R_y,Elbow.R_z,Shoulder.R_x,Shoulder.R_y,Shoulder.R_z,Shoulder.L_x,Shoulder.L_y,Shoulder.L_z,Elbow.L_x,Elbow.L_y,Elbow.L_z,Wrist.L_x,Wrist.L_y,Wrist.L_z,Neck_x,Neck_y,Neck_z,Head_x,Head_y,Head_z,Nose_x,Nose_y,Nose_z,Eye.L_x,Eye.L_y,Eye.L_z,Eye.R_x,Eye.R_y,Eye.R_z,Ear.L_x,Ear.L_y,Ear.L_z,Ear.R_x,Ear.R_y,Ear.R_z,hip.Center_x,hip.Center_y,hip.Center_z
0,-0.0011471084,-0.5134618,0.022495288,0.15005296,-0.11117698,0.089894906,-0.030546091,0.28407782,0.100920714,0.018407919,0.2958151,-0.13960975,0.057679974,-0.12789878,-0.13231574,-0.0052018645,-0.5639047,-0.14562622,0.09943429,0.85988605,0.39911193,-0.12002181,0.7367817,0.40546727,-0.085426055,0.7861779,0.12596889,-0.027983513,0.7783125,-0.16882743,-0.019802894,0.666358,-0.42878637,0.14624135,0.7166413,-0.25367433,-0.040662058,0.83384854,-0.018692307,-0.058897614,1.0495045,-0.025068494,0.07539616,0.9946661,0.03903413,0.04782874,1.0249918,-0.010551121,0.016004466,1.0187274,0.04844912,-0.00572743,0.9820283,-0.09257954,-0.07959646,0.9701815,0.04243695,-0.006069086492061615,0.28994646668434143,-0.019344519823789597
