frame,Ankle.R_x,Ankle.R_y,Ankle.R_z,Knee.R_x,Knee.R_y,Knee.R_z,Hip.R_x,Hip.R_y,Hip.R_z,Hip.L_x,Hip.L_y,Hip.L_z,Knee.L_x,Knee.L_y,Knee.L_z,Ankle.L_x,Ankle.L_y,Ankle.L_z,Wrist.R_x,Wrist.R_y,Wrist.R_z,Elbow.R_x,Elbow.R_y,Elbow.R_z,Shoulder.R_x,Shoulder.R_y,Shoulder.R_z,Shoulder.L_x,Shoulder.L_y,Shoulder.L_z,Elbow.L_x,Elbow.L_y,Elbow.L_z,Wrist.L_x,Wrist.L_y,Wrist.L_z,Neck_x,Neck_y,Neck_z,Head_x,Head_y,Head_z,Nose_x,Nose_y,Nose_z,Eye.L_x,Eye.L_y,Eye.L_z,Eye.R_x,Eye.R_y,Eye.R_z,Ear.L_x,Ear.L_y,Ear.L_z,Ear.R_x,Ear.R_y,Ear.R_z,hip.Center_x,hip.Center_y,hip.Center_z
0,-0.26459804,-0.32672122,-0.1511023,-0.22291571,-0.04217918,0.14547083,-0.11597603,0.30785763,-0.038141742,0.11603398,0.2594321,0.0018724257,-0.015318702,-0.1311559,-0.091715865,-0.13651311,-0.47136715,-0.31731457,-0.5849898,0.93470794,-0.079488784,-0.34868896,0.8357654,-0.08197481,-0.09964311,0.7841462,0.016350105,0.16898352,0.7699126,0.0799299,0.43502045,0.71346676,0.06817163,0.6657695,0.689635,0.17329258,0.026326858,0.8155749,0.078888,0.020504292,1.0241185,0.10940099,-0.018309273,0.93964016,0.23701577,0.025394924,0.97602534,0.20872597,-0.03835906,0.9759641,0.18819225,0.09352535,0.94948006,0.13299732,-0.05210299,0.950284,0.0846505,2.8975307941436768e-05,0.2836448550224304,-0.01813465915620327
