frame,Ankle.R_x,Ankle.R_y,Ankle.R_z,Knee.R_x,Knee.R_y,Knee.R_z,Hip.R_x,Hip.R_y,Hip.R_z,Hip.L_x,Hip.L_y,Hip.L_z,Knee.L_x,Knee.L_y,Knee.L_z,Ankle.L_x,Ankle.L_y,Ankle.L_z,Wrist.R_x,Wrist.R_y,Wrist.R_z,Elbow.R_x,Elbow.R_y,Elbow.R_z,Shoulder.R_x,Shoulder.R_y,Shoulder.R_z,Shoulder.L_x,Shoulder.L_y,Shoulder.L_z,Elbow.L_x,Elbow.L_y,Elbow.L_z,Wrist.L_x,Wrist.L_y,Wrist.L_z,Neck_x,Neck_y,Neck_z,Head_x,Head_y,Head_z,Nose_x,Nose_y,Nose_z,Eye.L_x,Eye.L_y,Eye.L_z,Eye.R_x,Eye.R_y,Eye.R_z,Ear.L_x,Ear.L_y,Ear.L_z,Ear.R_x,Ear.R_y,Ear.R_z,hip.Center_x,hip.Center_y,hip.Center_z
0,0.16460839,-0.4286513,-0.45046237,-0.0023324946,-0.13017234,-0.17707276,-0.089431256,0.28883195,-0.10549957,0.06721592,0.26800424,0.08056869,-0.025008323,-0.13959475,0.07280713,-0.0015391365,-0.56699795,-0.009275737,-0.26302528,1.0808034,0.075257845,-0.28779802,0.9344411,-0.12589237,-0.0626649,0.8118372,-0.041331492,0.12753245,0.6981915,0.11507957,0.19036818,0.43997806,0.030486975,0.3263482,0.27863303,0.15380634,0.027109537,0.8082188,0.06782435,0.06722132,1.0174863,0.1017129,-0.0030446798,0.9412807,0.22236013,0.050875418,0.9635193,0.19845334,-0.008929305,0.9863999,0.17796661,0.10684069,0.9228202,0.12085725,-0.025890604,0.97361493,0.07139504,-0.011107668280601501,0.27841809391975403,-0.012465439736843109
