frame,Ankle.R_x,Ankle.R_y,Ankle.R_z,Knee.R_x,Knee.R_y,Knee.R_z,Hip.R_x,Hip.R_y,Hip.R_z,Hip.L_x,Hip.L_y,Hip.L_z,Knee.L_x,Knee.L_y,Knee.L_z,Ankle.L_x,Ankle.L_y,Ankle.L_z,Wrist.R_x,Wrist.R_y,Wrist.R_z,Elbow.R_x,Elbow.R_y,Elbow.R_z,Shoulder.R_x,Shoulder.R_y,Shoulder.R_z,Shoulder.L_x,Shoulder.L_y,Shoulder.L_z,Elbow.L_x,Elbow.L_y,Elbow.L_z,Wrist.L_x,Wrist.L_y,Wrist.L_z,Neck_x,Neck_y,Neck_z,Head_x,Head_y,Head_z,Nose_x,Nose_y,Nose_z,Eye.L_x,Eye.L_y,Eye.L_z,Eye.R_x,Eye.R_y,Eye.R_z,Ear.L_x,Ear.L_y,Ear.L_z,Ear.R_x,Ear.R_y,Ear.R_z,hip.Center_x,hip.Center_y,hip.Center_z
0,-0.24065833,-0.5121005,-0.17773567,-0.18271953,-0.12151483,0.006517498,-0.122598805,0.2978906,-0.030464701,0.114942305,0.28721124,-0.0045087105,0.12592515,-0.1352057,0.029736213,0.12872739,-0.534279,-0.15312459,-0.5545272,0.4717198,-0.004612061,-0.34430113,0.5860567,-0.10462597,-0.15325683,0.7601817,0.0130605055,0.14653675,0.7480637,0.057916928,0.3172493,0.5344561,-0.020682534,0.49291784,0.35596007,0.04153174,-0.0044021728,0.81705844,0.07142335,0.0018143193,1.0353303,0.10238833,-0.04041824,0.95060664,0.22902131,0.0047001215,0.9861476,0.20119107,-0.05890347,0.9879687,0.17960288,0.07350931,0.95765567,0.12596804,-0.07224728,0.9629657,0.07599723,-0.0038282498717308044,0.2925509214401245,-0.017486706376075745
