frame,Ankle.R_x,Ankle.R_y,Ankle.R_z,Knee.R_x,Knee.R_y,Knee.R_z,Hip.R_x,Hip.R_y,Hip.R_z,Hip.L_x,Hip.L_y,Hip.L_z,Knee.L_x,Knee.L_y,Knee.L_z,Ankle.L_x,Ankle.L_y,Ankle.L_z,Wrist.R_x,Wrist.R_y,Wrist.R_z,Elbow.R_x,Elbow.R_y,Elbow.R_z,Shoulder.R_x,Shoulder.R_y,Shoulder.R_z,Shoulder.L_x,Shoulder.L_y,Shoulder.L_z,Elbow.L_x,Elbow.L_y,Elbow.L_z,Wrist.L_x,Wrist.L_y,Wrist.L_z,Neck_x,Neck_y,Neck_z,Head_x,Head_y,Head_z,Nose_x,Nose_y,Nose_z,Eye.L_x,Eye.L_y,Eye.L_z,Eye.R_x,Eye.R_y,Eye.R_z,Ear.L_x,Ear.L_y,Ear.L_z,Ear.R_x,Ear.R_y,Ear.R_z,hip.Center_x,hip.Center_y,hip.Center_z
0,0.43156803,-0.48800093,-0.10968437,0.1411678,-0.1689306,-0.06370177,-0.099337325,0.18368518,-0.08206917,0.06278521,0.2787234,0.05831418,0.19624819,-0.07570422,0.21420917,0.44978753,-0.4067633,0.3380012,-0.66014403,0.5286922,-0.31094423,-0.4118799,0.5641691,-0.27149564,-0.19572397,0.6381373,-0.13846329,-0.050465513,0.6591177,0.05858224,0.08798644,0.6061627,0.28098255,0.13203573,0.64753705,0.5216987,-0.1429688,0.6866151,-0.032699414,-0.1811849,0.8773922,-0.005409343,-0.29627734,0.77730584,0.012599383,-0.26179254,0.8167292,0.041017495,-0.2731492,0.81972986,-0.023032127,-0.16377914,0.8049811,0.058080003,-0.18835002,0.8131089,-0.07566844,-0.01827605813741684,0.23120428621768951,-0.011877497658133507
