frame,Ankle.R_x,Ankle.R_y,Ankle.R_z,Knee.R_x,Knee.R_y,Knee.R_z,Hip.R_x,Hip.R_y,Hip.R_z,Hip.L_x,Hip.L_y,Hip.L_z,Knee.L_x,Knee.L_y,Knee.L_z,Ankle.L_x,Ankle.L_y,Ankle.L_z,Wrist.R_x,Wrist.R_y,Wrist.R_z,Elbow.R_x,Elbow.R_y,Elbow.R_z,Shoulder.R_x,Shoulder.R_y,Shoulder.R_z,Shoulder.L_x,Shoulder.L_y,Shoulder.L_z,Elbow.L_x,Elbow.L_y,Elbow.L_z,Wrist.L_x,Wrist.L_y,Wrist.L_z,Neck_x,Neck_y,Neck_z,Head_x,Head_y,Head_z,Nose_x,Nose_y,Nose_z,Eye.L_x,Eye.L_y,Eye.L_z,Eye.R_x,Eye.R_y,Eye.R_z,Ear.L_x,Ear.L_y,Ear.L_z,Ear.R_x,Ear.R_y,Ear.R_z,hip.Center_x,hip.Center_y,hip.Center_z
0,-0.043063693,-0.552172,-0.1999108,-0.08077741,-0.14849634,-0.035154037,-0.12294905,0.2876555,-0.052175846,0.11478802,0.27872553,0.009809658,0.019061202,-0.111680925,0.1686325,-0.020127023,-0.43187064,-0.12132989,-0.44574183,0.4093141,-0.24651451,-0.2767024,0.6063332,-0.22673793,-0.1487045,0.7637204,-0.04112398,0.10777052,0.78660554,0.054092046,0.37615365,0.72708786,0.04291522,0.62448424,0.6974105,0.11646407,-0.037016623,0.81582135,0.041130207,-0.0487809,1.0156355,0.06659837,-0.1598903,0.9328209,0.14473477,-0.11035222,0.9712101,0.14942567,-0.14331745,0.96524644,0.09162969,-0.006025615,0.94639647,0.14058718,-0.08446517,0.9345666,0.00864657,-0.00408051535487175,0.28319051861763,-0.021183094009757042
