frame,Ankle.R_x,Ankle.R_y,Ankle.R_z,Knee.R_x,Knee.R_y,Knee.R_z,Hip.R_x,Hip.R_y,Hip.R_z,Hip.L_x,Hip.L_y,Hip.L_z,Knee.L_x,Knee.L_y,Knee.L_z,Ankle.L_x,Ankle.L_y,Ankle.L_z,Wrist.R_x,Wrist.R_y,Wrist.R_z,Elbow.R_x,Elbow.R_y,Elbow.R_z,Shoulder.R_x,Shoulder.R_y,Shoulder.R_z,Shoulder.L_x,Shoulder.L_y,Shoulder.L_z,Elbow.L_x,Elbow.L_y,Elbow.L_z,Wrist.L_x,Wrist.L_y,Wrist.L_z,Neck_x,Neck_y,Neck_z,Head_x,Head_y,Head_z,Nose_x,Nose_y,Nose_z,Eye.L_x,Eye.L_y,Eye.L_z,Eye.R_x,Eye.R_y,Eye.R_z,Ear.L_x,Ear.L_y,Ear.L_z,Ear.R_x,Ear.R_y,Ear.R_z,hip.Center_x,hip.Center_y,hip.Center_z
0,-0.06270673,-0.5126646,-0.021080319,-0.0058401455,-0.10990592,0.08505021,-0.067648016,0.30768624,0.08603871,0.063071944,0.30213335,-0.114851475,-0.009488227,-0.11090901,-0.1374025,-0.23118448,-0.43021175,-0.31652728,0.5015881,0.49843886,0.2861521,0.2636631,0.58489037,0.348024,0.120975345,0.7666767,0.19820783,0.20840995,0.7696672,-0.09774394,0.33788177,0.5919469,-0.26859364,0.5249275,0.5057575,-0.12384209,0.17523497,0.82641846,0.05896248,0.20898244,1.0472862,0.08058672,0.2971286,0.9488944,0.16819233,0.29528266,0.9914534,0.119129404,0.24417514,0.9868455,0.16332969,0.26494396,0.97590303,0.015111986,0.14635475,0.9676953,0.11993685,-0.002288036048412323,0.3049097955226898,-0.014406383037567139
