frame,Ankle.R_x,Ankle.R_y,Ankle.R_z,Knee.R_x,Knee.R_y,Knee.R_z,Hip.R_x,Hip.R_y,Hip.R_z,Hip.L_x,Hip.L_y,Hip.L_z,Knee.L_x,Knee.L_y,Knee.L_z,Ankle.L_x,Ankle.L_y,Ankle.L_z,Wrist.R_x,Wrist.R_y,Wrist.R_z,Elbow.R_x,Elbow.R_y,Elbow.R_z,Shoulder.R_x,Shoulder.R_y,Shoulder.R_z,Shoulder.L_x,Shoulder.L_y,Shoulder.L_z,Elbow.L_x,Elbow.L_y,Elbow.L_z,Wrist.L_x,Wrist.L_y,Wrist.L_z,Neck_x,Neck_y,Neck_z,Head_x,Head_y,Head_z,Nose_x,Nose_y,Nose_z,Eye.L_x,Eye.L_y,Eye.L_z,Eye.R_x,Eye.R_y,Eye.R_z,Ear.L_x,Ear.L_y,Ear.L_z,Ear.R_x,Ear.R_y,Ear.R_z,hip.Center_x,hip.Center_y,hip.Center_z
0,-0.16152602,-0.39527416,-0.21794908,-0.16186304,-0.11990273,0.107516795,-0.12047921,0.29104292,-0.022054173,0.11626543,0.26040596,-0.010962623,0.036200702,-0.15642086,-0.005950287,-0.049544096,-0.5651157,-0.1263183,-0.30937225,1.2076333,0.17086333,-0.23491785,0.9852857,0.057427835,-0.050634727,0.80075425,-0.006426869,0.20608747,0.7189425,-0.017453454,0.39456403,0.5260145,-0.0781199,0.5818831,0.38655287,0.026322113,0.079955444,0.80208546,0.00878844,0.0964229,1.0078719,0.0032341825,0.07994479,0.9487605,0.14771715,0.118944496,0.9763222,0.10587038,0.05266665,0.9788827,0.09833734,0.16733727,0.93188035,0.02463863,0.017525654,0.9387537,0.0064736493,-0.002106890082359314,0.2757244408130646,-0.016508398577570915
