frame,Ankle.R_x,Ankle.R_y,Ankle.R_z,Knee.R_x,Knee.R_y,Knee.R_z,Hip.R_x,Hip.R_y,Hip.R_z,Hip.L_x,Hip.L_y,Hip.L_z,Knee.L_x,Knee.L_y,Knee.L_z,Ankle.L_x,Ankle.L_y,Ankle.L_z,Wrist.R_x,Wrist.R_y,Wrist.R_z,Elbow.R_x,Elbow.R_y,Elbow.R_z,Shoulder.R_x,Shoulder.R_y,Shoulder.R_z,Shoulder.L_x,Shoulder.L_y,Shoulder.L_z,Elbow.L_x,Elbow.L_y,Elbow.L_z,Wrist.L_x,Wrist.L_y,Wrist.L_z,Neck_x,Neck_y,Neck_z,Head_x,Head_y,Head_z,Nose_x,Nose_y,Nose_z,Eye.L_x,Eye.L_y,Eye.L_z,Eye.R_x,Eye.R_y,Eye.R_z,Ear.L_x,Ear.L_y,Ear.L_z,Ear.R_x,Ear.R_y,Ear.R_z,hip.Center_x,hip.Center_y,hip.Center_z
0,0.37452137,-0.45995283,0.11320893,0.21329515,-0.058661047,0.13263881,-0.04094398,0.26920116,0.09874441,0.02703776,0.28698042,-0.13641918,-0.0074707028,-0.13277996,-0.16262347,-0.0970871,-0.56259906,-0.22157657,-0.034113273,1.0207571,0.45014077,-0.17234278,0.82402027,0.368825,-0.07608178,0.77707154,0.107096694,-0.005050834,0.76628184,-0.15175073,-0.029080246,0.76435125,-0.42788535,0.18620367,0.8456381,-0.34113175,-0.015768772,0.80898803,-0.013680423,-0.013064258,1.0169302,-0.000587514,0.0913169,0.94090915,0.08951281,0.0827917,0.9804641,0.040760227,0.03408523,0.9686761,0.08537774,0.054571167,0.95613503,-0.059005566,-0.055735,0.9325817,0.043007664,-0.006953109987080097,0.27809077501296997,-0.01883738487958908
