frame,Ankle.R_x,Ankle.R_y,Ankle.R_z,Knee.R_x,Knee.R_y,Knee.R_z,Hip.R_x,Hip.R_y,Hip.R_z,Hip.L_x,Hip.L_y,Hip.L_z,Knee.L_x,Knee.L_y,Knee.L_z,Ankle.L_x,Ankle.L_y,Ankle.L_z,Wrist.R_x,Wrist.R_y,Wrist.R_z,Elbow.R_x,Elbow.R_y,Elbow.R_z,Shoulder.R_x,Shoulder.R_y,Shoulder.R_z,Shoulder.L_x,Shoulder.L_y,Shoulder.L_z,Elbow.L_x,Elbow.L_y,Elbow.L_z,Wrist.L_x,Wrist.L_y,Wrist.L_z,Neck_x,Neck_y,Neck_z,Head_x,Head_y,Head_z,Nose_x,Nose_y,Nose_z,Eye.L_x,Eye.L_y,Eye.L_z,Eye.R_x,Eye.R_y,Eye.R_z,Ear.L_x,Ear.L_y,Ear.L_z,Ear.R_x,Ear.R_y,Ear.R_z,hip.Center_x,hip.Center_y,hip.Center_z
0,0.062123224,-0.55671805,0.022768563,-0.08057516,-0.16532405,0.12642427,-0.11553483,0.21776155,-0.058735535,0.10068388,0.23326713,0.03901377,0.019607184,-0.16041559,0.1511516,-0.03259287,-0.5854642,0.20271555,-0.0047301417,1.0952529,-0.25967303,-0.086445436,0.8629068,-0.2811645,0.0031847656,0.66697294,-0.15075676,0.10504264,0.66264164,0.020770501,0.2109052,0.68813676,0.25424156,0.31503874,0.79356515,0.45020068,0.033821907,0.6931225,-0.060673267,-0.0024527707,0.8875183,-0.032434497,-0.07290778,0.78400147,0.05540953,-0.030466318,0.8241936,0.055143908,-0.08226701,0.82615936,0.015763827,0.05224348,0.8175453,0.002286397,-0.05313388,0.8223722,-0.081878595,-0.007425472140312195,0.22551433742046356,-0.00986088253557682
