frame,Ankle.R_x,Ankle.R_y,Ankle.R_z,Knee.R_x,Knee.R_y,Knee.R_z,Hip.R_x,Hip.R_y,Hip.R_z,Hip.L_x,Hip.L_y,Hip.L_z,Knee.L_x,Knee.L_y,Knee.L_z,Ankle.L_x,Ankle.L_y,Ankle.L_z,Wrist.R_x,Wrist.R_y,Wrist.R_z,Elbow.R_x,Elbow.R_y,Elbow.R_z,Shoulder.R_x,Shoulder.R_y,Shoulder.R_z,Shoulder.L_x,Shoulder.L_y,Shoulder.L_z,Elbow.L_x,Elbow.L_y,Elbow.L_z,Wrist.L_x,Wrist.L_y,Wrist.L_z,Neck_x,Neck_y,Neck_z,Head_x,Head_y,Head_z,Nose_x,Nose_y,Nose_z,Eye.L_x,Eye.L_y,Eye.L_z,Eye.R_x,Eye.R_y,Eye.R_z,Ear.L_x,Ear.L_y,Ear.L_z,Ear.R_x,Ear.R_y,Ear.R_z,hip.Center_x,hip.Center_y,hip.Center_z
0,-0.099835694,-0.5519815,-0.17987439,-0.102443025,-0.15297098,-0.009017177,-0.12560093,0.2779756,-0.028274596,0.114178576,0.2722087,-0.00065236044,0.09945191,-0.1511074,0.007764197,0.14980417,-0.5529538,-0.15791972,-0.52966475,0.43215066,0.002103345,-0.32510424,0.5645888,-0.079469845,-0.13194796,0.74036765,0.011550414,0.15618372,0.7287005,0.046299737,0.3829705,0.5738545,0.005400547,0.6125092,0.48292172,0.07425391,0.012949422,0.78926265,0.058492746,0.026492575,0.9964424,0.07160938,-0.024002142,0.92672545,0.20361191,0.022596624,0.9587016,0.17623866,-0.03917449,0.9584559,0.1510507,0.093887374,0.9227037,0.10795905,-0.04549098,0.9236092,0.051530235,-0.005711179226636887,0.27509212493896484,-0.01446347776800394
