frame,Ankle.R_x,Ankle.R_y,Ankle.R_z,Knee.R_x,Knee.R_y,Knee.R_z,Hip.R_x,Hip.R_y,Hip.R_z,Hip.L_x,Hip.L_y,Hip.L_z,Knee.L_x,Knee.L_y,Knee.L_z,Ankle.L_x,Ankle.L_y,Ankle.L_z,Wrist.R_x,Wrist.R_y,Wrist.R_z,Elbow.R_x,Elbow.R_y,Elbow.R_z,Shoulder.R_x,Shoulder.R_y,Shoulder.R_z,Shoulder.L_x,Shoulder.L_y,Shoulder.L_z,Elbow.L_x,Elbow.L_y,Elbow.L_z,Wrist.L_x,Wrist.L_y,Wrist.L_z,Neck_x,Neck_y,Neck_z,Head_x,Head_y,Head_z,Nose_x,Nose_y,Nose_z,Eye.L_x,Eye.L_y,Eye.L_z,Eye.R_x,Eye.R_y,Eye.R_z,Ear.L_x,Ear.L_y,Ear.L_z,Ear.R_x,Ear.R_y,Ear.R_z,hip.Center_x,hip.Center_y,hip.Center_z
0,0.36170802,-0.4588386,0.1821866,0.16412526,-0.07788811,0.15941279,-0.053540304,0.2637694,0.093767524,0.042514175,0.28669968,-0.13007872,-0.010474693,-0.12594385,-0.18774886,-0.11264072,-0.5448921,-0.2905552,-0.042931505,1.051433,0.35693234,-0.18106577,0.8420973,0.36428452,-0.0643646,0.7698674,0.11921879,0.016683668,0.76930946,-0.12572503,-0.03471479,0.7914455,-0.39535093,0.20225309,0.82505405,-0.34432083,0.0040796977,0.8029147,0.007671722,0.018693712,1.0081805,0.02647479,0.13564104,0.9277779,0.09470701,0.11934447,0.96698534,0.048150256,0.0807323,0.9586519,0.102347486,0.06966787,0.94332767,-0.04204096,-0.01818825,0.9271635,0.08044906,-0.0055130645632743835,0.27523452043533325,-0.018155597150325775
