frame,Ankle.R_x,Ankle.R_y,Ankle.R_z,Knee.R_x,Knee.R_y,Knee.R_z,Hip.R_x,Hip.R_y,Hip.R_z,Hip.L_x,Hip.L_y,Hip.L_z,Knee.L_x,Knee.L_y,Knee.L_z,Ankle.L_x,Ankle.L_y,Ankle.L_z,Wrist.R_x,Wrist.R_y,Wrist.R_z,Elbow.R_x,Elbow.R_y,Elbow.R_z,Shoulder.R_x,Shoulder.R_y,Shoulder.R_z,Shoulder.L_x,Shoulder.L_y,Shoulder.L_z,Elbow.L_x,Elbow.L_y,Elbow.L_z,Wrist.L_x,Wrist.L_y,Wrist.L_z,Neck_x,Neck_y,Neck_z,Head_x,Head_y,Head_z,Nose_x,Nose_y,Nose_z,Eye.L_x,Eye.L_y,Eye.L_z,Eye.R_x,Eye.R_y,Eye.R_z,Ear.L_x,Ear.L_y,Ear.L_z,Ear.R_x,Ear.R_y,Ear.R_z,hip.Center_x,hip.Center_y,hip.Center_z
0,0.046951212,-0.55250317,-0.31038788,-0.004893548,-0.19100118,-0.077506006,-0.12519598,0.20008728,3.4485478e-05,0.09104326,0.28664514,-0.03864194,0.32871553,0.15251826,0.18762669,0.6985787,-0.042827465,0.26864943,-0.5509676,0.99503636,0.165454,-0.3705073,0.8422866,0.06682746,-0.16873986,0.6924103,0.0012119557,0.0666393,0.6621332,-0.025281075,0.32539088,0.6158354,-0.058825918,0.57731116,0.60811883,-0.025870243,-0.05040607,0.70803154,0.008956342,-0.040083908,0.89836156,0.050003175,-0.032730468,0.79912406,0.16604783,-0.0021436326,0.83981276,0.13330522,-0.067176946,0.8404149,0.13588454,0.029279947,0.8286855,0.03984318,-0.11205782,0.8303027,0.04456996,-0.017076358199119568,0.24336621165275574,-0.01930372789502144
