frame,Ankle.R_x,Ankle.R_y,Ankle.R_z,Knee.R_x,Knee.R_y,Knee.R_z,Hip.R_x,Hip.R_y,Hip.R_z,Hip.L_x,Hip.L_y,Hip.L_z,Knee.L_x,Knee.L_y,Knee.L_z,Ankle.L_x,Ankle.L_y,Ankle.L_z,Wrist.R_x,Wrist.R_y,Wrist.R_z,Elbow.R_x,Elbow.R_y,Elbow.R_z,Shoulder.R_x,Shoulder.R_y,Shoulder.R_z,Shoulder.L_x,Shoulder.L_y,Shoulder.L_z,Elbow.L_x,Elbow.L_y,Elbow.L_z,Wrist.L_x,Wrist.L_y,Wrist.L_z,Neck_x,Neck_y,Neck_z,Head_x,Head_y,Head_z,Nose_x,Nose_y,Nose_z,Eye.L_x,Eye.L_y,Eye.L_z,Eye.R_x,Eye.R_y,Eye.R_z,Ear.L_x,Ear.L_y,Ear.L_z,Ear.R_x,Ear.R_y,Ear.R_z,hip.Center_x,hip.Center_y,hip.Center_z
0,0.123291366,-0.4716098,-0.32372403,-0.06104026,-0.17105052,-0.07592003,-0.07507857,0.25574315,-0.11531377,0.05780596,0.25021067,0.08658114,-0.034191176,-0.15394011,0.10444126,0.020655645,-0.57726157,0.028519303,0.20248714,1.1225295,-0.1580387,0.061635107,0.936968,-0.23850225,-0.0031263963,0.7444671,-0.07213753,0.029026449,0.7249167,0.12584674,0.19332102,0.6873945,0.33125412,0.34223408,0.70582986,0.5322277,-0.020199277,0.7674335,0.030650726,-0.023865066,0.96749157,0.04340992,-0.112633795,0.8931787,0.14972913,-0.058772866,0.9195703,0.1386455,-0.113379404,0.9341301,0.10391801,0.014740467,0.88298655,0.080245346,-0.10046736,0.91346174,-0.0011500418,-0.00863630510866642,0.2529768943786621,-0.014366313815116882
