frame,Ankle.R_x,Ankle.R_y,Ankle.R_z,Knee.R_x,Knee.R_y,Knee.R_z,Hip.R_x,Hip.R_y,Hip.R_z,Hip.L_x,Hip.L_y,Hip.L_z,Knee.L_x,Knee.L_y,Knee.L_z,Ankle.L_x,Ankle.L_y,Ankle.L_z,Wrist.R_x,Wrist.R_y,Wrist.R_z,Elbow.R_x,Elbow.R_y,Elbow.R_z,Shoulder.R_x,Shoulder.R_y,Shoulder.R_z,Shoulder.L_x,Shoulder.L_y,Shoulder.L_z,Elbow.L_x,Elbow.L_y,Elbow.L_z,Wrist.L_x,Wrist.L_y,Wrist.L_z,Neck_x,Neck_y,Neck_z,Head_x,Head_y,Head_z,Nose_x,Nose_y,Nose_z,Eye.L_x,Eye.L_y,Eye.L_z,Eye.R_x,Eye.R_y,Eye.R_z,Ear.L_x,Ear.L_y,Ear.L_z,Ear.R_x,Ear.R_y,Ear.R_z,hip.Center_x,hip.Center_y,hip.Center_z
0,0.15687326,-0.57235456,-0.024273103,0.07776746,-0.17168367,0.10411613,-0.1049658,0.19293109,0.043379925,0.06848649,0.29401872,-0.0689757,0.3901366,0.10201574,-0.099825695,0.7695869,-0.0061960267,-0.26330283,-0.11564199,0.98840505,0.32558468,-0.26127666,0.79734707,0.23677549,-0.2381168,0.6579305,0.018587405,-0.02495994,0.66283584,-0.11132008,0.22821552,0.7306987,-0.11462625,0.24608175,0.9314134,0.026072415,-0.13348117,0.6913923,-0.041446533,-0.12010085,0.8900976,0.0017083482,-0.0590925,0.78226817,0.0882525,-0.048058197,0.82763153,0.050614312,-0.10453276,0.8225856,0.081924126,-0.061557665,0.8269179,-0.047653154,-0.18629017,0.8175031,0.01986333,-0.01823965460062027,0.24347490072250366,-0.012797888368368149
