frame,Ankle.R_x,Ankle.R_y,Ankle.R_z,Knee.R_x,Knee.R_y,Knee.R_z,Hip.R_x,Hip.R_y,Hip.R_z,Hip.L_x,Hip.L_y,Hip.L_z,Knee.L_x,Knee.L_y,Knee.L_z,Ankle.L_x,Ankle.L_y,Ankle.L_z,Wrist.R_x,Wrist.R_y,Wrist.R_z,Elbow.R_x,Elbow.R_y,Elbow.R_z,Shoulder.R_x,Shoulder.R_y,Shoulder.R_z,Shoulder.L_x,Shoulder.L_y,Shoulder.L_z,Elbow.L_x,Elbow.L_y,Elbow.L_z,Wrist.L_x,Wrist.L_y,Wrist.L_z,Neck_x,Neck_y,Neck_z,Head_x,Head_y,Head_z,Nose_x,Nose_y,Nose_z,Eye.L_x,Eye.L_y,Eye.L_z,Eye.R_x,Eye.R_y,Eye.R_z,Ear.L_x,Ear.L_y,Ear.L_z,Ear.R_x,Ear.R_y,Ear.R_z,hip.Center_x,hip.Center_y,hip.Center_z
0,0.7874518,0.18578482,0.20858943,0.38529152,0.24690548,0.0869736,0.02972768,0.28023714,0.08179217,-0.065253645,0.19625275,-0.11897876,0.00061891193,-0.18851793,-0.13642243,-0.00303222,-0.6226449,-0.19507071,-0.16076912,0.8621185,0.3740739,-0.17839757,0.6535305,0.24390937,-0.11798753,0.6733437,-0.0073314197,-0.1731689,0.63567054,-0.19889842,-0.32258233,0.67380613,-0.40616322,-0.39469403,0.90623134,-0.4002797,-0.10940728,0.673627,-0.11681078,0.02219065,0.8157953,-0.16277784,0.06229183,0.6701431,-0.12976661,0.06144023,0.7117547,-0.1728527,0.05863142,0.7271004,-0.10919155,-0.01935175,0.7475418,-0.22088054,-0.024384797,0.78085786,-0.082318746,-0.017762981355190277,0.2382449507713318,-0.01859329640865326
