frame,Ankle.R_x,Ankle.R_y,Ankle.R_z,Knee.R_x,Knee.R_y,Knee.R_z,Hip.R_x,Hip.R_y,Hip.R_z,Hip.L_x,Hip.L_y,Hip.L_z,Knee.L_x,Knee.L_y,Knee.L_z,Ankle.L_x,Ankle.L_y,Ankle.L_z,Wrist.R_x,Wrist.R_y,Wrist.R_z,Elbow.R_x,Elbow.R_y,Elbow.R_z,Shoulder.R_x,Shoulder.R_y,Shoulder.R_z,Shoulder.L_x,Shoulder.L_y,Shoulder.L_z,Elbow.L_x,Elbow.L_y,Elbow.L_z,Wrist.L_x,Wrist.L_y,Wrist.L_z,Neck_x,Neck_y,Neck_z,Head_x,Head_y,Head_z,Nose_x,Nose_y,Nose_z,Eye.L_x,Eye.L_y,Eye.L_z,Eye.R_x,Eye.R_y,Eye.R_z,Ear.L_x,Ear.L_y,Ear.L_z,Ear.R_x,Ear.R_y,Ear.R_z,hip.Center_x,hip.Center_y,hip.Center_z
0,0.027615482,-0.5676865,-0.033133462,0.031072067,-0.1418089,0.05918163,-0.08730896,0.2711785,0.0691721,0.08639488,0.27641198,-0.09535477,-0.0975252,-0.0899568,-0.213884,-0.35162917,-0.39138922,-0.41466397,-0.6314079,0.7823833,0.22794239,-0.37872165,0.7793652,0.16119859,-0.11610611,0.762598,0.08544705,0.14022008,0.7814814,0.00035690516,0.40353322,0.8315911,-0.03776433,0.6467694,0.9054096,0.024848623,0.015680041,0.8051135,0.06546222,-0.0017749926,1.0034889,0.09044065,0.022158451,0.9247129,0.22457996,0.04611924,0.96554816,0.1817888,-0.01949741,0.95291346,0.18492316,0.08778035,0.9451858,0.08725312,-0.060742892,0.91714275,0.09441962,-0.0004570372402667999,0.2737952470779419,-0.01309133693575859
