frame,Ankle.R_x,Ankle.R_y,Ankle.R_z,Knee.R_x,Knee.R_y,Knee.R_z,Hip.R_x,Hip.R_y,Hip.R_z,Hip.L_x,Hip.L_y,Hip.L_z,Knee.L_x,Knee.L_y,Knee.L_z,Ankle.L_x,Ankle.L_y,Ankle.L_z,Wrist.R_x,Wrist.R_y,Wrist.R_z,Elbow.R_x,Elbow.R_y,Elbow.R_z,Shoulder.R_x,Shoulder.R_y,Shoulder.R_z,Shoulder.L_x,Shoulder.L_y,Shoulder.L_z,Elbow.L_x,Elbow.L_y,Elbow.L_z,Wrist.L_x,Wrist.L_y,Wrist.L_z,Neck_x,Neck_y,Neck_z,Head_x,Head_y,Head_z,Nose_x,Nose_y,Nose_z,Eye.L_x,Eye.L_y,Eye.L_z,Eye.R_x,Eye.R_y,Eye.R_z,Ear.L_x,Ear.L_y,Ear.L_z,Ear.R_x,Ear.R_y,Ear.R_z,hip.Center_x,hip.Center_y,hip.Center_z
0,0.40067202,-0.438652,0.106604524,0.15861301,-0.092662424,0.10775531,-0.048064094,0.26303774,0.096205235,0.043086316,0.28157333,-0.12896727,-0.050722457,-0.12734178,-0.14713123,-0.17242268,-0.54253125,-0.19928758,0.0011848502,1.0069299,0.34829718,-0.13569868,0.8056747,0.37324977,-0.037553646,0.7712552,0.118477374,0.02267585,0.7759775,-0.11527963,-0.06977902,0.8259797,-0.3654083,0.13650416,0.9098746,-0.27865237,0.024137825,0.803911,0.008862428,0.044832975,1.0075697,0.02518123,0.16517764,0.92489004,0.08542361,0.14650825,0.96446705,0.040247187,0.111895055,0.9567329,0.096995205,0.08995826,0.941921,-0.046015937,0.011311995,0.9276135,0.08155193,-0.0024888888001441956,0.27230554819107056,-0.016381017863750458
