frame,Ankle.R_x,Ankle.R_y,Ankle.R_z,Knee.R_x,Knee.R_y,Knee.R_z,Hip.R_x,Hip.R_y,Hip.R_z,Hip.L_x,Hip.L_y,Hip.L_z,Knee.L_x,Knee.L_y,Knee.L_z,Ankle.L_x,Ankle.L_y,Ankle.L_z,Wrist.R_x,Wrist.R_y,Wrist.R_z,Elbow.R_x,Elbow.R_y,Elbow.R_z,Shoulder.R_x,Shoulder.R_y,Shoulder.R_z,Shoulder.L_x,Shoulder.L_y,Shoulder.L_z,Elbow.L_x,Elbow.L_y,Elbow.L_z,Wrist.L_x,Wrist.L_y,Wrist.L_z,Neck_x,Neck_y,Neck_z,Head_x,Head_y,Head_z,Nose_x,Nose_y,Nose_z,Eye.L_x,Eye.L_y,Eye.L_z,Eye.R_x,Eye.R_y,Eye.R_z,Ear.L_x,Ear.L_y,Ear.L_z,Ear.R_x,Ear.R_y,Ear.R_z,hip.Center_x,hip.Center_y,hip.Center_z
0,0.013755012,-0.57114613,-0.18213068,-0.053633638,-0.15006293,-0.11371289,-0.05024846,0.27352527,-0.13482001,0.024658827,0.25890946,0.0979363,-0.009007697,-0.15347067,0.032414585,0.033589724,-0.58294106,-0.012228867,-0.107604004,0.8044414,-0.092855155,-0.19151554,0.6963239,-0.2916345,0.0043334076,0.76075417,-0.14462534,0.08207901,0.7633842,0.08739405,0.060645394,0.65419567,0.32436615,-0.054224227,0.75616544,0.14467554,0.03313565,0.7978301,-0.032267824,0.022515848,1.0009953,-0.04579438,-0.11153532,0.9248378,-0.0065467115,-0.06598294,0.96247244,0.013368882,-0.079876974,0.9548286,-0.051552773,0.032843497,0.9365843,0.0355569,0.0030538775,0.9201089,-0.108442955,-0.012794815935194492,0.26621735095977783,-0.018441855907440186
