frame,Ankle.R_x,Ankle.R_y,Ankle.R_z,Knee.R_x,Knee.R_y,Knee.R_z,Hip.R_x,Hip.R_y,Hip.R_z,Hip.L_x,Hip.L_y,Hip.L_z,Knee.L_x,Knee.L_y,Knee.L_z,Ankle.L_x,Ankle.L_y,Ankle.L_z,Wrist.R_x,Wrist.R_y,Wrist.R_z,Elbow.R_x,Elbow.R_y,Elbow.R_z,Shoulder.R_x,Shoulder.R_y,Shoulder.R_z,Shoulder.L_x,Shoulder.L_y,Shoulder.L_z,Elbow.L_x,Elbow.L_y,Elbow.L_z,Wrist.L_x,Wrist.L_y,Wrist.L_z,Neck_x,Neck_y,Neck_z,Head_x,Head_y,Head_z,Nose_x,Nose_y,Nose_z,Eye.L_x,Eye.L_y,Eye.L_z,Eye.R_x,Eye.R_y,Eye.R_z,Ear.L_x,Ear.L_y,Ear.L_z,Ear.R_x,Ear.R_y,Ear.R_z,hip.Center_x,hip.Center_y,hip.Center_z
0,0.028759126,-0.5317533,-0.0961168,-0.031770945,-0.1518341,0.07739258,-0.12708423,0.25019625,0.007769011,0.1017428,0.28916174,-0.036473434,0.28107476,-0.06257222,-0.015690623,0.50409067,-0.3339307,-0.2618816,-0.5740055,0.42985582,0.0431005,-0.37221307,0.5754367,-0.0064452826,-0.13889767,0.7129555,0.047914315,0.15059666,0.6832099,0.01607757,0.3664965,0.5274432,-0.052432988,0.5982499,0.43942326,-0.0067463135,0.017428728,0.7553724,0.058559775,0.043629017,0.96735245,0.091543205,0.05257029,0.8725751,0.21323682,0.08362114,0.9100013,0.17493893,0.01838429,0.9142684,0.18190187,0.11085957,0.8908199,0.07881337,-0.03464687,0.9013326,0.092983924,-0.012670714408159256,0.2696790099143982,-0.014352211728692055
