frame,Ankle.R_x,Ankle.R_y,Ankle.R_z,Knee.R_x,Knee.R_y,Knee.R_z,Hip.R_x,Hip.R_y,Hip.R_z,Hip.L_x,Hip.L_y,Hip.L_z,Knee.L_x,Knee.L_y,Knee.L_z,Ankle.L_x,Ankle.L_y,Ankle.L_z,Wrist.R_x,Wrist.R_y,Wrist.R_z,Elbow.R_x,Elbow.R_y,Elbow.R_z,Shoulder.R_x,Shoulder.R_y,Shoulder.R_z,Shoulder.L_x,Shoulder.L_y,Shoulder.L_z,Elbow.L_x,Elbow.L_y,Elbow.L_z,Wrist.L_x,Wrist.L_y,Wrist.L_z,Neck_x,Neck_y,Neck_z,Head_x,Head_y,Head_z,Nose_x,Nose_y,Nose_z,Eye.L_x,Eye.L_y,Eye.L_z,Eye.R_x,Eye.R_y,Eye.R_z,Ear.L_x,Ear.L_y,Ear.L_z,Ear.R_x,Ear.R_y,Ear.R_z,hip.Center_x,hip.Center_y,hip.Center_z
0,-0.25545466,-0.39697537,-0.026321111,-0.34624648,0.005078971,0.10411711,-0.109350964,0.2946649,-0.07121666,0.120885,0.25142583,0.010935732,0.04094617,-0.15382782,0.1341233,-0.090324715,-0.53484446,-0.054438263,-0.49096242,0.6513187,0.058281433,-0.33704063,0.5575383,-0.12213072,-0.1169049,0.7153013,-0.017761232,0.17293951,0.7162646,0.058373258,0.41878676,0.5709804,0.022212058,0.63589674,0.61317605,0.15063909,0.02300492,0.7724237,0.04894671,0.03178897,0.98213005,0.059497204,-0.017533671,0.9141677,0.19252178,0.029375918,0.9447142,0.16436082,-0.03347657,0.9472171,0.14081219,0.09751134,0.9060322,0.09479664,-0.044420812,0.91296726,0.04015561,0.005767017602920532,0.2730453610420227,-0.030140463262796402
