frame,Ankle.R_x,Ankle.R_y,Ankle.R_z,Knee.R_x,Knee.R_y,Knee.R_z,Hip.R_x,Hip.R_y,Hip.R_z,Hip.L_x,Hip.L_y,Hip.L_z,Knee.L_x,Knee.L_y,Knee.L_z,Ankle.L_x,Ankle.L_y,Ankle.L_z,Wrist.R_x,Wrist.R_y,Wrist.R_z,Elbow.R_x,Elbow.R_y,Elbow.R_z,Shoulder.R_x,Shoulder.R_y,Shoulder.R_z,Shoulder.L_x,Shoulder.L_y,Shoulder.L_z,Elbow.L_x,Elbow.L_y,Elbow.L_z,Wrist.L_x,Wrist.L_y,Wrist.L_z,Neck_x,Neck_y,Neck_z,Head_x,Head_y,Head_z,Nose_x,Nose_y,Nose_z,Eye.L_x,Eye.L_y,Eye.L_z,Eye.R_x,Eye.R_y,Eye.R_z,Ear.L_x,Ear.L_y,Ear.L_z,Ear.R_x,Ear.R_y,Ear.R_z,hip.Center_x,hip.Center_y,hip.Center_z
0,-0.16086309,-0.40628752,-0.22452056,-0.21363416,-0.1350622,0.123097725,-0.13052279,0.25330323,-0.018795732,0.115260795,0.27927694,-0.03807144,0.33558416,-0.028363021,0.11046058,0.1255996,-0.027363671,-0.26355773,-0.1724545,1.2290305,0.20597036,-0.2299313,0.9884221,0.090230405,-0.12420586,0.7548143,0.0037767296,0.0968955,0.75096977,-0.004011332,0.24223351,0.96679425,0.050620545,0.21509087,1.2186221,0.14638689,-0.013599444,0.7701237,0.014300803,-0.009965728,0.9666085,0.033748105,-0.003574247,0.88980794,0.17019156,0.027125869,0.9250642,0.12986743,-0.039791167,0.92352235,0.13005842,0.06604183,0.89551544,0.037822966,-0.08408254,0.8911102,0.036794692,-0.007630996406078339,0.2662900686264038,-0.028433585539460182
