frame,Ankle.R_x,Ankle.R_y,Ankle.R_z,Knee.R_x,Knee.R_y,Knee.R_z,Hip.R_x,Hip.R_y,Hip.R_z,Hip.L_x,Hip.L_y,Hip.L_z,Knee.L_x,Knee.L_y,Knee.L_z,Ankle.L_x,Ankle.L_y,Ankle.L_z,Wrist.R_x,Wrist.R_y,Wrist.R_z,Elbow.R_x,Elbow.R_y,Elbow.R_z,Shoulder.R_x,Shoulder.R_y,Shoulder.R_z,Shoulder.L_x,Shoulder.L_y,Shoulder.L_z,Elbow.L_x,Elbow.L_y,Elbow.L_z,Wrist.L_x,Wrist.L_y,Wrist.L_z,Neck_x,Neck_y,Neck_z,Head_x,Head_y,Head_z,Nose_x,Nose_y,Nose_z,Eye.L_x,Eye.L_y,Eye.L_z,Eye.R_x,Eye.R_y,Eye.R_z,Ear.L_x,Ear.L_y,Ear.L_z,Ear.R_x,Ear.R_y,Ear.R_z,hip.Center_x,hip.Center_y,hip.Center_z
0,-0.062243637,-0.43903327,-0.22212406,-0.25042406,-0.11654331,0.005489678,-0.10291646,0.29168874,-0.086187616,0.10704736,0.2505888,0.041253097,-0.073034965,-0.13634461,0.12630248,-0.16264874,-0.55809164,0.012747778,-0.4875617,0.4695611,-0.15020327,-0.26493818,0.60180914,-0.19370839,-0.085066736,0.742431,-0.024747822,0.18392852,0.718242,0.06842776,0.40990728,0.56496525,-0.0045875576,0.6349727,0.43420535,0.026474405,0.042755365,0.7803368,0.057452425,0.05432052,0.9825324,0.07898298,-0.041329242,0.9151911,0.18559706,0.012869444,0.94621825,0.17658766,-0.036273547,0.9468798,0.13080496,0.10327507,0.90775156,0.13843553,-0.0076005924,0.911088,0.03590601,0.0020654499530792236,0.2711387872695923,-0.02246725931763649
