frame,Ankle.R_x,Ankle.R_y,Ankle.R_z,Knee.R_x,Knee.R_y,Knee.R_z,Hip.R_x,Hip.R_y,Hip.R_z,Hip.L_x,Hip.L_y,Hip.L_z,Knee.L_x,Knee.L_y,Knee.L_z,Ankle.L_x,Ankle.L_y,Ankle.L_z,Wrist.R_x,Wrist.R_y,Wrist.R_z,Elbow.R_x,Elbow.R_y,Elbow.R_z,Shoulder.R_x,Shoulder.R_y,Shoulder.R_z,Shoulder.L_x,Shoulder.L_y,Shoulder.L_z,Elbow.L_x,Elbow.L_y,Elbow.L_z,Wrist.L_x,Wrist.L_y,Wrist.L_z,Neck_x,Neck_y,Neck_z,Head_x,Head_y,Head_z,Nose_x,Nose_y,Nose_z,Eye.L_x,Eye.L_y,Eye.L_z,Eye.R_x,Eye.R_y,Eye.R_z,Ear.L_x,Ear.L_y,Ear.L_z,Ear.R_x,Ear.R_y,Ear.R_z,hip.Center_x,hip.Center_y,hip.Center_z
0,0.070067436,-0.2332711,-0.1965973,-0.25993505,-0.12731028,0.045293447,-0.1168748,0.26741567,-0.05987067,0.114756085,0.2590762,0.01305651,0.117828235,-0.14296664,0.15172307,0.093005285,-0.498581,-0.1100628,-0.18627746,1.2415869,0.16809645,-0.16738495,1.0006213,0.060641006,-0.03897278,0.7684072,0.017593997,0.19628592,0.67081976,0.038564727,0.43727124,0.54090047,-0.0012305854,0.68314165,0.45708007,0.038122848,0.07920289,0.75444615,0.04995417,0.114334084,0.9494236,0.065746136,0.07260377,0.8820293,0.19950739,0.1192002,0.9087546,0.16742931,0.055485003,0.9194671,0.15155503,0.17152613,0.86675304,0.08947222,0.031169608,0.89091635,0.053228185,-0.001059357076883316,0.26324594020843506,-0.02340708114206791
