frame,Ankle.R_x,Ankle.R_y,Ankle.R_z,Knee.R_x,Knee.R_y,Knee.R_z,Hip.R_x,Hip.R_y,Hip.R_z,Hip.L_x,Hip.L_y,Hip.L_z,Knee.L_x,Knee.L_y,Knee.L_z,Ankle.L_x,Ankle.L_y,Ankle.L_z,Wrist.R_x,Wrist.R_y,Wrist.R_z,Elbow.R_x,Elbow.R_y,Elbow.R_z,Shoulder.R_x,Shoulder.R_y,Shoulder.R_z,Shoulder.L_x,Shoulder.L_y,Shoulder.L_z,Elbow.L_x,Elbow.L_y,Elbow.L_z,Wrist.L_x,Wrist.L_y,Wrist.L_z,Neck_x,Neck_y,Neck_z,Head_x,Head_y,Head_z,Nose_x,Nose_y,Nose_z,Eye.L_x,Eye.L_y,Eye.L_z,Eye.R_x,Eye.R_y,Eye.R_z,Ear.L_x,Ear.L_y,Ear.L_z,Ear.R_x,Ear.R_y,Ear.R_z,hip.Center_x,hip.Center_y,hip.Center_z
0,0.36163953,-0.48416963,0.11154947,0.16152129,-0.10355584,0.09808625,-0.025968164,0.26965165,0.101604804,0.020820964,0.28118163,-0.1401409,-0.0749472,-0.1323877,-0.14752312,-0.2387373,-0.5411794,-0.19135158,-0.18352099,0.3706037,0.2945167,-0.22173257,0.6010001,0.19293077,-0.012269374,0.76173705,0.13153902,0.055966046,0.7657776,-0.12862697,-0.11766723,0.62400746,-0.28183687,-0.035663728,0.3892042,-0.30702692,0.062069762,0.8077563,0.011082552,0.047542494,0.99858326,0.01306651,0.1831122,0.94877803,0.08018026,0.15700275,0.97938013,0.031376652,0.12391456,0.96922404,0.089191124,0.10895524,0.9374021,-0.05254219,0.0339202,0.91785103,0.07725855,-0.0025736000388860703,0.27541664242744446,-0.01926805078983307
