frame,Ankle.R_x,Ankle.R_y,Ankle.R_z,Knee.R_x,Knee.R_y,Knee.R_z,Hip.R_x,Hip.R_y,Hip.R_z,Hip.L_x,Hip.L_y,Hip.L_z,Knee.L_x,Knee.L_y,Knee.L_z,Ankle.L_x,Ankle.L_y,Ankle.L_z,Wrist.R_x,Wrist.R_y,Wrist.R_z,Elbow.R_x,Elbow.R_y,Elbow.R_z,Shoulder.R_x,Shoulder.R_y,Shoulder.R_z,Shoulder.L_x,Shoulder.L_y,Shoulder.L_z,Elbow.L_x,Elbow.L_y,Elbow.L_z,Wrist.L_x,Wrist.L_y,Wrist.L_z,Neck_x,Neck_y,Neck_z,Head_x,Head_y,Head_z,Nose_x,Nose_y,Nose_z,Eye.L_x,Eye.L_y,Eye.L_z,Eye.R_x,Eye.R_y,Eye.R_z,Ear.L_x,Ear.L_y,Ear.L_z,Ear.R_x,Ear.R_y,Ear.R_z,hip.Center_x,hip.Center_y,hip.Center_z
0,-0.15975793,-0.5349244,-0.0042811856,-0.09992243,-0.12799114,-0.111742735,0.0832524,0.26233736,-0.09867595,-0.08506736,0.2891227,0.060612913,-0.22541893,-0.10844375,0.008632969,-0.08259229,-0.475839,0.18019034,0.46453947,0.49180976,-0.47000292,0.348393,0.5964054,-0.2669046,0.19640994,0.73042315,-0.087621056,-0.013816829,0.7471538,0.09892678,-0.22655255,0.5995897,0.17081918,-0.4359145,0.5692579,0.034365885,0.08925784,0.7921418,-0.0031011782,0.08792805,1.0059639,0.0033864933,0.015550174,0.93221194,-0.11468534,0.009192131,0.9657631,-0.06201539,0.06654827,0.96491194,-0.095425114,0.021528311,0.9345925,0.036333866,0.14940554,0.9317325,-0.03800835,-0.0009074807167053223,0.2757300138473511,-0.019031519070267677
