frame,Ankle.R_x,Ankle.R_y,Ankle.R_z,Knee.R_x,Knee.R_y,Knee.R_z,Hip.R_x,Hip.R_y,Hip.R_z,Hip.L_x,Hip.L_y,Hip.L_z,Knee.L_x,Knee.L_y,Knee.L_z,Ankle.L_x,Ankle.L_y,Ankle.L_z,Wrist.R_x,Wrist.R_y,Wrist.R_z,Elbow.R_x,Elbow.R_y,Elbow.R_z,Shoulder.R_x,Shoulder.R_y,Shoulder.R_z,Shoulder.L_x,Shoulder.L_y,Shoulder.L_z,Elbow.L_x,Elbow.L_y,Elbow.L_z,Wrist.L_x,Wrist.L_y,Wrist.L_z,Neck_x,Neck_y,Neck_z,Head_x,Head_y,Head_z,Nose_x,Nose_y,Nose_z,Eye.L_x,Eye.L_y,Eye.L_z,Eye.R_x,Eye.R_y,Eye.R_z,Ear.L_x,Ear.L_y,Ear.L_z,Ear.R_x,Ear.R_y,Ear.R_z,hip.Center_x,hip.Center_y,hip.Center_z
0,-0.045631096,-0.53843516,-0.3086229,-0.06489423,-0.18054691,-0.06611637,-0.12833364,0.23138236,-0.022390671,0.10229782,0.28368205,-0.006568586,0.2979876,-0.049312513,0.06899531,0.6018489,-0.33423036,-0.053078882,-0.6665743,0.83127815,0.067322955,-0.4308722,0.7641063,-0.008729981,-0.16715427,0.71631426,0.018523134,0.09649922,0.6779728,0.02864408,0.33627653,0.55951655,-0.019281073,0.5781495,0.48587674,0.010334187,-0.033882603,0.7374306,0.05056723,-0.011173153,0.93292576,0.08203833,-0.032674257,0.8469199,0.20907128,0.0072048157,0.87985766,0.17659947,-0.057448667,0.887778,0.16917042,0.0509858,0.85381687,0.08936991,-0.091513924,0.8709383,0.07230729,-0.013017911463975906,0.2575322091579437,-0.014479628764092922
