frame,Ankle.R_x,Ankle.R_y,Ankle.R_z,Knee.R_x,Knee.R_y,Knee.R_z,Hip.R_x,Hip.R_y,Hip.R_z,Hip.L_x,Hip.L_y,Hip.L_z,Knee.L_x,Knee.L_y,Knee.L_z,Ankle.L_x,Ankle.L_y,Ankle.L_z,Wrist.R_x,Wrist.R_y,Wrist.R_z,Elbow.R_x,Elbow.R_y,Elbow.R_z,Shoulder.R_x,Shoulder.R_y,Shoulder.R_z,Shoulder.L_x,Shoulder.L_y,Shoulder.L_z,Elbow.L_x,Elbow.L_y,Elbow.L_z,Wrist.L_x,Wrist.L_y,Wrist.L_z,Neck_x,Neck_y,Neck_z,Head_x,Head_y,Head_z,Nose_x,Nose_y,Nose_z,Eye.L_x,Eye.L_y,Eye.L_z,Eye.R_x,Eye.R_y,Eye.R_z,Ear.L_x,Ear.L_y,Ear.L_z,Ear.R_x,Ear.R_y,Ear.R_z,hip.Center_x,hip.Center_y,hip.Center_z
0,0.19545534,-0.5664136,-0.0017209763,0.11437082,-0.13452692,0.056659367,-0.057212956,0.26042864,0.09173224,0.056767583,0.28626648,-0.12451651,-0.0965239,-0.10953428,-0.1965288,-0.37679082,-0.4234107,-0.36688903,-0.59594315,0.5914542,0.3232799,-0.38223985,0.6230179,0.17922431,-0.12737456,0.73760515,0.13286485,0.11427906,0.76071936,-0.042052373,0.33813894,0.6467959,-0.17043537,0.5742724,0.65324277,-0.06686785,0.008226361,0.7999167,0.068674095,0.008525478,1.0075928,0.09493415,0.13703457,0.9327843,0.14719534,0.11104164,0.96803206,0.10146096,0.08419613,0.96442354,0.16257238,0.04707159,0.9380659,0.026434414,-0.017189536,0.92921996,0.1632113,-0.00022268667817115784,0.27334755659103394,-0.016392134130001068
