frame,Ankle.R_x,Ankle.R_y,Ankle.R_z,Knee.R_x,Knee.R_y,Knee.R_z,Hip.R_x,Hip.R_y,Hip.R_z,Hip.L_x,Hip.L_y,Hip.L_z,Knee.L_x,Knee.L_y,Knee.L_z,Ankle.L_x,Ankle.L_y,Ankle.L_z,Wrist.R_x,Wrist.R_y,Wrist.R_z,Elbow.R_x,Elbow.R_y,Elbow.R_z,Shoulder.R_x,Shoulder.R_y,Shoulder.R_z,Shoulder.L_x,Shoulder.L_y,Shoulder.L_z,Elbow.L_x,Elbow.L_y,Elbow.L_z,Wrist.L_x,Wrist.L_y,Wrist.L_z,Neck_x,Neck_y,Neck_z,Head_x,Head_y,Head_z,Nose_x,Nose_y,Nose_z,Eye.L_x,Eye.L_y,Eye.L_z,Eye.R_x,Eye.R_y,Eye.R_z,Ear.L_x,Ear.L_y,Ear.L_z,Ear.R_x,Ear.R_y,Ear.R_z,hip.Center_x,hip.Center_y,hip.Center_z
0,-0.2258337,-0.1677639,-0.09397886,-0.40314373,0.162218,0.07506122,-0.096247,0.29584375,-0.09620403,0.113287814,0.2530562,0.03168013,0.05951128,-0.14907183,0.13170294,0.007744549,-0.54657066,-0.062158052,-0.3403032,0.7602594,-0.16911003,-0.16200344,0.7408397,-0.3455663,-0.061779585,0.75288993,-0.081437886,0.12171723,0.7283,0.15071382,0.117335886,0.68580824,0.42483252,-0.040245675,0.8852588,0.44713178,0.021612974,0.78486013,0.048192203,0.013277451,0.9955326,0.08666795,-0.025251202,0.8968297,0.20328984,0.01843843,0.93499494,0.17933089,-0.04602593,0.940042,0.16191407,0.08032888,0.9165691,0.09962989,-0.06419749,0.9295681,0.054971255,0.008520405739545822,0.2744499742984772,-0.03226194903254509
