frame,Ankle.R_x,Ankle.R_y,Ankle.R_z,Knee.R_x,Knee.R_y,Knee.R_z,Hip.R_x,Hip.R_y,Hip.R_z,Hip.L_x,Hip.L_y,Hip.L_z,Knee.L_x,Knee.L_y,Knee.L_z,Ankle.L_x,Ankle.L_y,Ankle.L_z,Wrist.R_x,Wrist.R_y,Wrist.R_z,Elbow.R_x,Elbow.R_y,Elbow.R_z,Shoulder.R_x,Shoulder.R_y,Shoulder.R_z,Shoulder.L_x,Shoulder.L_y,Shoulder.L_z,Elbow.L_x,Elbow.L_y,Elbow.L_z,Wrist.L_x,Wrist.L_y,Wrist.L_z,Neck_x,Neck_y,Neck_z,Head_x,Head_y,Head_z,Nose_x,Nose_y,Nose_z,Eye.L_x,Eye.L_y,Eye.L_z,Eye.R_x,Eye.R_y,Eye.R_z,Ear.L_x,Ear.L_y,Ear.L_z,Ear.R_x,Ear.R_y,Ear.R_z,hip.Center_x,hip.Center_y,hip.Center_z
0,-0.31365293,-0.20760085,-0.43737453,-0.31390917,-0.050473623,-0.04959035,-0.10582596,0.30636835,-0.056039523,0.11217668,0.24515347,0.023864001,-0.006849819,-0.14219873,0.09974046,-0.088459544,-0.5436902,-0.023164354,-0.39881745,1.1084507,-0.0031388153,-0.25584164,0.9102609,-0.07973748,-0.027445965,0.7835062,-0.01751894,0.2164066,0.72638094,0.04511284,0.4460959,0.5859576,0.007304474,0.67408925,0.49135953,0.06885005,0.089682385,0.794479,0.040797103,0.094199196,1.0003719,0.054048102,0.07349827,0.9271206,0.19228981,0.11333056,0.95876586,0.15552466,0.047441937,0.9620104,0.14602663,0.16376808,0.92343795,0.07211983,0.014787033,0.9313928,0.048607603,0.003175359219312668,0.2757609188556671,-0.016087761148810387
