frame,Ankle.R_x,Ankle.R_y,Ankle.R_z,Knee.R_x,Knee.R_y,Knee.R_z,Hip.R_x,Hip.R_y,Hip.R_z,Hip.L_x,Hip.L_y,Hip.L_z,Knee.L_x,Knee.L_y,Knee.L_z,Ankle.L_x,Ankle.L_y,Ankle.L_z,Wrist.R_x,Wrist.R_y,Wrist.R_z,Elbow.R_x,Elbow.R_y,Elbow.R_z,Shoulder.R_x,Shoulder.R_y,Shoulder.R_z,Shoulder.L_x,Shoulder.L_y,Shoulder.L_z,Elbow.L_x,Elbow.L_y,Elbow.L_z,Wrist.L_x,Wrist.L_y,Wrist.L_z,Neck_x,Neck_y,Neck_z,Head_x,Head_y,Head_z,Nose_x,Nose_y,Nose_z,Eye.L_x,Eye.L_y,Eye.L_z,Eye.R_x,Eye.R_y,Eye.R_z,Ear.L_x,Ear.L_y,Ear.L_z,Ear.R_x,Ear.R_y,Ear.R_z,hip.Center_x,hip.Center_y,hip.Center_z
0,-0.6032897,-0.30242962,-0.19500208,-0.3345624,-0.025814893,-0.013017587,-0.1054924,0.29646364,-0.05076184,0.1178819,0.22587287,0.01282184,0.00047209964,-0.15152429,0.1353599,-0.039520767,-0.47911182,-0.13656577,-0.5698923,0.8007549,-0.11669428,-0.31984282,0.75110275,-0.08095176,-0.070552476,0.7154917,0.015886722,0.17383483,0.7094651,0.08648797,0.43744808,0.7364747,0.105772436,0.6878205,0.7818471,0.14199214,0.043036684,0.7410015,0.079801805,0.022067789,0.92976373,0.13969748,-0.040714994,0.8215399,0.23137084,0.0028039813,0.86371017,0.22658822,-0.05042614,0.8651284,0.18792482,0.089497745,0.8574977,0.1711849,-0.030557059,0.86145973,0.08642634,0.006194751709699631,0.2611682415008545,-0.018970001488924026
