frame,Ankle.R_x,Ankle.R_y,Ankle.R_z,Knee.R_x,Knee.R_y,Knee.R_z,Hip.R_x,Hip.R_y,Hip.R_z,Hip.L_x,Hip.L_y,Hip.L_z,Knee.L_x,Knee.L_y,Knee.L_z,Ankle.L_x,Ankle.L_y,Ankle.L_z,Wrist.R_x,Wrist.R_y,Wrist.R_z,Elbow.R_x,Elbow.R_y,Elbow.R_z,Shoulder.R_x,Shoulder.R_y,Shoulder.R_z,Shoulder.L_x,Shoulder.L_y,Shoulder.L_z,Elbow.L_x,Elbow.L_y,Elbow.L_z,Wrist.L_x,Wrist.L_y,Wrist.L_z,Neck_x,Neck_y,Neck_z,Head_x,Head_y,Head_z,Nose_x,Nose_y,Nose_z,Eye.L_x,Eye.L_y,Eye.L_z,Eye.R_x,Eye.R_y,Eye.R_z,Ear.L_x,Ear.L_y,Ear.L_z,Ear.R_x,Ear.R_y,Ear.R_z,hip.Center_x,hip.Center_y,hip.Center_z
0,0.2926609,-0.47032884,0.08928201,0.23426995,-0.04186007,0.115837105,-0.021440513,0.28996888,0.10379039,0.0008448657,0.29618734,-0.14035927,0.026518019,-0.1282327,-0.1494685,-0.053192187,-0.56164026,-0.17997031,0.2198159,0.56123936,0.42792654,-0.02517564,0.6346214,0.3784107,-0.03317575,0.78121763,0.13211977,0.00059713516,0.7755436,-0.1736711,-0.042310864,0.5935483,-0.39063585,0.11554844,0.39215925,-0.39469036,0.002270203,0.83576626,-0.017550647,-0.009741822,1.0529096,-0.0012943067,0.11944738,0.9845208,0.0593345,0.09548126,1.0226648,0.013475776,0.06041844,1.0085287,0.06961558,0.044888414,0.9941952,-0.0772802,-0.03543617,0.9648855,0.052488178,-0.010297823697328568,0.29307812452316284,-0.01828444004058838
