frame,Ankle.R_x,Ankle.R_y,Ankle.R_z,Knee.R_x,Knee.R_y,Knee.R_z,Hip.R_x,Hip.R_y,Hip.R_z,Hip.L_x,Hip.L_y,Hip.L_z,Knee.L_x,Knee.L_y,Knee.L_z,Ankle.L_x,Ankle.L_y,Ankle.L_z,Wrist.R_x,Wrist.R_y,Wrist.R_z,Elbow.R_x,Elbow.R_y,Elbow.R_z,Shoulder.R_x,Shoulder.R_y,Shoulder.R_z,Shoulder.L_x,Shoulder.L_y,Shoulder.L_z,Elbow.L_x,Elbow.L_y,Elbow.L_z,Wrist.L_x,Wrist.L_y,Wrist.L_z,Neck_x,Neck_y,Neck_z,Head_x,Head_y,Head_z,Nose_x,Nose_y,Nose_z,Eye.L_x,Eye.L_y,Eye.L_z,Eye.R_x,Eye.R_y,Eye.R_z,Ear.L_x,Ear.L_y,Ear.L_z,Ear.R_x,Ear.R_y,Ear.R_z,hip.Center_x,hip.Center_y,hip.Center_z
0,0.0035335028,-0.5626655,-0.1754636,-0.09576762,-0.17645915,-0.014192962,-0.11490907,0.23110756,-0.07054806,0.088527836,0.2897484,0.035059914,0.29424897,-0.05748816,0.04714066,0.6084417,-0.3476943,-0.018988239,-0.67512673,0.843056,-0.08046239,-0.44148564,0.7847948,-0.17160243,-0.19765319,0.72382516,-0.07580246,0.030442946,0.72274804,0.019953825,0.29849553,0.7006511,0.033035994,0.52218586,0.71614826,0.1529424,-0.09351552,0.7563761,-0.00799255,-0.06375983,0.93627006,-0.03018075,-0.13920182,0.90958613,0.105154954,-0.08615333,0.9259876,0.07872546,-0.14351736,0.93066865,0.046239495,-0.019183815,0.86541903,0.029790614,-0.14645883,0.87507343,-0.043375455,-0.0131906159222126,0.26042798161506653,-0.017744071781635284
