frame,Ankle.R_x,Ankle.R_y,Ankle.R_z,Knee.R_x,Knee.R_y,Knee.R_z,Hip.R_x,Hip.R_y,Hip.R_z,Hip.L_x,Hip.L_y,Hip.L_z,Knee.L_x,Knee.L_y,Knee.L_z,Ankle.L_x,Ankle.L_y,Ankle.L_z,Wrist.R_x,Wrist.R_y,Wrist.R_z,Elbow.R_x,Elbow.R_y,Elbow.R_z,Shoulder.R_x,Shoulder.R_y,Shoulder.R_z,Shoulder.L_x,Shoulder.L_y,Shoulder.L_z,Elbow.L_x,Elbow.L_y,Elbow.L_z,Wrist.L_x,Wrist.L_y,Wrist.L_z,Neck_x,Neck_y,Neck_z,Head_x,Head_y,Head_z,Nose_x,Nose_y,Nose_z,Eye.L_x,Eye.L_y,Eye.L_z,Eye.R_x,Eye.R_y,Eye.R_z,Ear.L_x,Ear.L_y,Ear.L_z,Ear.R_x,Ear.R_y,Ear.R_z,hip.Center_x,hip.Center_y,hip.Center_z
0,-0.042955995,-0.57188576,-0.22357099,-0.06995232,-0.18686989,-0.032794848,-0.12357059,0.21578473,-0.008090832,0.09938877,0.28794995,-0.0120197,0.31038392,-0.053956985,-0.018891558,0.61931497,-0.33225074,-0.13789311,-0.5997435,0.58406407,0.34917688,-0.49618158,0.53384566,0.12755044,-0.26108402,0.6440075,0.047766376,-0.05743113,0.73419464,-0.031045731,0.04875005,0.9172045,-0.18348514,-0.03014227,1.1388942,-0.1145593,-0.14861858,0.71801,0.03625394,-0.13357674,0.8980768,0.14241596,-0.040554896,0.77865314,0.17155679,-0.0449899,0.8336855,0.14701647,-0.08737713,0.81259096,0.19223288,-0.091397546,0.8583772,0.06277113,-0.18843465,0.81251,0.15968838,-0.012090910226106644,0.2518673539161682,-0.010055266320705414
