frame,Ankle.R_x,Ankle.R_y,Ankle.R_z,Knee.R_x,Knee.R_y,Knee.R_z,Hip.R_x,Hip.R_y,Hip.R_z,Hip.L_x,Hip.L_y,Hip.L_z,Knee.L_x,Knee.L_y,Knee.L_z,Ankle.L_x,Ankle.L_y,Ankle.L_z,Wrist.R_x,Wrist.R_y,Wrist.R_z,Elbow.R_x,Elbow.R_y,Elbow.R_z,Shoulder.R_x,Shoulder.R_y,Shoulder.R_z,Shoulder.L_x,Shoulder.L_y,Shoulder.L_z,Elbow.L_x,Elbow.L_y,Elbow.L_z,Wrist.L_x,Wrist.L_y,Wrist.L_z,Neck_x,Neck_y,Neck_z,Head_x,Head_y,Head_z,Nose_x,Nose_y,Nose_z,Eye.L_x,Eye.L_y,Eye.L_z,Eye.R_x,Eye.R_y,Eye.R_z,Ear.L_x,Ear.L_y,Ear.L_z,Ear.R_x,Ear.R_y,Ear.R_z,hip.Center_x,hip.Center_y,hip.Center_z
0,0.17904125,-0.535076,-0.2004366,0.002611051,-0.16818494,-0.054622747,-0.10170551,0.24480453,-0.09425093,0.08024587,0.29056147,0.056979205,0.049003042,-0.10903518,0.16365623,0.12389899,-0.5324804,0.20159152,-0.61288416,0.51793784,-0.17376511,-0.38469422,0.5727658,-0.26120526,-0.23733622,0.7150886,-0.08702998,-0.014338256,0.735672,0.04769966,0.19092144,0.5638275,0.039187454,0.36232892,0.5796477,0.21030134,-0.14729981,0.76956904,0.011057152,-0.15340464,0.9673428,0.043124106,-0.24898015,0.88483036,0.13870187,-0.19668417,0.9184258,0.13407168,-0.24488443,0.9227919,0.08835277,-0.106224604,0.88903475,0.09308383,-0.2135605,0.8997376,-0.01005373,-0.010729819536209106,0.2676829993724823,-0.018635863438248634
