frame,Ankle.R_x,Ankle.R_y,Ankle.R_z,Knee.R_x,Knee.R_y,Knee.R_z,Hip.R_x,Hip.R_y,Hip.R_z,Hip.L_x,Hip.L_y,Hip.L_z,Knee.L_x,Knee.L_y,Knee.L_z,Ankle.L_x,Ankle.L_y,Ankle.L_z,Wrist.R_x,Wrist.R_y,Wrist.R_z,Elbow.R_x,Elbow.R_y,Elbow.R_z,Shoulder.R_x,Shoulder.R_y,Shoulder.R_z,Shoulder.L_x,Shoulder.L_y,Shoulder.L_z,Elbow.L_x,Elbow.L_y,Elbow.L_z,Wrist.L_x,Wrist.L_y,Wrist.L_z,Neck_x,Neck_y,Neck_z,Head_x,Head_y,Head_z,Nose_x,Nose_y,Nose_z,Eye.L_x,Eye.L_y,Eye.L_z,Eye.R_x,Eye.R_y,Eye.R_z,Ear.L_x,Ear.L_y,Ear.L_z,Ear.R_x,Ear.R_y,Ear.R_z,hip.Center_x,hip.Center_y,hip.Center_z
0,0.007987884,-0.4914626,-0.08529108,-0.010242965,-0.106093295,0.06691315,-0.09261455,0.3051939,0.06551307,0.08737231,0.29493153,-0.08968174,-0.02206095,-0.103991434,-0.148598,-0.2026702,-0.38419968,-0.41274437,0.37254122,0.519526,0.4422364,0.12244678,0.54933906,0.3990047,0.04779156,0.745624,0.22078004,0.22625685,0.7616924,-0.034111045,0.39162895,0.60217714,-0.1922769,0.5349198,0.5001575,-0.018220853,0.14455797,0.8152061,0.106080145,0.16103849,1.0387541,0.1304909,0.21786624,0.94688815,0.24550666,0.23123273,0.98828804,0.19737692,0.16874395,0.9823111,0.22227618,0.23760653,0.96918845,0.09057604,0.09241584,0.9581102,0.14948095,-0.002621117979288101,0.30006271600723267,-0.012084335088729858
