frame,Ankle.R_x,Ankle.R_y,Ankle.R_z,Knee.R_x,Knee.R_y,Knee.R_z,Hip.R_x,Hip.R_y,Hip.R_z,Hip.L_x,Hip.L_y,Hip.L_z,Knee.L_x,Knee.L_y,Knee.L_z,Ankle.L_x,Ankle.L_y,Ankle.L_z,Wrist.R_x,Wrist.R_y,Wrist.R_z,Elbow.R_x,Elbow.R_y,Elbow.R_z,Shoulder.R_x,Shoulder.R_y,Shoulder.R_z,Shoulder.L_x,Shoulder.L_y,Shoulder.L_z,Elbow.L_x,Elbow.L_y,Elbow.L_z,Wrist.L_x,Wrist.L_y,Wrist.L_z,Neck_x,Neck_y,Neck_z,Head_x,Head_y,Head_z,Nose_x,Nose_y,Nose_z,Eye.L_x,Eye.L_y,Eye.L_z,Eye.R_x,Eye.R_y,Eye.R_z,Ear.L_x,Ear.L_y,Ear.L_z,Ear.R_x,Ear.R_y,Ear.R_z,hip.Center_x,hip.Center_y,hip.Center_z
0,0.2691729,-0.50140405,0.11684742,0.104411945,-0.09544198,0.11609255,-0.09982817,0.28124037,0.06090656,0.08963844,0.28744292,-0.09315054,-0.07799288,-0.105137944,-0.16791676,-0.3555355,-0.3951281,-0.37100363,-0.39376998,0.46708333,0.23847212,-0.28945106,0.5082685,0.01146654,-0.14963928,0.74020386,0.08169412,0.14773628,0.785567,0.022027966,0.3956607,0.6555264,-0.037827995,0.62848496,0.6089227,0.06878461,-0.0010939902,0.81995755,0.08341718,-0.03535455,1.0280308,0.10934953,0.0056825057,0.9534198,0.2433849,0.023451127,0.9949857,0.19711834,-0.041419715,0.9779073,0.20725656,0.05975423,0.9742765,0.09874137,-0.08931636,0.9366356,0.12053312,-0.005094863474369049,0.28434163331985474,-0.016121990978717804
