frame,Ankle.R_x,Ankle.R_y,Ankle.R_z,Knee.R_x,Knee.R_y,Knee.R_z,Hip.R_x,Hip.R_y,Hip.R_z,Hip.L_x,Hip.L_y,Hip.L_z,Knee.L_x,Knee.L_y,Knee.L_z,Ankle.L_x,Ankle.L_y,Ankle.L_z,Wrist.R_x,Wrist.R_y,Wrist.R_z,Elbow.R_x,Elbow.R_y,Elbow.R_z,Shoulder.R_x,Shoulder.R_y,Shoulder.R_z,Shoulder.L_x,Shoulder.L_y,Shoulder.L_z,Elbow.L_x,Elbow.L_y,Elbow.L_z,Wrist.L_x,Wrist.L_y,Wrist.L_z,Neck_x,Neck_y,Neck_z,Head_x,Head_y,Head_z,Nose_x,Nose_y,Nose_z,Eye.L_x,Eye.L_y,Eye.L_z,Eye.R_x,Eye.R_y,Eye.R_z,Ear.L_x,Ear.L_y,Ear.L_z,Ear.R_x,Ear.R_y,Ear.R_z,hip.Center_x,hip.Center_y,hip.Center_z
0,0.31572002,-0.19732408,0.5662761,0.06902945,-0.019410817,0.27676797,-0.121684685,0.19104682,0.0113851875,0.08120615,0.30232412,-0.06216436,0.38065726,0.046392743,-0.032677155,0.6787849,-0.15378326,-0.28533378,-0.66787136,0.87801665,0.070790835,-0.49146456,0.71927524,-0.018567324,-0.22534892,0.68168163,-0.016252596,0.032327466,0.69502443,-0.02195632,0.29959556,0.7071908,-0.061625954,0.5162668,0.76702183,0.050715037,-0.09834167,0.7275299,0.0010408652,-0.084554985,0.9278218,-0.014197796,-0.13883603,0.8713913,0.11655194,-0.09372174,0.90169233,0.09080927,-0.15320925,0.8973471,0.06394854,-0.020128936,0.8635144,0.03179102,-0.15045261,0.85479474,-0.029471252,-0.020239267498254776,0.2466854751110077,-0.02538958564400673
