frame,Ankle.R_x,Ankle.R_y,Ankle.R_z,Knee.R_x,Knee.R_y,Knee.R_z,Hip.R_x,Hip.R_y,Hip.R_z,Hip.L_x,Hip.L_y,Hip.L_z,Knee.L_x,Knee.L_y,Knee.L_z,Ankle.L_x,Ankle.L_y,Ankle.L_z,Wrist.R_x,Wrist.R_y,Wrist.R_z,Elbow.R_x,Elbow.R_y,Elbow.R_z,Shoulder.R_x,Shoulder.R_y,Shoulder.R_z,Shoulder.L_x,Shoulder.L_y,Shoulder.L_z,Elbow.L_x,Elbow.L_y,Elbow.L_z,Wrist.L_x,Wrist.L_y,Wrist.L_z,Neck_x,Neck_y,Neck_z,Head_x,Head_y,Head_z,Nose_x,Nose_y,Nose_z,Eye.L_x,Eye.L_y,Eye.L_z,Eye.R_x,Eye.R_y,Eye.R_z,Ear.L_x,Ear.L_y,Ear.L_z,Ear.R_x,Ear.R_y,Ear.R_z,hip.Center_x,hip.Center_y,hip.Center_z
0,-0.5868049,-0.32262468,-0.20455469,-0.33407947,-0.027143551,-0.028706279,-0.10422771,0.2954206,-0.054863617,0.115641445,0.22666797,0.020147089,-0.0024070546,-0.16802005,0.08721137,-0.0505066,-0.5168622,-0.16123433,-0.56801444,0.7944008,-0.16615465,-0.32814762,0.7461542,-0.08498013,-0.08560686,0.7118626,0.029005907,0.15603676,0.7098795,0.110388525,0.41919857,0.74358106,0.13238183,0.6708919,0.7941975,0.15078753,0.02391491,0.7393628,0.098897055,-0.0024510657,0.9275,0.1545099,-0.07810792,0.82162666,0.23955494,-0.033838883,0.86359453,0.23982504,-0.08150549,0.86428195,0.19428581,0.060026474,0.8554934,0.19672775,-0.047584116,0.85835886,0.09682368,0.005706869065761566,0.2610442638397217,-0.017358263954520226
