frame,Ankle.R_x,Ankle.R_y,Ankle.R_z,Knee.R_x,Knee.R_y,Knee.R_z,Hip.R_x,Hip.R_y,Hip.R_z,Hip.L_x,Hip.L_y,Hip.L_z,Knee.L_x,Knee.L_y,Knee.L_z,Ankle.L_x,Ankle.L_y,Ankle.L_z,Wrist.R_x,Wrist.R_y,Wrist.R_z,Elbow.R_x,Elbow.R_y,Elbow.R_z,Shoulder.R_x,Shoulder.R_y,Shoulder.R_z,Shoulder.L_x,Shoulder.L_y,Shoulder.L_z,Elbow.L_x,Elbow.L_y,Elbow.L_z,Wrist.L_x,Wrist.L_y,Wrist.L_z,Neck_x,Neck_y,Neck_z,Head_x,Head_y,Head_z,Nose_x,Nose_y,Nose_z,Eye.L_x,Eye.L_y,Eye.L_z,Eye.R_x,Eye.R_y,Eye.R_z,Ear.L_x,Ear.L_y,Ear.L_z,Ear.R_x,Ear.R_y,Ear.R_z,hip.Center_x,hip.Center_y,hip.Center_z
0,0.11105166,-0.55409974,0.038903493,0.057670474,-0.12377834,0.092947826,-0.089023575,0.27533048,0.06806273,0.08894716,0.27458027,-0.09515122,-0.14586806,-0.066362076,-0.20979004,-0.4569982,-0.31147212,-0.4158908,-0.6438028,0.60610265,0.17864378,-0.3923156,0.6719583,0.14291358,-0.12453048,0.741905,0.10394751,0.15029287,0.7793438,0.030042015,0.42203328,0.781548,-0.017972654,0.6779559,0.79544336,0.03569846,0.013586413,0.80062044,0.09446281,-0.006874447,1.0034409,0.13723013,-0.01527366,0.9065341,0.26047313,0.018237673,0.95248926,0.23075353,-0.046294697,0.9412393,0.21654138,0.081894435,0.94369715,0.14690156,-0.06380507,0.91950285,0.11540657,-3.820657730102539e-05,0.2749553918838501,-0.013544246554374695
