frame,Ankle.R_x,Ankle.R_y,Ankle.R_z,Knee.R_x,Knee.R_y,Knee.R_z,Hip.R_x,Hip.R_y,Hip.R_z,Hip.L_x,Hip.L_y,Hip.L_z,Knee.L_x,Knee.L_y,Knee.L_z,Ankle.L_x,Ankle.L_y,Ankle.L_z,Wrist.R_x,Wrist.R_y,Wrist.R_z,Elbow.R_x,Elbow.R_y,Elbow.R_z,Shoulder.R_x,Shoulder.R_y,Shoulder.R_z,Shoulder.L_x,Shoulder.L_y,Shoulder.L_z,Elbow.L_x,Elbow.L_y,Elbow.L_z,Wrist.L_x,Wrist.L_y,Wrist.L_z,Neck_x,Neck_y,Neck_z,Head_x,Head_y,Head_z,Nose_x,Nose_y,Nose_z,Eye.L_x,Eye.L_y,Eye.L_z,Eye.R_x,Eye.R_y,Eye.R_z,Ear.L_x,Ear.L_y,Ear.L_z,Ear.R_x,Ear.R_y,Ear.R_z,hip.Center_x,hip.Center_y,hip.Center_z
0,0.17003371,-0.5655715,0.06987468,0.07290977,-0.13827346,0.08087258,-0.08604463,0.26266456,0.07176169,0.07971291,0.2857449,-0.10317018,0.015639694,-0.13426594,-0.1655164,-0.11405591,-0.5330201,-0.3166723,-0.6005552,0.7578435,0.35646242,-0.37651312,0.7593626,0.21979353,-0.12701005,0.7637256,0.099109896,0.106496274,0.76469404,-0.054369126,0.33468658,0.7323375,-0.20635074,0.5848112,0.7983161,-0.18670483,0.0028632414,0.8032169,0.045455683,0.001458359,1.0051817,0.06670595,0.08586356,0.93069863,0.1771575,0.086799905,0.96728325,0.12534614,0.031442933,0.9604387,0.16215071,0.07361576,0.9391157,0.025464505,-0.052789237,0.92424,0.1080199,-0.00316585972905159,0.27420473098754883,-0.015704244375228882
