frame,Ankle.R_x,Ankle.R_y,Ankle.R_z,Knee.R_x,Knee.R_y,Knee.R_z,Hip.R_x,Hip.R_y,Hip.R_z,Hip.L_x,Hip.L_y,Hip.L_z,Knee.L_x,Knee.L_y,Knee.L_z,Ankle.L_x,Ankle.L_y,Ankle.L_z,Wrist.R_x,Wrist.R_y,Wrist.R_z,Elbow.R_x,Elbow.R_y,Elbow.R_z,Shoulder.R_x,Shoulder.R_y,Shoulder.R_z,Shoulder.L_x,Shoulder.L_y,Shoulder.L_z,Elbow.L_x,Elbow.L_y,Elbow.L_z,Wrist.L_x,Wrist.L_y,Wrist.L_z,Neck_x,Neck_y,Neck_z,Head_x,Head_y,Head_z,Nose_x,Nose_y,Nose_z,Eye.L_x,Eye.L_y,Eye.L_z,Eye.R_x,Eye.R_y,Eye.R_z,Ear.L_x,Ear.L_y,Ear.L_z,Ear.R_x,Ear.R_y,Ear.R_z,hip.Center_x,hip.Center_y,hip.Center_z
0,0.0034170656,-0.5215074,0.014358393,0.048613265,-0.11697282,0.17166135,-0.08857815,0.27516288,0.07463138,0.05938208,0.30952558,-0.11795442,0.28175884,-0.04834473,-0.13321812,0.0608213,-0.33456308,-0.3836003,0.14345747,0.8034629,0.5605562,-0.03102049,0.67688954,0.40866208,-0.11357819,0.75268626,0.14774653,0.045336284,0.7791987,-0.115128286,0.269585,0.6866878,-0.25874478,0.4570712,0.69178057,-0.08200707,-0.039174233,0.8223999,0.020371031,-0.048573166,1.0473667,0.038212396,0.050401747,0.9638655,0.125582,0.043285284,1.0046467,0.07701193,-0.0061239228,0.99522483,0.121600434,0.013798844,0.9837258,-0.023354067,-0.10028519,0.9630297,0.07960504,-0.01459803432226181,0.29234421253204346,-0.02166152000427246
