frame,Ankle.R_x,Ankle.R_y,Ankle.R_z,Knee.R_x,Knee.R_y,Knee.R_z,Hip.R_x,Hip.R_y,Hip.R_z,Hip.L_x,Hip.L_y,Hip.L_z,Knee.L_x,Knee.L_y,Knee.L_z,Ankle.L_x,Ankle.L_y,Ankle.L_z,Wrist.R_x,Wrist.R_y,Wrist.R_z,Elbow.R_x,Elbow.R_y,Elbow.R_z,Shoulder.R_x,Shoulder.R_y,Shoulder.R_z,Shoulder.L_x,Shoulder.L_y,Shoulder.L_z,Elbow.L_x,Elbow.L_y,Elbow.L_z,Wrist.L_x,Wrist.L_y,Wrist.L_z,Neck_x,Neck_y,Neck_z,Head_x,Head_y,Head_z,Nose_x,Nose_y,Nose_z,Eye.L_x,Eye.L_y,Eye.L_z,Eye.R_x,Eye.R_y,Eye.R_z,Ear.L_x,Ear.L_y,Ear.L_z,Ear.R_x,Ear.R_y,Ear.R_z,hip.Center_x,hip.Center_y,hip.Center_z
0,0.006189188,-0.55243075,0.08372058,0.076171376,-0.127754,0.061407313,0.012624026,0.29739127,0.10136368,-0.022587026,0.2969424,-0.13617313,0.06345905,-0.114252605,-0.15858398,0.02145788,-0.5445532,-0.1579223,0.30557236,0.48589328,0.2714504,0.08378211,0.62062013,0.3023048,-0.045048222,0.791306,0.12544417,-0.037486162,0.77585745,-0.18206756,0.1408878,0.6007135,-0.30431414,0.36125994,0.52034795,-0.19579901,-0.046785116,0.8437726,-0.031886667,-0.05098514,1.067851,-0.03335322,0.08610663,0.9901507,-0.024141844,0.04694724,1.0259833,-0.060047347,0.03901826,1.0218877,0.006652221,-0.039927587,0.99583876,-0.115094565,-0.058437303,0.9883231,0.039075937,-0.004981499630957842,0.2971668243408203,-0.017404723912477493
