frame,Ankle.R_x,Ankle.R_y,Ankle.R_z,Knee.R_x,Knee.R_y,Knee.R_z,Hip.R_x,Hip.R_y,Hip.R_z,Hip.L_x,Hip.L_y,Hip.L_z,Knee.L_x,Knee.L_y,Knee.L_z,Ankle.L_x,Ankle.L_y,Ankle.L_z,Wrist.R_x,Wrist.R_y,Wrist.R_z,Elbow.R_x,Elbow.R_y,Elbow.R_z,Shoulder.R_x,Shoulder.R_y,Shoulder.R_z,Shoulder.L_x,Shoulder.L_y,Shoulder.L_z,Elbow.L_x,Elbow.L_y,Elbow.L_z,Wrist.L_x,Wrist.L_y,Wrist.L_z,Neck_x,Neck_y,Neck_z,Head_x,Head_y,Head_z,Nose_x,Nose_y,Nose_z,Eye.L_x,Eye.L_y,Eye.L_z,Eye.R_x,Eye.R_y,Eye.R_z,Ear.L_x,Ear.L_y,Ear.L_z,Ear.R_x,Ear.R_y,Ear.R_z,hip.Center_x,hip.Center_y,hip.Center_z
0,-0.042065285,-0.3421186,-0.18525805,-0.26735175,-0.09269985,0.06993882,-0.114625975,0.28042597,-0.06477673,0.116358936,0.25762472,0.018754201,0.04601275,-0.15978196,0.08936378,-0.004305183,-0.52607787,-0.14545844,-0.6458332,0.72585243,-0.070769764,-0.3899681,0.684867,-0.0879831,-0.13059422,0.72723645,0.011933948,0.14746748,0.70635134,0.08498253,0.39729172,0.5823228,0.0663884,0.645054,0.5294794,0.11944694,0.0015929872,0.7655767,0.077608585,-0.0020783963,0.97356564,0.11081169,-0.07073615,0.886869,0.22148702,-0.022365779,0.9236742,0.20789286,-0.07856758,0.92484975,0.17205195,0.060809314,0.89898115,0.14988671,-0.06446987,0.9031391,0.069783956,0.0008664801716804504,0.2690253257751465,-0.02301126718521118
