frame,Ankle.R_x,Ankle.R_y,Ankle.R_z,Knee.R_x,Knee.R_y,Knee.R_z,Hip.R_x,Hip.R_y,Hip.R_z,Hip.L_x,Hip.L_y,Hip.L_z,Knee.L_x,Knee.L_y,Knee.L_z,Ankle.L_x,Ankle.L_y,Ankle.L_z,Wrist.R_x,Wrist.R_y,Wrist.R_z,Elbow.R_x,Elbow.R_y,Elbow.R_z,Shoulder.R_x,Shoulder.R_y,Shoulder.R_z,Shoulder.L_x,Shoulder.L_y,Shoulder.L_z,Elbow.L_x,Elbow.L_y,Elbow.L_z,Wrist.L_x,Wrist.L_y,Wrist.L_z,Neck_x,Neck_y,Neck_z,Head_x,Head_y,Head_z,Nose_x,Nose_y,Nose_z,Eye.L_x,Eye.L_y,Eye.L_z,Eye.R_x,Eye.R_y,Eye.R_z,Ear.L_x,Ear.L_y,Ear.L_z,Ear.R_x,Ear.R_y,Ear.R_z,hip.Center_x,hip.Center_y,hip.Center_z
0,-0.033228982,-0.523649,0.06554689,0.1325704,-0.12160303,0.0864003,-0.0019525992,0.29285085,0.101767495,-0.010770417,0.2863265,-0.14347078,0.09336411,-0.1264643,-0.12944181,0.03151949,-0.5564216,-0.065166205,0.2850516,0.70026356,0.33364323,0.034994923,0.74137235,0.3818716,-0.05959111,0.7847488,0.114453636,-0.06045291,0.7586376,-0.19356589,0.0058411504,0.59538233,-0.41731036,0.18897578,0.57265896,-0.24791032,-0.058972366,0.82666224,-0.041128594,-0.09213795,1.0434374,-0.039138712,0.056655623,0.99196297,-0.023720145,0.013684939,1.0213553,-0.061120704,0.003500714,1.0147634,0.0050246827,-0.06275682,0.9766282,-0.120331705,-0.08761836,0.96410143,0.03128777,-0.006361507810652256,0.28958868980407715,-0.02085164189338684
