frame,Ankle.R_x,Ankle.R_y,Ankle.R_z,Knee.R_x,Knee.R_y,Knee.R_z,Hip.R_x,Hip.R_y,Hip.R_z,Hip.L_x,Hip.L_y,Hip.L_z,Knee.L_x,Knee.L_y,Knee.L_z,Ankle.L_x,Ankle.L_y,Ankle.L_z,Wrist.R_x,Wrist.R_y,Wrist.R_z,Elbow.R_x,Elbow.R_y,Elbow.R_z,Shoulder.R_x,Shoulder.R_y,Shoulder.R_z,Shoulder.L_x,Shoulder.L_y,Shoulder.L_z,Elbow.L_x,Elbow.L_y,Elbow.L_z,Wrist.L_x,Wrist.L_y,Wrist.L_z,Neck_x,Neck_y,Neck_z,Head_x,Head_y,Head_z,Nose_x,Nose_y,Nose_z,Eye.L_x,Eye.L_y,Eye.L_z,Eye.R_x,Eye.R_y,Eye.R_z,Ear.L_x,Ear.L_y,Ear.L_z,Ear.R_x,Ear.R_y,Ear.R_z,hip.Center_x,hip.Center_y,hip.Center_z
0,-0.11427346,-0.547447,-0.2006184,-0.109400764,-0.14950012,-0.009729528,-0.12744176,0.28544772,-0.016400028,0.11343893,0.2937497,-0.018384922,0.16461545,-0.12539735,0.05105604,0.21177366,-0.48290572,-0.20828609,-0.5183571,0.39619175,0.022413628,-0.3531056,0.5732871,-0.079267025,-0.15905534,0.761756,0.010373926,0.14581388,0.7521061,0.019745186,0.34059936,0.5540489,-0.047429554,0.51642305,0.38058397,0.038120624,-0.0034997752,0.81846136,0.04719441,0.006304378,1.0364186,0.07970597,-0.019016838,0.9472087,0.20761088,0.021747496,0.9845791,0.17557286,-0.04381449,0.9856121,0.16161337,0.08124547,0.9598377,0.092145346,-0.068821274,0.9631778,0.059755206,-0.007001418620347977,0.2895987033843994,-0.01739247515797615
