frame,Ankle.R_x,Ankle.R_y,Ankle.R_z,Knee.R_x,Knee.R_y,Knee.R_z,Hip.R_x,Hip.R_y,Hip.R_z,Hip.L_x,Hip.L_y,Hip.L_z,Knee.L_x,Knee.L_y,Knee.L_z,Ankle.L_x,Ankle.L_y,Ankle.L_z,Wrist.R_x,Wrist.R_y,Wrist.R_z,Elbow.R_x,Elbow.R_y,Elbow.R_z,Shoulder.R_x,Shoulder.R_y,Shoulder.R_z,Shoulder.L_x,Shoulder.L_y,Shoulder.L_z,Elbow.L_x,Elbow.L_y,Elbow.L_z,Wrist.L_x,Wrist.L_y,Wrist.L_z,Neck_x,Neck_y,Neck_z,Head_x,Head_y,Head_z,Nose_x,Nose_y,Nose_z,Eye.L_x,Eye.L_y,Eye.L_z,Eye.R_x,Eye.R_y,Eye.R_z,Ear.L_x,Ear.L_y,Ear.L_z,Ear.R_x,Ear.R_y,Ear.R_z,hip.Center_x,hip.Center_y,hip.Center_z
0,-0.17010027,-0.36841568,-0.16377042,-0.31535783,-0.04654227,0.077530526,-0.110966116,0.29368752,-0.06720974,0.11899183,0.25264138,0.015051446,0.019732047,-0.15591249,0.10833719,-0.104829445,-0.5455115,-0.059444062,-0.49549398,0.6977807,0.07228979,-0.35531282,0.5787132,-0.10271855,-0.119494595,0.719425,-0.012190828,0.16877031,0.71949786,0.06614902,0.42133483,0.5859936,0.0469781,0.6454247,0.6222438,0.16539022,0.019489845,0.7755945,0.053397954,0.026105104,0.98646903,0.06361844,-0.027878137,0.91856056,0.19477433,0.019937493,0.9496367,0.16848038,-0.04194828,0.95124745,0.1424335,0.09130896,0.9113976,0.101675056,-0.04792345,0.9164587,0.041631564,0.004012856632471085,0.27316445112228394,-0.026079148054122925
