frame,Ankle.R_x,Ankle.R_y,Ankle.R_z,Knee.R_x,Knee.R_y,Knee.R_z,Hip.R_x,Hip.R_y,Hip.R_z,Hip.L_x,Hip.L_y,Hip.L_z,Knee.L_x,Knee.L_y,Knee.L_z,Ankle.L_x,Ankle.L_y,Ankle.L_z,Wrist.R_x,Wrist.R_y,Wrist.R_z,Elbow.R_x,Elbow.R_y,Elbow.R_z,Shoulder.R_x,Shoulder.R_y,Shoulder.R_z,Shoulder.L_x,Shoulder.L_y,Shoulder.L_z,Elbow.L_x,Elbow.L_y,Elbow.L_z,Wrist.L_x,Wrist.L_y,Wrist.L_z,Neck_x,Neck_y,Neck_z,Head_x,Head_y,Head_z,Nose_x,Nose_y,Nose_z,Eye.L_x,Eye.L_y,Eye.L_z,Eye.R_x,Eye.R_y,Eye.R_z,Ear.L_x,Ear.L_y,Ear.L_z,Ear.R_x,Ear.R_y,Ear.R_z,hip.Center_x,hip.Center_y,hip.Center_z
0,0.21406108,-0.533381,0.080365136,0.0712447,-0.11793944,0.10035094,-0.10427038,0.27474087,0.053979754,0.09706851,0.28436965,-0.08205563,-0.07106921,-0.09830068,-0.1996449,-0.32892182,-0.37809175,-0.44190097,-0.55567676,0.44355628,0.14533874,-0.34890193,0.53116405,0.015212726,-0.15756856,0.7288066,0.08564419,0.14101586,0.7725699,0.049679853,0.39724737,0.66370094,-0.013811471,0.64646095,0.6135199,0.04946949,-0.010974,0.80481863,0.101944536,-0.045595877,1.0126461,0.14065629,-0.03342641,0.922925,0.26989338,-0.006378822,0.96862936,0.2336351,-0.071772955,0.95290637,0.2283389,0.04803001,0.9574121,0.14320807,-0.100792676,0.92369974,0.13045722,-0.003600936383008957,0.2795552611351013,-0.014037936925888062
