frame,Ankle.R_x,Ankle.R_y,Ankle.R_z,Knee.R_x,Knee.R_y,Knee.R_z,Hip.R_x,Hip.R_y,Hip.R_z,Hip.L_x,Hip.L_y,Hip.L_z,Knee.L_x,Knee.L_y,Knee.L_z,Ankle.L_x,Ankle.L_y,Ankle.L_z,Wrist.R_x,Wrist.R_y,Wrist.R_z,Elbow.R_x,Elbow.R_y,Elbow.R_z,Shoulder.R_x,Shoulder.R_y,Shoulder.R_z,Shoulder.L_x,Shoulder.L_y,Shoulder.L_z,Elbow.L_x,Elbow.L_y,Elbow.L_z,Wrist.L_x,Wrist.L_y,Wrist.L_z,Neck_x,Neck_y,Neck_z,Head_x,Head_y,Head_z,Nose_x,Nose_y,Nose_z,Eye.L_x,Eye.L_y,Eye.L_z,Eye.R_x,Eye.R_y,Eye.R_z,Ear.L_x,Ear.L_y,Ear.L_z,Ear.R_x,Ear.R_y,Ear.R_z,hip.Center_x,hip.Center_y,hip.Center_z
0,-0.42744386,-0.43657693,-0.24976102,-0.25458688,-0.101095185,-0.030299397,-0.11965098,0.28914636,-0.03274137,0.11724117,0.26342034,-0.0035335042,0.15170646,-0.1453701,0.032737903,0.21831682,-0.5601176,-0.09918105,-0.6055164,0.5638577,-0.022247033,-0.3539327,0.59601676,-0.073262125,-0.12342646,0.73105896,0.009618257,0.16219419,0.7253884,0.058837473,0.41018134,0.60075545,0.0534295,0.6571108,0.58985347,0.12534082,0.016137714,0.77887785,0.06319755,0.016143452,0.9844656,0.09393526,-0.03963808,0.89954126,0.21323515,0.006356068,0.9363597,0.19351412,-0.052697048,0.9356613,0.16294879,0.08478313,0.9114612,0.12866998,-0.0495565,0.9110937,0.060368698,-0.0012049078941345215,0.2762833535671234,-0.018137438222765923
