frame,Ankle.R_x,Ankle.R_y,Ankle.R_z,Knee.R_x,Knee.R_y,Knee.R_z,Hip.R_x,Hip.R_y,Hip.R_z,Hip.L_x,Hip.L_y,Hip.L_z,Knee.L_x,Knee.L_y,Knee.L_z,Ankle.L_x,Ankle.L_y,Ankle.L_z,Wrist.R_x,Wrist.R_y,Wrist.R_z,Elbow.R_x,Elbow.R_y,Elbow.R_z,Shoulder.R_x,Shoulder.R_y,Shoulder.R_z,Shoulder.L_x,Shoulder.L_y,Shoulder.L_z,Elbow.L_x,Elbow.L_y,Elbow.L_z,Wrist.L_x,Wrist.L_y,Wrist.L_z,Neck_x,Neck_y,Neck_z,Head_x,Head_y,Head_z,Nose_x,Nose_y,Nose_z,Eye.L_x,Eye.L_y,Eye.L_z,Eye.R_x,Eye.R_y,Eye.R_z,Ear.L_x,Ear.L_y,Ear.L_z,Ear.R_x,Ear.R_y,Ear.R_z,hip.Center_x,hip.Center_y,hip.Center_z
0,-0.0064181737,-0.5342853,0.0031131573,0.050820068,-0.117972404,0.024751347,0.017678158,0.30272081,0.10154117,-0.02666049,0.30807638,-0.1312419,0.050853033,-0.09911687,-0.15265751,0.041123487,-0.51998454,-0.1734789,0.20879023,0.49864516,0.41541126,0.020108182,0.6602085,0.34386724,-0.04470636,0.81752956,0.12906803,-0.024578862,0.7956935,-0.17999694,0.1555781,0.6243637,-0.2973044,0.3872895,0.5335422,-0.23234983,-0.039601788,0.86715066,-0.030816186,-0.0691908,1.0901312,-0.033694,0.07797129,1.0323952,-0.053308755,0.026274426,1.0602732,-0.08032952,0.034311116,1.0589936,-0.013358425,-0.06540206,1.0152318,-0.113970146,-0.048921566,1.0137546,0.041993335,-0.004491166211664677,0.3053985834121704,-0.014850366860628128
