frame,Ankle.R_x,Ankle.R_y,Ankle.R_z,Knee.R_x,Knee.R_y,Knee.R_z,Hip.R_x,Hip.R_y,Hip.R_z,Hip.L_x,Hip.L_y,Hip.L_z,Knee.L_x,Knee.L_y,Knee.L_z,Ankle.L_x,Ankle.L_y,Ankle.L_z,Wrist.R_x,Wrist.R_y,Wrist.R_z,Elbow.R_x,Elbow.R_y,Elbow.R_z,Shoulder.R_x,Shoulder.R_y,Shoulder.R_z,Shoulder.L_x,Shoulder.L_y,Shoulder.L_z,Elbow.L_x,Elbow.L_y,Elbow.L_z,Wrist.L_x,Wrist.L_y,Wrist.L_z,Neck_x,Neck_y,Neck_z,Head_x,Head_y,Head_z,Nose_x,Nose_y,Nose_z,Eye.L_x,Eye.L_y,Eye.L_z,Eye.R_x,Eye.R_y,Eye.R_z,Ear.L_x,Ear.L_y,Ear.L_z,Ear.R_x,Ear.R_y,Ear.R_z,hip.Center_x,hip.Center_y,hip.Center_z
0,-0.08541501,-0.58016545,-0.10517366,-0.09657578,-0.14645554,-0.06473028,-0.065757155,0.27461624,-0.1293801,0.04233406,0.26816568,0.09360115,0.026557136,-0.14937174,0.013002036,0.128396,-0.564674,-0.090216905,-0.20142409,0.7330643,-0.2078509,-0.10195104,0.59374845,-0.37864712,-0.026223164,0.75636566,-0.17466544,0.06286949,0.7622128,0.0903832,0.055351805,0.5874456,0.2992086,-0.08121689,0.73942816,0.17650253,0.0047345823,0.8082,-0.042845357,0.0068150666,1.0170592,-0.05214742,-0.13558346,0.9468354,-0.03673946,-0.091908924,0.9828605,-0.009118057,-0.09499088,0.9755787,-0.07571859,0.00055179,0.9519069,0.030552438,-0.0050888616,0.93685526,-0.11768608,-0.011711547151207924,0.27139097452163696,-0.01788947731256485
