frame,Ankle.R_x,Ankle.R_y,Ankle.R_z,Knee.R_x,Knee.R_y,Knee.R_z,Hip.R_x,Hip.R_y,Hip.R_z,Hip.L_x,Hip.L_y,Hip.L_z,Knee.L_x,Knee.L_y,Knee.L_z,Ankle.L_x,Ankle.L_y,Ankle.L_z,Wrist.R_x,Wrist.R_y,Wrist.R_z,Elbow.R_x,Elbow.R_y,Elbow.R_z,Shoulder.R_x,Shoulder.R_y,Shoulder.R_z,Shoulder.L_x,Shoulder.L_y,Shoulder.L_z,Elbow.L_x,Elbow.L_y,Elbow.L_z,Wrist.L_x,Wrist.L_y,Wrist.L_z,Neck_x,Neck_y,Neck_z,Head_x,Head_y,Head_z,Nose_x,Nose_y,Nose_z,Eye.L_x,Eye.L_y,Eye.L_z,Eye.R_x,Eye.R_y,Eye.R_z,Ear.L_x,Ear.L_y,Ear.L_z,Ear.R_x,Ear.R_y,Ear.R_z,hip.Center_x,hip.Center_y,hip.Center_z
0,0.1729429,-0.5067341,-0.22229941,0.004185614,-0.1678343,6.6918554e-05,-0.12476295,0.25286442,-0.032734387,0.10766876,0.28351906,0.004029665,0.108372405,-0.13053623,0.104651034,0.120239034,-0.5632291,0.038041733,-0.3393902,1.2336047,0.10058823,-0.24947935,1.0093701,-0.0009236811,-0.09774193,0.7921561,-0.031133883,0.13411272,0.71608526,-0.023746077,0.352071,0.5648955,-0.09210886,0.58647794,0.4568756,-0.06527882,0.016976375,0.78842,-0.0014900118,0.043996677,0.98596364,0.013555101,0.033754963,0.91441536,0.15331231,0.071153335,0.942242,0.110755645,0.0053490847,0.95174754,0.10996276,0.10621121,0.9029735,0.021821499,-0.041106686,0.9244075,0.018472623,-0.008547097444534302,0.26819175481796265,-0.014352360740303993
