frame,Ankle.R_x,Ankle.R_y,Ankle.R_z,Knee.R_x,Knee.R_y,Knee.R_z,Hip.R_x,Hip.R_y,Hip.R_z,Hip.L_x,Hip.L_y,Hip.L_z,Knee.L_x,Knee.L_y,Knee.L_z,Ankle.L_x,Ankle.L_y,Ankle.L_z,Wrist.R_x,Wrist.R_y,Wrist.R_z,Elbow.R_x,Elbow.R_y,Elbow.R_z,Shoulder.R_x,Shoulder.R_y,Shoulder.R_z,Shoulder.L_x,Shoulder.L_y,Shoulder.L_z,Elbow.L_x,Elbow.L_y,Elbow.L_z,Wrist.L_x,Wrist.L_y,Wrist.L_z,Neck_x,Neck_y,Neck_z,Head_x,Head_y,Head_z,Nose_x,Nose_y,Nose_z,Eye.L_x,Eye.L_y,Eye.L_z,Eye.R_x,Eye.R_y,Eye.R_z,Ear.L_x,Ear.L_y,Ear.L_z,Ear.R_x,Ear.R_y,Ear.R_z,hip.Center_x,hip.Center_y,hip.Center_z
0,-0.029747296,-0.23425357,-0.30214044,-0.2435618,-0.14044915,0.071118005,-0.12618151,0.28690863,-0.040210832,0.12724945,0.26127797,-0.01163047,0.05067489,-0.17538568,0.06683189,-0.056216545,-0.5863057,-0.1286616,-0.41492915,0.2818722,0.04110864,-0.30505556,0.5161276,-0.05207292,-0.12140216,0.72769356,0.054003708,0.19027834,0.70920473,0.037926603,0.30048278,0.47239912,-0.10381034,0.39052805,0.23445657,-0.0098305475,0.042974226,0.78414303,0.081628315,0.05855264,1.0012531,0.10136117,0.057073914,0.920386,0.2373948,0.09242681,0.95483303,0.19548848,0.024785519,0.9586483,0.19629785,0.13083072,0.9220139,0.104206145,-0.021675251,0.9322277,0.10367913,0.0005339682102203369,0.27409330010414124,-0.025920651853084564
