frame,Ankle.R_x,Ankle.R_y,Ankle.R_z,Knee.R_x,Knee.R_y,Knee.R_z,Hip.R_x,Hip.R_y,Hip.R_z,Hip.L_x,Hip.L_y,Hip.L_z,Knee.L_x,Knee.L_y,Knee.L_z,Ankle.L_x,Ankle.L_y,Ankle.L_z,Wrist.R_x,Wrist.R_y,Wrist.R_z,Elbow.R_x,Elbow.R_y,Elbow.R_z,Shoulder.R_x,Shoulder.R_y,Shoulder.R_z,Shoulder.L_x,Shoulder.L_y,Shoulder.L_z,Elbow.L_x,Elbow.L_y,Elbow.L_z,Wrist.L_x,Wrist.L_y,Wrist.L_z,Neck_x,Neck_y,Neck_z,Head_x,Head_y,Head_z,Nose_x,Nose_y,Nose_z,Eye.L_x,Eye.L_y,Eye.L_z,Eye.R_x,Eye.R_y,Eye.R_z,Ear.L_x,Ear.L_y,Ear.L_z,Ear.R_x,Ear.R_y,Ear.R_z,hip.Center_x,hip.Center_y,hip.Center_z
0,0.474886,0.29638883,0.5730432,0.16048574,0.1765965,0.3106885,-0.11195216,0.19481741,0.043432437,0.07652763,0.28301686,-0.09323499,0.30130708,-0.07030299,-0.04699864,0.50826323,-0.44887847,-0.18328711,-0.59101194,0.9502786,0.22762738,-0.45147735,0.77061766,0.0966388,-0.21939386,0.67712545,-0.00434254,0.025952678,0.6958128,-0.067978434,0.28727022,0.7593622,-0.104205295,0.5086774,0.86909765,-0.025415832,-0.09759285,0.7188748,-0.016915582,-0.106018774,0.92018723,0.0075271996,-0.13354903,0.82721037,0.12672569,-0.09563617,0.8697612,0.103680775,-0.15776049,0.8618834,0.0831509,-0.026783476,0.85787004,0.028510973,-0.16285361,0.8432436,-0.017056942,-0.017712265253067017,0.23891714215278625,-0.02490127831697464
