frame,Ankle.R_x,Ankle.R_y,Ankle.R_z,Knee.R_x,Knee.R_y,Knee.R_z,Hip.R_x,Hip.R_y,Hip.R_z,Hip.L_x,Hip.L_y,Hip.L_z,Knee.L_x,Knee.L_y,Knee.L_z,Ankle.L_x,Ankle.L_y,Ankle.L_z,Wrist.R_x,Wrist.R_y,Wrist.R_z,Elbow.R_x,Elbow.R_y,Elbow.R_z,Shoulder.R_x,Shoulder.R_y,Shoulder.R_z,Shoulder.L_x,Shoulder.L_y,Shoulder.L_z,Elbow.L_x,Elbow.L_y,Elbow.L_z,Wrist.L_x,Wrist.L_y,Wrist.L_z,Neck_x,Neck_y,Neck_z,Head_x,Head_y,Head_z,Nose_x,Nose_y,Nose_z,Eye.L_x,Eye.L_y,Eye.L_z,Eye.R_x,Eye.R_y,Eye.R_z,Ear.L_x,Ear.L_y,Ear.L_z,Ear.R_x,Ear.R_y,Ear.R_z,hip.Center_x,hip.Center_y,hip.Center_z
0,-0.16122268,-0.5391998,-0.18564342,-0.1148708,-0.15493545,0.011979573,-0.12572742,0.2672104,-0.009615233,0.110931434,0.28894466,-0.01740675,0.20522866,-0.11653603,-0.011637154,0.3134591,-0.48753792,-0.22017598,-0.70543987,0.63837564,0.122183695,-0.4557901,0.6695392,0.052001998,-0.18364507,0.7318045,0.060337722,0.10945493,0.7212545,0.04880311,0.31811458,0.5536349,-0.03564033,0.5365767,0.41802973,-0.016716406,-0.03569162,0.78002375,0.08554579,-0.03240033,0.99153674,0.12910545,-0.04847627,0.8952099,0.2506842,-0.0106547475,0.93496394,0.21988994,-0.07631926,0.93589365,0.21032396,0.04175495,0.91744787,0.13226192,-0.10608121,0.92035884,0.110316284,-0.007397990673780441,0.27807754278182983,-0.0135109918192029
