frame,Ankle.R_x,Ankle.R_y,Ankle.R_z,Knee.R_x,Knee.R_y,Knee.R_z,Hip.R_x,Hip.R_y,Hip.R_z,Hip.L_x,Hip.L_y,Hip.L_z,Knee.L_x,Knee.L_y,Knee.L_z,Ankle.L_x,Ankle.L_y,Ankle.L_z,Wrist.R_x,Wrist.R_y,Wrist.R_z,Elbow.R_x,Elbow.R_y,Elbow.R_z,Shoulder.R_x,Shoulder.R_y,Shoulder.R_z,Shoulder.L_x,Shoulder.L_y,Shoulder.L_z,Elbow.L_x,Elbow.L_y,Elbow.L_z,Wrist.L_x,Wrist.L_y,Wrist.L_z,Neck_x,Neck_y,Neck_z,Head_x,Head_y,Head_z,Nose_x,Nose_y,Nose_z,Eye.L_x,Eye.L_y,Eye.L_z,Eye.R_x,Eye.R_y,Eye.R_z,Ear.L_x,Ear.L_y,Ear.L_z,Ear.R_x,Ear.R_y,Ear.R_z,hip.Center_x,hip.Center_y,hip.Center_z
0,-0.15410797,-0.47425604,-0.31279087,-0.16435768,-0.17632645,0.023164859,-0.12965286,0.25054562,-0.00807634,0.1133064,0.28056878,-0.04439494,0.3257244,0.021912256,0.16482572,0.098733105,-0.021786327,-0.18896748,-0.1721369,1.2529811,0.13328785,-0.22078902,0.99852765,0.05110743,-0.11725663,0.75874877,-0.010635754,0.10052587,0.748616,-0.027413111,0.26631114,0.95415246,-0.008967194,0.29835865,1.2132157,0.060381643,-0.0073756436,0.77127504,-0.0024409904,0.0035864227,0.9689002,0.02081288,0.008192288,0.8873855,0.15400496,0.039613485,0.92288655,0.11469283,-0.027118362,0.9233531,0.11501938,0.077516936,0.8958521,0.022116944,-0.07271342,0.8957225,0.021296822,-0.008173227310180664,0.265557199716568,-0.026235640048980713
