frame,Ankle.R_x,Ankle.R_y,Ankle.R_z,Knee.R_x,Knee.R_y,Knee.R_z,Hip.R_x,Hip.R_y,Hip.R_z,Hip.L_x,Hip.L_y,Hip.L_z,Knee.L_x,Knee.L_y,Knee.L_z,Ankle.L_x,Ankle.L_y,Ankle.L_z,Wrist.R_x,Wrist.R_y,Wrist.R_z,Elbow.R_x,Elbow.R_y,Elbow.R_z,Shoulder.R_x,Shoulder.R_y,Shoulder.R_z,Shoulder.L_x,Shoulder.L_y,Shoulder.L_z,Elbow.L_x,Elbow.L_y,Elbow.L_z,Wrist.L_x,Wrist.L_y,Wrist.L_z,Neck_x,Neck_y,Neck_z,Head_x,Head_y,Head_z,Nose_x,Nose_y,Nose_z,Eye.L_x,Eye.L_y,Eye.L_z,Eye.R_x,Eye.R_y,Eye.R_z,Ear.L_x,Ear.L_y,Ear.L_z,Ear.R_x,Ear.R_y,Ear.R_z,hip.Center_x,hip.Center_y,hip.Center_z
0,0.046609636,-0.533346,-0.13084447,-0.12283647,-0.16696516,0.030969534,-0.11834153,0.2426576,-0.06628048,0.09683429,0.29505587,0.026412822,0.24914713,-0.09089852,0.055185504,0.4842785,-0.45920622,-0.012504126,-0.70164484,0.6251986,-0.109555796,-0.45562926,0.6538006,-0.1806385,-0.22133029,0.7220257,-0.04801323,0.041851897,0.7228643,0.032808706,0.2808538,0.58912194,-0.01108471,0.48482227,0.55271137,0.13199572,-0.099101625,0.7682337,0.022339856,-0.089725085,0.9682508,0.03637106,-0.1405695,0.899147,0.16841309,-0.09354071,0.92869806,0.1403265,-0.15584552,0.9333431,0.11760065,-0.028858311,0.8910928,0.06942276,-0.16802421,0.900971,0.017306898,-0.01075362041592598,0.2688567340373993,-0.019933827221393585
