frame,Ankle.R_x,Ankle.R_y,Ankle.R_z,Knee.R_x,Knee.R_y,Knee.R_z,Hip.R_x,Hip.R_y,Hip.R_z,Hip.L_x,Hip.L_y,Hip.L_z,Knee.L_x,Knee.L_y,Knee.L_z,Ankle.L_x,Ankle.L_y,Ankle.L_z,Wrist.R_x,Wrist.R_y,Wrist.R_z,Elbow.R_x,Elbow.R_y,Elbow.R_z,Shoulder.R_x,Shoulder.R_y,Shoulder.R_z,Shoulder.L_x,Shoulder.L_y,Shoulder.L_z,Elbow.L_x,Elbow.L_y,Elbow.L_z,Wrist.L_x,Wrist.L_y,Wrist.L_z,Neck_x,Neck_y,Neck_z,Head_x,Head_y,Head_z,Nose_x,Nose_y,Nose_z,Eye.L_x,Eye.L_y,Eye.L_z,Eye.R_x,Eye.R_y,Eye.R_z,Ear.L_x,Ear.L_y,Ear.L_z,Ear.R_x,Ear.R_y,Ear.R_z,hip.Center_x,hip.Center_y,hip.Center_z
0,0.19601081,-0.53666526,-0.16392718,0.068057925,-0.15690805,0.022129519,-0.1219531,0.24394584,0.016537653,0.10422151,0.2806879,-0.043620013,0.18695644,-0.118837744,0.07131839,0.24812073,-0.5541765,0.07204153,-0.39285564,1.1588418,0.17218594,-0.27949545,0.9650733,0.034985248,-0.1011574,0.7741149,-0.029995324,0.13284789,0.6953043,-0.07237741,0.35306835,0.55040956,-0.15122679,0.5934999,0.47972947,-0.086563654,0.02066641,0.768288,-0.026899032,0.052831702,0.9655999,0.0045528184,0.043568403,0.8776834,0.13332203,0.08040999,0.91147983,0.095656335,0.014713438,0.9185772,0.09457642,0.11772351,0.88473135,0.0033146515,-0.028432164,0.90201813,0.00070539117,-0.008865796029567719,0.26231688261032104,-0.013541179709136486
