frame,Ankle.R_x,Ankle.R_y,Ankle.R_z,Knee.R_x,Knee.R_y,Knee.R_z,Hip.R_x,Hip.R_y,Hip.R_z,Hip.L_x,Hip.L_y,Hip.L_z,Knee.L_x,Knee.L_y,Knee.L_z,Ankle.L_x,Ankle.L_y,Ankle.L_z,Wrist.R_x,Wrist.R_y,Wrist.R_z,Elbow.R_x,Elbow.R_y,Elbow.R_z,Shoulder.R_x,Shoulder.R_y,Shoulder.R_z,Shoulder.L_x,Shoulder.L_y,Shoulder.L_z,Elbow.L_x,Elbow.L_y,Elbow.L_z,Wrist.L_x,Wrist.L_y,Wrist.L_z,Neck_x,Neck_y,Neck_z,Head_x,Head_y,Head_z,Nose_x,Nose_y,Nose_z,Eye.L_x,Eye.L_y,Eye.L_z,Eye.R_x,Eye.R_y,Eye.R_z,Ear.L_x,Ear.L_y,Ear.L_z,Ear.R_x,Ear.R_y,Ear.R_z,hip.Center_x,hip.Center_y,hip.Center_z
0,0.12243597,-0.5496104,-0.01141098,0.023230262,-0.14286625,-0.09730038,0.05903583,0.2856385,-0.11569035,-0.071292624,0.26960215,0.074964985,-0.12410154,-0.13896927,0.039658006,-0.14030033,-0.5633384,0.104933284,-0.37604865,0.38862005,-0.29560116,-0.16158465,0.5321137,-0.25700438,-0.037675735,0.7351925,-0.14361833,-0.10665339,0.7186464,0.1334588,-0.22243491,0.4819706,0.16425917,-0.39769217,0.37320948,0.014560617,-0.0757999,0.79144204,-0.0036216052,-0.120092995,1.0083486,0.015663376,-0.22033775,0.9048281,-0.041619033,-0.20481935,0.94202113,0.0069576055,-0.17900075,0.9513731,-0.053753328,-0.13081753,0.92704403,0.07892999,-0.07271916,0.94878423,-0.057281647,-0.006128396838903427,0.2776203155517578,-0.02036268264055252
