frame,Ankle.R_x,Ankle.R_y,Ankle.R_z,Knee.R_x,Knee.R_y,Knee.R_z,Hip.R_x,Hip.R_y,Hip.R_z,Hip.L_x,Hip.L_y,Hip.L_z,Knee.L_x,Knee.L_y,Knee.L_z,Ankle.L_x,Ankle.L_y,Ankle.L_z,Wrist.R_x,Wrist.R_y,Wrist.R_z,Elbow.R_x,Elbow.R_y,Elbow.R_z,Shoulder.R_x,Shoulder.R_y,Shoulder.R_z,Shoulder.L_x,Shoulder.L_y,Shoulder.L_z,Elbow.L_x,Elbow.L_y,Elbow.L_z,Wrist.L_x,Wrist.L_y,Wrist.L_z,Neck_x,Neck_y,Neck_z,Head_x,Head_y,Head_z,Nose_x,Nose_y,Nose_z,Eye.L_x,Eye.L_y,Eye.L_z,Eye.R_x,Eye.R_y,Eye.R_z,Ear.L_x,Ear.L_y,Ear.L_z,Ear.R_x,Ear.R_y,Ear.R_z,hip.Center_x,hip.Center_y,hip.Center_z
0,-0.05317907,-0.57745653,-0.22964479,-0.07918433,-0.18315724,-0.037085947,-0.12857005,0.23838148,-0.028134573,0.106094,0.28070924,-0.0026646005,0.27324274,-0.090908624,0.02112963,0.5326756,-0.41159105,-0.13951771,-0.68857557,0.78295183,0.087482944,-0.44707406,0.73816276,0.00011303974,-0.17446105,0.71742857,0.022580009,0.09931629,0.68191594,0.04165454,0.34038746,0.5510298,0.005199887,0.5822011,0.45992142,0.026759738,-0.036458258,0.7421795,0.05921277,-0.014479624,0.9385102,0.09451616,-0.038098875,0.85085225,0.22039895,0.002653703,0.8838081,0.18838957,-0.06213478,0.89240766,0.18046072,0.047848746,0.8582362,0.10105473,-0.09553476,0.8768424,0.082728595,-0.01123802363872528,0.25954535603523254,-0.015399586409330368
