frame,Ankle.R_x,Ankle.R_y,Ankle.R_z,Knee.R_x,Knee.R_y,Knee.R_z,Hip.R_x,Hip.R_y,Hip.R_z,Hip.L_x,Hip.L_y,Hip.L_z,Knee.L_x,Knee.L_y,Knee.L_z,Ankle.L_x,Ankle.L_y,Ankle.L_z,Wrist.R_x,Wrist.R_y,Wrist.R_z,Elbow.R_x,Elbow.R_y,Elbow.R_z,Shoulder.R_x,Shoulder.R_y,Shoulder.R_z,Shoulder.L_x,Shoulder.L_y,Shoulder.L_z,Elbow.L_x,Elbow.L_y,Elbow.L_z,Wrist.L_x,Wrist.L_y,Wrist.L_z,Neck_x,Neck_y,Neck_z,Head_x,Head_y,Head_z,Nose_x,Nose_y,Nose_z,Eye.L_x,Eye.L_y,Eye.L_z,Eye.R_x,Eye.R_y,Eye.R_z,Ear.L_x,Ear.L_y,Ear.L_z,Ear.R_x,Ear.R_y,Ear.R_z,hip.Center_x,hip.Center_y,hip.Center_z
0,0.34080678,-0.4790012,0.13962305,0.1439059,-0.09923509,0.109850824,-0.05528848,0.26882493,0.09221761,0.04929912,0.28303057,-0.12767777,-0.03855874,-0.13218075,-0.1410695,-0.21089387,-0.5295179,-0.21571581,0.23217095,0.64802605,0.45939246,-0.013055955,0.606036,0.39755833,-0.06625989,0.7354865,0.15670308,0.07286175,0.75669205,-0.10489176,0.21954644,0.61277926,-0.29385692,0.37589535,0.5819381,-0.10531456,0.0047615124,0.7993209,0.037208486,-0.022669492,1.0079648,0.05514246,0.0353054,0.929293,0.17693493,0.04675837,0.97334415,0.13285844,-0.015473768,0.9537034,0.14861582,0.07076254,0.9579681,0.02997476,-0.06975821,0.9179349,0.06799037,-0.0029946789145469666,0.27592775225639343,-0.01773007959127426
