frame,Ankle.R_x,Ankle.R_y,Ankle.R_z,Knee.R_x,Knee.R_y,Knee.R_z,Hip.R_x,Hip.R_y,Hip.R_z,Hip.L_x,Hip.L_y,Hip.L_z,Knee.L_x,Knee.L_y,Knee.L_z,Ankle.L_x,Ankle.L_y,Ankle.L_z,Wrist.R_x,Wrist.R_y,Wrist.R_z,Elbow.R_x,Elbow.R_y,Elbow.R_z,Shoulder.R_x,Shoulder.R_y,Shoulder.R_z,Shoulder.L_x,Shoulder.L_y,Shoulder.L_z,Elbow.L_x,Elbow.L_y,Elbow.L_z,Wrist.L_x,Wrist.L_y,Wrist.L_z,Neck_x,Neck_y,Neck_z,Head_x,Head_y,Head_z,Nose_x,Nose_y,Nose_z,Eye.L_x,Eye.L_y,Eye.L_z,Eye.R_x,Eye.R_y,Eye.R_z,Ear.L_x,Ear.L_y,Ear.L_z,Ear.R_x,Ear.R_y,Ear.R_z,hip.Center_x,hip.Center_y,hip.Center_z
0,-0.025194753,-0.5691537,-0.20227228,-0.07641228,-0.14514159,-0.115237944,-0.050906505,0.2787802,-0.13615847,0.029190594,0.26402798,0.09784642,-0.022741064,-0.15066615,0.045135137,0.038173772,-0.5818124,-0.003132895,-0.17735472,0.79321045,-0.17813462,-0.1550265,0.63037974,-0.35376817,-0.018705167,0.75662905,-0.15558386,0.05366113,0.75527394,0.11444189,0.0011736684,0.60062134,0.333979,-0.08191665,0.7634722,0.18238536,0.010826945,0.8041849,-0.022805259,0.018723326,1.0155481,-0.031851828,-0.12342101,0.9468571,-0.020133222,-0.080155395,0.98234034,0.008507655,-0.0819512,0.97565246,-0.05789733,0.010682711,0.9499817,0.049877144,0.008188478,0.93648976,-0.09821506,-0.010857955552637577,0.27140408754348755,-0.019156023859977722
