frame,Ankle.R_x,Ankle.R_y,Ankle.R_z,Knee.R_x,Knee.R_y,Knee.R_z,Hip.R_x,Hip.R_y,Hip.R_z,Hip.L_x,Hip.L_y,Hip.L_z,Knee.L_x,Knee.L_y,Knee.L_z,Ankle.L_x,Ankle.L_y,Ankle.L_z,Wrist.R_x,Wrist.R_y,Wrist.R_z,Elbow.R_x,Elbow.R_y,Elbow.R_z,Shoulder.R_x,Shoulder.R_y,Shoulder.R_z,Shoulder.L_x,Shoulder.L_y,Shoulder.L_z,Elbow.L_x,Elbow.L_y,Elbow.L_z,Wrist.L_x,Wrist.L_y,Wrist.L_z,Neck_x,Neck_y,Neck_z,Head_x,Head_y,Head_z,Nose_x,Nose_y,Nose_z,Eye.L_x,Eye.L_y,Eye.L_z,Eye.R_x,Eye.R_y,Eye.R_z,Ear.L_x,Ear.L_y,Ear.L_z,Ear.R_x,Ear.R_y,Ear.R_z,hip.Center_x,hip.Center_y,hip.Center_z
0,-0.45722568,-0.371328,-0.31581813,-0.28335044,-0.05966447,-0.075218216,-0.10450074,0.29960436,-0.07500689,0.10471282,0.274108,0.039435513,0.10069841,-0.14162803,0.07011801,0.16771707,-0.5535551,-0.05524067,-0.5316611,0.5194195,-0.22552647,-0.28757608,0.6045697,-0.22924593,-0.14008787,0.7626301,-0.06163412,0.098338336,0.7667897,0.08431694,0.28956193,0.57303524,0.069694884,0.47612607,0.415123,0.14800696,-0.039800502,0.8158235,0.042762972,-0.042734895,1.0208801,0.061614364,-0.14155453,0.9487657,0.16291082,-0.08766933,0.98048013,0.15579246,-0.13494313,0.9818311,0.10829845,0.0052319244,0.94439185,0.120615244,-0.103291035,0.9480772,0.011956796,0.00010604038834571838,0.28685617446899414,-0.017785686999559402
