frame,Ankle.R_x,Ankle.R_y,Ankle.R_z,Knee.R_x,Knee.R_y,Knee.R_z,Hip.R_x,Hip.R_y,Hip.R_z,Hip.L_x,Hip.L_y,Hip.L_z,Knee.L_x,Knee.L_y,Knee.L_z,Ankle.L_x,Ankle.L_y,Ankle.L_z,Wrist.R_x,Wrist.R_y,Wrist.R_z,Elbow.R_x,Elbow.R_y,Elbow.R_z,Shoulder.R_x,Shoulder.R_y,Shoulder.R_z,Shoulder.L_x,Shoulder.L_y,Shoulder.L_z,Elbow.L_x,Elbow.L_y,Elbow.L_z,Wrist.L_x,Wrist.L_y,Wrist.L_z,Neck_x,Neck_y,Neck_z,Head_x,Head_y,Head_z,Nose_x,Nose_y,Nose_z,Eye.L_x,Eye.L_y,Eye.L_z,Eye.R_x,Eye.R_y,Eye.R_z,Ear.L_x,Ear.L_y,Ear.L_z,Ear.R_x,Ear.R_y,Ear.R_z,hip.Center_x,hip.Center_y,hip.Center_z
0,-0.143636,-0.27371016,-0.064222686,-0.37924248,0.025710022,0.15117246,-0.11845411,0.28547108,-0.06233099,0.1299825,0.25221103,-0.014854456,0.10723886,-0.15145694,0.16754743,-0.04991971,-0.58020175,0.054777607,-0.2751213,0.5030428,0.08218063,-0.3008179,0.5339705,-0.18214267,-0.10931197,0.7220073,-0.049952738,0.1904901,0.6777429,0.052298915,0.23242709,0.39003474,0.11934535,0.069927104,0.44283712,0.3243974,0.04561221,0.7686592,0.017251756,0.062862456,0.9785472,0.0014382993,0.034860857,0.9235287,0.14700949,0.07790196,0.9492656,0.10750371,0.011498855,0.95390666,0.09563434,0.13009007,0.90055376,0.031964272,-0.018708065,0.9127395,0.0019725636,0.005764193832874298,0.26884105801582336,-0.03859272226691246
