frame,Ankle.R_x,Ankle.R_y,Ankle.R_z,Knee.R_x,Knee.R_y,Knee.R_z,Hip.R_x,Hip.R_y,Hip.R_z,Hip.L_x,Hip.L_y,Hip.L_z,Knee.L_x,Knee.L_y,Knee.L_z,Ankle.L_x,Ankle.L_y,Ankle.L_z,Wrist.R_x,Wrist.R_y,Wrist.R_z,Elbow.R_x,Elbow.R_y,Elbow.R_z,Shoulder.R_x,Shoulder.R_y,Shoulder.R_z,Shoulder.L_x,Shoulder.L_y,Shoulder.L_z,Elbow.L_x,Elbow.L_y,Elbow.L_z,Wrist.L_x,Wrist.L_y,Wrist.L_z,Neck_x,Neck_y,Neck_z,Head_x,Head_y,Head_z,Nose_x,Nose_y,Nose_z,Eye.L_x,Eye.L_y,Eye.L_z,Eye.R_x,Eye.R_y,Eye.R_z,Ear.L_x,Ear.L_y,Ear.L_z,Ear.R_x,Ear.R_y,Ear.R_z,hip.Center_x,hip.Center_y,hip.Center_z
0,-0.40260154,-0.43673924,-0.15980186,-0.33105528,-0.024221428,-0.034659386,-0.09307352,0.27925512,-0.10295996,0.09758337,0.28220823,0.0515674,0.14252983,-0.12597564,0.14267674,0.26839197,-0.5241035,-0.016019661,-0.51355714,0.3704057,-0.25030485,-0.3061604,0.5321395,-0.24158978,-0.18590131,0.7279816,-0.085374564,0.04289439,0.751963,0.078774065,0.2474793,0.56909287,0.05700689,0.4349509,0.42756662,0.16399102,-0.0925045,0.7924798,0.024362832,-0.073301904,0.99081194,0.028850587,-0.19076885,0.9417744,0.12397532,-0.13299757,0.96558136,0.12076226,-0.17505233,0.9690256,0.06840883,-0.043141663,0.9150862,0.098275915,-0.13879114,0.9229996,-0.020677362,0.0022549256682395935,0.2807316780090332,-0.025696279481053352
