frame,Ankle.R_x,Ankle.R_y,Ankle.R_z,Knee.R_x,Knee.R_y,Knee.R_z,Hip.R_x,Hip.R_y,Hip.R_z,Hip.L_x,Hip.L_y,Hip.L_z,Knee.L_x,Knee.L_y,Knee.L_z,Ankle.L_x,Ankle.L_y,Ankle.L_z,Wrist.R_x,Wrist.R_y,Wrist.R_z,Elbow.R_x,Elbow.R_y,Elbow.R_z,Shoulder.R_x,Shoulder.R_y,Shoulder.R_z,Shoulder.L_x,Shoulder.L_y,Shoulder.L_z,Elbow.L_x,Elbow.L_y,Elbow.L_z,Wrist.L_x,Wrist.L_y,Wrist.L_z,Neck_x,Neck_y,Neck_z,Head_x,Head_y,Head_z,Nose_x,Nose_y,Nose_z,Eye.L_x,Eye.L_y,Eye.L_z,Eye.R_x,Eye.R_y,Eye.R_z,Ear.L_x,Ear.L_y,Ear.L_z,Ear.R_x,Ear.R_y,Ear.R_z,hip.Center_x,hip.Center_y,hip.Center_z
0,-0.13276851,-0.5046959,-0.05693029,-0.066632845,-0.110821225,-0.19374306,0.09691365,0.27164108,-0.08196178,-0.092485316,0.28853935,0.05282851,-0.25241128,-0.08923143,-0.02042984,-0.20405039,-0.49474218,0.117302164,0.47474733,0.50816166,-0.40793878,0.33272606,0.60905516,-0.21896972,0.17650136,0.7407768,-0.038883656,-0.064092465,0.7337726,0.121974744,-0.2718237,0.5615407,0.14273018,-0.46780428,0.49382967,-0.0036090096,0.05224292,0.79568756,0.037683874,0.024593148,1.0145539,0.044255365,-0.0059447438,0.93181884,-0.08470102,-0.029577732,0.96438086,-0.03656519,0.034184597,0.9705775,-0.054362845,-0.039260462,0.9359646,0.06355148,0.103483334,0.94817126,0.02350501,0.0022141672670841217,0.28009021282196045,-0.014566635712981224
