frame,Ankle.R_x,Ankle.R_y,Ankle.R_z,Knee.R_x,Knee.R_y,Knee.R_z,Hip.R_x,Hip.R_y,Hip.R_z,Hip.L_x,Hip.L_y,Hip.L_z,Knee.L_x,Knee.L_y,Knee.L_z,Ankle.L_x,Ankle.L_y,Ankle.L_z,Wrist.R_x,Wrist.R_y,Wrist.R_z,Elbow.R_x,Elbow.R_y,Elbow.R_z,Shoulder.R_x,Shoulder.R_y,Shoulder.R_z,Shoulder.L_x,Shoulder.L_y,Shoulder.L_z,Elbow.L_x,Elbow.L_y,Elbow.L_z,Wrist.L_x,Wrist.L_y,Wrist.L_z,Neck_x,Neck_y,Neck_z,Head_x,Head_y,Head_z,Nose_x,Nose_y,Nose_z,Eye.L_x,Eye.L_y,Eye.L_z,Eye.R_x,Eye.R_y,Eye.R_z,Ear.L_x,Ear.L_y,Ear.L_z,Ear.R_x,Ear.R_y,Ear.R_z,hip.Center_x,hip.Center_y,hip.Center_z
0,-0.40726832,-0.44702822,-0.2603522,-0.24467458,-0.10544313,-0.044959,-0.11961697,0.28860947,-0.03873896,0.11517639,0.2637193,0.003736496,0.15768006,-0.14166698,0.04056122,0.2624417,-0.5489363,-0.08579213,-0.57708764,0.5347816,-0.08073546,-0.32960996,0.5987549,-0.11570748,-0.1167784,0.73693293,-0.005968089,0.1605608,0.72811073,0.057972513,0.4059171,0.60256076,0.05622152,0.65417266,0.57551557,0.11574126,0.017645542,0.78193307,0.05554718,0.017361945,0.9856653,0.08011681,-0.037263826,0.9056924,0.20406803,0.008608006,0.9413322,0.18219174,-0.050938983,0.939824,0.15268987,0.08560494,0.9135213,0.1169059,-0.049639463,0.9111636,0.050934177,-0.002220291644334793,0.27616438269615173,-0.017501231282949448
