frame,Ankle.R_x,Ankle.R_y,Ankle.R_z,Knee.R_x,Knee.R_y,Knee.R_z,Hip.R_x,Hip.R_y,Hip.R_z,Hip.L_x,Hip.L_y,Hip.L_z,Knee.L_x,Knee.L_y,Knee.L_z,Ankle.L_x,Ankle.L_y,Ankle.L_z,Wrist.R_x,Wrist.R_y,Wrist.R_z,Elbow.R_x,Elbow.R_y,Elbow.R_z,Shoulder.R_x,Shoulder.R_y,Shoulder.R_z,Shoulder.L_x,Shoulder.L_y,Shoulder.L_z,Elbow.L_x,Elbow.L_y,Elbow.L_z,Wrist.L_x,Wrist.L_y,Wrist.L_z,Neck_x,Neck_y,Neck_z,Head_x,Head_y,Head_z,Nose_x,Nose_y,Nose_z,Eye.L_x,Eye.L_y,Eye.L_z,Eye.R_x,Eye.R_y,Eye.R_z,Ear.L_x,Ear.L_y,Ear.L_z,Ear.R_x,Ear.R_y,Ear.R_z,hip.Center_x,hip.Center_y,hip.Center_z
0,-0.46072426,-0.38272062,-0.068617634,-0.32904366,-0.004171518,0.10916636,-0.11115268,0.3040529,-0.056679573,0.12337996,0.25311276,-0.001623827,0.04564964,-0.14607935,0.14350615,-0.08277637,-0.47343233,-0.120606214,-0.47671047,0.5611093,-0.09456014,-0.2475527,0.5498244,-0.2054077,-0.10857153,0.72284883,-0.022455383,0.17726585,0.7154125,0.07257286,0.37842125,0.5170394,0.021610817,0.59997565,0.477879,0.14291595,0.025106292,0.77885294,0.062947795,0.026763123,0.9890286,0.08879249,-0.029393464,0.9104629,0.21301769,0.018182088,0.9441102,0.18990937,-0.04273195,0.94653606,0.16197315,0.09277853,0.9119408,0.123698644,-0.046177607,0.91842663,0.059144795,0.0061136409640312195,0.2785828113555908,-0.02915170043706894
