frame,Ankle.R_x,Ankle.R_y,Ankle.R_z,Knee.R_x,Knee.R_y,Knee.R_z,Hip.R_x,Hip.R_y,Hip.R_z,Hip.L_x,Hip.L_y,Hip.L_z,Knee.L_x,Knee.L_y,Knee.L_z,Ankle.L_x,Ankle.L_y,Ankle.L_z,Wrist.R_x,Wrist.R_y,Wrist.R_z,Elbow.R_x,Elbow.R_y,Elbow.R_z,Shoulder.R_x,Shoulder.R_y,Shoulder.R_z,Shoulder.L_x,Shoulder.L_y,Shoulder.L_z,Elbow.L_x,Elbow.L_y,Elbow.L_z,Wrist.L_x,Wrist.L_y,Wrist.L_z,Neck_x,Neck_y,Neck_z,Head_x,Head_y,Head_z,Nose_x,Nose_y,Nose_z,Eye.L_x,Eye.L_y,Eye.L_z,Eye.R_x,Eye.R_y,Eye.R_z,Ear.L_x,Ear.L_y,Ear.L_z,Ear.R_x,Ear.R_y,Ear.R_z,hip.Center_x,hip.Center_y,hip.Center_z
0,0.10789507,-0.58459496,0.14938864,-0.027234167,-0.17535992,0.15085912,-0.12493466,0.18390332,-0.003452554,0.08641561,0.2777219,-0.045152564,0.3992384,0.12981461,0.048248123,0.824648,0.064836115,0.019309338,-0.12132209,1.041778,0.13484836,-0.27981475,0.8438152,0.09552048,-0.19820817,0.64829737,-0.046274222,0.031524103,0.65717447,-0.061357882,0.19525796,0.81690264,0.05713564,0.12198017,1.0376021,0.15244721,-0.08540675,0.6744341,-0.04659999,-0.08476219,0.8604269,0.015229823,-0.0802578,0.74359334,0.10979831,-0.049326792,0.7888932,0.088724405,-0.11422822,0.78721726,0.08701402,-0.012256242,0.79694164,-0.002696544,-0.1527979,0.79300696,-0.0069780797,-0.01925952360033989,0.23081260919570923,-0.024302558973431587
