frame,Ankle.R_x,Ankle.R_y,Ankle.R_z,Knee.R_x,Knee.R_y,Knee.R_z,Hip.R_x,Hip.R_y,Hip.R_z,Hip.L_x,Hip.L_y,Hip.L_z,Knee.L_x,Knee.L_y,Knee.L_z,Ankle.L_x,Ankle.L_y,Ankle.L_z,Wrist.R_x,Wrist.R_y,Wrist.R_z,Elbow.R_x,Elbow.R_y,Elbow.R_z,Shoulder.R_x,Shoulder.R_y,Shoulder.R_z,Shoulder.L_x,Shoulder.L_y,Shoulder.L_z,Elbow.L_x,Elbow.L_y,Elbow.L_z,Wrist.L_x,Wrist.L_y,Wrist.L_z,Neck_x,Neck_y,Neck_z,Head_x,Head_y,Head_z,Nose_x,Nose_y,Nose_z,Eye.L_x,Eye.L_y,Eye.L_z,Eye.R_x,Eye.R_y,Eye.R_z,Ear.L_x,Ear.L_y,Ear.L_z,Ear.R_x,Ear.R_y,Ear.R_z,hip.Center_x,hip.Center_y,hip.Center_z
0,-0.0754331,-0.5791833,-0.15228435,-0.11306854,-0.1539269,-0.07144956,-0.07783976,0.262267,-0.12179649,0.055379625,0.27397805,0.08596859,0.1173155,-0.14200045,0.057756644,0.26922977,-0.5482285,-0.010829392,-0.27148786,0.6810167,-0.33104694,-0.05259577,0.6653974,-0.43857396,-0.0564991,0.74820375,-0.17423236,0.047591627,0.7543237,0.07507828,0.19282374,0.66603017,0.29517967,-0.031661034,0.736892,0.34109655,-0.02676874,0.7953751,-0.043151416,-0.0045121126,0.99663424,-0.04488208,-0.15414509,0.94895375,-0.01725156,-0.10338342,0.9765278,0.006679546,-0.11396279,0.973086,-0.059195094,-0.014221095,0.92994857,0.035671145,-0.035560757,0.9231641,-0.111238845,-0.011230068281292915,0.26812252402305603,-0.017913948744535446
