frame,Ankle.R_x,Ankle.R_y,Ankle.R_z,Knee.R_x,Knee.R_y,Knee.R_z,Hip.R_x,Hip.R_y,Hip.R_z,Hip.L_x,Hip.L_y,Hip.L_z,Knee.L_x,Knee.L_y,Knee.L_z,Ankle.L_x,Ankle.L_y,Ankle.L_z,Wrist.R_x,Wrist.R_y,Wrist.R_z,Elbow.R_x,Elbow.R_y,Elbow.R_z,Shoulder.R_x,Shoulder.R_y,Shoulder.R_z,Shoulder.L_x,Shoulder.L_y,Shoulder.L_z,Elbow.L_x,Elbow.L_y,Elbow.L_z,Wrist.L_x,Wrist.L_y,Wrist.L_z,Neck_x,Neck_y,Neck_z,Head_x,Head_y,Head_z,Nose_x,Nose_y,Nose_z,Eye.L_x,Eye.L_y,Eye.L_z,Eye.R_x,Eye.R_y,Eye.R_z,Ear.L_x,Ear.L_y,Ear.L_z,Ear.R_x,Ear.R_y,Ear.R_z,hip.Center_x,hip.Center_y,hip.Center_z
0,-0.21876968,-0.47658136,-0.16000414,-0.25799164,-0.07682122,-0.014575061,-0.084081456,0.27335012,-0.113864675,0.0740356,0.2833228,0.070419185,0.17601182,-0.116380334,0.07136244,0.38479984,-0.48666,-0.025150172,-0.4195339,0.55611044,-0.37466586,-0.18262544,0.6346688,-0.35009655,-0.12286804,0.7603593,-0.11589357,0.03900998,0.7516403,0.10061286,0.26302356,0.6193329,0.18574353,0.30261585,0.6238263,0.42742118,-0.06491178,0.80228794,0.014109441,-0.024864133,0.9936088,0.022745589,-0.16696778,0.96277595,0.08764167,-0.108028024,0.980348,0.09804256,-0.1359044,0.9852555,0.037339017,-0.021993414,0.9195949,0.09874434,-0.08453798,0.93094325,-0.03868362,-0.0050229281187057495,0.27833646535873413,-0.021722745150327682
