frame,Ankle.R_x,Ankle.R_y,Ankle.R_z,Knee.R_x,Knee.R_y,Knee.R_z,Hip.R_x,Hip.R_y,Hip.R_z,Hip.L_x,Hip.L_y,Hip.L_z,Knee.L_x,Knee.L_y,Knee.L_z,Ankle.L_x,Ankle.L_y,Ankle.L_z,Wrist.R_x,Wrist.R_y,Wrist.R_z,Elbow.R_x,Elbow.R_y,Elbow.R_z,Shoulder.R_x,Shoulder.R_y,Shoulder.R_z,Shoulder.L_x,Shoulder.L_y,Shoulder.L_z,Elbow.L_x,Elbow.L_y,Elbow.L_z,Wrist.L_x,Wrist.L_y,Wrist.L_z,Neck_x,Neck_y,Neck_z,Head_x,Head_y,Head_z,Nose_x,Nose_y,Nose_z,Eye.L_x,Eye.L_y,Eye.L_z,Eye.R_x,Eye.R_y,Eye.R_z,Ear.L_x,Ear.L_y,Ear.L_z,Ear.R_x,Ear.R_y,Ear.R_z,hip.Center_x,hip.Center_y,hip.Center_z
0,-0.46410358,-0.37184015,-0.22583638,-0.29278648,-0.04993836,0.011126023,-0.11370051,0.31854528,-0.042238694,0.11901424,0.27466026,0.0023682658,0.07302001,-0.14394407,0.055554744,0.012472289,-0.5081081,-0.17724162,-0.50684065,0.5108501,-0.04640454,-0.27363127,0.55188286,-0.143696,-0.12126591,0.75878036,-0.014045097,0.1767802,0.7521575,0.05653185,0.31551746,0.5172501,-0.026956197,0.49310157,0.38530523,0.09826386,0.023528,0.82479906,0.058114003,0.027720556,1.0476643,0.07855628,-0.020727087,0.9694012,0.20787986,0.025855713,1.0032539,0.1799499,-0.037003852,1.0049274,0.15574375,0.097796276,0.9695826,0.10924737,-0.047469974,0.9748162,0.05209111,0.0026568658649921417,0.2966027855873108,-0.019935213029384613
