frame,Ankle.R_x,Ankle.R_y,Ankle.R_z,Knee.R_x,Knee.R_y,Knee.R_z,Hip.R_x,Hip.R_y,Hip.R_z,Hip.L_x,Hip.L_y,Hip.L_z,Knee.L_x,Knee.L_y,Knee.L_z,Ankle.L_x,Ankle.L_y,Ankle.L_z,Wrist.R_x,Wrist.R_y,Wrist.R_z,Elbow.R_x,Elbow.R_y,Elbow.R_z,Shoulder.R_x,Shoulder.R_y,Shoulder.R_z,Shoulder.L_x,Shoulder.L_y,Shoulder.L_z,Elbow.L_x,Elbow.L_y,Elbow.L_z,Wrist.L_x,Wrist.L_y,Wrist.L_z,Neck_x,Neck_y,Neck_z,Head_x,Head_y,Head_z,Nose_x,Nose_y,Nose_z,Eye.L_x,Eye.L_y,Eye.L_z,Eye.R_x,Eye.R_y,Eye.R_z,Ear.L_x,Ear.L_y,Ear.L_z,Ear.R_x,Ear.R_y,Ear.R_z,hip.Center_x,hip.Center_y,hip.Center_z
0,-0.63615644,-0.22880647,-0.2635008,-0.23850347,-0.11167242,-0.044723548,-0.086884156,0.27103734,0.07736066,0.067355536,0.31344935,-0.11474752,0.4001789,0.08561274,-0.063912116,0.3101229,-0.31667307,-0.273749,-0.28000924,0.2761239,0.10667698,-0.3526057,0.5444083,0.08103204,-0.16361591,0.76988715,0.09621666,0.08641279,0.7724124,-0.10086939,0.27601796,0.55396086,-0.14788152,0.429702,0.58622,0.076221496,-0.019983182,0.8301864,0.020850725,0.032254376,1.0329082,0.109558105,0.09207687,0.89677703,0.16667303,0.10270997,0.9511692,0.1352297,0.046715446,0.94471633,0.17192721,0.08305601,0.9732348,0.034015402,-0.047829017,0.95865154,0.118633255,-0.009764309972524643,0.2922433614730835,-0.018693428486585617
