frame,Ankle.R_x,Ankle.R_y,Ankle.R_z,Knee.R_x,Knee.R_y,Knee.R_z,Hip.R_x,Hip.R_y,Hip.R_z,Hip.L_x,Hip.L_y,Hip.L_z,Knee.L_x,Knee.L_y,Knee.L_z,Ankle.L_x,Ankle.L_y,Ankle.L_z,Wrist.R_x,Wrist.R_y,Wrist.R_z,Elbow.R_x,Elbow.R_y,Elbow.R_z,Shoulder.R_x,Shoulder.R_y,Shoulder.R_z,Shoulder.L_x,Shoulder.L_y,Shoulder.L_z,Elbow.L_x,Elbow.L_y,Elbow.L_z,Wrist.L_x,Wrist.L_y,Wrist.L_z,Neck_x,Neck_y,Neck_z,Head_x,Head_y,Head_z,Nose_x,Nose_y,Nose_z,Eye.L_x,Eye.L_y,Eye.L_z,Eye.R_x,Eye.R_y,Eye.R_z,Ear.L_x,Ear.L_y,Ear.L_z,Ear.R_x,Ear.R_y,Ear.R_z,hip.Center_x,hip.Center_y,hip.Center_z
0,-0.30170724,-0.4748105,-0.101248495,0.036082737,-0.17856275,-0.023309665,-0.005196924,0.258206,0.107869565,-0.004527976,0.30700207,-0.14246961,0.22370593,-0.07028124,-0.15371834,0.06622369,-0.49504888,-0.21060085,0.15195328,0.20707431,0.2594919,-0.011345742,0.4171385,0.30679542,0.023504794,0.69844913,0.23159006,-0.015523676,0.77178633,-0.07315921,-0.06538939,0.54493165,-0.2505624,0.12630387,0.37703624,-0.3318239,0.031927798,0.8043499,0.08613384,0.11726366,1.0208168,0.093377896,0.18918741,0.8989706,0.026346385,0.15457731,0.95197916,0.017360166,0.1871887,0.9400866,0.075236596,0.05311852,0.96532404,0.029885583,0.12460333,0.9381453,0.16291386,-0.004862450063228607,0.28260403871536255,-0.01730002462863922
