frame,Ankle.R_x,Ankle.R_y,Ankle.R_z,Knee.R_x,Knee.R_y,Knee.R_z,Hip.R_x,Hip.R_y,Hip.R_z,Hip.L_x,Hip.L_y,Hip.L_z,Knee.L_x,Knee.L_y,Knee.L_z,Ankle.L_x,Ankle.L_y,Ankle.L_z,Wrist.R_x,Wrist.R_y,Wrist.R_z,Elbow.R_x,Elbow.R_y,Elbow.R_z,Shoulder.R_x,Shoulder.R_y,Shoulder.R_z,Shoulder.L_x,Shoulder.L_y,Shoulder.L_z,Elbow.L_x,Elbow.L_y,Elbow.L_z,Wrist.L_x,Wrist.L_y,Wrist.L_z,Neck_x,Neck_y,Neck_z,Head_x,Head_y,Head_z,Nose_x,Nose_y,Nose_z,Eye.L_x,Eye.L_y,Eye.L_z,Eye.R_x,Eye.R_y,Eye.R_z,Ear.L_x,Ear.L_y,Ear.L_z,Ear.R_x,Ear.R_y,Ear.R_z,hip.Center_x,hip.Center_y,hip.Center_z
0,0.058787163,-0.39435515,0.0948268,0.3177887,-0.023240305,0.081140734,-0.011728383,0.27248374,0.10836966,-0.0013208712,0.2770761,-0.1512162,-0.031315014,-0.17086542,-0.1641853,-0.41822,-0.4334983,-0.23634107,-0.20205453,0.20982769,0.21712619,-0.18608354,0.48189437,0.19390324,-0.03868765,0.72778,0.13217309,0.03452683,0.72735375,-0.17294547,0.10286553,0.465087,-0.2761383,0.35385886,0.47412676,-0.1890077,0.026945718,0.7962196,-0.017343404,0.10903687,1.0093471,-0.009174861,0.20099059,0.8814397,-0.017324813,0.17705175,0.93204904,-0.048132576,0.17810619,0.929013,0.018970672,0.08161869,0.9424885,-0.086039625,0.082351044,0.936816,0.06440171,-0.006524627096951008,0.27477991580963135,-0.02142326533794403
