frame,Ankle.R_x,Ankle.R_y,Ankle.R_z,Knee.R_x,Knee.R_y,Knee.R_z,Hip.R_x,Hip.R_y,Hip.R_z,Hip.L_x,Hip.L_y,Hip.L_z,Knee.L_x,Knee.L_y,Knee.L_z,Ankle.L_x,Ankle.L_y,Ankle.L_z,Wrist.R_x,Wrist.R_y,Wrist.R_z,Elbow.R_x,Elbow.R_y,Elbow.R_z,Shoulder.R_x,Shoulder.R_y,Shoulder.R_z,Shoulder.L_x,Shoulder.L_y,Shoulder.L_z,Elbow.L_x,Elbow.L_y,Elbow.L_z,Wrist.L_x,Wrist.L_y,Wrist.L_z,Neck_x,Neck_y,Neck_z,Head_x,Head_y,Head_z,Nose_x,Nose_y,Nose_z,Eye.L_x,Eye.L_y,Eye.L_z,Eye.R_x,Eye.R_y,Eye.R_z,Ear.L_x,Ear.L_y,Ear.L_z,Ear.R_x,Ear.R_y,Ear.R_z,hip.Center_x,hip.Center_y,hip.Center_z
0,0.37529695,-0.49493793,0.094404876,0.18395911,-0.08796087,0.10765888,-0.049974352,0.261334,0.10140933,0.035673637,0.31785902,-0.13401797,0.029326435,-0.06595746,-0.34323442,-0.37376672,0.058542274,-0.51120925,-0.23247492,0.2929964,0.2246018,-0.2694909,0.55746365,0.20539562,-0.03296622,0.7258461,0.23346409,0.116115026,0.7707927,-0.03961833,0.08142099,0.5881456,-0.26340014,0.2718607,0.4611245,-0.13534513,0.08453928,0.797204,0.12468481,0.17130351,0.98713636,0.20281416,0.26045355,0.8538887,0.20454185,0.2499792,0.9109031,0.17786624,0.2241745,0.89567375,0.23823315,0.17723809,0.9367044,0.106470704,0.11637087,0.90326774,0.24457009,-0.007150357589125633,0.2895964980125427,-0.016304321587085724
