frame,Ankle.R_x,Ankle.R_y,Ankle.R_z,Knee.R_x,Knee.R_y,Knee.R_z,Hip.R_x,Hip.R_y,Hip.R_z,Hip.L_x,Hip.L_y,Hip.L_z,Knee.L_x,Knee.L_y,Knee.L_z,Ankle.L_x,Ankle.L_y,Ankle.L_z,Wrist.R_x,Wrist.R_y,Wrist.R_z,Elbow.R_x,Elbow.R_y,Elbow.R_z,Shoulder.R_x,Shoulder.R_y,Shoulder.R_z,Shoulder.L_x,Shoulder.L_y,Shoulder.L_z,Elbow.L_x,Elbow.L_y,Elbow.L_z,Wrist.L_x,Wrist.L_y,Wrist.L_z,Neck_x,Neck_y,Neck_z,Head_x,Head_y,Head_z,Nose_x,Nose_y,Nose_z,Eye.L_x,Eye.L_y,Eye.L_z,Eye.R_x,Eye.R_y,Eye.R_z,Ear.L_x,Ear.L_y,Ear.L_z,Ear.R_x,Ear.R_y,Ear.R_z,hip.Center_x,hip.Center_y,hip.Center_z
0,-0.7142048,-0.16104473,-0.03611808,-0.27458397,-0.08363585,0.022776697,-0.05919554,0.25852492,0.093933664,0.049459286,0.29452458,-0.12851481,0.3591661,0.0959802,-0.09363312,0.44769406,-0.31410015,-0.24682611,0.15332443,0.52473545,0.41993243,-0.08651944,0.483069,0.34526268,0.021108039,0.70113856,0.20782073,0.106236085,0.7526374,-0.05902737,0.11269201,0.63887066,-0.31358552,0.33934245,0.69188666,-0.21743387,0.0999332,0.76661956,0.09430927,0.22041672,0.9240217,0.18594375,0.271747,0.7757442,0.17715305,0.27925667,0.8340976,0.15663147,0.24592407,0.8214832,0.21319109,0.22057688,0.8860578,0.08779913,0.14544338,0.85669166,0.21583751,-0.004868127405643463,0.27652475237846375,-0.017290573567152023
