frame,Ankle.R_x,Ankle.R_y,Ankle.R_z,Knee.R_x,Knee.R_y,Knee.R_z,Hip.R_x,Hip.R_y,Hip.R_z,Hip.L_x,Hip.L_y,Hip.L_z,Knee.L_x,Knee.L_y,Knee.L_z,Ankle.L_x,Ankle.L_y,Ankle.L_z,Wrist.R_x,Wrist.R_y,Wrist.R_z,Elbow.R_x,Elbow.R_y,Elbow.R_z,Shoulder.R_x,Shoulder.R_y,Shoulder.R_z,Shoulder.L_x,Shoulder.L_y,Shoulder.L_z,Elbow.L_x,Elbow.L_y,Elbow.L_z,Wrist.L_x,Wrist.L_y,Wrist.L_z,Neck_x,Neck_y,Neck_z,Head_x,Head_y,Head_z,Nose_x,Nose_y,Nose_z,Eye.L_x,Eye.L_y,Eye.L_z,Eye.R_x,Eye.R_y,Eye.R_z,Ear.L_x,Ear.L_y,Ear.L_z,Ear.R_x,Ear.R_y,Ear.R_z,hip.Center_x,hip.Center_y,hip.Center_z
0,0.3110697,-0.49861392,0.13290551,0.17194763,-0.06999553,0.14835899,-0.07534873,0.26229346,0.088665634,0.06033129,0.31435683,-0.12321491,0.017326085,-0.05691271,-0.34311557,-0.31426698,0.099348485,-0.61657053,-0.26768523,0.3174743,0.103712186,-0.30117357,0.58110756,0.13512951,-0.06803685,0.72152543,0.23404679,0.13693209,0.75557214,-0.007279155,0.12066999,0.5489539,-0.21244669,0.2811529,0.39324588,-0.074069194,0.07623647,0.7876967,0.14904127,0.16701926,0.9715677,0.2410067,0.2571029,0.8412343,0.21711439,0.24133582,0.90003574,0.19751254,0.22628105,0.8788661,0.25956666,0.15853837,0.9295633,0.14190157,0.11961331,0.88211656,0.28432974,-0.007508719339966774,0.28832513093948364,-0.017274636775255203
