frame,Ankle.R_x,Ankle.R_y,Ankle.R_z,Knee.R_x,Knee.R_y,Knee.R_z,Hip.R_x,Hip.R_y,Hip.R_z,Hip.L_x,Hip.L_y,Hip.L_z,Knee.L_x,Knee.L_y,Knee.L_z,Ankle.L_x,Ankle.L_y,Ankle.L_z,Wrist.R_x,Wrist.R_y,Wrist.R_z,Elbow.R_x,Elbow.R_y,Elbow.R_z,Shoulder.R_x,Shoulder.R_y,Shoulder.R_z,Shoulder.L_x,Shoulder.L_y,Shoulder.L_z,Elbow.L_x,Elbow.L_y,Elbow.L_z,Wrist.L_x,Wrist.L_y,Wrist.L_z,Neck_x,Neck_y,Neck_z,Head_x,Head_y,Head_z,Nose_x,Nose_y,Nose_z,Eye.L_x,Eye.L_y,Eye.L_z,Eye.R_x,Eye.R_y,Eye.R_z,Ear.L_x,Ear.L_y,Ear.L_z,Ear.R_x,Ear.R_y,Ear.R_z,hip.Center_x,hip.Center_y,hip.Center_z
0,-0.037240405,-0.33128077,-0.14516118,0.04909925,-0.077855356,0.18575393,-0.11937748,0.2994597,0.049794916,0.086728536,0.33531404,-0.09659808,0.25248852,-0.05209613,-0.0016292185,0.19364803,-0.08084432,-0.42381203,0.116149366,0.35816512,0.26648885,-0.120275244,0.4672882,0.22687882,-0.042888567,0.7451184,0.22962916,0.15462996,0.792892,-0.031004576,0.071226425,0.6097631,-0.2403813,0.03738933,0.348881,-0.22828507,0.08921763,0.8388429,0.13346772,0.15680744,1.0554551,0.22518037,0.22142482,0.9197382,0.27887985,0.2291196,0.97413266,0.242085,0.17762613,0.96823543,0.28722146,0.19663256,0.99377,0.14009245,0.0752861,0.98153484,0.2453195,-0.016324471682310104,0.3173868656158447,-0.02340158261358738
