frame,Ankle.R_x,Ankle.R_y,Ankle.R_z,Knee.R_x,Knee.R_y,Knee.R_z,Hip.R_x,Hip.R_y,Hip.R_z,Hip.L_x,Hip.L_y,Hip.L_z,Knee.L_x,Knee.L_y,Knee.L_z,Ankle.L_x,Ankle.L_y,Ankle.L_z,Wrist.R_x,Wrist.R_y,Wrist.R_z,Elbow.R_x,Elbow.R_y,Elbow.R_z,Shoulder.R_x,Shoulder.R_y,Shoulder.R_z,Shoulder.L_x,Shoulder.L_y,Shoulder.L_z,Elbow.L_x,Elbow.L_y,Elbow.L_z,Wrist.L_x,Wrist.L_y,Wrist.L_z,Neck_x,Neck_y,Neck_z,Head_x,Head_y,Head_z,Nose_x,Nose_y,Nose_z,Eye.L_x,Eye.L_y,Eye.L_z,Eye.R_x,Eye.R_y,Eye.R_z,Ear.L_x,Ear.L_y,Ear.L_z,Ear.R_x,Ear.R_y,Ear.R_z,hip.Center_x,hip.Center_y,hip.Center_z
0,-0.56011224,-0.3646159,0.023933891,-0.17452773,-0.13382696,0.030679738,-0.0059328293,0.2684722,0.110465795,-0.0032426608,0.31192878,-0.14327338,0.30173975,0.108540155,-0.18776673,0.048697457,-0.2334609,-0.18553866,0.16536863,0.35336435,0.33320832,0.07001574,0.59654164,0.35224497,0.24082133,0.6993681,0.1514206,0.21112698,0.72552264,-0.14185412,0.075569384,0.7126318,-0.39304024,0.29106033,0.675325,-0.5313989,0.27767956,0.73800737,-0.005024694,0.4269542,0.8931606,-0.024999557,0.45819658,0.7539315,-0.09594047,0.43890563,0.8137672,-0.10395831,0.4716314,0.7932825,-0.047739796,0.34664518,0.8575592,-0.08351688,0.41713104,0.8088099,0.04674704,-0.004587745293974876,0.29020047187805176,-0.016403794288635254
