frame,Ankle.R_x,Ankle.R_y,Ankle.R_z,Knee.R_x,Knee.R_y,Knee.R_z,Hip.R_x,Hip.R_y,Hip.R_z,Hip.L_x,Hip.L_y,Hip.L_z,Knee.L_x,Knee.L_y,Knee.L_z,Ankle.L_x,Ankle.L_y,Ankle.L_z,Wrist.R_x,Wrist.R_y,Wrist.R_z,Elbow.R_x,Elbow.R_y,Elbow.R_z,Shoulder.R_x,Shoulder.R_y,Shoulder.R_z,Shoulder.L_x,Shoulder.L_y,Shoulder.L_z,Elbow.L_x,Elbow.L_y,Elbow.L_z,Wrist.L_x,Wrist.L_y,Wrist.L_z,Neck_x,Neck_y,Neck_z,Head_x,Head_y,Head_z,Nose_x,Nose_y,Nose_z,Eye.L_x,Eye.L_y,Eye.L_z,Eye.R_x,Eye.R_y,Eye.R_z,Ear.L_x,Ear.L_y,Ear.L_z,Ear.R_x,Ear.R_y,Ear.R_z,hip.Center_x,hip.Center_y,hip.Center_z
0,-0.13969152,-0.4189003,0.081592835,0.15242605,-0.09973209,0.061109718,0.014757374,0.29214206,0.1091594,-0.035642467,0.3326372,-0.13663632,0.07326259,-0.017266199,-0.30936292,-0.23327163,-0.30961886,-0.21014275,0.01991339,0.32629398,0.3225885,0.1133623,0.5720886,0.3107515,0.31261984,0.677171,0.1372355,0.28360265,0.7029479,-0.17921245,0.14009279,0.59127766,-0.39781833,0.25465932,0.35738823,-0.39270976,0.35144272,0.72333205,-0.02871774,0.46777824,0.903816,-0.03358861,0.54221976,0.7767283,-0.09821899,0.51046026,0.8318979,-0.1084927,0.5367251,0.81702274,-0.04724609,0.40555656,0.8515145,-0.107614405,0.46473438,0.81602573,0.036878645,-0.01044254656881094,0.312389612197876,-0.01373845711350441
