frame,Ankle.R_x,Ankle.R_y,Ankle.R_z,Knee.R_x,Knee.R_y,Knee.R_z,Hip.R_x,Hip.R_y,Hip.R_z,Hip.L_x,Hip.L_y,Hip.L_z,Knee.L_x,Knee.L_y,Knee.L_z,Ankle.L_x,Ankle.L_y,Ankle.L_z,Wrist.R_x,Wrist.R_y,Wrist.R_z,Elbow.R_x,Elbow.R_y,Elbow.R_z,Shoulder.R_x,Shoulder.R_y,Shoulder.R_z,Shoulder.L_x,Shoulder.L_y,Shoulder.L_z,Elbow.L_x,Elbow.L_y,Elbow.L_z,Wrist.L_x,Wrist.L_y,Wrist.L_z,Neck_x,Neck_y,Neck_z,Head_x,Head_y,Head_z,Nose_x,Nose_y,Nose_z,Eye.L_x,Eye.L_y,Eye.L_z,Eye.R_x,Eye.R_y,Eye.R_z,Ear.L_x,Ear.L_y,Ear.L_z,Ear.R_x,Ear.R_y,Ear.R_z,hip.Center_x,hip.Center_y,hip.Center_z
0,0.22996053,-0.5269104,0.13563026,0.21116965,-0.07477516,0.10818935,-0.020197788,0.2807507,0.10807805,-0.009131003,0.2975257,-0.14640151,0.17270619,-0.074424945,-0.22216073,0.0870972,-0.5188761,-0.30129075,0.019819492,0.33023477,0.32865512,-0.01961116,0.5905202,0.30106133,0.21108706,0.6802979,0.15547945,0.24412905,0.6793602,-0.14864798,0.09366787,0.5870642,-0.37589166,0.20727824,0.35162723,-0.36431208,0.2837998,0.7026808,0.004480185,0.4328106,0.85150594,0.005905761,0.48463145,0.70179856,-0.01424847,0.47307068,0.75793874,-0.041404374,0.477853,0.7516619,0.025950225,0.38133746,0.7986764,-0.07350657,0.3919684,0.78512895,0.08231029,-0.014664395712316036,0.28913819789886475,-0.019161731004714966
