frame,Ankle.R_x,Ankle.R_y,Ankle.R_z,Knee.R_x,Knee.R_y,Knee.R_z,Hip.R_x,Hip.R_y,Hip.R_z,Hip.L_x,Hip.L_y,Hip.L_z,Knee.L_x,Knee.L_y,Knee.L_z,Ankle.L_x,Ankle.L_y,Ankle.L_z,Wrist.R_x,Wrist.R_y,Wrist.R_z,Elbow.R_x,Elbow.R_y,Elbow.R_z,Shoulder.R_x,Shoulder.R_y,Shoulder.R_z,Shoulder.L_x,Shoulder.L_y,Shoulder.L_z,Elbow.L_x,Elbow.L_y,Elbow.L_z,Wrist.L_x,Wrist.L_y,Wrist.L_z,Neck_x,Neck_y,Neck_z,Head_x,Head_y,Head_z,Nose_x,Nose_y,Nose_z,Eye.L_x,Eye.L_y,Eye.L_z,Eye.R_x,Eye.R_y,Eye.R_z,Ear.L_x,Ear.L_y,Ear.L_z,Ear.R_x,Ear.R_y,Ear.R_z,hip.Center_x,hip.Center_y,hip.Center_z
0,0.18106978,-0.54266274,-0.030669436,0.17338878,-0.100766286,0.06344369,-0.04536548,0.27302092,0.10391472,0.027352508,0.32095292,-0.13686286,0.11964009,-0.10083158,-0.2391916,-0.23757657,-0.21869808,-0.49369568,0.102520905,0.36246637,0.24306689,-0.13385284,0.4659698,0.3029837,-0.002165474,0.7212954,0.23418145,0.07973227,0.78695554,-0.07280995,-0.019830316,0.6174832,-0.2914764,0.07455452,0.3807124,-0.22182515,0.078335255,0.8141623,0.0984432,0.17682517,1.0185376,0.14931186,0.2656439,0.88787585,0.13474193,0.24613872,0.9432829,0.1079146,0.23778217,0.9310787,0.17405881,0.15624683,0.9646388,0.056435496,0.13441241,0.9368457,0.20914017,-0.009006485342979431,0.2969869375228882,-0.01647406816482544
