frame,Ankle.R_x,Ankle.R_y,Ankle.R_z,Knee.R_x,Knee.R_y,Knee.R_z,Hip.R_x,Hip.R_y,Hip.R_z,Hip.L_x,Hip.L_y,Hip.L_z,Knee.L_x,Knee.L_y,Knee.L_z,Ankle.L_x,Ankle.L_y,Ankle.L_z,Wrist.R_x,Wrist.R_y,Wrist.R_z,Elbow.R_x,Elbow.R_y,Elbow.R_z,Shoulder.R_x,Shoulder.R_y,Shoulder.R_z,Shoulder.L_x,Shoulder.L_y,Shoulder.L_z,Elbow.L_x,Elbow.L_y,Elbow.L_z,Wrist.L_x,Wrist.L_y,Wrist.L_z,Neck_x,Neck_y,Neck_z,Head_x,Head_y,Head_z,Nose_x,Nose_y,Nose_z,Eye.L_x,Eye.L_y,Eye.L_z,Eye.R_x,Eye.R_y,Eye.R_z,Ear.L_x,Ear.L_y,Ear.L_z,Ear.R_x,Ear.R_y,Ear.R_z,hip.Center_x,hip.Center_y,hip.Center_z
0,-0.65779364,-0.0012170172,-0.017713888,-0.23221198,-0.12642333,0.02669092,-0.06342971,0.2678061,0.090399,0.057098098,0.28441122,-0.124274366,0.3028899,-0.025613535,-0.10474082,0.46236584,-0.42811483,-0.23994167,-0.22521158,0.466713,0.3034109,-0.3107434,0.6326773,0.1233848,-0.05356609,0.7510992,0.108717784,0.1090475,0.7382038,-0.12724383,0.053067856,0.5683167,-0.34597534,0.19771054,0.43570918,-0.17952217,0.06829798,0.7875754,0.017974775,0.13926499,0.974886,0.09141057,0.20016627,0.8427496,0.15317607,0.2109203,0.8947308,0.11787252,0.15834741,0.8918844,0.15885991,0.18307376,0.9094443,0.019170523,0.06479228,0.90517426,0.11252854,-0.0031658075749874115,0.27610868215560913,-0.016937684267759323
