frame,Ankle.R_x,Ankle.R_y,Ankle.R_z,Knee.R_x,Knee.R_y,Knee.R_z,Hip.R_x,Hip.R_y,Hip.R_z,Hip.L_x,Hip.L_y,Hip.L_z,Knee.L_x,Knee.L_y,Knee.L_z,Ankle.L_x,Ankle.L_y,Ankle.L_z,Wrist.R_x,Wrist.R_y,Wrist.R_z,Elbow.R_x,Elbow.R_y,Elbow.R_z,Shoulder.R_x,Shoulder.R_y,Shoulder.R_z,Shoulder.L_x,Shoulder.L_y,Shoulder.L_z,Elbow.L_x,Elbow.L_y,Elbow.L_z,Wrist.L_x,Wrist.L_y,Wrist.L_z,Neck_x,Neck_y,Neck_z,Head_x,Head_y,Head_z,Nose_x,Nose_y,Nose_z,Eye.L_x,Eye.L_y,Eye.L_z,Eye.R_x,Eye.R_y,Eye.R_z,Ear.L_x,Ear.L_y,Ear.L_z,Ear.R_x,Ear.R_y,Ear.R_z,hip.Center_x,hip.Center_y,hip.Center_z
0,-0.053205207,-0.6277853,-0.2962658,-0.028436635,-0.21419238,-0.029738689,-0.11806317,0.24266022,0.04525733,0.106184326,0.27933463,-0.08720865,0.26963732,-0.13678536,0.04698024,0.11869053,-0.26794323,-0.38597745,-0.15497166,0.12383196,0.22446482,-0.22780842,0.3839807,0.1356065,-0.12401544,0.66463155,0.16304553,0.11296154,0.707103,-0.029835671,0.09388606,0.4867974,-0.23059109,0.13752902,0.21574017,-0.2931113,0.019894412,0.7457134,0.10526146,0.08686979,0.9302846,0.2171977,0.124719754,0.7851776,0.26008463,0.14512353,0.83928883,0.2343001,0.088178456,0.8367164,0.27032566,0.129141,0.873959,0.13887292,0.0017894879,0.8679888,0.21815951,-0.005939420312643051,0.2609974145889282,-0.020975660532712936
