frame,Ankle.R_x,Ankle.R_y,Ankle.R_z,Knee.R_x,Knee.R_y,Knee.R_z,Hip.R_x,Hip.R_y,Hip.R_z,Hip.L_x,Hip.L_y,Hip.L_z,Knee.L_x,Knee.L_y,Knee.L_z,Ankle.L_x,Ankle.L_y,Ankle.L_z,Wrist.R_x,Wrist.R_y,Wrist.R_z,Elbow.R_x,Elbow.R_y,Elbow.R_z,Shoulder.R_x,Shoulder.R_y,Shoulder.R_z,Shoulder.L_x,Shoulder.L_y,Shoulder.L_z,Elbow.L_x,Elbow.L_y,Elbow.L_z,Wrist.L_x,Wrist.L_y,Wrist.L_z,Neck_x,Neck_y,Neck_z,Head_x,Head_y,Head_z,Nose_x,Nose_y,Nose_z,Eye.L_x,Eye.L_y,Eye.L_z,Eye.R_x,Eye.R_y,Eye.R_z,Ear.L_x,Ear.L_y,Ear.L_z,Ear.R_x,Ear.R_y,Ear.R_z,hip.Center_x,hip.Center_y,hip.Center_z
0,0.49313113,-0.3986098,0.14429013,0.24344762,-0.060853515,0.09934604,0.011420501,0.2532059,0.10336693,-0.018291503,0.28906947,-0.13735493,-0.11899098,-0.0998517,-0.2666714,-0.5572927,-0.058622498,-0.25051787,-0.40533775,0.4408994,0.22404866,-0.23265003,0.6357474,0.20236355,0.0079174405,0.74478614,0.15307353,0.029800478,0.7475744,-0.1142163,-0.078267574,0.6205096,-0.3340475,-0.019343367,0.49179232,-0.551246,0.0626529,0.7835445,0.02292737,0.13997324,0.9696752,0.04964993,0.2346292,0.8595201,-0.012387664,0.20165901,0.91068083,-0.022785349,0.22084233,0.8943509,0.038171478,0.1013229,0.91741884,-0.031149141,0.14129889,0.8816116,0.10629307,-0.0034355008974671364,0.27113768458366394,-0.016993999481201172
