frame,Ankle.R_x,Ankle.R_y,Ankle.R_z,Knee.R_x,Knee.R_y,Knee.R_z,Hip.R_x,Hip.R_y,Hip.R_z,Hip.L_x,Hip.L_y,Hip.L_z,Knee.L_x,Knee.L_y,Knee.L_z,Ankle.L_x,Ankle.L_y,Ankle.L_z,Wrist.R_x,Wrist.R_y,Wrist.R_z,Elbow.R_x,Elbow.R_y,Elbow.R_z,Shoulder.R_x,Shoulder.R_y,Shoulder.R_z,Shoulder.L_x,Shoulder.L_y,Shoulder.L_z,Elbow.L_x,Elbow.L_y,Elbow.L_z,Wrist.L_x,Wrist.L_y,Wrist.L_z,Neck_x,Neck_y,Neck_z,Head_x,Head_y,Head_z,Nose_x,Nose_y,Nose_z,Eye.L_x,Eye.L_y,Eye.L_z,Eye.R_x,Eye.R_y,Eye.R_z,Ear.L_x,Ear.L_y,Ear.L_z,Ear.R_x,Ear.R_y,Ear.R_z,hip.Center_x,hip.Center_y,hip.Center_z
0,-0.043577958,-0.6394545,0.026320834,0.13013393,-0.18750352,0.058133684,0.012374453,0.25194165,0.10962877,-0.024482476,0.30071545,-0.14752957,0.12842862,-0.0812042,-0.33287752,-0.19602105,-0.43374723,-0.41647905,0.08987067,0.2194752,0.40699115,-0.04086998,0.4612175,0.34448707,0.02310747,0.7153049,0.19253746,-0.022732371,0.74437964,-0.11522077,-0.060569853,0.52324,-0.31573987,0.15938883,0.4073732,-0.44037876,0.030756433,0.79079235,0.03647106,0.12889856,0.9958028,0.025999991,0.20248719,0.8618499,-0.015437737,0.17485555,0.9149116,-0.0356483,0.1960401,0.9084139,0.02829992,0.07295377,0.9366108,-0.041555904,0.11882425,0.9205964,0.10322953,-0.006054011173546314,0.27632856369018555,-0.01895040273666382
