frame,Ankle.R_x,Ankle.R_y,Ankle.R_z,Knee.R_x,Knee.R_y,Knee.R_z,Hip.R_x,Hip.R_y,Hip.R_z,Hip.L_x,Hip.L_y,Hip.L_z,Knee.L_x,Knee.L_y,Knee.L_z,Ankle.L_x,Ankle.L_y,Ankle.L_z,Wrist.R_x,Wrist.R_y,Wrist.R_z,Elbow.R_x,Elbow.R_y,Elbow.R_z,Shoulder.R_x,Shoulder.R_y,Shoulder.R_z,Shoulder.L_x,Shoulder.L_y,Shoulder.L_z,Elbow.L_x,Elbow.L_y,Elbow.L_z,Wrist.L_x,Wrist.L_y,Wrist.L_z,Neck_x,Neck_y,Neck_z,Head_x,Head_y,Head_z,Nose_x,Nose_y,Nose_z,Eye.L_x,Eye.L_y,Eye.L_z,Eye.R_x,Eye.R_y,Eye.R_z,Ear.L_x,Ear.L_y,Ear.L_z,Ear.R_x,Ear.R_y,Ear.R_z,hip.Center_x,hip.Center_y,hip.Center_z
0,0.0044476306,-0.6007473,-0.10905508,0.13073161,-0.1720587,0.034612592,-0.0009911035,0.24917677,0.109773204,-0.003929995,0.30152318,-0.14289625,0.05085313,-0.112491995,-0.3047607,-0.3367921,-0.3669658,-0.40578604,-0.009278938,0.14408906,0.32764757,-0.038537547,0.41849452,0.29821813,0.04292102,0.69041544,0.20889689,0.030382333,0.73337454,-0.09898162,0.01595575,0.4846735,-0.25764403,0.21713862,0.31904137,-0.3376808,0.06694249,0.78102505,0.060899302,0.15961196,0.9905674,0.089920714,0.24104694,0.8615544,0.054601215,0.2189399,0.9168831,0.033799917,0.22419828,0.9037223,0.09932509,0.12208472,0.9393289,0.0055356342,0.13267654,0.9099336,0.15250131,-0.002460549119859934,0.2753499746322632,-0.01656152307987213
