frame,Ankle.R_x,Ankle.R_y,Ankle.R_z,Knee.R_x,Knee.R_y,Knee.R_z,Hip.R_x,Hip.R_y,Hip.R_z,Hip.L_x,Hip.L_y,Hip.L_z,Knee.L_x,Knee.L_y,Knee.L_z,Ankle.L_x,Ankle.L_y,Ankle.L_z,Wrist.R_x,Wrist.R_y,Wrist.R_z,Elbow.R_x,Elbow.R_y,Elbow.R_z,Shoulder.R_x,Shoulder.R_y,Shoulder.R_z,Shoulder.L_x,Shoulder.L_y,Shoulder.L_z,Elbow.L_x,Elbow.L_y,Elbow.L_z,Wrist.L_x,Wrist.L_y,Wrist.L_z,Neck_x,Neck_y,Neck_z,Head_x,Head_y,Head_z,Nose_x,Nose_y,Nose_z,Eye.L_x,Eye.L_y,Eye.L_z,Eye.R_x,Eye.R_y,Eye.R_z,Ear.L_x,Ear.L_y,Ear.L_z,Ear.R_x,Ear.R_y,Ear.R_z,hip.Center_x,hip.Center_y,hip.Center_z
0,-0.4416433,-0.12273507,-0.31010017,-0.117483534,-0.2127553,-0.004653716,-0.09424179,0.25014824,0.07124856,0.08689091,0.27994332,-0.106935635,0.23131652,-0.12378353,-0.019519944,0.33395246,-0.5845536,-0.056300975,0.08983291,0.20661244,0.29245695,-0.09803662,0.4086616,0.26968026,-0.029298455,0.682687,0.19246535,0.08671133,0.73026496,-0.07765207,-0.028920554,0.55908495,-0.28441668,-0.036421534,0.31005687,-0.39981067,0.06597918,0.76038885,0.07904144,0.17200162,0.94281024,0.15339826,0.23611817,0.8007771,0.16239406,0.23697083,0.8574904,0.13291956,0.20775735,0.84924674,0.19312051,0.17101932,0.89145684,0.061807062,0.10527913,0.8738984,0.19582091,-0.0036754384636878967,0.26504576206207275,-0.017843537032604218
