frame,Ankle.R_x,Ankle.R_y,Ankle.R_z,Knee.R_x,Knee.R_y,Knee.R_z,Hip.R_x,Hip.R_y,Hip.R_z,Hip.L_x,Hip.L_y,Hip.L_z,Knee.L_x,Knee.L_y,Knee.L_z,Ankle.L_x,Ankle.L_y,Ankle.L_z,Wrist.R_x,Wrist.R_y,Wrist.R_z,Elbow.R_x,Elbow.R_y,Elbow.R_z,Shoulder.R_x,Shoulder.R_y,Shoulder.R_z,Shoulder.L_x,Shoulder.L_y,Shoulder.L_z,Elbow.L_x,Elbow.L_y,Elbow.L_z,Wrist.L_x,Wrist.L_y,Wrist.L_z,Neck_x,Neck_y,Neck_z,Head_x,Head_y,Head_z,Nose_x,Nose_y,Nose_z,Eye.L_x,Eye.L_y,Eye.L_z,Eye.R_x,Eye.R_y,Eye.R_z,Ear.L_x,Ear.L_y,Ear.L_z,Ear.R_x,Ear.R_y,Ear.R_z,hip.Center_x,hip.Center_y,hip.Center_z
0,-0.16044106,-0.5758086,-0.31210297,-0.022270009,-0.22263546,-0.00024083524,-0.09468118,0.2390073,0.07311565,0.07780003,0.28176582,-0.120717786,0.3255984,-0.024667794,0.09114719,0.19013868,-0.44816354,-0.09815237,0.0155330915,0.074711904,0.28853375,-0.11316263,0.32506508,0.24536061,-0.037599627,0.6175203,0.23677841,0.09619839,0.698916,-0.02931406,0.029722102,0.48069838,-0.22375429,0.10176284,0.22667922,-0.32083267,0.06404841,0.7208969,0.13382214,0.16069691,0.9131942,0.2059242,0.23606719,0.77829176,0.19402072,0.22608697,0.83503187,0.16778986,0.210889,0.8221581,0.23264349,0.14453605,0.8658023,0.11501816,0.10901446,0.8367906,0.25847435,-0.008440576493740082,0.26038655638694763,-0.02380106970667839
