frame,Ankle.R_x,Ankle.R_y,Ankle.R_z,Knee.R_x,Knee.R_y,Knee.R_z,Hip.R_x,Hip.R_y,Hip.R_z,Hip.L_x,Hip.L_y,Hip.L_z,Knee.L_x,Knee.L_y,Knee.L_z,Ankle.L_x,Ankle.L_y,Ankle.L_z,Wrist.R_x,Wrist.R_y,Wrist.R_z,Elbow.R_x,Elbow.R_y,Elbow.R_z,Shoulder.R_x,Shoulder.R_y,Shoulder.R_z,Shoulder.L_x,Shoulder.L_y,Shoulder.L_z,Elbow.L_x,Elbow.L_y,Elbow.L_z,Wrist.L_x,Wrist.L_y,Wrist.L_z,Neck_x,Neck_y,Neck_z,Head_x,Head_y,Head_z,Nose_x,Nose_y,Nose_z,Eye.L_x,Eye.L_y,Eye.L_z,Eye.R_x,Eye.R_y,Eye.R_z,Ear.L_x,Ear.L_y,Ear.L_z,Ear.R_x,Ear.R_y,Ear.R_z,hip.Center_x,hip.Center_y,hip.Center_z
0,0.010471677,-0.519589,-0.05644871,0.18866801,-0.117479384,0.09285465,-0.051520675,0.27273908,0.101505354,0.027663056,0.30801338,-0.14383383,0.22769515,-0.10404788,-0.1485289,-0.10045438,-0.3230673,-0.394786,-0.0035692856,0.29634255,0.2559425,-0.18732531,0.4982142,0.27535737,-0.03570972,0.7421624,0.19372769,0.0369579,0.78476155,-0.11561194,-0.066405505,0.59157795,-0.31506866,0.07775846,0.37888038,-0.22869731,0.04186859,0.8204646,0.051623963,0.16468208,1.0136516,0.095531,0.23142825,0.87128615,0.076118685,0.21916527,0.929237,0.05023934,0.21233769,0.9179567,0.11692093,0.13144332,0.9645672,0.00456167,0.11334862,0.93894136,0.15743244,-0.011928809806704521,0.2903762459754944,-0.021164238452911377
