frame,Ankle.R_x,Ankle.R_y,Ankle.R_z,Knee.R_x,Knee.R_y,Knee.R_z,Hip.R_x,Hip.R_y,Hip.R_z,Hip.L_x,Hip.L_y,Hip.L_z,Knee.L_x,Knee.L_y,Knee.L_z,Ankle.L_x,Ankle.L_y,Ankle.L_z,Wrist.R_x,Wrist.R_y,Wrist.R_z,Elbow.R_x,Elbow.R_y,Elbow.R_z,Shoulder.R_x,Shoulder.R_y,Shoulder.R_z,Shoulder.L_x,Shoulder.L_y,Shoulder.L_z,Elbow.L_x,Elbow.L_y,Elbow.L_z,Wrist.L_x,Wrist.L_y,Wrist.L_z,Neck_x,Neck_y,Neck_z,Head_x,Head_y,Head_z,Nose_x,Nose_y,Nose_z,Eye.L_x,Eye.L_y,Eye.L_z,Eye.R_x,Eye.R_y,Eye.R_z,Ear.L_x,Ear.L_y,Ear.L_z,Ear.R_x,Ear.R_y,Ear.R_z,hip.Center_x,hip.Center_y,hip.Center_z
0,-0.61381996,-0.15304969,-0.17902148,-0.18973018,-0.1609187,-0.020679444,-0.07026048,0.2482691,0.08691105,0.062284227,0.27671054,-0.119021766,0.31483936,-0.028099447,-0.020217247,0.5417282,-0.42290574,-0.043646503,-0.20850155,0.30993915,0.3475051,-0.25841337,0.53375196,0.2159622,-0.03749756,0.69927466,0.1538705,0.13034202,0.6944462,-0.08421869,0.1341524,0.4555194,-0.23147416,0.15059175,0.2685114,-0.048809234,0.08166102,0.7383436,0.05594964,0.21659547,0.8792936,0.14258806,0.24765074,0.7279869,0.12803148,0.26022005,0.7857933,0.107559726,0.23146424,0.7754525,0.16668211,0.20239222,0.8429848,0.04766427,0.13844484,0.8213116,0.17881732,-0.003988126292824745,0.26248982548713684,-0.016055356711149216
