frame,Ankle.R_x,Ankle.R_y,Ankle.R_z,Knee.R_x,Knee.R_y,Knee.R_z,Hip.R_x,Hip.R_y,Hip.R_z,Hip.L_x,Hip.L_y,Hip.L_z,Knee.L_x,Knee.L_y,Knee.L_z,Ankle.L_x,Ankle.L_y,Ankle.L_z,Wrist.R_x,Wrist.R_y,Wrist.R_z,Elbow.R_x,Elbow.R_y,Elbow.R_z,Shoulder.R_x,Shoulder.R_y,Shoulder.R_z,Shoulder.L_x,Shoulder.L_y,Shoulder.L_z,Elbow.L_x,Elbow.L_y,Elbow.L_z,Wrist.L_x,Wrist.L_y,Wrist.L_z,Neck_x,Neck_y,Neck_z,Head_x,Head_y,Head_z,Nose_x,Nose_y,Nose_z,Eye.L_x,Eye.L_y,Eye.L_z,Eye.R_x,Eye.R_y,Eye.R_z,Ear.L_x,Ear.L_y,Ear.L_z,Ear.R_x,Ear.R_y,Ear.R_z,hip.Center_x,hip.Center_y,hip.Center_z
0,-0.47845903,-0.103411846,-0.25510767,-0.120183975,-0.18555251,-0.011377474,-0.06852304,0.25658002,0.088439584,0.06073074,0.30136734,-0.12111103,0.23858757,-0.08479652,-0.05621979,0.37359893,-0.51979715,-0.09123738,0.16089329,0.25629398,0.2475427,-0.029898591,0.44206947,0.29611087,-0.017373078,0.71569717,0.19728842,-0.029613953,0.77171874,-0.09739327,-0.2006042,0.59970355,-0.25360042,-0.11956189,0.40419257,-0.4144761,0.01525523,0.8031112,0.051897567,0.13418259,0.9988435,0.055685002,0.19388618,0.86180305,0.0077605695,0.17015582,0.9192355,-0.009503134,0.19214092,0.90737414,0.053247634,0.07164526,0.9487002,-0.012516119,0.11906108,0.9226862,0.13087921,-0.0038961507380008698,0.27897369861602783,-0.01633572205901146
