frame,Ankle.R_x,Ankle.R_y,Ankle.R_z,Knee.R_x,Knee.R_y,Knee.R_z,Hip.R_x,Hip.R_y,Hip.R_z,Hip.L_x,Hip.L_y,Hip.L_z,Knee.L_x,Knee.L_y,Knee.L_z,Ankle.L_x,Ankle.L_y,Ankle.L_z,Wrist.R_x,Wrist.R_y,Wrist.R_z,Elbow.R_x,Elbow.R_y,Elbow.R_z,Shoulder.R_x,Shoulder.R_y,Shoulder.R_z,Shoulder.L_x,Shoulder.L_y,Shoulder.L_z,Elbow.L_x,Elbow.L_y,Elbow.L_z,Wrist.L_x,Wrist.L_y,Wrist.L_z,Neck_x,Neck_y,Neck_z,Head_x,Head_y,Head_z,Nose_x,Nose_y,Nose_z,Eye.L_x,Eye.L_y,Eye.L_z,Eye.R_x,Eye.R_y,Eye.R_z,Ear.L_x,Ear.L_y,Ear.L_z,Ear.R_x,Ear.R_y,Ear.R_z,hip.Center_x,hip.Center_y,hip.Center_z
0,-0.56617594,-0.06157726,-0.04865993,-0.15101787,-0.18728809,0.041612383,-0.05200141,0.24487665,0.09678127,0.042723194,0.27418926,-0.13258563,0.32928994,-0.009617679,-0.06492465,0.57420313,-0.3937771,-0.09824297,0.15687777,0.38710663,0.3319993,-0.08054275,0.4990992,0.31957096,-0.0037248572,0.7026967,0.13417962,0.0052532656,0.71626973,-0.1432034,-0.20087352,0.59539104,-0.29002917,-0.08894122,0.39659095,-0.41105705,0.043870408,0.75255406,-0.005605215,0.15986226,0.930381,0.0037544298,0.23078991,0.79159087,0.0043598544,0.21878034,0.84382063,-0.028997142,0.21329162,0.84266627,0.03764729,0.13133839,0.86866254,-0.07358861,0.11858638,0.866783,0.07371175,-0.00463910773396492,0.25953295826911926,-0.017902180552482605
