frame,Ankle.R_x,Ankle.R_y,Ankle.R_z,Knee.R_x,Knee.R_y,Knee.R_z,Hip.R_x,Hip.R_y,Hip.R_z,Hip.L_x,Hip.L_y,Hip.L_z,Knee.L_x,Knee.L_y,Knee.L_z,Ankle.L_x,Ankle.L_y,Ankle.L_z,Wrist.R_x,Wrist.R_y,Wrist.R_z,Elbow.R_x,Elbow.R_y,Elbow.R_z,Shoulder.R_x,Shoulder.R_y,Shoulder.R_z,Shoulder.L_x,Shoulder.L_y,Shoulder.L_z,Elbow.L_x,Elbow.L_y,Elbow.L_z,Wrist.L_x,Wrist.L_y,Wrist.L_z,Neck_x,Neck_y,Neck_z,Head_x,Head_y,Head_z,Nose_x,Nose_y,Nose_z,Eye.L_x,Eye.L_y,Eye.L_z,Eye.R_x,Eye.R_y,Eye.R_z,Ear.L_x,Ear.L_y,Ear.L_z,Ear.R_x,Ear.R_y,Ear.R_z,hip.Center_x,hip.Center_y,hip.Center_z
0,-0.23076162,-0.43994436,-0.28502086,-0.16073267,-0.14521694,0.051585328,-0.12231246,0.29534888,0.028590046,0.108708404,0.30448964,-0.06994014,0.25579402,-0.092662685,0.010192491,0.21527179,-0.20832846,-0.42426535,-0.022414703,0.440375,0.2976285,-0.21017212,0.47619408,0.11749332,-0.083519176,0.729855,0.17931561,0.15671554,0.7612109,-0.017653707,0.08046123,0.58363456,-0.2317757,0.18620516,0.3924891,-0.08917971,0.069905624,0.8072132,0.12529536,0.13688052,0.99872506,0.24802373,0.16565682,0.8516929,0.29942906,0.19021669,0.9060396,0.27406052,0.12850198,0.9056376,0.30260983,0.18937515,0.9386483,0.17284377,0.04720319,0.9384811,0.23794761,-0.006802026182413101,0.2999192476272583,-0.020675048232078552
