frame,Ankle.R_x,Ankle.R_y,Ankle.R_z,Knee.R_x,Knee.R_y,Knee.R_z,Hip.R_x,Hip.R_y,Hip.R_z,Hip.L_x,Hip.L_y,Hip.L_z,Knee.L_x,Knee.L_y,Knee.L_z,Ankle.L_x,Ankle.L_y,Ankle.L_z,Wrist.R_x,Wrist.R_y,Wrist.R_z,Elbow.R_x,Elbow.R_y,Elbow.R_z,Shoulder.R_x,Shoulder.R_y,Shoulder.R_z,Shoulder.L_x,Shoulder.L_y,Shoulder.L_z,Elbow.L_x,Elbow.L_y,Elbow.L_z,Wrist.L_x,Wrist.L_y,Wrist.L_z,Neck_x,Neck_y,Neck_z,Head_x,Head_y,Head_z,Nose_x,Nose_y,Nose_z,Eye.L_x,Eye.L_y,Eye.L_z,Eye.R_x,Eye.R_y,Eye.R_z,Ear.L_x,Ear.L_y,Ear.L_z,Ear.R_x,Ear.R_y,Ear.R_z,hip.Center_x,hip.Center_y,hip.Center_z
0,-0.17245948,-0.38084415,-0.2848465,-0.095570646,-0.12467879,0.08201354,-0.1279787,0.32381138,0.020004403,0.11076547,0.3338667,-0.07609206,0.12269405,-0.112570174,-0.060608625,-0.011354937,-0.3811514,-0.40960452,-0.6602955,0.6525723,0.0996236,-0.44685003,0.8112008,0.07886614,-0.15606527,0.88031757,0.117578834,0.13313715,0.8644111,-0.025488157,0.1476326,0.68203646,-0.25142953,0.14653137,0.51776296,-0.048137747,0.017919645,0.9227813,0.09455491,0.08605739,1.1284162,0.20700917,0.13152282,0.984712,0.2616176,0.14619079,1.039838,0.22724634,0.09096695,1.03809,0.26738235,0.12820509,1.0644298,0.12329349,-0.008211665,1.0611095,0.21643253,-0.00860661268234253,0.3288390338420868,-0.028043827041983604
