frame,Ankle.R_x,Ankle.R_y,Ankle.R_z,Knee.R_x,Knee.R_y,Knee.R_z,Hip.R_x,Hip.R_y,Hip.R_z,Hip.L_x,Hip.L_y,Hip.L_z,Knee.L_x,Knee.L_y,Knee.L_z,Ankle.L_x,Ankle.L_y,Ankle.L_z,Wrist.R_x,Wrist.R_y,Wrist.R_z,Elbow.R_x,Elbow.R_y,Elbow.R_z,Shoulder.R_x,Shoulder.R_y,Shoulder.R_z,Shoulder.L_x,Shoulder.L_y,Shoulder.L_z,Elbow.L_x,Elbow.L_y,Elbow.L_z,Wrist.L_x,Wrist.L_y,Wrist.L_z,Neck_x,Neck_y,Neck_z,Head_x,Head_y,Head_z,Nose_x,Nose_y,Nose_z,Eye.L_x,Eye.L_y,Eye.L_z,Eye.R_x,Eye.R_y,Eye.R_z,Ear.L_x,Ear.L_y,Ear.L_z,Ear.R_x,Ear.R_y,Ear.R_z,hip.Center_x,hip.Center_y,hip.Center_z
0,0.1733882,-0.5501797,-0.042677347,0.11966062,-0.11923638,0.056873415,-0.06344895,0.26590583,0.094795376,0.050582178,0.3290567,-0.121547796,0.05972628,-0.06976084,-0.29144168,-0.23912472,-0.16894072,-0.6186548,-0.13760106,0.3173284,0.11458827,-0.274851,0.5327102,0.17623103,-0.064982116,0.71211827,0.26004007,0.09922363,0.78853756,-0.0010414943,0.020218674,0.6109875,-0.21382862,0.115197554,0.40267673,-0.08998932,0.060925014,0.8045941,0.16650361,0.16035192,0.9896571,0.26808968,0.24161124,0.8544549,0.24398603,0.23062572,0.9151668,0.22526915,0.2105096,0.89299643,0.28575015,0.15278015,0.9531412,0.16532749,0.10335995,0.9035502,0.30495042,-0.006433386355638504,0.2974812686443329,-0.013376209884881973
