frame,Ankle.R_x,Ankle.R_y,Ankle.R_z,Knee.R_x,Knee.R_y,Knee.R_z,Hip.R_x,Hip.R_y,Hip.R_z,Hip.L_x,Hip.L_y,Hip.L_z,Knee.L_x,Knee.L_y,Knee.L_z,Ankle.L_x,Ankle.L_y,Ankle.L_z,Wrist.R_x,Wrist.R_y,Wrist.R_z,Elbow.R_x,Elbow.R_y,Elbow.R_z,Shoulder.R_x,Shoulder.R_y,Shoulder.R_z,Shoulder.L_x,Shoulder.L_y,Shoulder.L_z,Elbow.L_x,Elbow.L_y,Elbow.L_z,Wrist.L_x,Wrist.L_y,Wrist.L_z,Neck_x,Neck_y,Neck_z,Head_x,Head_y,Head_z,Nose_x,Nose_y,Nose_z,Eye.L_x,Eye.L_y,Eye.L_z,Eye.R_x,Eye.R_y,Eye.R_z,Ear.L_x,Ear.L_y,Ear.L_z,Ear.R_x,Ear.R_y,Ear.R_z,hip.Center_x,hip.Center_y,hip.Center_z
0,-0.15327564,-0.5033775,0.099893525,0.15026401,-0.15089415,0.12046285,-0.029211445,0.2693327,0.10483731,0.019099906,0.28418446,-0.1477099,0.1452268,-0.14751238,-0.20201801,-0.23994353,-0.35865235,-0.3652414,-0.20284319,0.20076194,0.22656636,-0.19154522,0.47318172,0.18933432,-0.048729055,0.72568214,0.13838887,0.04920273,0.7275927,-0.15938827,0.11644034,0.4655088,-0.2657281,0.36760753,0.46685174,-0.17409143,0.03012501,0.7946559,-0.0033755796,0.115888335,1.0050498,0.02052927,0.20287183,0.8742577,0.029859878,0.1877477,0.9256259,-0.0043885782,0.17396496,0.92246854,0.061197143,0.10317562,0.94002366,-0.061824482,0.07087128,0.93312716,0.08553539,-0.005055769346654415,0.2767585813999176,-0.02143629640340805
