frame,Ankle.R_x,Ankle.R_y,Ankle.R_z,Knee.R_x,Knee.R_y,Knee.R_z,Hip.R_x,Hip.R_y,Hip.R_z,Hip.L_x,Hip.L_y,Hip.L_z,Knee.L_x,Knee.L_y,Knee.L_z,Ankle.L_x,Ankle.L_y,Ankle.L_z,Wrist.R_x,Wrist.R_y,Wrist.R_z,Elbow.R_x,Elbow.R_y,Elbow.R_z,Shoulder.R_x,Shoulder.R_y,Shoulder.R_z,Shoulder.L_x,Shoulder.L_y,Shoulder.L_z,Elbow.L_x,Elbow.L_y,Elbow.L_z,Wrist.L_x,Wrist.L_y,Wrist.L_z,Neck_x,Neck_y,Neck_z,Head_x,Head_y,Head_z,Nose_x,Nose_y,Nose_z,Eye.L_x,Eye.L_y,Eye.L_z,Eye.R_x,Eye.R_y,Eye.R_z,Ear.L_x,Ear.L_y,Ear.L_z,Ear.R_x,Ear.R_y,Ear.R_z,hip.Center_x,hip.Center_y,hip.Center_z
0,0.28486753,-0.6469047,0.08839396,0.18389642,-0.16645251,0.089490496,0.012734618,0.25214225,0.1086425,-0.022494365,0.2879225,-0.14820147,0.04914697,-0.12605049,-0.33664578,-0.3850802,-0.35782793,-0.32211387,0.1209421,0.2093631,0.3696863,-0.051728588,0.43224925,0.31835228,-0.032948922,0.7041773,0.18073104,-0.048383556,0.72338325,-0.12919101,-0.045070063,0.46506315,-0.29034036,0.14212197,0.26342398,-0.36230573,-0.015699025,0.7772757,0.028111722,0.09039361,0.9763369,0.048050802,0.16007164,0.8360363,0.037831455,0.1481258,0.89022285,0.008876918,0.14195576,0.884419,0.075756595,0.058957025,0.91997755,-0.03631692,0.045176387,0.9064548,0.11280111,-0.0048798732459545135,0.2700323760509491,-0.01977948099374771
