frame,Ankle.R_x,Ankle.R_y,Ankle.R_z,Knee.R_x,Knee.R_y,Knee.R_z,Hip.R_x,Hip.R_y,Hip.R_z,Hip.L_x,Hip.L_y,Hip.L_z,Knee.L_x,Knee.L_y,Knee.L_z,Ankle.L_x,Ankle.L_y,Ankle.L_z,Wrist.R_x,Wrist.R_y,Wrist.R_z,Elbow.R_x,Elbow.R_y,Elbow.R_z,Shoulder.R_x,Shoulder.R_y,Shoulder.R_z,Shoulder.L_x,Shoulder.L_y,Shoulder.L_z,Elbow.L_x,Elbow.L_y,Elbow.L_z,Wrist.L_x,Wrist.L_y,Wrist.L_z,Neck_x,Neck_y,Neck_z,Head_x,Head_y,Head_z,Nose_x,Nose_y,Nose_z,Eye.L_x,Eye.L_y,Eye.L_z,Eye.R_x,Eye.R_y,Eye.R_z,Ear.L_x,Ear.L_y,Ear.L_z,Ear.R_x,Ear.R_y,Ear.R_z,hip.Center_x,hip.Center_y,hip.Center_z
0,-0.40410134,-0.07503507,-0.38609445,-0.116946444,-0.2206109,-0.052874506,-0.10478295,0.2456015,0.061511822,0.09773511,0.28620908,-0.09833608,0.2138752,-0.13607138,0.011706149,0.22375043,-0.60754627,-0.103604466,0.078390315,0.13662602,0.28881827,-0.092537545,0.36081988,0.25447047,-0.0590679,0.6571111,0.22715549,0.083953224,0.73224217,-0.033399414,0.012565122,0.5293967,-0.24126813,0.026889,0.27720752,-0.3653451,0.041956972,0.7582039,0.12712815,0.1170918,0.9572243,0.21195462,0.19685923,0.82380736,0.23228915,0.19390278,0.88022393,0.20103168,0.15942407,0.8694239,0.2584801,0.13187948,0.90426874,0.12178372,0.05420255,0.88111496,0.2493209,-0.0035239197313785553,0.2659052908420563,-0.01841212809085846
