frame,Ankle.R_x,Ankle.R_y,Ankle.R_z,Knee.R_x,Knee.R_y,Knee.R_z,Hip.R_x,Hip.R_y,Hip.R_z,Hip.L_x,Hip.L_y,Hip.L_z,Knee.L_x,Knee.L_y,Knee.L_z,Ankle.L_x,Ankle.L_y,Ankle.L_z,Wrist.R_x,Wrist.R_y,Wrist.R_z,Elbow.R_x,Elbow.R_y,Elbow.R_z,Shoulder.R_x,Shoulder.R_y,Shoulder.R_z,Shoulder.L_x,Shoulder.L_y,Shoulder.L_z,Elbow.L_x,Elbow.L_y,Elbow.L_z,Wrist.L_x,Wrist.L_y,Wrist.L_z,Neck_x,Neck_y,Neck_z,Head_x,Head_y,Head_z,Nose_x,Nose_y,Nose_z,Eye.L_x,Eye.L_y,Eye.L_z,Eye.R_x,Eye.R_y,Eye.R_z,Ear.L_x,Ear.L_y,Ear.L_z,Ear.R_x,Ear.R_y,Ear.R_z,hip.Center_x,hip.Center_y,hip.Center_z
0,0.18246907,-0.5544852,-0.034903284,0.17562953,-0.10815088,0.0661839,-0.0437733,0.2702045,0.104426116,0.02783292,0.31629524,-0.13861592,0.09662139,-0.114768855,-0.24074756,-0.27163383,-0.26432166,-0.4755513,0.05758067,0.27657357,0.25643614,-0.14198741,0.4549615,0.2867778,-0.008977874,0.7153188,0.23040363,0.08013573,0.7774421,-0.07466599,0.0025179656,0.57873243,-0.28031072,0.12063291,0.34638423,-0.22076637,0.07346022,0.8091519,0.096863724,0.16772991,1.0146625,0.15220964,0.2569329,0.8837519,0.14230761,0.23934796,0.9392567,0.11468372,0.227166,0.9269425,0.18023093,0.15236041,0.96093035,0.058533326,0.122383386,0.93302983,0.20914598,-0.007970190607011318,0.29324987530708313,-0.01709490269422531
