frame,Ankle.R_x,Ankle.R_y,Ankle.R_z,Knee.R_x,Knee.R_y,Knee.R_z,Hip.R_x,Hip.R_y,Hip.R_z,Hip.L_x,Hip.L_y,Hip.L_z,Knee.L_x,Knee.L_y,Knee.L_z,Ankle.L_x,Ankle.L_y,Ankle.L_z,Wrist.R_x,Wrist.R_y,Wrist.R_z,Elbow.R_x,Elbow.R_y,Elbow.R_z,Shoulder.R_x,Shoulder.R_y,Shoulder.R_z,Shoulder.L_x,Shoulder.L_y,Shoulder.L_z,Elbow.L_x,Elbow.L_y,Elbow.L_z,Wrist.L_x,Wrist.L_y,Wrist.L_z,Neck_x,Neck_y,Neck_z,Head_x,Head_y,Head_z,Nose_x,Nose_y,Nose_z,Eye.L_x,Eye.L_y,Eye.L_z,Eye.R_x,Eye.R_y,Eye.R_z,Ear.L_x,Ear.L_y,Ear.L_z,Ear.R_x,Ear.R_y,Ear.R_z,hip.Center_x,hip.Center_y,hip.Center_z
0,-0.30285937,-0.5708554,-0.31925574,-0.15231967,-0.19762482,-0.039740965,-0.10737938,0.2510658,0.054416254,0.10105313,0.26916975,-0.09347495,0.2691827,-0.13305025,0.013029137,0.15190662,-0.5213775,-0.2569636,-0.033013143,0.23131703,0.35744008,-0.19076295,0.3733606,0.17948449,-0.088530585,0.6537861,0.17454271,0.11856971,0.69718766,-0.038257718,0.06287573,0.4782197,-0.23073265,0.15249774,0.2195124,-0.26273575,0.043896407,0.73731256,0.103465706,0.1099722,0.93082666,0.19483133,0.16404328,0.79410076,0.24520004,0.17712334,0.846861,0.21309295,0.12509525,0.8437907,0.25569358,0.14774789,0.8706249,0.11789791,0.03166825,0.8640685,0.21191901,-0.0031631216406822205,0.260117769241333,-0.019529346376657486
