frame,Ankle.R_x,Ankle.R_y,Ankle.R_z,Knee.R_x,Knee.R_y,Knee.R_z,Hip.R_x,Hip.R_y,Hip.R_z,Hip.L_x,Hip.L_y,Hip.L_z,Knee.L_x,Knee.L_y,Knee.L_z,Ankle.L_x,Ankle.L_y,Ankle.L_z,Wrist.R_x,Wrist.R_y,Wrist.R_z,Elbow.R_x,Elbow.R_y,Elbow.R_z,Shoulder.R_x,Shoulder.R_y,Shoulder.R_z,Shoulder.L_x,Shoulder.L_y,Shoulder.L_z,Elbow.L_x,Elbow.L_y,Elbow.L_z,Wrist.L_x,Wrist.L_y,Wrist.L_z,Neck_x,Neck_y,Neck_z,Head_x,Head_y,Head_z,Nose_x,Nose_y,Nose_z,Eye.L_x,Eye.L_y,Eye.L_z,Eye.R_x,Eye.R_y,Eye.R_z,Ear.L_x,Ear.L_y,Ear.L_z,Ear.R_x,Ear.R_y,Ear.R_z,hip.Center_x,hip.Center_y,hip.Center_z
0,-0.1435587,-0.31503382,-0.10338165,0.17692761,-0.10320405,0.086861506,-0.06245193,0.26943558,0.09859583,0.04072572,0.3203839,-0.12998934,0.17723653,-0.09532466,-0.16207054,-0.13058798,-0.31002957,-0.39210248,-0.37512302,0.32961625,0.090350494,-0.2514817,0.55265605,0.160528,-0.029734371,0.72332454,0.22535601,0.12512441,0.7755964,-0.035728667,0.07925345,0.60789657,-0.26324236,0.25355497,0.4163572,-0.28354305,0.095353246,0.80206555,0.12953073,0.20623459,0.98650515,0.22331329,0.28281045,0.8491671,0.19508004,0.2721849,0.9100653,0.1761476,0.256155,0.88893336,0.23853739,0.19019073,0.9497248,0.124056466,0.15100709,0.9019921,0.26554763,-0.010863104835152626,0.2949097454547882,-0.015696756541728973
