frame,Ankle.R_x,Ankle.R_y,Ankle.R_z,Knee.R_x,Knee.R_y,Knee.R_z,Hip.R_x,Hip.R_y,Hip.R_z,Hip.L_x,Hip.L_y,Hip.L_z,Knee.L_x,Knee.L_y,Knee.L_z,Ankle.L_x,Ankle.L_y,Ankle.L_z,Wrist.R_x,Wrist.R_y,Wrist.R_z,Elbow.R_x,Elbow.R_y,Elbow.R_z,Shoulder.R_x,Shoulder.R_y,Shoulder.R_z,Shoulder.L_x,Shoulder.L_y,Shoulder.L_z,Elbow.L_x,Elbow.L_y,Elbow.L_z,Wrist.L_x,Wrist.L_y,Wrist.L_z,Neck_x,Neck_y,Neck_z,Head_x,Head_y,Head_z,Nose_x,Nose_y,Nose_z,Eye.L_x,Eye.L_y,Eye.L_z,Eye.R_x,Eye.R_y,Eye.R_z,Ear.L_x,Ear.L_y,Ear.L_z,Ear.R_x,Ear.R_y,Ear.R_z,hip.Center_x,hip.Center_y,hip.Center_z
0,0.10762049,-0.46962392,0.115149654,0.124474704,-0.051800996,0.15875246,-0.072258204,0.2950192,0.08316268,0.058270562,0.32031664,-0.11331136,-0.047233906,-0.057112593,-0.25280303,-0.3719209,-0.19936866,-0.5036068,-0.53432095,0.54293305,0.055315938,-0.3428681,0.7126543,0.07618156,-0.093870625,0.8242903,0.134443,0.14813727,0.8189858,-0.040006023,0.3323149,0.6803104,-0.18324886,0.5375442,0.6663578,-0.036270924,0.05558145,0.86255383,0.08576581,0.13435884,1.0466487,0.19290318,0.20582354,0.9048414,0.2121891,0.20665774,0.9637097,0.18547198,0.16457948,0.95049274,0.23600484,0.15890741,0.9986577,0.09811533,0.057737432,0.9686945,0.21611367,-0.006993820890784264,0.30766791105270386,-0.015074338763952255
