frame,Ankle.R_x,Ankle.R_y,Ankle.R_z,Knee.R_x,Knee.R_y,Knee.R_z,Hip.R_x,Hip.R_y,Hip.R_z,Hip.L_x,Hip.L_y,Hip.L_z,Knee.L_x,Knee.L_y,Knee.L_z,Ankle.L_x,Ankle.L_y,Ankle.L_z,Wrist.R_x,Wrist.R_y,Wrist.R_z,Elbow.R_x,Elbow.R_y,Elbow.R_z,Shoulder.R_x,Shoulder.R_y,Shoulder.R_z,Shoulder.L_x,Shoulder.L_y,Shoulder.L_z,Elbow.L_x,Elbow.L_y,Elbow.L_z,Wrist.L_x,Wrist.L_y,Wrist.L_z,Neck_x,Neck_y,Neck_z,Head_x,Head_y,Head_z,Nose_x,Nose_y,Nose_z,Eye.L_x,Eye.L_y,Eye.L_z,Eye.R_x,Eye.R_y,Eye.R_z,Ear.L_x,Ear.L_y,Ear.L_z,Ear.R_x,Ear.R_y,Ear.R_z,hip.Center_x,hip.Center_y,hip.Center_z
0,0.28600246,-0.64657766,0.084628314,0.18514536,-0.16613717,0.08815621,0.013015093,0.25208873,0.10863371,-0.022784019,0.28802443,-0.14811973,0.04756158,-0.12633564,-0.33634582,-0.38615397,-0.35919836,-0.32092178,0.1213268,0.2092879,0.36937767,-0.05127174,0.43231493,0.31843528,-0.03268992,0.7042873,0.18088438,-0.0485834,0.72337055,-0.12906638,-0.04476952,0.46494377,-0.29007763,0.14266343,0.26359698,-0.36227566,-0.015722813,0.7773839,0.02821406,0.09032947,0.97651666,0.04818352,0.16001187,0.8362249,0.037874144,0.14806034,0.89043045,0.00894958,0.14189933,0.88458467,0.0758278,0.058875933,0.92020494,-0.03622633,0.04512565,0.90659654,0.112889625,-0.004884462803602219,0.2700565755367279,-0.01974301040172577
