frame,Ankle.R_x,Ankle.R_y,Ankle.R_z,Knee.R_x,Knee.R_y,Knee.R_z,Hip.R_x,Hip.R_y,Hip.R_z,Hip.L_x,Hip.L_y,Hip.L_z,Knee.L_x,Knee.L_y,Knee.L_z,Ankle.L_x,Ankle.L_y,Ankle.L_z,Wrist.R_x,Wrist.R_y,Wrist.R_z,Elbow.R_x,Elbow.R_y,Elbow.R_z,Shoulder.R_x,Shoulder.R_y,Shoulder.R_z,Shoulder.L_x,Shoulder.L_y,Shoulder.L_z,Elbow.L_x,Elbow.L_y,Elbow.L_z,Wrist.L_x,Wrist.L_y,Wrist.L_z,Neck_x,Neck_y,Neck_z,Head_x,Head_y,Head_z,Nose_x,Nose_y,Nose_z,Eye.L_x,Eye.L_y,Eye.L_z,Eye.R_x,Eye.R_y,Eye.R_z,Ear.L_x,Ear.L_y,Ear.L_z,Ear.R_x,Ear.R_y,Ear.R_z,hip.Center_x,hip.Center_y,hip.Center_z
0,0.3524454,-0.5415507,0.06931034,0.17486626,-0.11868986,0.08662659,-0.038102146,0.25023192,0.10520458,0.02647923,0.3178096,-0.13452332,0.023689272,-0.058368985,-0.3645556,-0.40688342,0.016413203,-0.5189387,-0.17015824,0.22808276,0.2125048,-0.23923004,0.4913909,0.23506747,-0.025850091,0.69487464,0.24926671,0.0905245,0.75297385,-0.03803026,0.042181607,0.5411518,-0.240093,0.21538143,0.33390477,-0.23145919,0.07655501,0.77839255,0.12923533,0.19988431,0.95759195,0.20053753,0.26641536,0.8193831,0.1580736,0.254843,0.87968266,0.1423895,0.24949875,0.8585943,0.20602815,0.16702512,0.92107713,0.1053973,0.15168609,0.8742067,0.25047153,-0.005811458453536034,0.2840207815170288,-0.014659367501735687
