frame,Ankle.R_x,Ankle.R_y,Ankle.R_z,Knee.R_x,Knee.R_y,Knee.R_z,Hip.R_x,Hip.R_y,Hip.R_z,Hip.L_x,Hip.L_y,Hip.L_z,Knee.L_x,Knee.L_y,Knee.L_z,Ankle.L_x,Ankle.L_y,Ankle.L_z,Wrist.R_x,Wrist.R_y,Wrist.R_z,Elbow.R_x,Elbow.R_y,Elbow.R_z,Shoulder.R_x,Shoulder.R_y,Shoulder.R_z,Shoulder.L_x,Shoulder.L_y,Shoulder.L_z,Elbow.L_x,Elbow.L_y,Elbow.L_z,Wrist.L_x,Wrist.L_y,Wrist.L_z,Neck_x,Neck_y,Neck_z,Head_x,Head_y,Head_z,Nose_x,Nose_y,Nose_z,Eye.L_x,Eye.L_y,Eye.L_z,Eye.R_x,Eye.R_y,Eye.R_z,Ear.L_x,Ear.L_y,Ear.L_z,Ear.R_x,Ear.R_y,Ear.R_z,hip.Center_x,hip.Center_y,hip.Center_z
0,0.03874776,-0.23199731,-0.19155458,0.25581187,0.015177621,0.06981982,-0.065885805,0.28886527,0.1025455,0.019929107,0.36580905,-0.13065685,0.26007947,0.014659988,-0.11757359,0.04878281,-0.19897941,-0.4238555,-0.13215376,0.23307002,0.18793939,-0.1140271,0.49502778,0.24865018,0.052210942,0.7293942,0.2867035,0.14336967,0.8207201,-0.021742601,0.028783802,0.6248086,-0.20489204,0.015425981,0.37232614,-0.29760927,0.15099178,0.84182465,0.16202217,0.2696224,1.0486063,0.24153176,0.34917122,0.91378915,0.20330209,0.33011878,0.97520936,0.1848193,0.32428503,0.9535844,0.2504099,0.23647141,1.0104942,0.14043659,0.2205884,0.959991,0.29602554,-0.022978348657488823,0.3273371458053589,-0.014055676758289337
