frame,Ankle.R_x,Ankle.R_y,Ankle.R_z,Knee.R_x,Knee.R_y,Knee.R_z,Hip.R_x,Hip.R_y,Hip.R_z,Hip.L_x,Hip.L_y,Hip.L_z,Knee.L_x,Knee.L_y,Knee.L_z,Ankle.L_x,Ankle.L_y,Ankle.L_z,Wrist.R_x,Wrist.R_y,Wrist.R_z,Elbow.R_x,Elbow.R_y,Elbow.R_z,Shoulder.R_x,Shoulder.R_y,Shoulder.R_z,Shoulder.L_x,Shoulder.L_y,Shoulder.L_z,Elbow.L_x,Elbow.L_y,Elbow.L_z,Wrist.L_x,Wrist.L_y,Wrist.L_z,Neck_x,Neck_y,Neck_z,Head_x,Head_y,Head_z,Nose_x,Nose_y,Nose_z,Eye.L_x,Eye.L_y,Eye.L_z,Eye.R_x,Eye.R_y,Eye.R_z,Ear.L_x,Ear.L_y,Ear.L_z,Ear.R_x,Ear.R_y,Ear.R_z,hip.Center_x,hip.Center_y,hip.Center_z
0,0.17407514,-0.54984045,-0.04219025,0.12019704,-0.11889461,0.05709425,-0.063322075,0.26596054,0.09486495,0.050482046,0.32909527,-0.12160266,0.058898255,-0.069687106,-0.29163638,-0.24074298,-0.16785762,-0.61839765,-0.13746971,0.31768388,0.11450054,-0.27478233,0.5329662,0.17629045,-0.06484778,0.71229863,0.26005417,0.099247485,0.7886607,-0.001122809,0.020177571,0.61101604,-0.21380262,0.115197696,0.40283963,-0.08979275,0.06102929,0.80475736,0.1664455,0.16055188,0.9898568,0.2679492,0.24179187,0.8546525,0.24374829,0.23078063,0.91536725,0.22504647,0.21073768,0.89319485,0.28555176,0.15285802,0.9533354,0.16519524,0.10360351,0.9037432,0.3048804,-0.006420014426112175,0.29752790927886963,-0.01336885616183281
