frame,Ankle.R_x,Ankle.R_y,Ankle.R_z,Knee.R_x,Knee.R_y,Knee.R_z,Hip.R_x,Hip.R_y,Hip.R_z,Hip.L_x,Hip.L_y,Hip.L_z,Knee.L_x,Knee.L_y,Knee.L_z,Ankle.L_x,Ankle.L_y,Ankle.L_z,Wrist.R_x,Wrist.R_y,Wrist.R_z,Elbow.R_x,Elbow.R_y,Elbow.R_z,Shoulder.R_x,Shoulder.R_y,Shoulder.R_z,Shoulder.L_x,Shoulder.L_y,Shoulder.L_z,Elbow.L_x,Elbow.L_y,Elbow.L_z,Wrist.L_x,Wrist.L_y,Wrist.L_z,Neck_x,Neck_y,Neck_z,Head_x,Head_y,Head_z,Nose_x,Nose_y,Nose_z,Eye.L_x,Eye.L_y,Eye.L_z,Eye.R_x,Eye.R_y,Eye.R_z,Ear.L_x,Ear.L_y,Ear.L_z,Ear.R_x,Ear.R_y,Ear.R_z,hip.Center_x,hip.Center_y,hip.Center_z
0,0.014042122,-0.38796523,0.004766019,0.19838408,-0.033521224,0.15634716,-0.081484064,0.27944657,0.08047886,0.06747622,0.29361266,-0.11717174,-0.023400122,-0.12420724,-0.16540886,-0.3070042,-0.3754073,-0.39556658,-0.45891523,0.41518313,0.037826,-0.31087327,0.6240727,0.0751819,-0.07481305,0.75888306,0.14777716,0.17616463,0.7422362,-0.032808386,0.29901925,0.52103543,-0.1501843,0.50859964,0.49937215,-0.011986898,0.08049628,0.7998275,0.096386164,0.15885028,0.9725209,0.22053362,0.21006787,0.82456815,0.24059954,0.2227239,0.8827945,0.21869907,0.17283486,0.87198997,0.26192197,0.19109929,0.92681706,0.12987792,0.07626225,0.9034332,0.22795281,-0.007003922015428543,0.2865296006202698,-0.01834644004702568
