frame,Ankle.R_x,Ankle.R_y,Ankle.R_z,Knee.R_x,Knee.R_y,Knee.R_z,Hip.R_x,Hip.R_y,Hip.R_z,Hip.L_x,Hip.L_y,Hip.L_z,Knee.L_x,Knee.L_y,Knee.L_z,Ankle.L_x,Ankle.L_y,Ankle.L_z,Wrist.R_x,Wrist.R_y,Wrist.R_z,Elbow.R_x,Elbow.R_y,Elbow.R_z,Shoulder.R_x,Shoulder.R_y,Shoulder.R_z,Shoulder.L_x,Shoulder.L_y,Shoulder.L_z,Elbow.L_x,Elbow.L_y,Elbow.L_z,Wrist.L_x,Wrist.L_y,Wrist.L_z,Neck_x,Neck_y,Neck_z,Head_x,Head_y,Head_z,Nose_x,Nose_y,Nose_z,Eye.L_x,Eye.L_y,Eye.L_z,Eye.R_x,Eye.R_y,Eye.R_z,Ear.L_x,Ear.L_y,Ear.L_z,Ear.R_x,Ear.R_y,Ear.R_z,hip.Center_x,hip.Center_y,hip.Center_z
0,0.106044255,-0.57517916,-0.1472275,0.15804197,-0.14333387,0.020403849,-0.01286578,0.2595501,0.11099793,0.0041255774,0.3195229,-0.13916644,0.04145171,-0.100548595,-0.2963857,-0.34496593,-0.31623846,-0.4635731,0.010109762,0.16984637,0.3074058,-0.046081234,0.44295284,0.30805403,0.037835553,0.71906066,0.22590414,0.04039486,0.7614718,-0.091720946,0.029731758,0.5077911,-0.24849229,0.2412117,0.34140548,-0.2991124,0.07100026,0.81202817,0.074522436,0.16562194,1.0261016,0.11343612,0.2514366,0.8968462,0.08051594,0.22912855,0.9533594,0.05945286,0.229887,0.93828756,0.12542517,0.13251969,0.9760679,0.02314453,0.13304532,0.9423292,0.17361654,-0.004370101261883974,0.2895364761352539,-0.014084257185459137
