frame,Ankle.R_x,Ankle.R_y,Ankle.R_z,Knee.R_x,Knee.R_y,Knee.R_z,Hip.R_x,Hip.R_y,Hip.R_z,Hip.L_x,Hip.L_y,Hip.L_z,Knee.L_x,Knee.L_y,Knee.L_z,Ankle.L_x,Ankle.L_y,Ankle.L_z,Wrist.R_x,Wrist.R_y,Wrist.R_z,Elbow.R_x,Elbow.R_y,Elbow.R_z,Shoulder.R_x,Shoulder.R_y,Shoulder.R_z,Shoulder.L_x,Shoulder.L_y,Shoulder.L_z,Elbow.L_x,Elbow.L_y,Elbow.L_z,Wrist.L_x,Wrist.L_y,Wrist.L_z,Neck_x,Neck_y,Neck_z,Head_x,Head_y,Head_z,Nose_x,Nose_y,Nose_z,Eye.L_x,Eye.L_y,Eye.L_z,Eye.R_x,Eye.R_y,Eye.R_z,Ear.L_x,Ear.L_y,Ear.L_z,Ear.R_x,Ear.R_y,Ear.R_z,hip.Center_x,hip.Center_y,hip.Center_z
0,-0.6770866,-0.1968585,-0.07329358,-0.22085722,-0.15378903,0.0150895165,-0.015913324,0.24130076,0.11140488,0.007978336,0.29720265,-0.13276564,0.35292894,0.14674293,-0.09812613,0.27284336,-0.24857973,-0.30280715,0.3742631,0.19962569,0.19276802,0.19226053,0.3838,0.28261536,0.19002244,0.652974,0.17495444,0.12579526,0.6861998,-0.118787125,-0.0034001982,0.46723005,-0.26673466,0.058130123,0.2439337,-0.40780574,0.19238818,0.7301284,0.021842923,0.25678828,0.93478495,0.014154686,0.35075665,0.82826287,-0.04886102,0.30863476,0.8753135,-0.060600538,0.34083223,0.86878043,-0.0010496005,0.20789872,0.8708985,-0.050248023,0.27695805,0.85599923,0.08183114,-0.003967494238168001,0.2692517042160034,-0.01068037748336792
