frame,Ankle.R_x,Ankle.R_y,Ankle.R_z,Knee.R_x,Knee.R_y,Knee.R_z,Hip.R_x,Hip.R_y,Hip.R_z,Hip.L_x,Hip.L_y,Hip.L_z,Knee.L_x,Knee.L_y,Knee.L_z,Ankle.L_x,Ankle.L_y,Ankle.L_z,Wrist.R_x,Wrist.R_y,Wrist.R_z,Elbow.R_x,Elbow.R_y,Elbow.R_z,Shoulder.R_x,Shoulder.R_y,Shoulder.R_z,Shoulder.L_x,Shoulder.L_y,Shoulder.L_z,Elbow.L_x,Elbow.L_y,Elbow.L_z,Wrist.L_x,Wrist.L_y,Wrist.L_z,Neck_x,Neck_y,Neck_z,Head_x,Head_y,Head_z,Nose_x,Nose_y,Nose_z,Eye.L_x,Eye.L_y,Eye.L_z,Eye.R_x,Eye.R_y,Eye.R_z,Ear.L_x,Ear.L_y,Ear.L_z,Ear.R_x,Ear.R_y,Ear.R_z,hip.Center_x,hip.Center_y,hip.Center_z
0,0.1488328,-0.6352666,-0.057647925,0.13259327,-0.17113274,0.082114086,-0.07214778,0.2385152,0.09102399,0.0626701,0.28783914,-0.1315835,0.15263525,-0.17151669,-0.18514186,-0.15938984,-0.3441075,-0.5161036,-0.119725786,0.11438944,0.27081668,-0.19584838,0.38074195,0.21650846,-0.09147862,0.66177446,0.20265199,0.050921723,0.72458637,-0.06486792,0.02187694,0.4891736,-0.24666984,0.095854536,0.23277792,-0.3303138,0.008928148,0.75824314,0.09468479,0.07937835,0.962216,0.16439599,0.16807067,0.8334312,0.17464666,0.15795958,0.88785106,0.14391597,0.13270009,0.87658846,0.20528711,0.08475218,0.907894,0.07431553,0.027018681,0.8829036,0.21050523,-0.004738841205835342,0.26317715644836426,-0.02027975395321846
