frame,Ankle.R_x,Ankle.R_y,Ankle.R_z,Knee.R_x,Knee.R_y,Knee.R_z,Hip.R_x,Hip.R_y,Hip.R_z,Hip.L_x,Hip.L_y,Hip.L_z,Knee.L_x,Knee.L_y,Knee.L_z,Ankle.L_x,Ankle.L_y,Ankle.L_z,Wrist.R_x,Wrist.R_y,Wrist.R_z,Elbow.R_x,Elbow.R_y,Elbow.R_z,Shoulder.R_x,Shoulder.R_y,Shoulder.R_z,Shoulder.L_x,Shoulder.L_y,Shoulder.L_z,Elbow.L_x,Elbow.L_y,Elbow.L_z,Wrist.L_x,Wrist.L_y,Wrist.L_z,Neck_x,Neck_y,Neck_z,Head_x,Head_y,Head_z,Nose_x,Nose_y,Nose_z,Eye.L_x,Eye.L_y,Eye.L_z,Eye.R_x,Eye.R_y,Eye.R_z,Ear.L_x,Ear.L_y,Ear.L_z,Ear.R_x,Ear.R_y,Ear.R_z,hip.Center_x,hip.Center_y,hip.Center_z
0,-0.557938,-0.28649986,-0.06608262,-0.095511414,-0.21561569,0.024566239,-0.025813408,0.24223599,0.10677701,0.02430624,0.28034833,-0.14503588,0.24076009,-0.108432055,-0.13216951,0.39379507,-0.5634811,-0.18857333,0.13401598,0.17298187,0.27995187,-0.026143564,0.40405098,0.28882223,0.010580322,0.68206745,0.18560985,-0.029033326,0.7289357,-0.10785963,-0.17059696,0.51057434,-0.25383863,-0.14284761,0.28561378,-0.41597813,0.02610923,0.76850414,0.038146354,0.120834805,0.9723415,0.03636314,0.19550353,0.8438511,-0.013302587,0.16557676,0.8977196,-0.0303948,0.19045976,0.8889648,0.031840727,0.06498286,0.91481054,-0.029703662,0.11819058,0.89594877,0.10903367,-0.0007535843178629875,0.26129215955734253,-0.0191294327378273
