frame,Ankle.R_x,Ankle.R_y,Ankle.R_z,Knee.R_x,Knee.R_y,Knee.R_z,Hip.R_x,Hip.R_y,Hip.R_z,Hip.L_x,Hip.L_y,Hip.L_z,Knee.L_x,Knee.L_y,Knee.L_z,Ankle.L_x,Ankle.L_y,Ankle.L_z,Wrist.R_x,Wrist.R_y,Wrist.R_z,Elbow.R_x,Elbow.R_y,Elbow.R_z,Shoulder.R_x,Shoulder.R_y,Shoulder.R_z,Shoulder.L_x,Shoulder.L_y,Shoulder.L_z,Elbow.L_x,Elbow.L_y,Elbow.L_z,Wrist.L_x,Wrist.L_y,Wrist.L_z,Neck_x,Neck_y,Neck_z,Head_x,Head_y,Head_z,Nose_x,Nose_y,Nose_z,Eye.L_x,Eye.L_y,Eye.L_z,Eye.R_x,Eye.R_y,Eye.R_z,Ear.L_x,Ear.L_y,Ear.L_z,Ear.R_x,Ear.R_y,Ear.R_z,hip.Center_x,hip.Center_y,hip.Center_z
0,-0.28426936,-0.5123378,-0.035054773,-0.0014884718,-0.16609827,0.024867792,-0.020231543,0.27438918,0.11055617,0.0057042344,0.3098045,-0.14384192,0.25393552,-0.019523924,-0.17857708,-0.08351484,-0.28708947,-0.26183772,0.1322072,0.29768872,0.33799225,0.053008262,0.5483517,0.37187877,0.22395445,0.6824241,0.18245608,0.22786748,0.6988567,-0.12984172,0.078978315,0.58955795,-0.3566715,0.13847572,0.37334386,-0.49795222,0.27884987,0.7271626,0.024935028,0.40744618,0.90067446,0.036618005,0.4758498,0.7695537,-0.022728419,0.44973373,0.82611066,-0.03613052,0.47069103,0.80952466,0.026737405,0.3487131,0.854064,-0.039660506,0.3933038,0.8144434,0.10460149,-0.007263654377311468,0.2920968532562256,-0.016642875969409943
