frame,Ankle.R_x,Ankle.R_y,Ankle.R_z,Knee.R_x,Knee.R_y,Knee.R_z,Hip.R_x,Hip.R_y,Hip.R_z,Hip.L_x,Hip.L_y,Hip.L_z,Knee.L_x,Knee.L_y,Knee.L_z,Ankle.L_x,Ankle.L_y,Ankle.L_z,Wrist.R_x,Wrist.R_y,Wrist.R_z,Elbow.R_x,Elbow.R_y,Elbow.R_z,Shoulder.R_x,Shoulder.R_y,Shoulder.R_z,Shoulder.L_x,Shoulder.L_y,Shoulder.L_z,Elbow.L_x,Elbow.L_y,Elbow.L_z,Wrist.L_x,Wrist.L_y,Wrist.L_z,Neck_x,Neck_y,Neck_z,Head_x,Head_y,Head_z,Nose_x,Nose_y,Nose_z,Eye.L_x,Eye.L_y,Eye.L_z,Eye.R_x,Eye.R_y,Eye.R_z,Ear.L_x,Ear.L_y,Ear.L_z,Ear.R_x,Ear.R_y,Ear.R_z,hip.Center_x,hip.Center_y,hip.Center_z
0,-0.5166603,-0.114959985,-0.16283529,-0.123730816,-0.20199978,0.034433294,-0.05584447,0.24740708,0.09586047,0.050697852,0.28259626,-0.12871481,0.26712146,-0.076519884,-0.05056092,0.42849645,-0.5091527,-0.10309919,0.29685733,0.29646468,0.13411465,0.09350185,0.39491975,0.282425,0.069366224,0.669442,0.18950512,0.010320604,0.7368726,-0.085027054,-0.22928758,0.60376257,-0.16158,-0.27575895,0.3631698,-0.26748198,0.08266659,0.7552626,0.047894813,0.2164884,0.9323428,0.029791078,0.25168312,0.7922926,-0.026767954,0.23142934,0.85098904,-0.040531695,0.26418188,0.8368523,0.01657889,0.13973448,0.8894272,-0.023036301,0.21016933,0.8585204,0.104775086,-0.0025733094662427902,0.26500165462493896,-0.0164271742105484
