frame,Ankle.R_x,Ankle.R_y,Ankle.R_z,Knee.R_x,Knee.R_y,Knee.R_z,Hip.R_x,Hip.R_y,Hip.R_z,Hip.L_x,Hip.L_y,Hip.L_z,Knee.L_x,Knee.L_y,Knee.L_z,Ankle.L_x,Ankle.L_y,Ankle.L_z,Wrist.R_x,Wrist.R_y,Wrist.R_z,Elbow.R_x,Elbow.R_y,Elbow.R_z,Shoulder.R_x,Shoulder.R_y,Shoulder.R_z,Shoulder.L_x,Shoulder.L_y,Shoulder.L_z,Elbow.L_x,Elbow.L_y,Elbow.L_z,Wrist.L_x,Wrist.L_y,Wrist.L_z,Neck_x,Neck_y,Neck_z,Head_x,Head_y,Head_z,Nose_x,Nose_y,Nose_z,Eye.L_x,Eye.L_y,Eye.L_z,Eye.R_x,Eye.R_y,Eye.R_z,Ear.L_x,Ear.L_y,Ear.L_z,Ear.R_x,Ear.R_y,Ear.R_z,hip.Center_x,hip.Center_y,hip.Center_z
0,-0.18930265,-0.61323535,-0.06936987,0.035418738,-0.20032,0.015935296,-0.018307105,0.2507765,0.109306745,0.0042399033,0.28806362,-0.14824748,0.31877297,-0.018749364,-0.18290651,-0.00724509,-0.34094262,-0.22675116,-0.089498244,0.1439734,0.2798273,-0.10949727,0.4194035,0.24041906,-0.0026826775,0.6871751,0.17749777,0.03685562,0.7146832,-0.12616575,-0.0034216456,0.45801023,-0.2673924,0.12244576,0.22460186,-0.34339517,0.049831323,0.76898015,0.035766512,0.12626962,0.97694325,0.08103731,0.2155123,0.84968436,0.09173888,0.20424113,0.90261173,0.060014404,0.18098772,0.8936943,0.12239955,0.12803406,0.92039025,-0.007928718,0.07659721,0.89958924,0.13134688,-0.0070336004719138145,0.2694200575351715,-0.019470367580652237
