frame,Ankle.R_x,Ankle.R_y,Ankle.R_z,Knee.R_x,Knee.R_y,Knee.R_z,Hip.R_x,Hip.R_y,Hip.R_z,Hip.L_x,Hip.L_y,Hip.L_z,Knee.L_x,Knee.L_y,Knee.L_z,Ankle.L_x,Ankle.L_y,Ankle.L_z,Wrist.R_x,Wrist.R_y,Wrist.R_z,Elbow.R_x,Elbow.R_y,Elbow.R_z,Shoulder.R_x,Shoulder.R_y,Shoulder.R_z,Shoulder.L_x,Shoulder.L_y,Shoulder.L_z,Elbow.L_x,Elbow.L_y,Elbow.L_z,Wrist.L_x,Wrist.L_y,Wrist.L_z,Neck_x,Neck_y,Neck_z,Head_x,Head_y,Head_z,Nose_x,Nose_y,Nose_z,Eye.L_x,Eye.L_y,Eye.L_z,Eye.R_x,Eye.R_y,Eye.R_z,Ear.L_x,Ear.L_y,Ear.L_z,Ear.R_x,Ear.R_y,Ear.R_z,hip.Center_x,hip.Center_y,hip.Center_z
0,-0.53994954,-0.09726341,-0.116794534,-0.13716228,-0.19644271,0.043799162,-0.06498881,0.24802867,0.09123482,0.056931738,0.27433568,-0.12558433,0.29462975,-0.060462207,-0.040505234,0.5134415,-0.46559635,-0.058908537,0.2445114,0.3877101,0.2509639,-0.0073195715,0.448668,0.31219554,0.02381268,0.68788314,0.15709159,0.028894644,0.7300633,-0.11547514,-0.21976721,0.6532647,-0.21834673,-0.3210143,0.44624957,-0.35028264,0.073112264,0.74869,0.022183312,0.21754089,0.90808403,0.04765398,0.26357144,0.7601285,0.037863016,0.26093853,0.81594324,0.008260622,0.25408575,0.8107185,0.07480186,0.17972727,0.8588685,-0.035117157,0.1636846,0.84763753,0.112301454,-0.0040285345166921616,0.26118218898773193,-0.01717475801706314
