frame,Ankle.R_x,Ankle.R_y,Ankle.R_z,Knee.R_x,Knee.R_y,Knee.R_z,Hip.R_x,Hip.R_y,Hip.R_z,Hip.L_x,Hip.L_y,Hip.L_z,Knee.L_x,Knee.L_y,Knee.L_z,Ankle.L_x,Ankle.L_y,Ankle.L_z,Wrist.R_x,Wrist.R_y,Wrist.R_z,Elbow.R_x,Elbow.R_y,Elbow.R_z,Shoulder.R_x,Shoulder.R_y,Shoulder.R_z,Shoulder.L_x,Shoulder.L_y,Shoulder.L_z,Elbow.L_x,Elbow.L_y,Elbow.L_z,Wrist.L_x,Wrist.L_y,Wrist.L_z,Neck_x,Neck_y,Neck_z,Head_x,Head_y,Head_z,Nose_x,Nose_y,Nose_z,Eye.L_x,Eye.L_y,Eye.L_z,Eye.R_x,Eye.R_y,Eye.R_z,Ear.L_x,Ear.L_y,Ear.L_z,Ear.R_x,Ear.R_y,Ear.R_z,hip.Center_x,hip.Center_y,hip.Center_z
0,0.13442685,-0.40913236,0.1132925,0.23248248,0.0029719719,0.17714766,-0.06659825,0.26845026,0.08810231,0.054403767,0.28758067,-0.124009386,-0.10812107,-0.074670754,-0.23517816,-0.4398955,-0.24090281,-0.4800625,-0.5064298,0.49091792,0.12544635,-0.35508445,0.69096136,0.083033346,-0.09565829,0.77239555,0.115653306,0.13766806,0.7539896,-0.05536499,0.3256497,0.58670187,-0.15898898,0.44991603,0.5558403,0.0565664,0.04307139,0.79951686,0.062092446,0.10348062,0.9689642,0.17400362,0.16740194,0.82778275,0.202809,0.17570269,0.88505733,0.17897439,0.12591568,0.8719704,0.22119069,0.14264046,0.921541,0.08842355,0.02940058,0.8927383,0.18346454,-0.00609724223613739,0.27801546454429626,-0.0179535374045372
