frame,Ankle.R_x,Ankle.R_y,Ankle.R_z,Knee.R_x,Knee.R_y,Knee.R_z,Hip.R_x,Hip.R_y,Hip.R_z,Hip.L_x,Hip.L_y,Hip.L_z,Knee.L_x,Knee.L_y,Knee.L_z,Ankle.L_x,Ankle.L_y,Ankle.L_z,Wrist.R_x,Wrist.R_y,Wrist.R_z,Elbow.R_x,Elbow.R_y,Elbow.R_z,Shoulder.R_x,Shoulder.R_y,Shoulder.R_z,Shoulder.L_x,Shoulder.L_y,Shoulder.L_z,Elbow.L_x,Elbow.L_y,Elbow.L_z,Wrist.L_x,Wrist.L_y,Wrist.L_z,Neck_x,Neck_y,Neck_z,Head_x,Head_y,Head_z,Nose_x,Nose_y,Nose_z,Eye.L_x,Eye.L_y,Eye.L_z,Eye.R_x,Eye.R_y,Eye.R_z,Ear.L_x,Ear.L_y,Ear.L_z,Ear.R_x,Ear.R_y,Ear.R_z,hip.Center_x,hip.Center_y,hip.Center_z
0,0.28091156,-0.525815,0.06407232,0.11170941,-0.11379859,0.09881883,-0.089739546,0.262649,0.07673879,0.07534032,0.317456,-0.106734075,0.041712247,-0.061793514,-0.32198742,-0.2767697,0.002003035,-0.6434301,-0.2737148,0.34142822,0.096816935,-0.3163846,0.604578,0.10234539,-0.09479148,0.738182,0.22624615,0.15106918,0.7556299,0.028721768,0.19298734,0.55115634,-0.1755291,0.33831874,0.35001302,-0.08497227,0.060111534,0.7931924,0.1719935,0.1195971,0.97570485,0.28714854,0.16404776,0.83153665,0.33955088,0.18214266,0.88704485,0.31321454,0.1225359,0.88109034,0.3442642,0.17528705,0.9176224,0.2116981,0.0372111,0.9054978,0.2827051,-0.0071996115148067474,0.29005250334739685,-0.014997642487287521
