frame,Ankle.R_x,Ankle.R_y,Ankle.R_z,Knee.R_x,Knee.R_y,Knee.R_z,Hip.R_x,Hip.R_y,Hip.R_z,Hip.L_x,Hip.L_y,Hip.L_z,Knee.L_x,Knee.L_y,Knee.L_z,Ankle.L_x,Ankle.L_y,Ankle.L_z,Wrist.R_x,Wrist.R_y,Wrist.R_z,Elbow.R_x,Elbow.R_y,Elbow.R_z,Shoulder.R_x,Shoulder.R_y,Shoulder.R_z,Shoulder.L_x,Shoulder.L_y,Shoulder.L_z,Elbow.L_x,Elbow.L_y,Elbow.L_z,Wrist.L_x,Wrist.L_y,Wrist.L_z,Neck_x,Neck_y,Neck_z,Head_x,Head_y,Head_z,Nose_x,Nose_y,Nose_z,Eye.L_x,Eye.L_y,Eye.L_z,Eye.R_x,Eye.R_y,Eye.R_z,Ear.L_x,Ear.L_y,Ear.L_z,Ear.R_x,Ear.R_y,Ear.R_z,hip.Center_x,hip.Center_y,hip.Center_z
0,0.016821515,-0.381265,-0.067024685,0.23422724,-0.0282228,-0.029751958,0.00023339875,0.26641843,0.11202823,-0.024825884,0.31887302,-0.12791584,0.20595986,0.0031089035,-0.18114363,-0.004004389,-0.3359301,-0.32283968,0.1462389,0.16965638,0.20437892,0.13874242,0.41200596,0.2855665,0.2812694,0.6138375,0.17700157,0.24778745,0.68167764,-0.12076284,0.08287997,0.5376694,-0.28773782,0.09909296,0.3137918,-0.4057769,0.3146783,0.690925,0.030872088,0.41588178,0.86878014,0.08017031,0.5062244,0.7523625,0.029391263,0.48127228,0.80898625,0.01620366,0.48376808,0.7846338,0.07883337,0.38447136,0.8316499,-0.015977386,0.3917145,0.77640736,0.12821805,-0.012296242639422417,0.29264572262763977,-0.007943805307149887
