frame,Ankle.R_x,Ankle.R_y,Ankle.R_z,Knee.R_x,Knee.R_y,Knee.R_z,Hip.R_x,Hip.R_y,Hip.R_z,Hip.L_x,Hip.L_y,Hip.L_z,Knee.L_x,Knee.L_y,Knee.L_z,Ankle.L_x,Ankle.L_y,Ankle.L_z,Wrist.R_x,Wrist.R_y,Wrist.R_z,Elbow.R_x,Elbow.R_y,Elbow.R_z,Shoulder.R_x,Shoulder.R_y,Shoulder.R_z,Shoulder.L_x,Shoulder.L_y,Shoulder.L_z,Elbow.L_x,Elbow.L_y,Elbow.L_z,Wrist.L_x,Wrist.L_y,Wrist.L_z,Neck_x,Neck_y,Neck_z,Head_x,Head_y,Head_z,Nose_x,Nose_y,Nose_z,Eye.L_x,Eye.L_y,Eye.L_z,Eye.R_x,Eye.R_y,Eye.R_z,Ear.L_x,Ear.L_y,Ear.L_z,Ear.R_x,Ear.R_y,Ear.R_z,hip.Center_x,hip.Center_y,hip.Center_z
0,-0.4040829,-0.07505055,-0.3861303,-0.116944596,-0.22060278,-0.052890293,-0.10478724,0.24560371,0.06150671,0.09773963,0.28620827,-0.098327644,0.2138569,-0.13608842,0.011666042,0.22374897,-0.60755134,-0.10367176,0.0783556,0.13666058,0.28883448,-0.09256528,0.3608544,0.25447112,-0.0590821,0.6571393,0.22712238,0.083957024,0.7322357,-0.033434205,0.012605369,0.5293689,-0.24129586,0.026937075,0.27718177,-0.36537352,0.041948337,0.75821954,0.12708808,0.11706572,0.95725214,0.21190117,0.19684449,0.82384384,0.23224671,0.19388375,0.88025796,0.20098546,0.15940502,0.8694587,0.2584337,0.13186009,0.9042915,0.12173443,0.05418264,0.8811399,0.2492712,-0.003523804247379303,0.2659059762954712,-0.018410466611385345
