frame,Ankle.R_x,Ankle.R_y,Ankle.R_z,Knee.R_x,Knee.R_y,Knee.R_z,Hip.R_x,Hip.R_y,Hip.R_z,Hip.L_x,Hip.L_y,Hip.L_z,Knee.L_x,Knee.L_y,Knee.L_z,Ankle.L_x,Ankle.L_y,Ankle.L_z,Wrist.R_x,Wrist.R_y,Wrist.R_z,Elbow.R_x,Elbow.R_y,Elbow.R_z,Shoulder.R_x,Shoulder.R_y,Shoulder.R_z,Shoulder.L_x,Shoulder.L_y,Shoulder.L_z,Elbow.L_x,Elbow.L_y,Elbow.L_z,Wrist.L_x,Wrist.L_y,Wrist.L_z,Neck_x,Neck_y,Neck_z,Head_x,Head_y,Head_z,Nose_x,Nose_y,Nose_z,Eye.L_x,Eye.L_y,Eye.L_z,Eye.R_x,Eye.R_y,Eye.R_z,Ear.L_x,Ear.L_y,Ear.L_z,Ear.R_x,Ear.R_y,Ear.R_z,hip.Center_x,hip.Center_y,hip.Center_z
0,-0.14468646,-0.3151603,-0.10334424,0.17604586,-0.10371345,0.08653883,-0.062393405,0.26944607,0.098622486,0.040504508,0.32058057,-0.12996888,0.18016899,-0.09370142,-0.1618983,-0.1281044,-0.30666143,-0.39205915,-0.3741456,0.329441,0.09121074,-0.25083104,0.5527408,0.1605879,-0.029284585,0.7234523,0.2253336,0.12511542,0.775653,-0.035881124,0.0783992,0.6085671,-0.263483,0.25276795,0.41728133,-0.28386125,0.09566769,0.80207276,0.12935944,0.20678541,0.98640954,0.22293144,0.28319642,0.84897876,0.19475237,0.27263597,0.90986955,0.17578948,0.25658613,0.8887934,0.23819098,0.19068614,0.9496084,0.12369855,0.15146114,0.9019811,0.2652248,-0.010944448411464691,0.29501330852508545,-0.0156731978058815
