frame,Ankle.R_x,Ankle.R_y,Ankle.R_z,Knee.R_x,Knee.R_y,Knee.R_z,Hip.R_x,Hip.R_y,Hip.R_z,Hip.L_x,Hip.L_y,Hip.L_z,Knee.L_x,Knee.L_y,Knee.L_z,Ankle.L_x,Ankle.L_y,Ankle.L_z,Wrist.R_x,Wrist.R_y,Wrist.R_z,Elbow.R_x,Elbow.R_y,Elbow.R_z,Shoulder.R_x,Shoulder.R_y,Shoulder.R_z,Shoulder.L_x,Shoulder.L_y,Shoulder.L_z,Elbow.L_x,Elbow.L_y,Elbow.L_z,Wrist.L_x,Wrist.L_y,Wrist.L_z,Neck_x,Neck_y,Neck_z,Head_x,Head_y,Head_z,Nose_x,Nose_y,Nose_z,Eye.L_x,Eye.L_y,Eye.L_z,Eye.R_x,Eye.R_y,Eye.R_z,Ear.L_x,Ear.L_y,Ear.L_z,Ear.R_x,Ear.R_y,Ear.R_z,hip.Center_x,hip.Center_y,hip.Center_z
0,-0.62998503,-0.26341665,0.0011801319,-0.21297508,-0.1251075,0.07664016,-0.061231047,0.26225758,0.08936931,0.05299811,0.28176582,-0.12168104,0.3074389,-0.011447162,-0.123241976,0.4653237,-0.3917639,-0.29501203,-0.22546922,0.4434031,0.38733295,-0.27226746,0.61514825,0.20169184,-0.03741402,0.7360996,0.13768712,0.13028753,0.7267869,-0.0814915,0.20326713,0.5020042,-0.20923603,0.24996375,0.34295833,-0.0125615215,0.07642533,0.7630861,0.05212517,0.2006336,0.8908105,0.16311163,0.21982422,0.73631215,0.15625688,0.24227285,0.79137933,0.14003706,0.19823824,0.7860182,0.18915544,0.20831168,0.8535631,0.066431925,0.10980829,0.84128743,0.17756942,-0.004116468131542206,0.2720116972923279,-0.016155865043401718
