frame,Ankle.R_x,Ankle.R_y,Ankle.R_z,Knee.R_x,Knee.R_y,Knee.R_z,Hip.R_x,Hip.R_y,Hip.R_z,Hip.L_x,Hip.L_y,Hip.L_z,Knee.L_x,Knee.L_y,Knee.L_z,Ankle.L_x,Ankle.L_y,Ankle.L_z,Wrist.R_x,Wrist.R_y,Wrist.R_z,Elbow.R_x,Elbow.R_y,Elbow.R_z,Shoulder.R_x,Shoulder.R_y,Shoulder.R_z,Shoulder.L_x,Shoulder.L_y,Shoulder.L_z,Elbow.L_x,Elbow.L_y,Elbow.L_z,Wrist.L_x,Wrist.L_y,Wrist.L_z,Neck_x,Neck_y,Neck_z,Head_x,Head_y,Head_z,Nose_x,Nose_y,Nose_z,Eye.L_x,Eye.L_y,Eye.L_z,Eye.R_x,Eye.R_y,Eye.R_z,Ear.L_x,Ear.L_y,Ear.L_z,Ear.R_x,Ear.R_y,Ear.R_z,hip.Center_x,hip.Center_y,hip.Center_z
0,-0.41173518,-0.37024945,0.0661373,-0.04470034,-0.13987194,0.17135897,-0.07051387,0.28797337,0.08432239,0.059345327,0.29798824,-0.12679645,0.22596946,-0.09492391,-0.16276745,-0.13766392,-0.26762974,-0.33907038,-0.45634565,0.38137755,0.08382732,-0.32552454,0.6132165,0.10118952,-0.07814804,0.76097536,0.13369681,0.15578875,0.7491954,-0.07546272,0.3093915,0.52918124,-0.16495904,0.45153046,0.61929303,0.030410549,0.06699275,0.8112606,0.058809377,0.13332091,1.0095974,0.14711732,0.19839701,0.87287664,0.19465399,0.20576465,0.9269011,0.16275406,0.15616927,0.92083853,0.20725237,0.17106874,0.9493978,0.0668236,0.056680452,0.93604666,0.16783911,-0.005584269762039185,0.29298079013824463,-0.021237030625343323
