frame,Ankle.R_x,Ankle.R_y,Ankle.R_z,Knee.R_x,Knee.R_y,Knee.R_z,Hip.R_x,Hip.R_y,Hip.R_z,Hip.L_x,Hip.L_y,Hip.L_z,Knee.L_x,Knee.L_y,Knee.L_z,Ankle.L_x,Ankle.L_y,Ankle.L_z,Wrist.R_x,Wrist.R_y,Wrist.R_z,Elbow.R_x,Elbow.R_y,Elbow.R_z,Shoulder.R_x,Shoulder.R_y,Shoulder.R_z,Shoulder.L_x,Shoulder.L_y,Shoulder.L_z,Elbow.L_x,Elbow.L_y,Elbow.L_z,Wrist.L_x,Wrist.L_y,Wrist.L_z,Neck_x,Neck_y,Neck_z,Head_x,Head_y,Head_z,Nose_x,Nose_y,Nose_z,Eye.L_x,Eye.L_y,Eye.L_z,Eye.R_x,Eye.R_y,Eye.R_z,Ear.L_x,Ear.L_y,Ear.L_z,Ear.R_x,Ear.R_y,Ear.R_z,hip.Center_x,hip.Center_y,hip.Center_z
0,0.27025014,-0.46756068,0.07220602,0.2650743,-0.014337574,0.09100629,-0.05085694,0.26927817,0.1044893,0.014587708,0.29699868,-0.13780145,0.26655608,-0.039702598,-0.11097156,0.20901342,-0.4552244,-0.29855755,-0.18835409,0.48485616,0.42086008,-0.104041055,0.6513077,0.23636486,0.17696697,0.6690185,0.18651962,0.2812094,0.6216755,-0.09584368,0.06495562,0.5490688,-0.2659403,-0.03458492,0.3092479,-0.23356116,0.29494524,0.66514647,0.06267865,0.4519791,0.8070494,0.08493831,0.482868,0.6626861,0.13539517,0.49359977,0.706696,0.090585604,0.4667342,0.7223144,0.15027758,0.43433502,0.7326275,0.009221777,0.37370062,0.76935375,0.14595069,-0.018134616315364838,0.2831384241580963,-0.01665607839822769
