frame,Ankle.R_x,Ankle.R_y,Ankle.R_z,Knee.R_x,Knee.R_y,Knee.R_z,Hip.R_x,Hip.R_y,Hip.R_z,Hip.L_x,Hip.L_y,Hip.L_z,Knee.L_x,Knee.L_y,Knee.L_z,Ankle.L_x,Ankle.L_y,Ankle.L_z,Wrist.R_x,Wrist.R_y,Wrist.R_z,Elbow.R_x,Elbow.R_y,Elbow.R_z,Shoulder.R_x,Shoulder.R_y,Shoulder.R_z,Shoulder.L_x,Shoulder.L_y,Shoulder.L_z,Elbow.L_x,Elbow.L_y,Elbow.L_z,Wrist.L_x,Wrist.L_y,Wrist.L_z,Neck_x,Neck_y,Neck_z,Head_x,Head_y,Head_z,Nose_x,Nose_y,Nose_z,Eye.L_x,Eye.L_y,Eye.L_z,Eye.R_x,Eye.R_y,Eye.R_z,Ear.L_x,Ear.L_y,Ear.L_z,Ear.R_x,Ear.R_y,Ear.R_z,hip.Center_x,hip.Center_y,hip.Center_z
0,-0.03183837,-0.37104723,-0.04554968,0.21584387,-0.05787924,0.10921079,-0.054901697,0.28023732,0.09923545,0.03871049,0.3029371,-0.13259706,0.04501316,-0.13017432,-0.20008953,-0.33825463,-0.25427407,-0.383409,-0.3600893,0.31346908,0.14902209,-0.23147148,0.543538,0.16154887,-0.029441249,0.7472112,0.16489194,0.16594353,0.74741423,-0.08536579,0.28473824,0.52162486,-0.2074394,0.49026406,0.53158844,-0.05324309,0.100648254,0.80923706,0.06244965,0.17855814,1.0149142,0.12998396,0.26370162,0.8831836,0.15511116,0.25709596,0.9376823,0.12152681,0.22471794,0.9284792,0.17979679,0.19248585,0.95696354,0.041115087,0.11721425,0.93653214,0.17289212,-0.008095603436231613,0.2915872037410736,-0.016680803149938583
