frame,Ankle.R_x,Ankle.R_y,Ankle.R_z,Knee.R_x,Knee.R_y,Knee.R_z,Hip.R_x,Hip.R_y,Hip.R_z,Hip.L_x,Hip.L_y,Hip.L_z,Knee.L_x,Knee.L_y,Knee.L_z,Ankle.L_x,Ankle.L_y,Ankle.L_z,Wrist.R_x,Wrist.R_y,Wrist.R_z,Elbow.R_x,Elbow.R_y,Elbow.R_z,Shoulder.R_x,Shoulder.R_y,Shoulder.R_z,Shoulder.L_x,Shoulder.L_y,Shoulder.L_z,Elbow.L_x,Elbow.L_y,Elbow.L_z,Wrist.L_x,Wrist.L_y,Wrist.L_z,Neck_x,Neck_y,Neck_z,Head_x,Head_y,Head_z,Nose_x,Nose_y,Nose_z,Eye.L_x,Eye.L_y,Eye.L_z,Eye.R_x,Eye.R_y,Eye.R_z,Ear.L_x,Ear.L_y,Ear.L_z,Ear.R_x,Ear.R_y,Ear.R_z,hip.Center_x,hip.Center_y,hip.Center_z
0,-0.37006882,-0.38892415,-0.319116,-0.0698484,-0.18875135,-0.025775595,-0.056946248,0.24990539,0.10031055,0.03231657,0.32730153,-0.13368201,0.39246386,0.14171776,-0.09910109,0.1103591,-0.18783706,-0.17090696,0.21745889,0.35929447,0.2731543,-0.052448414,0.3682281,0.2656731,-0.03833011,0.66775715,0.26013038,-0.009246772,0.775148,-0.031399425,-0.14917424,0.5914166,-0.21907063,0.038222216,0.4493765,-0.34698573,0.0091170035,0.79202825,0.13735685,0.102283716,1.0044788,0.1986648,0.18780242,0.87225866,0.18237427,0.17130275,0.928519,0.1563312,0.1610631,0.91504836,0.22260329,0.082654014,0.9548316,0.10567859,0.056598067,0.92302555,0.25553602,-0.012314839288592339,0.28860345482826233,-0.01668573170900345
