frame,Ankle.R_x,Ankle.R_y,Ankle.R_z,Knee.R_x,Knee.R_y,Knee.R_z,Hip.R_x,Hip.R_y,Hip.R_z,Hip.L_x,Hip.L_y,Hip.L_z,Knee.L_x,Knee.L_y,Knee.L_z,Ankle.L_x,Ankle.L_y,Ankle.L_z,Wrist.R_x,Wrist.R_y,Wrist.R_z,Elbow.R_x,Elbow.R_y,Elbow.R_z,Shoulder.R_x,Shoulder.R_y,Shoulder.R_z,Shoulder.L_x,Shoulder.L_y,Shoulder.L_z,Elbow.L_x,Elbow.L_y,Elbow.L_z,Wrist.L_x,Wrist.L_y,Wrist.L_z,Neck_x,Neck_y,Neck_z,Head_x,Head_y,Head_z,Nose_x,Nose_y,Nose_z,Eye.L_x,Eye.L_y,Eye.L_z,Eye.R_x,Eye.R_y,Eye.R_z,Ear.L_x,Ear.L_y,Ear.L_z,Ear.R_x,Ear.R_y,Ear.R_z,hip.Center_x,hip.Center_y,hip.Center_z
0,-0.26296717,-0.31348783,-0.2323491,0.055452686,-0.19000874,0.0753223,-0.07505137,0.26439166,0.09433703,0.03784919,0.32475987,-0.14155006,0.39382613,0.17729965,-0.015485546,0.042645425,-0.0106531065,-0.1845501,0.18217559,0.29579544,0.35304096,-0.059374645,0.40985334,0.27410138,-0.020115701,0.70765716,0.22291647,0.047788497,0.77492857,-0.086170696,-0.07503484,0.564414,-0.26599348,0.07761817,0.35296592,-0.35660318,0.052141923,0.8124476,0.088690475,0.16926248,1.0151806,0.16055606,0.22956418,0.8683161,0.1633845,0.22917242,0.925869,0.13343559,0.2025256,0.9176154,0.19660066,0.15900005,0.96603155,0.06332112,0.09651297,0.9462762,0.2075445,-0.018601087853312492,0.2945757508277893,-0.023606516420841217
