frame,Ankle.R_x,Ankle.R_y,Ankle.R_z,Knee.R_x,Knee.R_y,Knee.R_z,Hip.R_x,Hip.R_y,Hip.R_z,Hip.L_x,Hip.L_y,Hip.L_z,Knee.L_x,Knee.L_y,Knee.L_z,Ankle.L_x,Ankle.L_y,Ankle.L_z,Wrist.R_x,Wrist.R_y,Wrist.R_z,Elbow.R_x,Elbow.R_y,Elbow.R_z,Shoulder.R_x,Shoulder.R_y,Shoulder.R_z,Shoulder.L_x,Shoulder.L_y,Shoulder.L_z,Elbow.L_x,Elbow.L_y,Elbow.L_z,Wrist.L_x,Wrist.L_y,Wrist.L_z,Neck_x,Neck_y,Neck_z,Head_x,Head_y,Head_z,Nose_x,Nose_y,Nose_z,Eye.L_x,Eye.L_y,Eye.L_z,Eye.R_x,Eye.R_y,Eye.R_z,Ear.L_x,Ear.L_y,Ear.L_z,Ear.R_x,Ear.R_y,Ear.R_z,hip.Center_x,hip.Center_y,hip.Center_z
0,-0.09029761,-0.47199368,0.34487322,0.04844858,-0.074939616,0.23701288,-0.06619948,0.27018368,0.08703265,0.06076864,0.29970542,-0.11964746,-0.01611595,-0.016565377,-0.35404631,-0.31547153,-0.07401684,-0.68845147,-0.4597013,0.5174382,0.15058146,-0.32691145,0.7388393,0.099820726,-0.05572007,0.78780454,0.14286259,0.120867886,0.7655222,-0.06321369,0.098698005,0.61456263,-0.29361582,0.24362846,0.44375825,-0.17024049,0.07035908,0.80567336,0.075673185,0.14107971,0.98250234,0.16313837,0.1936251,0.8433043,0.22142717,0.20722225,0.89552677,0.1892881,0.15299794,0.89350796,0.22811633,0.18464163,0.91683257,0.08976685,0.060903944,0.9135107,0.17857732,-0.002715419977903366,0.2849445343017578,-0.016307402402162552
