frame,Ankle.R_x,Ankle.R_y,Ankle.R_z,Knee.R_x,Knee.R_y,Knee.R_z,Hip.R_x,Hip.R_y,Hip.R_z,Hip.L_x,Hip.L_y,Hip.L_z,Knee.L_x,Knee.L_y,Knee.L_z,Ankle.L_x,Ankle.L_y,Ankle.L_z,Wrist.R_x,Wrist.R_y,Wrist.R_z,Elbow.R_x,Elbow.R_y,Elbow.R_z,Shoulder.R_x,Shoulder.R_y,Shoulder.R_z,Shoulder.L_x,Shoulder.L_y,Shoulder.L_z,Elbow.L_x,Elbow.L_y,Elbow.L_z,Wrist.L_x,Wrist.L_y,Wrist.L_z,Neck_x,Neck_y,Neck_z,Head_x,Head_y,Head_z,Nose_x,Nose_y,Nose_z,Eye.L_x,Eye.L_y,Eye.L_z,Eye.R_x,Eye.R_y,Eye.R_z,Ear.L_x,Ear.L_y,Ear.L_z,Ear.R_x,Ear.R_y,Ear.R_z,hip.Center_x,hip.Center_y,hip.Center_z
0,-0.64306134,-0.19030778,-0.28902838,-0.2684788,-0.08956935,-0.060153823,-0.09117598,0.26315665,0.06949211,0.08160778,0.29694295,-0.09597485,0.32953584,0.0030283597,-0.056225576,0.45298296,-0.38811,-0.23908532,-0.123029746,0.52296555,0.3253751,-0.26019627,0.54895043,0.11589748,-0.073435046,0.7358365,0.1621277,0.16435236,0.7350644,0.0065850653,0.25426668,0.49172327,0.025302723,0.19678593,0.6080263,0.24457353,0.06523945,0.7746568,0.116114736,0.13690038,0.89502287,0.28141814,0.16499375,0.7422003,0.26381305,0.1892482,0.79952943,0.2642259,0.1296733,0.7878434,0.29153436,0.18398088,0.87134075,0.18944237,0.049091592,0.8447913,0.25239462,-0.004784099757671356,0.28004980087280273,-0.013241369277238846
