frame,Ankle.R_x,Ankle.R_y,Ankle.R_z,Knee.R_x,Knee.R_y,Knee.R_z,Hip.R_x,Hip.R_y,Hip.R_z,Hip.L_x,Hip.L_y,Hip.L_z,Knee.L_x,Knee.L_y,Knee.L_z,Ankle.L_x,Ankle.L_y,Ankle.L_z,Wrist.R_x,Wrist.R_y,Wrist.R_z,Elbow.R_x,Elbow.R_y,Elbow.R_z,Shoulder.R_x,Shoulder.R_y,Shoulder.R_z,Shoulder.L_x,Shoulder.L_y,Shoulder.L_z,Elbow.L_x,Elbow.L_y,Elbow.L_z,Wrist.L_x,Wrist.L_y,Wrist.L_z,Neck_x,Neck_y,Neck_z,Head_x,Head_y,Head_z,Nose_x,Nose_y,Nose_z,Eye.L_x,Eye.L_y,Eye.L_z,Eye.R_x,Eye.R_y,Eye.R_z,Ear.L_x,Ear.L_y,Ear.L_z,Ear.R_x,Ear.R_y,Ear.R_z,hip.Center_x,hip.Center_y,hip.Center_z
0,0.31961495,-0.481202,0.16182047,0.15361579,-0.07485689,0.14601326,-0.07592623,0.25591934,0.084290914,0.068929754,0.29984576,-0.11683151,-0.08168425,-0.02854076,-0.3371903,-0.4352277,0.055698372,-0.6117901,-0.46573165,0.43108964,0.10626905,-0.32656997,0.6531276,0.11519006,-0.072525986,0.73739016,0.20566735,0.16659391,0.7394327,0.028121091,0.26683456,0.5584951,-0.16272858,0.41907534,0.45836076,0.016093781,0.07299624,0.77552986,0.1590056,0.11388055,0.95374435,0.2665574,0.15280163,0.8141681,0.33166245,0.1737186,0.86815035,0.3065551,0.111004725,0.8624603,0.32919732,0.17888147,0.8934763,0.20507883,0.036974903,0.8819811,0.25697327,-0.003498237580060959,0.27788254618644714,-0.01627029851078987
