frame,Ankle.R_x,Ankle.R_y,Ankle.R_z,Knee.R_x,Knee.R_y,Knee.R_z,Hip.R_x,Hip.R_y,Hip.R_z,Hip.L_x,Hip.L_y,Hip.L_z,Knee.L_x,Knee.L_y,Knee.L_z,Ankle.L_x,Ankle.L_y,Ankle.L_z,Wrist.R_x,Wrist.R_y,Wrist.R_z,Elbow.R_x,Elbow.R_y,Elbow.R_z,Shoulder.R_x,Shoulder.R_y,Shoulder.R_z,Shoulder.L_x,Shoulder.L_y,Shoulder.L_z,Elbow.L_x,Elbow.L_y,Elbow.L_z,Wrist.L_x,Wrist.L_y,Wrist.L_z,Neck_x,Neck_y,Neck_z,Head_x,Head_y,Head_z,Nose_x,Nose_y,Nose_z,Eye.L_x,Eye.L_y,Eye.L_z,Eye.R_x,Eye.R_y,Eye.R_z,Ear.L_x,Ear.L_y,Ear.L_z,Ear.R_x,Ear.R_y,Ear.R_z,hip.Center_x,hip.Center_y,hip.Center_z
0,0.41682002,-0.42355517,0.180238,0.24504031,-0.022668263,0.15529604,-0.039897744,0.2492979,0.09918477,0.031140547,0.28742364,-0.13421912,-0.12844303,-0.061861683,-0.28360265,-0.5346488,-0.14594182,-0.47058177,-0.5128923,0.4931298,-0.007925383,-0.32692194,0.6434014,0.095763505,-0.06933369,0.7289533,0.15714672,0.13176261,0.7210673,-0.057283685,0.33648175,0.56618345,-0.15508828,0.4682266,0.65275,0.044576082,0.058414448,0.7679166,0.07304819,0.12266957,0.9552939,0.13972008,0.21270868,0.8286537,0.16499266,0.20584282,0.88206404,0.13374141,0.17310974,0.87094724,0.19017814,0.144014,0.8987651,0.055060327,0.06906867,0.8757366,0.18034746,-0.004378598183393478,0.26836076378822327,-0.017517179250717163
