frame,Ankle.R_x,Ankle.R_y,Ankle.R_z,Knee.R_x,Knee.R_y,Knee.R_z,Hip.R_x,Hip.R_y,Hip.R_z,Hip.L_x,Hip.L_y,Hip.L_z,Knee.L_x,Knee.L_y,Knee.L_z,Ankle.L_x,Ankle.L_y,Ankle.L_z,Wrist.R_x,Wrist.R_y,Wrist.R_z,Elbow.R_x,Elbow.R_y,Elbow.R_z,Shoulder.R_x,Shoulder.R_y,Shoulder.R_z,Shoulder.L_x,Shoulder.L_y,Shoulder.L_z,Elbow.L_x,Elbow.L_y,Elbow.L_z,Wrist.L_x,Wrist.L_y,Wrist.L_z,Neck_x,Neck_y,Neck_z,Head_x,Head_y,Head_z,Nose_x,Nose_y,Nose_z,Eye.L_x,Eye.L_y,Eye.L_z,Eye.R_x,Eye.R_y,Eye.R_z,Ear.L_x,Ear.L_y,Ear.L_z,Ear.R_x,Ear.R_y,Ear.R_z,hip.Center_x,hip.Center_y,hip.Center_z
0,-0.10213588,-0.4129898,0.50197315,0.09310919,-0.08764644,0.2488187,-0.02673769,0.2766709,0.10068157,0.013787328,0.2900936,-0.14243096,0.0738657,-0.052394323,-0.34630707,-0.26601294,-0.26421598,-0.58541334,0.002556965,0.5793846,0.28809807,-0.2529713,0.5508456,0.2459783,-0.089116044,0.7508426,0.12286241,0.028790813,0.75187784,-0.15318918,0.06729354,0.55115145,-0.35465366,0.24959315,0.5145489,-0.17092761,0.0015098797,0.798735,-0.004225906,0.09544197,0.9911429,0.022086231,0.17769797,0.85901463,0.051935256,0.16868651,0.907853,0.013406485,0.14504986,0.9095231,0.07596573,0.0940036,0.92071617,-0.058119107,0.03911385,0.9247138,0.08478212,-0.0064751808531582355,0.28338223695755005,-0.020874693989753723
