frame,Ankle.R_x,Ankle.R_y,Ankle.R_z,Knee.R_x,Knee.R_y,Knee.R_z,Hip.R_x,Hip.R_y,Hip.R_z,Hip.L_x,Hip.L_y,Hip.L_z,Knee.L_x,Knee.L_y,Knee.L_z,Ankle.L_x,Ankle.L_y,Ankle.L_z,Wrist.R_x,Wrist.R_y,Wrist.R_z,Elbow.R_x,Elbow.R_y,Elbow.R_z,Shoulder.R_x,Shoulder.R_y,Shoulder.R_z,Shoulder.L_x,Shoulder.L_y,Shoulder.L_z,Elbow.L_x,Elbow.L_y,Elbow.L_z,Wrist.L_x,Wrist.L_y,Wrist.L_z,Neck_x,Neck_y,Neck_z,Head_x,Head_y,Head_z,Nose_x,Nose_y,Nose_z,Eye.L_x,Eye.L_y,Eye.L_z,Eye.R_x,Eye.R_y,Eye.R_z,Ear.L_x,Ear.L_y,Ear.L_z,Ear.R_x,Ear.R_y,Ear.R_z,hip.Center_x,hip.Center_y,hip.Center_z
0,0.11884237,-0.5864915,-0.023474822,0.07402383,-0.14183299,0.06919611,-0.095306985,0.27063432,0.07146664,0.079414025,0.30942407,-0.106609866,0.15392758,-0.1245535,-0.1726383,-0.06508276,-0.30666032,-0.5343808,-0.23020467,0.2391075,0.08240514,-0.25995767,0.50669706,0.07655122,-0.09980689,0.7172859,0.1942336,0.14520702,0.7529583,-0.0047381455,0.15675524,0.5335133,-0.19474438,0.27420607,0.32812688,-0.07529065,0.053998794,0.7910147,0.1392525,0.12197309,0.9745019,0.25858238,0.16735312,0.82843435,0.30044335,0.18428041,0.88481367,0.27483788,0.12714365,0.8783095,0.31016946,0.16942461,0.9205586,0.17613776,0.037614148,0.90627867,0.25753275,-0.007946480065584183,0.2900291979312897,-0.01757161319255829
