frame,Ankle.R_x,Ankle.R_y,Ankle.R_z,Knee.R_x,Knee.R_y,Knee.R_z,Hip.R_x,Hip.R_y,Hip.R_z,Hip.L_x,Hip.L_y,Hip.L_z,Knee.L_x,Knee.L_y,Knee.L_z,Ankle.L_x,Ankle.L_y,Ankle.L_z,Wrist.R_x,Wrist.R_y,Wrist.R_z,Elbow.R_x,Elbow.R_y,Elbow.R_z,Shoulder.R_x,Shoulder.R_y,Shoulder.R_z,Shoulder.L_x,Shoulder.L_y,Shoulder.L_z,Elbow.L_x,Elbow.L_y,Elbow.L_z,Wrist.L_x,Wrist.L_y,Wrist.L_z,Neck_x,Neck_y,Neck_z,Head_x,Head_y,Head_z,Nose_x,Nose_y,Nose_z,Eye.L_x,Eye.L_y,Eye.L_z,Eye.R_x,Eye.R_y,Eye.R_z,Ear.L_x,Ear.L_y,Ear.L_z,Ear.R_x,Ear.R_y,Ear.R_z,hip.Center_x,hip.Center_y,hip.Center_z
0,-0.15147594,-0.4585781,0.5711676,0.024522513,-0.11563317,0.27653596,0.010612556,0.26720455,0.101933226,-0.024936438,0.26114202,-0.15220584,0.21711843,-0.030880645,-0.33250877,-0.004688584,-0.45465177,-0.37300554,0.0907208,0.19616623,0.27269864,-0.071829766,0.4240077,0.27232042,-0.017159076,0.6845934,0.13993025,-0.057322368,0.7129978,-0.15445983,-0.17169905,0.47871497,-0.29497153,-0.0689501,0.24392258,-0.39935926,-0.008263369,0.760779,-0.008848561,0.044285573,0.97054833,0.0014163126,0.14990062,0.86389923,-0.044463005,0.11234067,0.9107253,-0.062250327,0.13028437,0.90352976,0.0018975222,0.011415921,0.9067932,-0.074150145,0.04989995,0.8908012,0.068987414,-0.007161940913647413,0.2641732692718506,-0.025136306881904602
