frame,Ankle.R_x,Ankle.R_y,Ankle.R_z,Knee.R_x,Knee.R_y,Knee.R_z,Hip.R_x,Hip.R_y,Hip.R_z,Hip.L_x,Hip.L_y,Hip.L_z,Knee.L_x,Knee.L_y,Knee.L_z,Ankle.L_x,Ankle.L_y,Ankle.L_z,Wrist.R_x,Wrist.R_y,Wrist.R_z,Elbow.R_x,Elbow.R_y,Elbow.R_z,Shoulder.R_x,Shoulder.R_y,Shoulder.R_z,Shoulder.L_x,Shoulder.L_y,Shoulder.L_z,Elbow.L_x,Elbow.L_y,Elbow.L_z,Wrist.L_x,Wrist.L_y,Wrist.L_z,Neck_x,Neck_y,Neck_z,Head_x,Head_y,Head_z,Nose_x,Nose_y,Nose_z,Eye.L_x,Eye.L_y,Eye.L_z,Eye.R_x,Eye.R_y,Eye.R_z,Ear.L_x,Ear.L_y,Ear.L_z,Ear.R_x,Ear.R_y,Ear.R_z,hip.Center_x,hip.Center_y,hip.Center_z
0,-0.2659365,-0.32091367,-0.23343372,0.054414093,-0.18979862,0.06911514,-0.07268174,0.264479,0.09569363,0.035651468,0.32562256,-0.14189601,0.39224598,0.18230645,-0.018188415,0.043465976,-0.011438694,-0.18435088,0.20201622,0.2975841,0.34012645,-0.045151286,0.4069495,0.27375177,-0.014006557,0.7058785,0.22597337,0.044010576,0.7766002,-0.08431975,-0.08162852,0.56643444,-0.26233178,0.067739815,0.35716912,-0.36232385,0.05302488,0.81281066,0.09081964,0.17020847,1.0157459,0.16294436,0.23096149,0.86910063,0.16361208,0.23011327,0.9269282,0.13427155,0.20408809,0.9179518,0.19758086,0.15911639,0.9676211,0.06517068,0.09813279,0.94616103,0.20989203,-0.01851513609290123,0.29505079984664917,-0.023101188242435455
