frame,Ankle.R_x,Ankle.R_y,Ankle.R_z,Knee.R_x,Knee.R_y,Knee.R_z,Hip.R_x,Hip.R_y,Hip.R_z,Hip.L_x,Hip.L_y,Hip.L_z,Knee.L_x,Knee.L_y,Knee.L_z,Ankle.L_x,Ankle.L_y,Ankle.L_z,Wrist.R_x,Wrist.R_y,Wrist.R_z,Elbow.R_x,Elbow.R_y,Elbow.R_z,Shoulder.R_x,Shoulder.R_y,Shoulder.R_z,Shoulder.L_x,Shoulder.L_y,Shoulder.L_z,Elbow.L_x,Elbow.L_y,Elbow.L_z,Wrist.L_x,Wrist.L_y,Wrist.L_z,Neck_x,Neck_y,Neck_z,Head_x,Head_y,Head_z,Nose_x,Nose_y,Nose_z,Eye.L_x,Eye.L_y,Eye.L_z,Eye.R_x,Eye.R_y,Eye.R_z,Ear.L_x,Ear.L_y,Ear.L_z,Ear.R_x,Ear.R_y,Ear.R_z,hip.Center_x,hip.Center_y,hip.Center_z
0,-0.079486914,-0.6311615,-0.3218901,-0.024320621,-0.2105389,-0.07216215,-0.093903214,0.22875558,0.07427296,0.08137819,0.2923673,-0.10954033,0.3262286,-0.09313618,-0.03725108,0.097018816,-0.26327285,-0.41912085,-0.1368694,0.0839304,0.2690364,-0.1993253,0.3577087,0.21597685,-0.113107964,0.6460994,0.20784274,0.055394042,0.7135631,-0.04003737,0.025346585,0.48775858,-0.2341932,0.06086642,0.23365481,-0.35387456,8.5737556e-05,0.7417109,0.11563775,0.08524409,0.9287849,0.21043825,0.15032943,0.78785145,0.22243227,0.15360317,0.84483325,0.19534725,0.11664979,0.8340201,0.25061244,0.09716825,0.8813073,0.11839053,0.013990417,0.85681206,0.2396347,-0.0062625110149383545,0.26056143641471863,-0.01763368397951126
