frame,Ankle.R_x,Ankle.R_y,Ankle.R_z,Knee.R_x,Knee.R_y,Knee.R_z,Hip.R_x,Hip.R_y,Hip.R_z,Hip.L_x,Hip.L_y,Hip.L_z,Knee.L_x,Knee.L_y,Knee.L_z,Ankle.L_x,Ankle.L_y,Ankle.L_z,Wrist.R_x,Wrist.R_y,Wrist.R_z,Elbow.R_x,Elbow.R_y,Elbow.R_z,Shoulder.R_x,Shoulder.R_y,Shoulder.R_z,Shoulder.L_x,Shoulder.L_y,Shoulder.L_z,Elbow.L_x,Elbow.L_y,Elbow.L_z,Wrist.L_x,Wrist.L_y,Wrist.L_z,Neck_x,Neck_y,Neck_z,Head_x,Head_y,Head_z,Nose_x,Nose_y,Nose_z,Eye.L_x,Eye.L_y,Eye.L_z,Eye.R_x,Eye.R_y,Eye.R_z,Ear.L_x,Ear.L_y,Ear.L_z,Ear.R_x,Ear.R_y,Ear.R_z,hip.Center_x,hip.Center_y,hip.Center_z
0,-0.56883776,-0.2722954,-0.21776657,-0.1659239,-0.14540958,-0.023441227,-0.04194063,0.258688,0.103108734,0.01919672,0.3381736,-0.13205618,0.38234058,0.15483756,-0.14703497,0.19947961,-0.2389822,-0.26082626,0.21161038,0.4217281,0.20290968,-0.027042475,0.4055965,0.3335352,-0.035718728,0.69936603,0.27290213,-0.06412778,0.8142096,-0.015439218,-0.2694919,0.681482,-0.18103254,-0.18705872,0.46917135,-0.32891133,-0.010964499,0.8159329,0.14551947,0.12805858,0.9960539,0.21874359,0.1776589,0.8483048,0.19085719,0.17652085,0.90889424,0.17021747,0.15952109,0.89359266,0.23452556,0.099393606,0.96239924,0.11859807,0.05930583,0.92540795,0.26671314,-0.011371954344213009,0.29843080043792725,-0.014473721385002136
