frame,Ankle.R_x,Ankle.R_y,Ankle.R_z,Knee.R_x,Knee.R_y,Knee.R_z,Hip.R_x,Hip.R_y,Hip.R_z,Hip.L_x,Hip.L_y,Hip.L_z,Knee.L_x,Knee.L_y,Knee.L_z,Ankle.L_x,Ankle.L_y,Ankle.L_z,Wrist.R_x,Wrist.R_y,Wrist.R_z,Elbow.R_x,Elbow.R_y,Elbow.R_z,Shoulder.R_x,Shoulder.R_y,Shoulder.R_z,Shoulder.L_x,Shoulder.L_y,Shoulder.L_z,Elbow.L_x,Elbow.L_y,Elbow.L_z,Wrist.L_x,Wrist.L_y,Wrist.L_z,Neck_x,Neck_y,Neck_z,Head_x,Head_y,Head_z,Nose_x,Nose_y,Nose_z,Eye.L_x,Eye.L_y,Eye.L_z,Eye.R_x,Eye.R_y,Eye.R_z,Ear.L_x,Ear.L_y,Ear.L_z,Ear.R_x,Ear.R_y,Ear.R_z,hip.Center_x,hip.Center_y,hip.Center_z
0,-0.516423,-0.113290854,-0.16119342,-0.123615086,-0.2012852,0.03381297,-0.055139475,0.24747768,0.096117735,0.04998407,0.28237915,-0.12880357,0.2663486,-0.076016985,-0.051526204,0.42921293,-0.5072494,-0.10204852,0.2993747,0.2967757,0.12924373,0.09779788,0.39431578,0.27976224,0.072797045,0.6686655,0.1884251,0.011435846,0.7365693,-0.08505477,-0.22964236,0.60603154,-0.15926412,-0.2805319,0.36653084,-0.26462063,0.08492595,0.754444,0.046998017,0.21835053,0.9313018,0.028312558,0.2534315,0.7915603,-0.028922424,0.23299459,0.8502418,-0.04236418,0.26611835,0.83597326,0.014478892,0.14138168,0.8884566,-0.024178356,0.21265417,0.8572291,0.1030438,-0.002577701583504677,0.26492840051651,-0.01634291559457779
