frame,Ankle.R_x,Ankle.R_y,Ankle.R_z,Knee.R_x,Knee.R_y,Knee.R_z,Hip.R_x,Hip.R_y,Hip.R_z,Hip.L_x,Hip.L_y,Hip.L_z,Knee.L_x,Knee.L_y,Knee.L_z,Ankle.L_x,Ankle.L_y,Ankle.L_z,Wrist.R_x,Wrist.R_y,Wrist.R_z,Elbow.R_x,Elbow.R_y,Elbow.R_z,Shoulder.R_x,Shoulder.R_y,Shoulder.R_z,Shoulder.L_x,Shoulder.L_y,Shoulder.L_z,Elbow.L_x,Elbow.L_y,Elbow.L_z,Wrist.L_x,Wrist.L_y,Wrist.L_z,Neck_x,Neck_y,Neck_z,Head_x,Head_y,Head_z,Nose_x,Nose_y,Nose_z,Eye.L_x,Eye.L_y,Eye.L_z,Eye.R_x,Eye.R_y,Eye.R_z,Ear.L_x,Ear.L_y,Ear.L_z,Ear.R_x,Ear.R_y,Ear.R_z,hip.Center_x,hip.Center_y,hip.Center_z
0,0.014600402,-0.37318146,-0.053893346,0.24502468,-0.03776779,0.091183245,-0.061613828,0.26859087,0.0939272,0.05007479,0.29362622,-0.12977453,-0.08964936,-0.113036886,-0.16660683,-0.3957309,-0.40726203,-0.3137344,-0.46483922,0.4221973,0.018072618,-0.30362844,0.614151,0.090393685,-0.06573539,0.7462503,0.16558577,0.16195846,0.74284947,-0.044373453,0.27709156,0.5188943,-0.16612816,0.467769,0.48938632,6.1989645e-05,0.0801025,0.7955744,0.09509573,0.16495301,0.97580206,0.19877303,0.22677603,0.8320803,0.21861513,0.23304534,0.8897507,0.19219539,0.19079113,0.8787619,0.24300824,0.18646118,0.92682064,0.10718043,0.08957057,0.90312624,0.2215721,-0.005769519135355949,0.281108558177948,-0.017923664301633835
