frame,Ankle.R_x,Ankle.R_y,Ankle.R_z,Knee.R_x,Knee.R_y,Knee.R_z,Hip.R_x,Hip.R_y,Hip.R_z,Hip.L_x,Hip.L_y,Hip.L_z,Knee.L_x,Knee.L_y,Knee.L_z,Ankle.L_x,Ankle.L_y,Ankle.L_z,Wrist.R_x,Wrist.R_y,Wrist.R_z,Elbow.R_x,Elbow.R_y,Elbow.R_z,Shoulder.R_x,Shoulder.R_y,Shoulder.R_z,Shoulder.L_x,Shoulder.L_y,Shoulder.L_z,Elbow.L_x,Elbow.L_y,Elbow.L_z,Wrist.L_x,Wrist.L_y,Wrist.L_z,Neck_x,Neck_y,Neck_z,Head_x,Head_y,Head_z,Nose_x,Nose_y,Nose_z,Eye.L_x,Eye.L_y,Eye.L_z,Eye.R_x,Eye.R_y,Eye.R_z,Ear.L_x,Ear.L_y,Ear.L_z,Ear.R_x,Ear.R_y,Ear.R_z,hip.Center_x,hip.Center_y,hip.Center_z
0,-0.17890377,-0.5939882,-0.30854037,-0.032048475,-0.21071541,-0.026939645,-0.07629604,0.25248253,0.090836704,0.066273086,0.29818857,-0.12983483,0.25711763,-0.13166218,-0.10168921,-0.062875375,-0.38559538,-0.37225646,0.070517346,0.14500488,0.33222517,-0.08230926,0.3859723,0.28058472,-0.01193,0.68209636,0.2269894,0.09774948,0.73456323,-0.06802718,0.014784009,0.5045239,-0.257088,0.01617163,0.24883948,-0.39133996,0.07658118,0.7768637,0.102473535,0.13718517,0.9897665,0.17004664,0.21827005,0.8635116,0.22055781,0.2185226,0.9160925,0.18303543,0.17282593,0.9088402,0.2331745,0.17348139,0.9284375,0.08773066,0.07027315,0.9123429,0.20112368,-0.005011476576328278,0.27533555030822754,-0.01949906349182129
