frame,Ankle.R_x,Ankle.R_y,Ankle.R_z,Knee.R_x,Knee.R_y,Knee.R_z,Hip.R_x,Hip.R_y,Hip.R_z,Hip.L_x,Hip.L_y,Hip.L_z,Knee.L_x,Knee.L_y,Knee.L_z,Ankle.L_x,Ankle.L_y,Ankle.L_z,Wrist.R_x,Wrist.R_y,Wrist.R_z,Elbow.R_x,Elbow.R_y,Elbow.R_z,Shoulder.R_x,Shoulder.R_y,Shoulder.R_z,Shoulder.L_x,Shoulder.L_y,Shoulder.L_z,Elbow.L_x,Elbow.L_y,Elbow.L_z,Wrist.L_x,Wrist.L_y,Wrist.L_z,Neck_x,Neck_y,Neck_z,Head_x,Head_y,Head_z,Nose_x,Nose_y,Nose_z,Eye.L_x,Eye.L_y,Eye.L_z,Eye.R_x,Eye.R_y,Eye.R_z,Ear.L_x,Ear.L_y,Ear.L_z,Ear.R_x,Ear.R_y,Ear.R_z,hip.Center_x,hip.Center_y,hip.Center_z
0,-0.07949362,-0.6312991,-0.32159722,-0.024479656,-0.21056987,-0.07201903,-0.09406561,0.228802,0.0741231,0.081548445,0.2922801,-0.10940866,0.32610193,-0.093438536,-0.03719811,0.096956916,-0.26283658,-0.41941324,-0.13810663,0.08409961,0.26839748,-0.20011221,0.35794723,0.21519804,-0.11356239,0.64622974,0.20736751,0.055694245,0.71351695,-0.0400441,0.026137121,0.48767605,-0.2342158,0.061971974,0.23346557,-0.3535658,-4.9205497e-05,0.7417193,0.11546876,0.08490477,0.9287094,0.21055026,0.14983131,0.78772473,0.22280198,0.1532563,0.8447022,0.19573358,0.11607382,0.83392036,0.2508477,0.09716225,0.8812207,0.11854774,0.013481349,0.856794,0.23945785,-0.006258580833673477,0.26054105162620544,-0.017642781138420105
