frame,Ankle.R_x,Ankle.R_y,Ankle.R_z,Knee.R_x,Knee.R_y,Knee.R_z,Hip.R_x,Hip.R_y,Hip.R_z,Hip.L_x,Hip.L_y,Hip.L_z,Knee.L_x,Knee.L_y,Knee.L_z,Ankle.L_x,Ankle.L_y,Ankle.L_z,Wrist.R_x,Wrist.R_y,Wrist.R_z,Elbow.R_x,Elbow.R_y,Elbow.R_z,Shoulder.R_x,Shoulder.R_y,Shoulder.R_z,Shoulder.L_x,Shoulder.L_y,Shoulder.L_z,Elbow.L_x,Elbow.L_y,Elbow.L_z,Wrist.L_x,Wrist.L_y,Wrist.L_z,Neck_x,Neck_y,Neck_z,Head_x,Head_y,Head_z,Nose_x,Nose_y,Nose_z,Eye.L_x,Eye.L_y,Eye.L_z,Eye.R_x,Eye.R_y,Eye.R_z,Ear.L_x,Ear.L_y,Ear.L_z,Ear.R_x,Ear.R_y,Ear.R_z,hip.Center_x,hip.Center_y,hip.Center_z
0,-0.4536999,-0.20438924,-0.5972065,-0.21692406,-0.109017506,-0.21260336,-0.09296806,0.21401975,0.06335272,0.10277751,0.25303766,-0.07272289,0.08582852,-0.1798386,-0.1450508,-0.02791131,-0.53559536,-0.41370076,-0.15025386,0.24619244,0.43459636,-0.2371905,0.39803416,0.24865608,-0.055824757,0.61081976,0.23094045,0.17739463,0.6265488,0.06529471,0.23318878,0.41439378,-0.10978486,0.22994195,0.2548463,0.084462635,0.07577016,0.67271715,0.17484865,0.09317336,0.8585051,0.17837258,0.10669562,0.7923603,0.31605583,0.13607748,0.82594764,0.27305123,0.0700041,0.82385594,0.27692145,0.16889656,0.7898773,0.18502991,0.027729884,0.789076,0.19492434,0.004904724657535553,0.23352870345115662,-0.004685085266828537
