frame,Ankle.R_x,Ankle.R_y,Ankle.R_z,Knee.R_x,Knee.R_y,Knee.R_z,Hip.R_x,Hip.R_y,Hip.R_z,Hip.L_x,Hip.L_y,Hip.L_z,Knee.L_x,Knee.L_y,Knee.L_z,Ankle.L_x,Ankle.L_y,Ankle.L_z,Wrist.R_x,Wrist.R_y,Wrist.R_z,Elbow.R_x,Elbow.R_y,Elbow.R_z,Shoulder.R_x,Shoulder.R_y,Shoulder.R_z,Shoulder.L_x,Shoulder.L_y,Shoulder.L_z,Elbow.L_x,Elbow.L_y,Elbow.L_z,Wrist.L_x,Wrist.L_y,Wrist.L_z,Neck_x,Neck_y,Neck_z,Head_x,Head_y,Head_z,Nose_x,Nose_y,Nose_z,Eye.L_x,Eye.L_y,Eye.L_z,Eye.R_x,Eye.R_y,Eye.R_z,Ear.L_x,Ear.L_y,Ear.L_z,Ear.R_x,Ear.R_y,Ear.R_z,hip.Center_x,hip.Center_y,hip.Center_z
0,-0.53281367,-0.29292452,-0.14013137,-0.16151223,-0.15268245,0.07940003,-0.06725551,0.2741451,0.09056558,0.046705853,0.30878106,-0.13091494,0.37246808,0.075947784,-0.13217652,0.0823817,-0.24528986,-0.20982364,-0.21677557,0.34488696,0.36289108,-0.26302138,0.5560336,0.20432445,-0.050919324,0.75122356,0.17599018,0.0903695,0.76889586,-0.091495454,0.06506461,0.5762261,-0.3085583,0.31987727,0.5293275,-0.35300544,0.0629199,0.8119561,0.064973615,0.17340672,1.000157,0.1327945,0.24899904,0.86107755,0.11903932,0.23863411,0.9185143,0.09422927,0.22317931,0.9050614,0.15863825,0.15729186,0.9529313,0.039513223,0.11777844,0.9212773,0.18562211,-0.010274829342961311,0.29146307706832886,-0.020174682140350342
