frame,Ankle.R_x,Ankle.R_y,Ankle.R_z,Knee.R_x,Knee.R_y,Knee.R_z,Hip.R_x,Hip.R_y,Hip.R_z,Hip.L_x,Hip.L_y,Hip.L_z,Knee.L_x,Knee.L_y,Knee.L_z,Ankle.L_x,Ankle.L_y,Ankle.L_z,Wrist.R_x,Wrist.R_y,Wrist.R_z,Elbow.R_x,Elbow.R_y,Elbow.R_z,Shoulder.R_x,Shoulder.R_y,Shoulder.R_z,Shoulder.L_x,Shoulder.L_y,Shoulder.L_z,Elbow.L_x,Elbow.L_y,Elbow.L_z,Wrist.L_x,Wrist.L_y,Wrist.L_z,Neck_x,Neck_y,Neck_z,Head_x,Head_y,Head_z,Nose_x,Nose_y,Nose_z,Eye.L_x,Eye.L_y,Eye.L_z,Eye.R_x,Eye.R_y,Eye.R_z,Ear.L_x,Ear.L_y,Ear.L_z,Ear.R_x,Ear.R_y,Ear.R_z,hip.Center_x,hip.Center_y,hip.Center_z
0,0.0145523045,-0.37325278,-0.054188758,0.24499303,-0.037872855,0.09095131,-0.061567776,0.26856038,0.09395085,0.05004442,0.29366386,-0.12979013,-0.08978958,-0.11295507,-0.16662487,-0.3958831,-0.4072171,-0.31363684,-0.46502614,0.4221434,0.019443657,-0.30387264,0.6143772,0.091116145,-0.06568209,0.74627566,0.16579874,0.16182375,0.7429163,-0.044393156,0.27684855,0.5190722,-0.16652834,0.46761882,0.4893493,-0.0004925376,0.08008638,0.7956166,0.0951524,0.16495241,0.9759657,0.19858187,0.22700931,0.83233345,0.21836656,0.23313855,0.8899932,0.19189331,0.19102715,0.87898445,0.24282077,0.18629426,0.9269446,0.106972456,0.08971371,0.9032048,0.2216245,-0.005761677399277687,0.2811121344566345,-0.017919637262821198
