frame,Ankle.R_x,Ankle.R_y,Ankle.R_z,Knee.R_x,Knee.R_y,Knee.R_z,Hip.R_x,Hip.R_y,Hip.R_z,Hip.L_x,Hip.L_y,Hip.L_z,Knee.L_x,Knee.L_y,Knee.L_z,Ankle.L_x,Ankle.L_y,Ankle.L_z,Wrist.R_x,Wrist.R_y,Wrist.R_z,Elbow.R_x,Elbow.R_y,Elbow.R_z,Shoulder.R_x,Shoulder.R_y,Shoulder.R_z,Shoulder.L_x,Shoulder.L_y,Shoulder.L_z,Elbow.L_x,Elbow.L_y,Elbow.L_z,Wrist.L_x,Wrist.L_y,Wrist.L_z,Neck_x,Neck_y,Neck_z,Head_x,Head_y,Head_z,Nose_x,Nose_y,Nose_z,Eye.L_x,Eye.L_y,Eye.L_z,Eye.R_x,Eye.R_y,Eye.R_z,Ear.L_x,Ear.L_y,Ear.L_z,Ear.R_x,Ear.R_y,Ear.R_z,hip.Center_x,hip.Center_y,hip.Center_z
0,0.1998624,-0.38385525,0.061621834,0.30735806,0.0328331,0.1180417,-0.034739673,0.26150477,0.10265319,0.021383043,0.2832844,-0.13844627,-0.14039321,-0.095282845,-0.20649064,-0.5187673,-0.3063698,-0.33727932,-0.5082791,0.48444518,0.14150912,-0.33710673,0.6757405,0.11478808,-0.072598815,0.76034313,0.115456685,0.119732365,0.73493034,-0.10180777,0.31280947,0.5734575,-0.21280703,0.46826562,0.57400805,-0.010291054,0.051836137,0.78685963,0.02889434,0.14535114,0.961601,0.10586811,0.21136673,0.81964433,0.123383984,0.21379967,0.8751418,0.09455738,0.17918295,0.8665924,0.15081577,0.15519094,0.90791446,0.017175294,0.076630585,0.8899305,0.14241832,-0.006678314879536629,0.272394597530365,-0.017896540462970734
