frame,Ankle.R_x,Ankle.R_y,Ankle.R_z,Knee.R_x,Knee.R_y,Knee.R_z,Hip.R_x,Hip.R_y,Hip.R_z,Hip.L_x,Hip.L_y,Hip.L_z,Knee.L_x,Knee.L_y,Knee.L_z,Ankle.L_x,Ankle.L_y,Ankle.L_z,Wrist.R_x,Wrist.R_y,Wrist.R_z,Elbow.R_x,Elbow.R_y,Elbow.R_z,Shoulder.R_x,Shoulder.R_y,Shoulder.R_z,Shoulder.L_x,Shoulder.L_y,Shoulder.L_z,Elbow.L_x,Elbow.L_y,Elbow.L_z,Wrist.L_x,Wrist.L_y,Wrist.L_z,Neck_x,Neck_y,Neck_z,Head_x,Head_y,Head_z,Nose_x,Nose_y,Nose_z,Eye.L_x,Eye.L_y,Eye.L_z,Eye.R_x,Eye.R_y,Eye.R_z,Ear.L_x,Ear.L_y,Ear.L_z,Ear.R_x,Ear.R_y,Ear.R_z,hip.Center_x,hip.Center_y,hip.Center_z
0,-0.202797,-0.40067527,-0.12652756,0.16240269,-0.15266973,0.033354085,-0.026229123,0.27122962,0.11174044,0.009293366,0.3341472,-0.1474596,0.10021741,-0.11288902,-0.24230005,-0.24220982,-0.3934886,-0.43808216,0.017647462,0.14307755,0.27500626,-0.040471658,0.42436078,0.29089895,0.033582576,0.72274613,0.25416625,0.04598392,0.8009192,-0.072944805,0.021833537,0.5437174,-0.24091163,0.17630282,0.3243722,-0.33805373,0.071505986,0.841702,0.10645658,0.14729452,1.0720866,0.15193231,0.24751939,0.9559526,0.103448406,0.21264267,1.009856,0.087002814,0.22523287,0.99395335,0.15284672,0.10774391,1.0182556,0.063552976,0.13418157,0.9810636,0.21682754,-0.008467878215014935,0.3026884198188782,-0.017859578132629395
