frame,Ankle.R_x,Ankle.R_y,Ankle.R_z,Knee.R_x,Knee.R_y,Knee.R_z,Hip.R_x,Hip.R_y,Hip.R_z,Hip.L_x,Hip.L_y,Hip.L_z,Knee.L_x,Knee.L_y,Knee.L_z,Ankle.L_x,Ankle.L_y,Ankle.L_z,Wrist.R_x,Wrist.R_y,Wrist.R_z,Elbow.R_x,Elbow.R_y,Elbow.R_z,Shoulder.R_x,Shoulder.R_y,Shoulder.R_z,Shoulder.L_x,Shoulder.L_y,Shoulder.L_z,Elbow.L_x,Elbow.L_y,Elbow.L_z,Wrist.L_x,Wrist.L_y,Wrist.L_z,Neck_x,Neck_y,Neck_z,Head_x,Head_y,Head_z,Nose_x,Nose_y,Nose_z,Eye.L_x,Eye.L_y,Eye.L_z,Eye.R_x,Eye.R_y,Eye.R_z,Ear.L_x,Ear.L_y,Ear.L_z,Ear.R_x,Ear.R_y,Ear.R_z,hip.Center_x,hip.Center_y,hip.Center_z
0,0.23136725,-0.52624285,0.136538,0.21153527,-0.074341044,0.10824764,-0.019870576,0.28098762,0.108070716,-0.009474889,0.29730922,-0.14642303,0.17202961,-0.07461396,-0.22238019,0.08574844,-0.5190382,-0.30013883,0.021211617,0.3308038,0.32656804,-0.018737677,0.5909802,0.29970542,0.21193886,0.6803043,0.1540921,0.24442786,0.6784265,-0.15013723,0.09366296,0.5846801,-0.37652245,0.20761454,0.3496192,-0.36286867,0.28433114,0.70232904,0.0029442236,0.43243212,0.851754,0.003973826,0.48528937,0.70225686,-0.015032981,0.47354072,0.75816345,-0.04258149,0.47798216,0.7523006,0.024831874,0.3817112,0.7981449,-0.07544557,0.39160517,0.78555727,0.08048722,-0.01467273198068142,0.2891484200954437,-0.01917615532875061
