frame,Ankle.R_x,Ankle.R_y,Ankle.R_z,Knee.R_x,Knee.R_y,Knee.R_z,Hip.R_x,Hip.R_y,Hip.R_z,Hip.L_x,Hip.L_y,Hip.L_z,Knee.L_x,Knee.L_y,Knee.L_z,Ankle.L_x,Ankle.L_y,Ankle.L_z,Wrist.R_x,Wrist.R_y,Wrist.R_z,Elbow.R_x,Elbow.R_y,Elbow.R_z,Shoulder.R_x,Shoulder.R_y,Shoulder.R_z,Shoulder.L_x,Shoulder.L_y,Shoulder.L_z,Elbow.L_x,Elbow.L_y,Elbow.L_z,Wrist.L_x,Wrist.L_y,Wrist.L_z,Neck_x,Neck_y,Neck_z,Head_x,Head_y,Head_z,Nose_x,Nose_y,Nose_z,Eye.L_x,Eye.L_y,Eye.L_z,Eye.R_x,Eye.R_y,Eye.R_z,Ear.L_x,Ear.L_y,Ear.L_z,Ear.R_x,Ear.R_y,Ear.R_z,hip.Center_x,hip.Center_y,hip.Center_z
0,0.03708016,-0.26103637,0.08678177,0.3178112,0.05666431,0.123076476,-0.032815535,0.27960664,0.1036105,0.016250517,0.28083494,-0.14300963,-0.13781816,-0.11491808,-0.14439331,-0.47538912,-0.41333497,-0.20041886,-0.4463399,0.3895528,0.044623215,-0.2836098,0.5911528,0.101703405,-0.04970043,0.7500073,0.12456093,0.14798856,0.7382068,-0.11942775,0.34931988,0.5478269,-0.1476658,0.50952965,0.6707188,0.016345536,0.078321666,0.80068326,0.016501717,0.1832563,0.9930396,0.07012888,0.26073143,0.8595339,0.035813764,0.24240649,0.9177773,0.016416783,0.24249741,0.90078235,0.08109799,0.15038988,0.9463791,-0.017823016,0.14664246,0.9105522,0.12919174,-0.008282508701086044,0.28022080659866333,-0.019699566066265106
