frame,Ankle.R_x,Ankle.R_y,Ankle.R_z,Knee.R_x,Knee.R_y,Knee.R_z,Hip.R_x,Hip.R_y,Hip.R_z,Hip.L_x,Hip.L_y,Hip.L_z,Knee.L_x,Knee.L_y,Knee.L_z,Ankle.L_x,Ankle.L_y,Ankle.L_z,Wrist.R_x,Wrist.R_y,Wrist.R_z,Elbow.R_x,Elbow.R_y,Elbow.R_z,Shoulder.R_x,Shoulder.R_y,Shoulder.R_z,Shoulder.L_x,Shoulder.L_y,Shoulder.L_z,Elbow.L_x,Elbow.L_y,Elbow.L_z,Wrist.L_x,Wrist.L_y,Wrist.L_z,Neck_x,Neck_y,Neck_z,Head_x,Head_y,Head_z,Nose_x,Nose_y,Nose_z,Eye.L_x,Eye.L_y,Eye.L_z,Eye.R_x,Eye.R_y,Eye.R_z,Ear.L_x,Ear.L_y,Ear.L_z,Ear.R_x,Ear.R_y,Ear.R_z,hip.Center_x,hip.Center_y,hip.Center_z
0,0.08619472,-0.53089994,0.027936002,0.18216681,-0.096838966,0.030983884,0.014934773,0.28405902,0.10843435,-0.038593616,0.32131612,-0.13654499,0.09513859,-0.04169682,-0.28764498,-0.08791653,-0.44611058,-0.24117944,0.16441116,0.38904682,0.23802906,0.017391631,0.5964872,0.2756042,0.2518704,0.6880908,0.1521821,0.25351867,0.70442617,-0.15906666,0.066232,0.58937216,-0.33826154,0.1934936,0.38195577,-0.25233388,0.31106016,0.7272809,-0.006486321,0.43035072,0.9020059,-0.0058297873,0.50808394,0.7710197,-0.056580294,0.47919604,0.82592225,-0.07274119,0.498765,0.81350756,-0.008627623,0.37562525,0.84730446,-0.08353007,0.41918635,0.81890583,0.06597728,-0.011829421855509281,0.3026875853538513,-0.014055319130420685
