frame,Ankle.R_x,Ankle.R_y,Ankle.R_z,Knee.R_x,Knee.R_y,Knee.R_z,Hip.R_x,Hip.R_y,Hip.R_z,Hip.L_x,Hip.L_y,Hip.L_z,Knee.L_x,Knee.L_y,Knee.L_z,Ankle.L_x,Ankle.L_y,Ankle.L_z,Wrist.R_x,Wrist.R_y,Wrist.R_z,Elbow.R_x,Elbow.R_y,Elbow.R_z,Shoulder.R_x,Shoulder.R_y,Shoulder.R_z,Shoulder.L_x,Shoulder.L_y,Shoulder.L_z,Elbow.L_x,Elbow.L_y,Elbow.L_z,Wrist.L_x,Wrist.L_y,Wrist.L_z,Neck_x,Neck_y,Neck_z,Head_x,Head_y,Head_z,Nose_x,Nose_y,Nose_z,Eye.L_x,Eye.L_y,Eye.L_z,Eye.R_x,Eye.R_y,Eye.R_z,Ear.L_x,Ear.L_y,Ear.L_z,Ear.R_x,Ear.R_y,Ear.R_z,hip.Center_x,hip.Center_y,hip.Center_z
0,-0.29154035,-0.38318893,-0.22315224,0.0707116,-0.20986857,0.023042396,-0.060658835,0.24536207,0.09819403,0.048869874,0.29564768,-0.13574404,0.24047583,-0.1243823,-0.09609346,0.033758204,-0.46385336,-0.3693661,0.1020743,0.17647526,0.28458503,-0.07672024,0.3941155,0.29498553,-0.00011910312,0.6782174,0.22770573,0.056989886,0.7424288,-0.07254731,-0.03470736,0.52997744,-0.2667603,0.03924963,0.28253466,-0.37577724,0.06731034,0.7703527,0.09462774,0.19715305,0.9526616,0.15587778,0.2536847,0.8111483,0.12066285,0.24576437,0.8712674,0.1007167,0.2399733,0.8539411,0.16594055,0.15999874,0.91557026,0.06418155,0.14527917,0.87662137,0.20998546,-0.005894480273127556,0.270504891872406,-0.018775001168251038
