frame,Ankle.R_x,Ankle.R_y,Ankle.R_z,Knee.R_x,Knee.R_y,Knee.R_z,Hip.R_x,Hip.R_y,Hip.R_z,Hip.L_x,Hip.L_y,Hip.L_z,Knee.L_x,Knee.L_y,Knee.L_z,Ankle.L_x,Ankle.L_y,Ankle.L_z,Wrist.R_x,Wrist.R_y,Wrist.R_z,Elbow.R_x,Elbow.R_y,Elbow.R_z,Shoulder.R_x,Shoulder.R_y,Shoulder.R_z,Shoulder.L_x,Shoulder.L_y,Shoulder.L_z,Elbow.L_x,Elbow.L_y,Elbow.L_z,Wrist.L_x,Wrist.L_y,Wrist.L_z,Neck_x,Neck_y,Neck_z,Head_x,Head_y,Head_z,Nose_x,Nose_y,Nose_z,Eye.L_x,Eye.L_y,Eye.L_z,Eye.R_x,Eye.R_y,Eye.R_z,Ear.L_x,Ear.L_y,Ear.L_z,Ear.R_x,Ear.R_y,Ear.R_z,hip.Center_x,hip.Center_y,hip.Center_z
0,-0.61523855,-0.15385556,-0.17309935,-0.18949193,-0.16113964,-0.019043602,-0.06999866,0.24825881,0.08705071,0.061951187,0.2766839,-0.119240545,0.31549385,-0.027313758,-0.021165391,0.5435667,-0.42141277,-0.044597566,-0.21406305,0.31333816,0.34817562,-0.26136583,0.53552663,0.21319093,-0.0388021,0.6994787,0.15346286,0.1307402,0.69479364,-0.083161816,0.1400716,0.45508888,-0.22860435,0.1573414,0.27178445,-0.042360745,0.08090901,0.7384041,0.056419715,0.21551749,0.8790862,0.14367035,0.24659654,0.72777766,0.12906554,0.25925845,0.785602,0.10872409,0.23026085,0.7752038,0.16771013,0.2016837,0.84287417,0.048666436,0.13718873,0.8210766,0.17954451,-0.004023736342787743,0.26247134804725647,-0.016094915568828583
