frame,Ankle.R_x,Ankle.R_y,Ankle.R_z,Knee.R_x,Knee.R_y,Knee.R_z,Hip.R_x,Hip.R_y,Hip.R_z,Hip.L_x,Hip.L_y,Hip.L_z,Knee.L_x,Knee.L_y,Knee.L_z,Ankle.L_x,Ankle.L_y,Ankle.L_z,Wrist.R_x,Wrist.R_y,Wrist.R_z,Elbow.R_x,Elbow.R_y,Elbow.R_z,Shoulder.R_x,Shoulder.R_y,Shoulder.R_z,Shoulder.L_x,Shoulder.L_y,Shoulder.L_z,Elbow.L_x,Elbow.L_y,Elbow.L_z,Wrist.L_x,Wrist.L_y,Wrist.L_z,Neck_x,Neck_y,Neck_z,Head_x,Head_y,Head_z,Nose_x,Nose_y,Nose_z,Eye.L_x,Eye.L_y,Eye.L_z,Eye.R_x,Eye.R_y,Eye.R_z,Ear.L_x,Ear.L_y,Ear.L_z,Ear.R_x,Ear.R_y,Ear.R_z,hip.Center_x,hip.Center_y,hip.Center_z
0,-0.18616861,-0.45956364,-0.21171501,0.0043923855,-0.13789885,0.010693021,-0.08216555,0.28563482,0.08398969,0.05429423,0.3422864,-0.11273179,0.29678124,0.015086085,-0.09495232,0.13091281,-0.26218995,-0.383859,-0.2610837,0.27980787,0.31424078,-0.2264975,0.5234106,0.22695082,-0.02909577,0.7272934,0.26857495,0.14701913,0.79187363,0.010857406,0.08691416,0.6224177,-0.20833474,0.24345003,0.41764328,-0.20147803,0.10628311,0.81442696,0.17775947,0.20718549,1.0078081,0.26844832,0.29306164,0.8744061,0.25323194,0.27839962,0.9335407,0.22965774,0.259543,0.9151951,0.29253283,0.19788206,0.9651377,0.16818023,0.15063033,0.92153466,0.3149243,-0.01393565908074379,0.31396061182022095,-0.014371052384376526
