frame,Ankle.R_x,Ankle.R_y,Ankle.R_z,Knee.R_x,Knee.R_y,Knee.R_z,Hip.R_x,Hip.R_y,Hip.R_z,Hip.L_x,Hip.L_y,Hip.L_z,Knee.L_x,Knee.L_y,Knee.L_z,Ankle.L_x,Ankle.L_y,Ankle.L_z,Wrist.R_x,Wrist.R_y,Wrist.R_z,Elbow.R_x,Elbow.R_y,Elbow.R_z,Shoulder.R_x,Shoulder.R_y,Shoulder.R_z,Shoulder.L_x,Shoulder.L_y,Shoulder.L_z,Elbow.L_x,Elbow.L_y,Elbow.L_z,Wrist.L_x,Wrist.L_y,Wrist.L_z,Neck_x,Neck_y,Neck_z,Head_x,Head_y,Head_z,Nose_x,Nose_y,Nose_z,Eye.L_x,Eye.L_y,Eye.L_z,Eye.R_x,Eye.R_y,Eye.R_z,Ear.L_x,Ear.L_y,Ear.L_z,Ear.R_x,Ear.R_y,Ear.R_z,hip.Center_x,hip.Center_y,hip.Center_z
0,-0.20201313,-0.46662855,0.087010324,-0.03133692,-0.08434465,0.18434636,-0.09660302,0.30250114,0.061263166,0.08569187,0.31618232,-0.094231255,0.08229191,-0.07454847,-0.24204402,-0.13015218,-0.25625044,-0.58330125,-0.54119337,0.5599473,0.020271417,-0.3479826,0.73179007,0.048273318,-0.09013177,0.8159194,0.1427636,0.16411023,0.8101174,-0.01563096,0.29486066,0.66996014,-0.21824321,0.45235276,0.636533,-0.023463944,0.06713327,0.8526651,0.11060333,0.12924671,1.0353432,0.23380655,0.19244228,0.89161146,0.26694524,0.20016408,0.95083475,0.24162424,0.14764392,0.93861794,0.28162938,0.17303859,0.986534,0.14577132,0.048118085,0.959594,0.23932502,-0.005455575883388519,0.3093417286872864,-0.01648404449224472
