frame,Ankle.R_x,Ankle.R_y,Ankle.R_z,Knee.R_x,Knee.R_y,Knee.R_z,Hip.R_x,Hip.R_y,Hip.R_z,Hip.L_x,Hip.L_y,Hip.L_z,Knee.L_x,Knee.L_y,Knee.L_z,Ankle.L_x,Ankle.L_y,Ankle.L_z,Wrist.R_x,Wrist.R_y,Wrist.R_z,Elbow.R_x,Elbow.R_y,Elbow.R_z,Shoulder.R_x,Shoulder.R_y,Shoulder.R_z,Shoulder.L_x,Shoulder.L_y,Shoulder.L_z,Elbow.L_x,Elbow.L_y,Elbow.L_z,Wrist.L_x,Wrist.L_y,Wrist.L_z,Neck_x,Neck_y,Neck_z,Head_x,Head_y,Head_z,Nose_x,Nose_y,Nose_z,Eye.L_x,Eye.L_y,Eye.L_z,Eye.R_x,Eye.R_y,Eye.R_z,Ear.L_x,Ear.L_y,Ear.L_z,Ear.R_x,Ear.R_y,Ear.R_z,hip.Center_x,hip.Center_y,hip.Center_z
0,-0.42608997,-0.08271022,-0.17726676,-0.05887399,-0.18781063,0.018667156,-0.08077126,0.26618272,0.084893554,0.05901496,0.31697237,-0.123063065,0.29001522,0.0006450913,0.022249639,0.3648994,-0.421995,-0.121253714,0.1917155,0.18961553,0.22596326,0.03118707,0.39314216,0.3114072,0.067261636,0.675502,0.26803818,0.101821534,0.7868886,-0.019017221,-0.059900515,0.68453234,-0.23407827,-0.13211289,0.47968173,-0.39831918,0.12675267,0.7818371,0.14236814,0.22720566,0.9737758,0.20321828,0.31788263,0.8567867,0.14560032,0.28860542,0.91343796,0.13346331,0.29869795,0.89095795,0.197277,0.18751048,0.9324521,0.112072885,0.20844558,0.88020945,0.25891513,-0.010878149420022964,0.29157754778862,-0.019084755331277847
